association_level,scope,family,system,model,job_id,outcome,rho,p_value,n,rho_std,n_runs,status
run_level,main_all,main,,,,nrmse,-0.03661042369703787,0.6840139712126028,126,,126,ok
run_level,main_all,main,,,,gap_relative,-0.8496107986501689,2.952769457734349e-36,126,,126,ok
run_level,main_system,main,ac_power,,,nrmse,-0.01818181818181818,0.9376501036584044,21,,21,ok
run_level,main_system,main,ac_power,,,gap_relative,-0.5207792207792208,0.015496226134079137,21,,21,ok
run_level,main_system,main,allen_cahn,,,nrmse,-0.41038961038961036,0.06462348505257628,21,,21,ok
run_level,main_system,main,allen_cahn,,,gap_relative,-0.40649350649350646,0.0674581843118006,21,,21,ok
run_level,main_system,main,controlled,,,nrmse,-0.9753246753246754,6.334484986822819e-14,21,,21,ok
run_level,main_system,main,controlled,,,gap_relative,-0.92987012987013,1.0810361295691526e-09,21,,21,ok
run_level,main_system,main,duffing,,,nrmse,-0.9116883116883117,8.985188697309687e-09,21,,21,ok
run_level,main_system,main,duffing,,,gap_relative,-0.9623376623376624,3.3446990261039674e-12,21,,21,ok
run_level,main_system,main,ieee118,,,nrmse,-0.6740259740259741,0.0008070969113009021,21,,21,ok
run_level,main_system,main,ieee118,,,gap_relative,-0.8714285714285716,2.708907815507441e-07,21,,21,ok
run_level,main_system,main,shallow_water,,,nrmse,-0.5064935064935064,0.019128951134752433,21,,21,ok
run_level,main_system,main,shallow_water,,,gap_relative,-0.5116883116883117,0.017736397243725104,21,,21,ok
diagnostic_run,within_job,,,,ablation-ac_power-ganr-no_gate-s11-30eee2219d,probe_nrmse,-0.047526185090479935,0.1285513808282989,1024,,1,ok
diagnostic_run,within_job,,,,ablation-ac_power-ganr-no_gate-s11-30eee2219d,probe_gap,-0.1120196047314212,0.00032870619857314914,1024,,1,ok
diagnostic_run,within_job,,,,ablation-ac_power-ganr-no_gate-s11-45f1d1706b,probe_nrmse,-0.016714559044417425,0.5931686284577107,1024,,1,ok
diagnostic_run,within_job,,,,ablation-ac_power-ganr-no_gate-s11-45f1d1706b,probe_gap,-0.17781604275445245,1.0109779450245354e-08,1024,,1,ok
diagnostic_run,within_job,,,,ablation-ac_power-ganr-no_gate-s11-51cef609a8,probe_nrmse,0.024489407499463555,0.43373206622124927,1024,,1,ok
diagnostic_run,within_job,,,,ablation-ac_power-ganr-no_gate-s11-51cef609a8,probe_gap,-0.16968901991989127,4.6793929683472595e-08,1024,,1,ok
diagnostic_run,within_job,,,,ablation-ac_power-ganr-no_gate-s11-535e3e4377,probe_nrmse,0.024489407499463555,0.43373206622124927,1024,,1,ok
diagnostic_run,within_job,,,,ablation-ac_power-ganr-no_gate-s11-535e3e4377,probe_gap,-0.16968901991989127,4.6793929683472595e-08,1024,,1,ok
diagnostic_run,within_job,,,,ablation-ac_power-ganr-no_gate-s11-56801e0d83,probe_nrmse,0.0023549035297904296,0.940003886574349,1024,,1,ok
diagnostic_run,within_job,,,,ablation-ac_power-ganr-no_gate-s11-56801e0d83,probe_gap,-0.130928637525928,2.637471288060895e-05,1024,,1,ok
diagnostic_run,within_job,,,,ablation-ac_power-ganr-no_gate-s11-6ff0a147ed,probe_nrmse,0.02891175970960589,0.3553616270187212,1024,,1,ok
diagnostic_run,within_job,,,,ablation-ac_power-ganr-no_gate-s11-6ff0a147ed,probe_gap,-0.1901044609648809,8.682796937277581e-10,1024,,1,ok
diagnostic_run,within_job,,,,ablation-ac_power-ganr-no_gate-s11-950dafeb48,probe_nrmse,0.024489407499463555,0.43373206622124927,1024,,1,ok
diagnostic_run,within_job,,,,ablation-ac_power-ganr-no_gate-s11-950dafeb48,probe_gap,-0.16968901991989127,4.6793929683472595e-08,1024,,1,ok
diagnostic_run,within_job,ablation,ac_power,ganr,ablation-ac_power-ganr-no_gate-s11-986e622af0,probe_nrmse,0.024489407499463555,0.43373206622124927,1024,,1,ok
diagnostic_run,within_job,ablation,ac_power,ganr,ablation-ac_power-ganr-no_gate-s11-986e622af0,probe_gap,-0.16968901991989127,4.6793929683472595e-08,1024,,1,ok
diagnostic_run,within_job,,,,ablation-ac_power-ganr-no_gate-s11-cae72b8cfd,probe_nrmse,-0.14394698608826262,3.749906476459457e-06,1024,,1,ok
diagnostic_run,within_job,,,,ablation-ac_power-ganr-no_gate-s11-cae72b8cfd,probe_gap,-0.33974101012087826,4.4100439142245016e-29,1024,,1,ok
diagnostic_run,within_job,,,,ablation-ac_power-ganr-no_gate-s11-d6056953d3,probe_nrmse,0.015633013107073882,0.6173032727407857,1024,,1,ok
diagnostic_run,within_job,,,,ablation-ac_power-ganr-no_gate-s11-d6056953d3,probe_gap,-0.08891905756026033,0.004405348465851141,1024,,1,ok
diagnostic_run,within_job,,,,ablation-ac_power-ganr-no_gate-s11-ee795924d0,probe_nrmse,0.024489407499463555,0.43373206622124927,1024,,1,ok
diagnostic_run,within_job,,,,ablation-ac_power-ganr-no_gate-s11-ee795924d0,probe_gap,-0.16968901991989127,4.6793929683472595e-08,1024,,1,ok
diagnostic_run,within_job,ablation,ac_power,ganr,ablation-ac_power-ganr-no_geom-s11-191ccc0d7e,probe_nrmse,-0.010818353926757741,0.7295121044778408,1024,,1,ok
diagnostic_run,within_job,ablation,ac_power,ganr,ablation-ac_power-ganr-no_geom-s11-191ccc0d7e,probe_gap,-0.16951496674057648,4.8316933115231246e-08,1024,,1,ok
diagnostic_run,within_job,,,,ablation-ac_power-ganr-no_geom-s11-1c736f4f74,probe_nrmse,-0.010818353926757741,0.7295121044778408,1024,,1,ok
diagnostic_run,within_job,,,,ablation-ac_power-ganr-no_geom-s11-1c736f4f74,probe_gap,-0.16951496674057648,4.8316933115231246e-08,1024,,1,ok
diagnostic_run,within_job,,,,ablation-ac_power-ganr-no_geom-s11-3a54750085,probe_nrmse,-0.010818353926757741,0.7295121044778408,1024,,1,ok
diagnostic_run,within_job,,,,ablation-ac_power-ganr-no_geom-s11-3a54750085,probe_gap,-0.16951496674057648,4.8316933115231246e-08,1024,,1,ok
diagnostic_run,within_job,,,,ablation-ac_power-ganr-no_geom-s11-40554b88d8,probe_nrmse,0.007868893498319146,0.8014268400833708,1024,,1,ok
diagnostic_run,within_job,,,,ablation-ac_power-ganr-no_geom-s11-40554b88d8,probe_gap,-0.23853955815034691,1.0268946501088125e-14,1024,,1,ok
diagnostic_run,within_job,,,,ablation-ac_power-ganr-no_geom-s11-78d5b8efd7,probe_nrmse,0.007868893498319146,0.8014268400833708,1024,,1,ok
diagnostic_run,within_job,,,,ablation-ac_power-ganr-no_geom-s11-78d5b8efd7,probe_gap,-0.23853955815034691,1.0268946501088125e-14,1024,,1,ok
diagnostic_run,within_job,,,,ablation-ac_power-ganr-no_geom-s11-906c0ede9b,probe_nrmse,-0.03228947991917603,0.30194541263610897,1024,,1,ok
diagnostic_run,within_job,,,,ablation-ac_power-ganr-no_geom-s11-906c0ede9b,probe_gap,-0.14828741908661755,1.881312598431146e-06,1024,,1,ok
diagnostic_run,within_job,,,,ablation-ac_power-ganr-no_geom-s11-a7e5c95a26,probe_nrmse,-0.010818353926757741,0.7295121044778408,1024,,1,ok
diagnostic_run,within_job,,,,ablation-ac_power-ganr-no_geom-s11-a7e5c95a26,probe_gap,-0.16951496674057648,4.8316933115231246e-08,1024,,1,ok
diagnostic_run,within_job,,,,ablation-ac_power-ganr-no_geom-s11-b9f8f143a2,probe_nrmse,0.01805589952435448,0.5638515543644782,1024,,1,ok
diagnostic_run,within_job,,,,ablation-ac_power-ganr-no_geom-s11-b9f8f143a2,probe_gap,-0.08806009047993706,0.004802950432152467,1024,,1,ok
diagnostic_run,within_job,,,,ablation-ac_power-ganr-no_geom-s11-c52fadada1,probe_nrmse,-0.015744101369716042,0.6148046251704644,1024,,1,ok
diagnostic_run,within_job,,,,ablation-ac_power-ganr-no_geom-s11-c52fadada1,probe_gap,-0.0729457053322366,0.019568397259388737,1024,,1,ok
diagnostic_run,within_job,,,,ablation-ac_power-ganr-no_geom-s11-ca60676b77,probe_nrmse,0.020138010961304624,0.5197735302360039,1024,,1,ok
diagnostic_run,within_job,,,,ablation-ac_power-ganr-no_geom-s11-ca60676b77,probe_gap,-0.1451293273013375,3.113672775133716e-06,1024,,1,ok
diagnostic_run,within_job,,,,ablation-ac_power-ganr-no_geom-s11-f0178066be,probe_nrmse,-0.010818353926757741,0.7295121044778408,1024,,1,ok
diagnostic_run,within_job,,,,ablation-ac_power-ganr-no_geom-s11-f0178066be,probe_gap,-0.16951496674057648,4.8316933115231246e-08,1024,,1,ok
diagnostic_run,within_job,,,,ablation-ac_power-ganr-no_physics-s11-1cce1891ea,probe_nrmse,-0.025148359827623198,0.4214594998951561,1024,,1,ok
diagnostic_run,within_job,,,,ablation-ac_power-ganr-no_physics-s11-1cce1891ea,probe_gap,-0.04169302312066375,0.18249017017269986,1024,,1,ok
diagnostic_run,within_job,,,,ablation-ac_power-ganr-no_physics-s11-2352146e25,probe_nrmse,-0.009703760907660395,0.7564481193721642,1024,,1,ok
diagnostic_run,within_job,,,,ablation-ac_power-ganr-no_physics-s11-2352146e25,probe_gap,-0.10357612563479007,0.0009023729036259547,1024,,1,ok
diagnostic_run,within_job,,,,ablation-ac_power-ganr-no_physics-s11-2c02c0d0cf,probe_nrmse,-0.009703760907660395,0.7564481193721642,1024,,1,ok
diagnostic_run,within_job,,,,ablation-ac_power-ganr-no_physics-s11-2c02c0d0cf,probe_gap,-0.10357612563479007,0.0009023729036259547,1024,,1,ok
diagnostic_run,within_job,,,,ablation-ac_power-ganr-no_physics-s11-44b818c689,probe_nrmse,-0.009703760907660395,0.7564481193721642,1024,,1,ok
diagnostic_run,within_job,,,,ablation-ac_power-ganr-no_physics-s11-44b818c689,probe_gap,-0.10357612563479007,0.0009023729036259547,1024,,1,ok
diagnostic_run,within_job,,,,ablation-ac_power-ganr-no_physics-s11-6d1e81ff84,probe_nrmse,0.05455207066733423,0.08101385866096504,1024,,1,ok
diagnostic_run,within_job,,,,ablation-ac_power-ganr-no_physics-s11-6d1e81ff84,probe_gap,-0.0928224800622273,0.002947966375955254,1024,,1,ok
diagnostic_run,within_job,,,,ablation-ac_power-ganr-no_physics-s11-99c235e835,probe_nrmse,-0.009703760907660395,0.7564481193721642,1024,,1,ok
diagnostic_run,within_job,,,,ablation-ac_power-ganr-no_physics-s11-99c235e835,probe_gap,-0.10357612563479007,0.0009023729036259547,1024,,1,ok
diagnostic_run,within_job,ablation,ac_power,ganr,ablation-ac_power-ganr-no_physics-s11-9a95470cb1,probe_nrmse,-0.009703760907660395,0.7564481193721642,1024,,1,ok
diagnostic_run,within_job,ablation,ac_power,ganr,ablation-ac_power-ganr-no_physics-s11-9a95470cb1,probe_gap,-0.10357612563479007,0.0009023729036259547,1024,,1,ok
diagnostic_run,within_job,,,,ablation-ac_power-ganr-no_router-s11-089becf18b,probe_nrmse,0.015911963110650167,0.6110374616466083,1024,,1,ok
diagnostic_run,within_job,,,,ablation-ac_power-ganr-no_router-s11-089becf18b,probe_gap,-0.23691505435948787,1.5706360723692285e-14,1024,,1,ok
diagnostic_run,within_job,,,,ablation-ac_power-ganr-no_router-s11-1f8b3774cf,probe_nrmse,-0.02452218636006008,0.4331167466090189,1024,,1,ok
diagnostic_run,within_job,,,,ablation-ac_power-ganr-no_router-s11-1f8b3774cf,probe_gap,-0.14556696364709248,2.9055142975185363e-06,1024,,1,ok
diagnostic_run,within_job,,,,ablation-ac_power-ganr-no_router-s11-386a9a54a8,probe_nrmse,-0.02271610802160074,0.4677644091678326,1024,,1,ok
diagnostic_run,within_job,,,,ablation-ac_power-ganr-no_router-s11-386a9a54a8,probe_gap,-0.14256209319791144,4.6536195324629636e-06,1024,,1,ok
diagnostic_run,within_job,,,,ablation-ac_power-ganr-no_router-s11-45557db6c2,probe_nrmse,-0.02271610802160074,0.4677644091678326,1024,,1,ok
diagnostic_run,within_job,,,,ablation-ac_power-ganr-no_router-s11-45557db6c2,probe_gap,-0.14256209319791144,4.6536195324629636e-06,1024,,1,ok
diagnostic_run,within_job,,,,ablation-ac_power-ganr-no_router-s11-a862aeba17,probe_nrmse,-0.02271610802160074,0.4677644091678326,1024,,1,ok
diagnostic_run,within_job,,,,ablation-ac_power-ganr-no_router-s11-a862aeba17,probe_gap,-0.14256209319791144,4.6536195324629636e-06,1024,,1,ok
diagnostic_run,within_job,ablation,ac_power,ganr,ablation-ac_power-ganr-no_router-s11-ce77a6fb28,probe_nrmse,-0.02271610802160074,0.4677644091678326,1024,,1,ok
diagnostic_run,within_job,ablation,ac_power,ganr,ablation-ac_power-ganr-no_router-s11-ce77a6fb28,probe_gap,-0.14256209319791144,4.6536195324629636e-06,1024,,1,ok
diagnostic_run,within_job,,,,ablation-ac_power-ganr-no_router-s11-f7c6e31008,probe_nrmse,-0.02271610802160074,0.4677644091678326,1024,,1,ok
diagnostic_run,within_job,,,,ablation-ac_power-ganr-no_router-s11-f7c6e31008,probe_gap,-0.14256209319791144,4.6536195324629636e-06,1024,,1,ok
diagnostic_run,within_job,,,,ablation-ac_power-ganr-no_router-s11-fbe36de6aa,probe_nrmse,-0.059471548440741005,0.05711245551085183,1024,,1,ok
diagnostic_run,within_job,,,,ablation-ac_power-ganr-no_router-s11-fbe36de6aa,probe_gap,-0.2593677803805164,3.3296231699592624e-17,1024,,1,ok
diagnostic_run,within_job,,,,ablation-ac_power-ganr-with_router-s11-1075f29bba,probe_nrmse,-0.01551419113439668,0.6199807743209731,1024,,1,ok
diagnostic_run,within_job,,,,ablation-ac_power-ganr-with_router-s11-1075f29bba,probe_gap,-0.14133378558400686,5.626375877819932e-06,1024,,1,ok
diagnostic_run,within_job,,,,ablation-ac_power-ganr-with_router-s11-3b816a8db4,probe_nrmse,-0.03332399774694227,0.2867124329125407,1024,,1,ok
diagnostic_run,within_job,,,,ablation-ac_power-ganr-with_router-s11-3b816a8db4,probe_gap,-0.14937279835133394,1.5783543764852475e-06,1024,,1,ok
diagnostic_run,within_job,ablation,ac_power,ganr,ablation-ac_power-ganr-with_router-s11-3f71a76602,probe_nrmse,-0.03332399774694227,0.2867124329125407,1024,,1,ok
diagnostic_run,within_job,ablation,ac_power,ganr,ablation-ac_power-ganr-with_router-s11-3f71a76602,probe_gap,-0.14937279835133394,1.5783543764852475e-06,1024,,1,ok
diagnostic_run,within_job,,,,ablation-ac_power-ganr-with_router-s11-69421702e8,probe_nrmse,-0.03332399774694227,0.2867124329125407,1024,,1,ok
diagnostic_run,within_job,,,,ablation-ac_power-ganr-with_router-s11-69421702e8,probe_gap,-0.14937279835133394,1.5783543764852475e-06,1024,,1,ok
diagnostic_run,within_job,,,,ablation-ac_power-ganr-with_router-s11-89066faf52,probe_nrmse,-0.03332399774694227,0.2867124329125407,1024,,1,ok
diagnostic_run,within_job,,,,ablation-ac_power-ganr-with_router-s11-89066faf52,probe_gap,-0.14937279835133394,1.5783543764852475e-06,1024,,1,ok
diagnostic_run,within_job,,,,ablation-ac_power-ganr-with_router-s11-90610db29b,probe_nrmse,-0.03332399774694227,0.2867124329125407,1024,,1,ok
diagnostic_run,within_job,,,,ablation-ac_power-ganr-with_router-s11-90610db29b,probe_gap,-0.14937279835133394,1.5783543764852475e-06,1024,,1,ok
diagnostic_run,within_job,,,,ablation-ac_power-ganr-with_router-s11-a51fba578e,probe_nrmse,-0.027378976378656748,0.3814535497536774,1024,,1,ok
diagnostic_run,within_job,,,,ablation-ac_power-ganr-with_router-s11-a51fba578e,probe_gap,-0.0894317399506473,0.00418247606607234,1024,,1,ok
diagnostic_run,within_job,,,,ablation-ac_power-ganr-with_router-s11-bbd607c617,probe_nrmse,-0.027378976378656748,0.3814535497536774,1024,,1,ok
diagnostic_run,within_job,,,,ablation-ac_power-ganr-with_router-s11-bbd607c617,probe_gap,-0.0894317399506473,0.00418247606607234,1024,,1,ok
diagnostic_run,within_job,,,,ablation-ac_power-ganr-with_router-s11-ca83459a52,probe_nrmse,0.0026905040769615906,0.9314734689753117,1024,,1,ok
diagnostic_run,within_job,,,,ablation-ac_power-ganr-with_router-s11-ca83459a52,probe_gap,-0.16928417361061437,5.041057832333455e-08,1024,,1,ok
diagnostic_run,within_job,,,,ablation-allen_cahn-ganr-no_gate-s11-2b11040dc7,probe_nrmse,0.04019839424933838,0.19868851734013193,1024,,1,ok
diagnostic_run,within_job,,,,ablation-allen_cahn-ganr-no_gate-s11-2b11040dc7,probe_gap,0.0008249365209927758,0.9789656273728907,1024,,1,ok
diagnostic_run,within_job,,,,ablation-allen_cahn-ganr-no_gate-s11-3e773795e4,probe_nrmse,0.0762372259673843,0.014680616397395388,1024,,1,ok
diagnostic_run,within_job,,,,ablation-allen_cahn-ganr-no_gate-s11-3e773795e4,probe_gap,-0.008690901938344896,0.7811855220007621,1024,,1,ok
diagnostic_run,within_job,ablation,allen_cahn,ganr,ablation-allen_cahn-ganr-no_gate-s11-943d6cf868,probe_nrmse,0.08088861133214444,0.009611030962512325,1024,,1,ok
diagnostic_run,within_job,ablation,allen_cahn,ganr,ablation-allen_cahn-ganr-no_gate-s11-943d6cf868,probe_gap,0.002093689656089318,0.946648327356743,1024,,1,ok
diagnostic_run,within_job,,,,ablation-allen_cahn-ganr-no_gate-s11-baa010f593,probe_nrmse,0.0762372259673843,0.014680616397395388,1024,,1,ok
diagnostic_run,within_job,,,,ablation-allen_cahn-ganr-no_gate-s11-baa010f593,probe_gap,-0.008690901938344896,0.7811855220007621,1024,,1,ok
diagnostic_run,within_job,,,,ablation-allen_cahn-ganr-no_gate-s11-e88c8ccf7b,probe_nrmse,0.053684665796438026,0.08597015277022654,1024,,1,ok
diagnostic_run,within_job,,,,ablation-allen_cahn-ganr-no_gate-s11-e88c8ccf7b,probe_gap,-0.007903393444674915,0.8005745204544501,1024,,1,ok
diagnostic_run,within_job,,,,ablation-allen_cahn-ganr-no_geom-s11-3d7b92e993,probe_nrmse,0.08088861133214444,0.009611030962512325,1024,,1,ok
diagnostic_run,within_job,,,,ablation-allen_cahn-ganr-no_geom-s11-3d7b92e993,probe_gap,0.002093689656089318,0.946648327356743,1024,,1,ok
diagnostic_run,within_job,ablation,allen_cahn,ganr,ablation-allen_cahn-ganr-no_geom-s11-67c9c55e73,probe_nrmse,0.08088861133214444,0.009611030962512325,1024,,1,ok
diagnostic_run,within_job,ablation,allen_cahn,ganr,ablation-allen_cahn-ganr-no_geom-s11-67c9c55e73,probe_gap,0.002093689656089318,0.946648327356743,1024,,1,ok
diagnostic_run,within_job,,,,ablation-allen_cahn-ganr-no_geom-s11-a5f952be4b,probe_nrmse,0.08088861133214444,0.009611030962512325,1024,,1,ok
diagnostic_run,within_job,,,,ablation-allen_cahn-ganr-no_geom-s11-a5f952be4b,probe_gap,0.002093689656089318,0.946648327356743,1024,,1,ok
diagnostic_run,within_job,,,,ablation-allen_cahn-ganr-no_geom-s11-bfed0779df,probe_nrmse,0.04019839424933838,0.19868851734013193,1024,,1,ok
diagnostic_run,within_job,,,,ablation-allen_cahn-ganr-no_geom-s11-bfed0779df,probe_gap,0.0008249365209927758,0.9789656273728907,1024,,1,ok
diagnostic_run,within_job,,,,ablation-allen_cahn-ganr-no_geom-s11-feb71bf2d8,probe_nrmse,0.0587931614188261,0.06001134138793192,1024,,1,ok
diagnostic_run,within_job,,,,ablation-allen_cahn-ganr-no_geom-s11-feb71bf2d8,probe_gap,-0.01872546899230839,0.5494826050904671,1024,,1,ok
diagnostic_run,within_job,,,,ablation-allen_cahn-ganr-no_router-s11-2b60eff335,probe_nrmse,0.035188593001215934,0.2605856188584412,1024,,1,ok
diagnostic_run,within_job,,,,ablation-allen_cahn-ganr-no_router-s11-2b60eff335,probe_gap,0.003457180727415778,0.9120168218033622,1024,,1,ok
diagnostic_run,within_job,,,,ablation-allen_cahn-ganr-no_router-s11-7145c52027,probe_nrmse,0.053684665796438026,0.08597015277022654,1024,,1,ok
diagnostic_run,within_job,,,,ablation-allen_cahn-ganr-no_router-s11-7145c52027,probe_gap,-0.007903393444674915,0.8005745204544501,1024,,1,ok
diagnostic_run,within_job,ablation,allen_cahn,ganr,ablation-allen_cahn-ganr-no_router-s11-82704658b1,probe_nrmse,0.042771305700593655,0.17142605539359246,1024,,1,ok
diagnostic_run,within_job,ablation,allen_cahn,ganr,ablation-allen_cahn-ganr-no_router-s11-82704658b1,probe_gap,0.007294073206494528,0.8156617343548789,1024,,1,ok
diagnostic_run,within_job,,,,ablation-allen_cahn-ganr-no_router-s11-a3913c5b74,probe_nrmse,0.033936413704312995,0.27794319777618637,1024,,1,ok
diagnostic_run,within_job,,,,ablation-allen_cahn-ganr-no_router-s11-a3913c5b74,probe_gap,-0.008133583077033116,0.7948938094843117,1024,,1,ok
diagnostic_run,within_job,,,,ablation-allen_cahn-ganr-no_router-s11-bff2f7bf4f,probe_nrmse,0.035188593001215934,0.2605856188584412,1024,,1,ok
diagnostic_run,within_job,,,,ablation-allen_cahn-ganr-no_router-s11-bff2f7bf4f,probe_gap,0.003457180727415778,0.9120168218033622,1024,,1,ok
diagnostic_run,within_job,ablation,allen_cahn,ganr,ablation-allen_cahn-ganr-with_router-s11-23101cb245,probe_nrmse,0.08170645653029111,0.008902187396144906,1024,,1,ok
diagnostic_run,within_job,ablation,allen_cahn,ganr,ablation-allen_cahn-ganr-with_router-s11-23101cb245,probe_gap,0.004022859148129604,0.8976941219246342,1024,,1,ok
diagnostic_run,within_job,,,,ablation-allen_cahn-ganr-with_router-s11-65e6d1a661,probe_nrmse,0.053684665796438026,0.08597015277022654,1024,,1,ok
diagnostic_run,within_job,,,,ablation-allen_cahn-ganr-with_router-s11-65e6d1a661,probe_gap,-0.007903393444674915,0.8005745204544501,1024,,1,ok
diagnostic_run,within_job,,,,ablation-allen_cahn-ganr-with_router-s11-88f146e436,probe_nrmse,0.07133671366497389,0.022436517992345223,1024,,1,ok
diagnostic_run,within_job,,,,ablation-allen_cahn-ganr-with_router-s11-88f146e436,probe_gap,0.00327594145626207,0.9166119819930052,1024,,1,ok
diagnostic_run,within_job,,,,ablation-allen_cahn-ganr-with_router-s11-aacbeaa2da,probe_nrmse,0.07133671366497389,0.022436517992345223,1024,,1,ok
diagnostic_run,within_job,,,,ablation-allen_cahn-ganr-with_router-s11-aacbeaa2da,probe_gap,0.00327594145626207,0.9166119819930052,1024,,1,ok
diagnostic_run,within_job,,,,ablation-allen_cahn-ganr-with_router-s11-bd0df827bc,probe_nrmse,0.04019839424933838,0.19868851734013193,1024,,1,ok
diagnostic_run,within_job,,,,ablation-allen_cahn-ganr-with_router-s11-bd0df827bc,probe_gap,0.0008249365209927758,0.9789656273728907,1024,,1,ok
diagnostic_run,within_job,,,,ablation-controlled-ganr-no_gate-s11-15c1ede4b5,probe_nrmse,-0.01744447282745861,0.5771286557426581,1024,,1,ok
diagnostic_run,within_job,,,,ablation-controlled-ganr-no_gate-s11-15c1ede4b5,probe_gap,-0.46598600294580594,2.5058719357639016e-56,1024,,1,ok
diagnostic_run,within_job,,,,ablation-controlled-ganr-no_gate-s11-2283d58fb2,probe_nrmse,-0.01744447282745861,0.5771286557426581,1024,,1,ok
diagnostic_run,within_job,,,,ablation-controlled-ganr-no_gate-s11-2283d58fb2,probe_gap,-0.46598600294580594,2.5058719357639016e-56,1024,,1,ok
diagnostic_run,within_job,,,,ablation-controlled-ganr-no_gate-s11-2357918711,probe_nrmse,-0.06143879451040024,0.049356728317046614,1024,,1,ok
diagnostic_run,within_job,,,,ablation-controlled-ganr-no_gate-s11-2357918711,probe_gap,-0.3676582748890138,3.980466810445519e-34,1024,,1,ok
diagnostic_run,within_job,,,,ablation-controlled-ganr-no_gate-s11-35cded5bf1,probe_nrmse,-0.02872453096849439,0.35848706495165705,1024,,1,ok
diagnostic_run,within_job,,,,ablation-controlled-ganr-no_gate-s11-35cded5bf1,probe_gap,-0.4050041631556936,1.0650979495520655e-41,1024,,1,ok
diagnostic_run,within_job,,,,ablation-controlled-ganr-no_gate-s11-4785b0d7fe,probe_nrmse,-0.08901531567678712,0.0043627010665262,1024,,1,ok
diagnostic_run,within_job,,,,ablation-controlled-ganr-no_gate-s11-4785b0d7fe,probe_gap,-0.4149226975865759,7.039027226690886e-44,1024,,1,ok
diagnostic_run,within_job,,,,ablation-controlled-ganr-no_gate-s11-4b08a4403e,probe_nrmse,-0.03296520174971055,0.2919358191834601,1024,,1,ok
diagnostic_run,within_job,,,,ablation-controlled-ganr-no_gate-s11-4b08a4403e,probe_gap,-0.46933917143505904,3.1989449908693197e-57,1024,,1,ok
diagnostic_run,within_job,ablation,controlled,ganr,ablation-controlled-ganr-no_gate-s11-4dcae649b8,probe_nrmse,-0.01744447282745861,0.5771286557426581,1024,,1,ok
diagnostic_run,within_job,ablation,controlled,ganr,ablation-controlled-ganr-no_gate-s11-4dcae649b8,probe_gap,-0.46598600294580594,2.5058719357639016e-56,1024,,1,ok
diagnostic_run,within_job,,,,ablation-controlled-ganr-no_gate-s11-58011cab8d,probe_nrmse,-0.02288451750860832,0.4644701859535234,1024,,1,ok
diagnostic_run,within_job,,,,ablation-controlled-ganr-no_gate-s11-58011cab8d,probe_gap,-0.5010317545968175,3.5194219418840715e-66,1024,,1,ok
diagnostic_run,within_job,,,,ablation-controlled-ganr-no_gate-s11-7c82a223c5,probe_nrmse,0.0009627966132764813,0.9754514755768917,1024,,1,ok
diagnostic_run,within_job,,,,ablation-controlled-ganr-no_gate-s11-7c82a223c5,probe_gap,-0.49775650602690985,3.28466610576786e-65,1024,,1,ok
diagnostic_run,within_job,,,,ablation-controlled-ganr-no_gate-s11-804be04be8,probe_nrmse,-0.01744447282745861,0.5771286557426581,1024,,1,ok
diagnostic_run,within_job,,,,ablation-controlled-ganr-no_gate-s11-804be04be8,probe_gap,-0.46598600294580594,2.5058719357639016e-56,1024,,1,ok
diagnostic_run,within_job,,,,ablation-controlled-ganr-no_gate-s11-b84f3ddc31,probe_nrmse,-0.11392603880812642,0.00025911333399734193,1024,,1,ok
diagnostic_run,within_job,,,,ablation-controlled-ganr-no_gate-s11-b84f3ddc31,probe_gap,-0.4026878342039169,3.3570442332770056e-41,1024,,1,ok
diagnostic_run,within_job,,,,ablation-controlled-ganr-no_geom-s11-0549a5cc35,probe_nrmse,-0.07853599326355855,0.01193819305180842,1024,,1,ok
diagnostic_run,within_job,,,,ablation-controlled-ganr-no_geom-s11-0549a5cc35,probe_gap,-0.38467731984668174,1.8634621524639388e-37,1024,,1,ok
diagnostic_run,within_job,,,,ablation-controlled-ganr-no_geom-s11-1bc1276ca0,probe_nrmse,-0.07484359374676904,0.016600879751796617,1024,,1,ok
diagnostic_run,within_job,,,,ablation-controlled-ganr-no_geom-s11-1bc1276ca0,probe_gap,-0.3633798334664562,2.547426869486843e-33,1024,,1,ok
diagnostic_run,within_job,,,,ablation-controlled-ganr-no_geom-s11-49c452dcde,probe_nrmse,-0.04640803281243312,0.13779755770050733,1024,,1,ok
diagnostic_run,within_job,,,,ablation-controlled-ganr-no_geom-s11-49c452dcde,probe_gap,-0.3214314654829948,4.8374501685477845e-26,1024,,1,ok
diagnostic_run,within_job,ablation,controlled,ganr,ablation-controlled-ganr-no_geom-s11-6bb741a6b8,probe_nrmse,-0.07484359374676904,0.016600879751796617,1024,,1,ok
diagnostic_run,within_job,ablation,controlled,ganr,ablation-controlled-ganr-no_geom-s11-6bb741a6b8,probe_gap,-0.3633798334664562,2.547426869486843e-33,1024,,1,ok
diagnostic_run,within_job,,,,ablation-controlled-ganr-no_geom-s11-74cc5fb0c6,probe_nrmse,-0.001943731671554252,0.9504644808747851,1024,,1,ok
diagnostic_run,within_job,,,,ablation-controlled-ganr-no_geom-s11-74cc5fb0c6,probe_gap,-0.392658976915099,4.360614593649113e-39,1024,,1,ok
diagnostic_run,within_job,,,,ablation-controlled-ganr-no_geom-s11-769d5a65ba,probe_nrmse,-0.07484359374676904,0.016600879751796617,1024,,1,ok
diagnostic_run,within_job,,,,ablation-controlled-ganr-no_geom-s11-769d5a65ba,probe_gap,-0.3633798334664562,2.547426869486843e-33,1024,,1,ok
diagnostic_run,within_job,,,,ablation-controlled-ganr-no_geom-s11-9488c74d62,probe_nrmse,-0.001943731671554252,0.9504644808747851,1024,,1,ok
diagnostic_run,within_job,,,,ablation-controlled-ganr-no_geom-s11-9488c74d62,probe_gap,-0.392658976915099,4.360614593649113e-39,1024,,1,ok
diagnostic_run,within_job,,,,ablation-controlled-ganr-no_geom-s11-a9b781505c,probe_nrmse,-0.07484359374676904,0.016600879751796617,1024,,1,ok
diagnostic_run,within_job,,,,ablation-controlled-ganr-no_geom-s11-a9b781505c,probe_gap,-0.3633798334664562,2.547426869486843e-33,1024,,1,ok
diagnostic_run,within_job,,,,ablation-controlled-ganr-no_geom-s11-d5b7ad67e2,probe_nrmse,-0.07484359374676904,0.016600879751796617,1024,,1,ok
diagnostic_run,within_job,,,,ablation-controlled-ganr-no_geom-s11-d5b7ad67e2,probe_gap,-0.3633798334664562,2.547426869486843e-33,1024,,1,ok
diagnostic_run,within_job,,,,ablation-controlled-ganr-no_geom-s11-d9e4cef0d1,probe_nrmse,-0.09605321507760532,0.0020904908546536386,1024,,1,ok
diagnostic_run,within_job,,,,ablation-controlled-ganr-no_geom-s11-d9e4cef0d1,probe_gap,-0.3257912635898719,9.536672489994358e-27,1024,,1,ok
diagnostic_run,within_job,,,,ablation-controlled-ganr-no_geom-s11-db363b464b,probe_nrmse,-0.07853599326355855,0.01193819305180842,1024,,1,ok
diagnostic_run,within_job,,,,ablation-controlled-ganr-no_geom-s11-db363b464b,probe_gap,-0.38467731984668174,1.8634621524639388e-37,1024,,1,ok
diagnostic_run,within_job,,,,ablation-controlled-ganr-no_router-s11-086552dc9a,probe_nrmse,-0.004427968127737824,0.887457100294029,1024,,1,ok
diagnostic_run,within_job,,,,ablation-controlled-ganr-no_router-s11-086552dc9a,probe_gap,-0.43398885457821823,2.7943366735468015e-48,1024,,1,ok
diagnostic_run,within_job,,,,ablation-controlled-ganr-no_router-s11-35b2061eff,probe_nrmse,-0.04156698164463988,0.18381721267881437,1024,,1,ok
diagnostic_run,within_job,,,,ablation-controlled-ganr-no_router-s11-35b2061eff,probe_gap,-0.41760016500518604,1.7635453727469785e-44,1024,,1,ok
diagnostic_run,within_job,,,,ablation-controlled-ganr-no_router-s11-4b61c9df5a,probe_nrmse,-0.04156698164463988,0.18381721267881437,1024,,1,ok
diagnostic_run,within_job,,,,ablation-controlled-ganr-no_router-s11-4b61c9df5a,probe_gap,-0.41760016500518604,1.7635453727469785e-44,1024,,1,ok
diagnostic_run,within_job,,,,ablation-controlled-ganr-no_router-s11-4cabb087dd,probe_nrmse,-0.04156698164463988,0.18381721267881437,1024,,1,ok
diagnostic_run,within_job,,,,ablation-controlled-ganr-no_router-s11-4cabb087dd,probe_gap,-0.41760016500518604,1.7635453727469785e-44,1024,,1,ok
diagnostic_run,within_job,,,,ablation-controlled-ganr-no_router-s11-99bbd9b2b6,probe_nrmse,-0.01980861911443872,0.5266267314873634,1024,,1,ok
diagnostic_run,within_job,,,,ablation-controlled-ganr-no_router-s11-99bbd9b2b6,probe_gap,-0.395039533438673,1.394463990512967e-39,1024,,1,ok
diagnostic_run,within_job,ablation,controlled,ganr,ablation-controlled-ganr-no_router-s11-e319379de0,probe_nrmse,-0.04156698164463988,0.18381721267881437,1024,,1,ok
diagnostic_run,within_job,ablation,controlled,ganr,ablation-controlled-ganr-no_router-s11-e319379de0,probe_gap,-0.41760016500518604,1.7635453727469785e-44,1024,,1,ok
diagnostic_run,within_job,,,,ablation-controlled-ganr-no_router-s11-eb48666133,probe_nrmse,-0.10059458568152695,0.001267341650584468,1024,,1,ok
diagnostic_run,within_job,,,,ablation-controlled-ganr-no_router-s11-eb48666133,probe_gap,-0.40926035006152617,1.2617221673668141e-42,1024,,1,ok
diagnostic_run,within_job,,,,ablation-controlled-ganr-no_router-s11-fe3939baec,probe_nrmse,-0.04156698164463988,0.18381721267881437,1024,,1,ok
diagnostic_run,within_job,,,,ablation-controlled-ganr-no_router-s11-fe3939baec,probe_gap,-0.41760016500518604,1.7635453727469785e-44,1024,,1,ok
diagnostic_run,within_job,,,,ablation-controlled-ganr-with_router-s11-0c1b3177d6,probe_nrmse,-0.12160539896110513,9.57541948508929e-05,1024,,1,ok
diagnostic_run,within_job,,,,ablation-controlled-ganr-with_router-s11-0c1b3177d6,probe_gap,-0.48122406212344,1.799959224262442e-60,1024,,1,ok
diagnostic_run,within_job,,,,ablation-controlled-ganr-with_router-s11-0ee2b78f86,probe_nrmse,-0.004051670570774622,0.8969654806798659,1024,,1,ok
diagnostic_run,within_job,,,,ablation-controlled-ganr-with_router-s11-0ee2b78f86,probe_gap,-0.45486913042700805,1.9612608532897548e-53,1024,,1,ok
diagnostic_run,within_job,ablation,controlled,ganr,ablation-controlled-ganr-with_router-s11-17a718c923,probe_nrmse,-0.12160539896110513,9.57541948508929e-05,1024,,1,ok
diagnostic_run,within_job,ablation,controlled,ganr,ablation-controlled-ganr-with_router-s11-17a718c923,probe_gap,-0.48122406212344,1.799959224262442e-60,1024,,1,ok
diagnostic_run,within_job,,,,ablation-controlled-ganr-with_router-s11-32bf5850a7,probe_nrmse,-0.004051670570774622,0.8969654806798659,1024,,1,ok
diagnostic_run,within_job,,,,ablation-controlled-ganr-with_router-s11-32bf5850a7,probe_gap,-0.45486913042700805,1.9612608532897548e-53,1024,,1,ok
diagnostic_run,within_job,,,,ablation-controlled-ganr-with_router-s11-8c7fe1bfe7,probe_nrmse,-0.12160539896110513,9.57541948508929e-05,1024,,1,ok
diagnostic_run,within_job,,,,ablation-controlled-ganr-with_router-s11-8c7fe1bfe7,probe_gap,-0.48122406212344,1.799959224262442e-60,1024,,1,ok
diagnostic_run,within_job,,,,ablation-controlled-ganr-with_router-s11-d51ef31c1a,probe_nrmse,-0.032844072048919475,0.29371356331278997,1024,,1,ok
diagnostic_run,within_job,,,,ablation-controlled-ganr-with_router-s11-d51ef31c1a,probe_gap,-0.42407797537773345,5.8796311780309404e-46,1024,,1,ok
diagnostic_run,within_job,,,,ablation-controlled-ganr-with_router-s11-ec2d02ebcc,probe_nrmse,-0.0027860970031825865,0.9290450475388154,1024,,1,ok
diagnostic_run,within_job,,,,ablation-controlled-ganr-with_router-s11-ec2d02ebcc,probe_gap,-0.45479203183219663,2.0522595714665485e-53,1024,,1,ok
diagnostic_run,within_job,,,,ablation-controlled-ganr-with_router-s11-fdfafff0aa,probe_nrmse,-0.12160539896110513,9.57541948508929e-05,1024,,1,ok
diagnostic_run,within_job,,,,ablation-controlled-ganr-with_router-s11-fdfafff0aa,probe_gap,-0.48122406212344,1.799959224262442e-60,1024,,1,ok
diagnostic_run,within_job,,,,ablation-controlled-ganr-with_router-s11-ff7f6ab255,probe_nrmse,-0.07093145963420071,0.02321401898774511,1024,,1,ok
diagnostic_run,within_job,,,,ablation-controlled-ganr-with_router-s11-ff7f6ab255,probe_gap,-0.4332786528181065,4.124102502318145e-48,1024,,1,ok
diagnostic_run,within_job,,,,ablation-duffing-ganr-no_gate-s11-1954d1798a,probe_nrmse,-0.04888660280022888,0.11795962119181758,1024,,1,ok
diagnostic_run,within_job,,,,ablation-duffing-ganr-no_gate-s11-1954d1798a,probe_gap,-0.21525856519562261,3.3635984353807667e-12,1024,,1,ok
diagnostic_run,within_job,,,,ablation-duffing-ganr-no_gate-s11-1a34c74f07,probe_nrmse,-0.04888660280022888,0.11795962119181758,1024,,1,ok
diagnostic_run,within_job,,,,ablation-duffing-ganr-no_gate-s11-1a34c74f07,probe_gap,-0.21525856519562261,3.3635984353807667e-12,1024,,1,ok
diagnostic_run,within_job,,,,ablation-duffing-ganr-no_gate-s11-76dc7c17d6,probe_nrmse,-0.033825392496960156,0.27951923756516517,1024,,1,ok
diagnostic_run,within_job,,,,ablation-duffing-ganr-no_gate-s11-76dc7c17d6,probe_gap,-0.27153857243759383,9.12535694638872e-19,1024,,1,ok
diagnostic_run,within_job,ablation,duffing,ganr,ablation-duffing-ganr-no_gate-s11-922da7f38a,probe_nrmse,-0.04888660280022888,0.11795962119181758,1024,,1,ok
diagnostic_run,within_job,ablation,duffing,ganr,ablation-duffing-ganr-no_gate-s11-922da7f38a,probe_gap,-0.21525856519562261,3.3635984353807667e-12,1024,,1,ok
diagnostic_run,within_job,,,,ablation-duffing-ganr-no_gate-s11-bfd1ee8b0b,probe_nrmse,-0.019001211465560403,0.5436180355524975,1024,,1,ok
diagnostic_run,within_job,,,,ablation-duffing-ganr-no_gate-s11-bfd1ee8b0b,probe_gap,-0.16546463727558827,1.0087065192845263e-07,1024,,1,ok
diagnostic_run,within_job,,,,ablation-duffing-ganr-no_gate-s11-d46648e865,probe_nrmse,-0.033825392496960156,0.27951923756516517,1024,,1,ok
diagnostic_run,within_job,,,,ablation-duffing-ganr-no_gate-s11-d46648e865,probe_gap,-0.27153857243759383,9.12535694638872e-19,1024,,1,ok
diagnostic_run,within_job,,,,ablation-duffing-ganr-no_gate-s11-f76986ba23,probe_nrmse,-0.019001211465560403,0.5436180355524975,1024,,1,ok
diagnostic_run,within_job,,,,ablation-duffing-ganr-no_gate-s11-f76986ba23,probe_gap,-0.16546463727558827,1.0087065192845263e-07,1024,,1,ok
diagnostic_run,within_job,ablation,duffing,ganr,ablation-duffing-ganr-no_geom-s11-32d002eb00,probe_nrmse,0.0033607552307617122,0.9144612485189016,1024,,1,ok
diagnostic_run,within_job,ablation,duffing,ganr,ablation-duffing-ganr-no_geom-s11-32d002eb00,probe_gap,-0.3125524604612746,1.2172709703623677e-24,1024,,1,ok
diagnostic_run,within_job,,,,ablation-duffing-ganr-no_geom-s11-539ff1a61e,probe_nrmse,0.0033607552307617122,0.9144612485189016,1024,,1,ok
diagnostic_run,within_job,,,,ablation-duffing-ganr-no_geom-s11-539ff1a61e,probe_gap,-0.3125524604612746,1.2172709703623677e-24,1024,,1,ok
diagnostic_run,within_job,,,,ablation-duffing-ganr-no_geom-s11-585be69afc,probe_nrmse,0.0033607552307617122,0.9144612485189016,1024,,1,ok
diagnostic_run,within_job,,,,ablation-duffing-ganr-no_geom-s11-585be69afc,probe_gap,-0.3125524604612746,1.2172709703623677e-24,1024,,1,ok
diagnostic_run,within_job,,,,ablation-duffing-ganr-no_geom-s11-610131fb21,probe_nrmse,-0.03306166627923611,0.29052524457303386,1024,,1,ok
diagnostic_run,within_job,,,,ablation-duffing-ganr-no_geom-s11-610131fb21,probe_gap,-0.3236576760424862,2.1181618236494685e-26,1024,,1,ok
diagnostic_run,within_job,,,,ablation-duffing-ganr-no_geom-s11-7400b97c23,probe_nrmse,0.0033607552307617122,0.9144612485189016,1024,,1,ok
diagnostic_run,within_job,,,,ablation-duffing-ganr-no_geom-s11-7400b97c23,probe_gap,-0.3125524604612746,1.2172709703623677e-24,1024,,1,ok
diagnostic_run,within_job,,,,ablation-duffing-ganr-no_geom-s11-a34222a695,probe_nrmse,-0.03306166627923611,0.29052524457303386,1024,,1,ok
diagnostic_run,within_job,,,,ablation-duffing-ganr-no_geom-s11-a34222a695,probe_gap,-0.3236576760424862,2.1181618236494685e-26,1024,,1,ok
diagnostic_run,within_job,,,,ablation-duffing-ganr-no_geom-s11-ea8589ccf0,probe_nrmse,0.0033607552307617122,0.9144612485189016,1024,,1,ok
diagnostic_run,within_job,,,,ablation-duffing-ganr-no_geom-s11-ea8589ccf0,probe_gap,-0.3125524604612746,1.2172709703623677e-24,1024,,1,ok
diagnostic_run,within_job,,,,ablation-duffing-ganr-no_router-s11-2fd1f1839c,probe_nrmse,0.008908652814534011,0.7758476718008968,1024,,1,ok
diagnostic_run,within_job,,,,ablation-duffing-ganr-no_router-s11-2fd1f1839c,probe_gap,-0.30842492240704156,5.254780395527485e-24,1024,,1,ok
diagnostic_run,within_job,,,,ablation-duffing-ganr-no_router-s11-4e2c415494,probe_nrmse,-0.052504269186753445,0.09310472769605033,1024,,1,ok
diagnostic_run,within_job,,,,ablation-duffing-ganr-no_router-s11-4e2c415494,probe_gap,-0.3278618415170588,4.369299619151109e-27,1024,,1,ok
diagnostic_run,within_job,,,,ablation-duffing-ganr-no_router-s11-a20f93a156,probe_nrmse,0.008908652814534011,0.7758476718008968,1024,,1,ok
diagnostic_run,within_job,,,,ablation-duffing-ganr-no_router-s11-a20f93a156,probe_gap,-0.30842492240704156,5.254780395527485e-24,1024,,1,ok
diagnostic_run,within_job,,,,ablation-duffing-ganr-no_router-s11-a86e4d22f8,probe_nrmse,0.012858343466132608,0.6810861592345545,1024,,1,ok
diagnostic_run,within_job,,,,ablation-duffing-ganr-no_router-s11-a86e4d22f8,probe_gap,-0.3191687267541663,1.1119516001171296e-25,1024,,1,ok
diagnostic_run,within_job,,,,ablation-duffing-ganr-no_router-s11-b57e8f0450,probe_nrmse,0.012858343466132608,0.6810861592345545,1024,,1,ok
diagnostic_run,within_job,,,,ablation-duffing-ganr-no_router-s11-b57e8f0450,probe_gap,-0.3191687267541663,1.1119516001171296e-25,1024,,1,ok
diagnostic_run,within_job,,,,ablation-duffing-ganr-no_router-s11-f1f0020760,probe_nrmse,-0.052504269186753445,0.09310472769605033,1024,,1,ok
diagnostic_run,within_job,,,,ablation-duffing-ganr-no_router-s11-f1f0020760,probe_gap,-0.3278618415170588,4.369299619151109e-27,1024,,1,ok
diagnostic_run,within_job,ablation,duffing,ganr,ablation-duffing-ganr-no_router-s11-f28dc4d0c2,probe_nrmse,0.012858343466132608,0.6810861592345545,1024,,1,ok
diagnostic_run,within_job,ablation,duffing,ganr,ablation-duffing-ganr-no_router-s11-f28dc4d0c2,probe_gap,-0.3191687267541663,1.1119516001171296e-25,1024,,1,ok
diagnostic_run,within_job,,,,ablation-duffing-ganr-with_router-s11-201618d873,probe_nrmse,-0.03627971666905085,0.24608349096041862,1024,,1,ok
diagnostic_run,within_job,,,,ablation-duffing-ganr-with_router-s11-201618d873,probe_gap,-0.29191427204777914,1.4510981721257624e-21,1024,,1,ok
diagnostic_run,within_job,,,,ablation-duffing-ganr-with_router-s11-253394a45a,probe_nrmse,-0.019858971550675918,0.5255761423491119,1024,,1,ok
diagnostic_run,within_job,,,,ablation-duffing-ganr-with_router-s11-253394a45a,probe_gap,-0.32896637157393954,2.8741462210324618e-27,1024,,1,ok
diagnostic_run,within_job,,,,ablation-duffing-ganr-with_router-s11-5b594beca6,probe_nrmse,-0.019858971550675918,0.5255761423491119,1024,,1,ok
diagnostic_run,within_job,,,,ablation-duffing-ganr-with_router-s11-5b594beca6,probe_gap,-0.32896637157393954,2.8741462210324618e-27,1024,,1,ok
diagnostic_run,within_job,,,,ablation-duffing-ganr-with_router-s11-5b6e1a18c5,probe_nrmse,-0.005653833774408124,0.8566005877421312,1024,,1,ok
diagnostic_run,within_job,,,,ablation-duffing-ganr-with_router-s11-5b6e1a18c5,probe_gap,-0.32738071981617906,5.2409838507035794e-27,1024,,1,ok
diagnostic_run,within_job,,,,ablation-duffing-ganr-with_router-s11-681ae78e49,probe_nrmse,-0.005653833774408124,0.8566005877421312,1024,,1,ok
diagnostic_run,within_job,,,,ablation-duffing-ganr-with_router-s11-681ae78e49,probe_gap,-0.32738071981617906,5.2409838507035794e-27,1024,,1,ok
diagnostic_run,within_job,,,,ablation-duffing-ganr-with_router-s11-729bfd166b,probe_nrmse,-0.03627971666905085,0.24608349096041862,1024,,1,ok
diagnostic_run,within_job,,,,ablation-duffing-ganr-with_router-s11-729bfd166b,probe_gap,-0.29191427204777914,1.4510981721257624e-21,1024,,1,ok
diagnostic_run,within_job,ablation,duffing,ganr,ablation-duffing-ganr-with_router-s11-b50bfc7192,probe_nrmse,-0.005653833774408124,0.8566005877421312,1024,,1,ok
diagnostic_run,within_job,ablation,duffing,ganr,ablation-duffing-ganr-with_router-s11-b50bfc7192,probe_gap,-0.32738071981617906,5.2409838507035794e-27,1024,,1,ok
diagnostic_run,within_job,,,,ablation-ieee118-ganr-no_gate-s11-b083cbe9eb,probe_nrmse,0.08535679001859665,0.006274693384484015,1024,,1,ok
diagnostic_run,within_job,,,,ablation-ieee118-ganr-no_gate-s11-b083cbe9eb,probe_gap,-0.16131230553966094,2.106186221036699e-07,1024,,1,ok
diagnostic_run,within_job,ablation,ieee118,ganr,ablation-ieee118-ganr-no_gate-s11-b37280c9da,probe_nrmse,0.08535679001859665,0.006274693384484015,1024,,1,ok
diagnostic_run,within_job,ablation,ieee118,ganr,ablation-ieee118-ganr-no_gate-s11-b37280c9da,probe_gap,-0.16131230553966094,2.106186221036699e-07,1024,,1,ok
diagnostic_run,within_job,,,,ablation-ieee118-ganr-no_gate-s11-b3ef111d99,probe_nrmse,0.08535679001859665,0.006274693384484015,1024,,1,ok
diagnostic_run,within_job,,,,ablation-ieee118-ganr-no_gate-s11-b3ef111d99,probe_gap,-0.16131230553966094,2.106186221036699e-07,1024,,1,ok
diagnostic_run,within_job,,,,ablation-ieee118-ganr-no_gate-s11-badd7e90dd,probe_nrmse,0.08535679001859665,0.006274693384484015,1024,,1,ok
diagnostic_run,within_job,,,,ablation-ieee118-ganr-no_gate-s11-badd7e90dd,probe_gap,-0.16131230553966094,2.106186221036699e-07,1024,,1,ok
diagnostic_run,within_job,,,,ablation-ieee118-ganr-no_gate-s11-e818112380,probe_nrmse,-0.007088403458264786,0.8207700124266906,1024,,1,ok
diagnostic_run,within_job,,,,ablation-ieee118-ganr-no_gate-s11-e818112380,probe_gap,0.0035709847292754444,0.9091329136749315,1024,,1,ok
diagnostic_run,within_job,ablation,ieee118,ganr,ablation-ieee118-ganr-no_geom-s11-2da3781da1,probe_nrmse,0.0026084172269508618,0.9335592943799751,1024,,1,ok
diagnostic_run,within_job,ablation,ieee118,ganr,ablation-ieee118-ganr-no_geom-s11-2da3781da1,probe_gap,-0.009068892604248622,0.7719263497677786,1024,,1,ok
diagnostic_run,within_job,,,,ablation-ieee118-ganr-no_geom-s11-4f25b1a22b,probe_nrmse,0.0026084172269508618,0.9335592943799751,1024,,1,ok
diagnostic_run,within_job,,,,ablation-ieee118-ganr-no_geom-s11-4f25b1a22b,probe_gap,-0.009068892604248622,0.7719263497677786,1024,,1,ok
diagnostic_run,within_job,,,,ablation-ieee118-ganr-no_geom-s11-cff400e7dd,probe_nrmse,-0.007088403458264786,0.8207700124266906,1024,,1,ok
diagnostic_run,within_job,,,,ablation-ieee118-ganr-no_geom-s11-cff400e7dd,probe_gap,0.0035709847292754444,0.9091329136749315,1024,,1,ok
diagnostic_run,within_job,,,,ablation-ieee118-ganr-no_geom-s11-d2fefcb168,probe_nrmse,0.0026084172269508618,0.9335592943799751,1024,,1,ok
diagnostic_run,within_job,,,,ablation-ieee118-ganr-no_geom-s11-d2fefcb168,probe_gap,-0.009068892604248622,0.7719263497677786,1024,,1,ok
diagnostic_run,within_job,,,,ablation-ieee118-ganr-no_geom-s11-fcdca7dc03,probe_nrmse,0.0026084172269508618,0.9335592943799751,1024,,1,ok
diagnostic_run,within_job,,,,ablation-ieee118-ganr-no_geom-s11-fcdca7dc03,probe_gap,-0.009068892604248622,0.7719263497677786,1024,,1,ok
diagnostic_run,within_job,,,,ablation-ieee118-ganr-no_router-s11-45035fa705,probe_nrmse,0.08535679001859665,0.006274693384484015,1024,,1,ok
diagnostic_run,within_job,,,,ablation-ieee118-ganr-no_router-s11-45035fa705,probe_gap,-0.16131230553966094,2.106186221036699e-07,1024,,1,ok
diagnostic_run,within_job,,,,ablation-ieee118-ganr-no_router-s11-73d002ba59,probe_nrmse,0.08535679001859665,0.006274693384484015,1024,,1,ok
diagnostic_run,within_job,,,,ablation-ieee118-ganr-no_router-s11-73d002ba59,probe_gap,-0.16131230553966094,2.106186221036699e-07,1024,,1,ok
diagnostic_run,within_job,,,,ablation-ieee118-ganr-no_router-s11-c345ca947c,probe_nrmse,0.08535679001859665,0.006274693384484015,1024,,1,ok
diagnostic_run,within_job,,,,ablation-ieee118-ganr-no_router-s11-c345ca947c,probe_gap,-0.16131230553966094,2.106186221036699e-07,1024,,1,ok
diagnostic_run,within_job,,,,ablation-ieee118-ganr-no_router-s11-d6cbbf4a06,probe_nrmse,-0.012601756401544954,0.6871103220259891,1024,,1,ok
diagnostic_run,within_job,,,,ablation-ieee118-ganr-no_router-s11-d6cbbf4a06,probe_gap,0.015789933659967094,0.6137750412419921,1024,,1,ok
diagnostic_run,within_job,ablation,ieee118,ganr,ablation-ieee118-ganr-no_router-s11-e26f7c15e7,probe_nrmse,0.08535679001859665,0.006274693384484015,1024,,1,ok
diagnostic_run,within_job,ablation,ieee118,ganr,ablation-ieee118-ganr-no_router-s11-e26f7c15e7,probe_gap,-0.16131230553966094,2.106186221036699e-07,1024,,1,ok
diagnostic_run,within_job,,,,ablation-ieee118-ganr-with_router-s11-29cc885f89,probe_nrmse,0.08535679001859665,0.006274693384484015,1024,,1,ok
diagnostic_run,within_job,,,,ablation-ieee118-ganr-with_router-s11-29cc885f89,probe_gap,-0.16131230553966094,2.106186221036699e-07,1024,,1,ok
diagnostic_run,within_job,ablation,ieee118,ganr,ablation-ieee118-ganr-with_router-s11-2d385ad241,probe_nrmse,0.08535679001859665,0.006274693384484015,1024,,1,ok
diagnostic_run,within_job,ablation,ieee118,ganr,ablation-ieee118-ganr-with_router-s11-2d385ad241,probe_gap,-0.16131230553966094,2.106186221036699e-07,1024,,1,ok
diagnostic_run,within_job,,,,ablation-ieee118-ganr-with_router-s11-4178eb35d2,probe_nrmse,0.08535679001859665,0.006274693384484015,1024,,1,ok
diagnostic_run,within_job,,,,ablation-ieee118-ganr-with_router-s11-4178eb35d2,probe_gap,-0.16131230553966094,2.106186221036699e-07,1024,,1,ok
diagnostic_run,within_job,,,,ablation-ieee118-ganr-with_router-s11-b3171c220c,probe_nrmse,-0.007088403458264786,0.8207700124266906,1024,,1,ok
diagnostic_run,within_job,,,,ablation-ieee118-ganr-with_router-s11-b3171c220c,probe_gap,0.0035709847292754444,0.9091329136749315,1024,,1,ok
diagnostic_run,within_job,,,,ablation-ieee118-ganr-with_router-s11-c283ebe30f,probe_nrmse,0.08535679001859665,0.006274693384484015,1024,,1,ok
diagnostic_run,within_job,,,,ablation-ieee118-ganr-with_router-s11-c283ebe30f,probe_gap,-0.16131230553966094,2.106186221036699e-07,1024,,1,ok
diagnostic_run,within_job,,,,ablation-kuramoto-ganr-no_gate-s11-327857707b,probe_nrmse,0.09512979668836276,0.0023086977297984428,1024,,1,ok
diagnostic_run,within_job,,,,ablation-kuramoto-ganr-no_gate-s11-327857707b,probe_gap,-0.08615473678563765,0.00580291104924769,1024,,1,ok
diagnostic_run,within_job,,,,ablation-kuramoto-ganr-no_gate-s11-8cd695fe88,probe_nrmse,0.23271799674558327,4.6402696424859346e-14,1024,,1,ok
diagnostic_run,within_job,,,,ablation-kuramoto-ganr-no_gate-s11-8cd695fe88,probe_gap,-0.3029262145948072,3.5574697960074235e-23,1024,,1,ok
diagnostic_run,within_job,,,,ablation-kuramoto-ganr-no_gate-s11-cdbab9b330,probe_nrmse,-0.03954893024461769,0.20604533065884612,1024,,1,ok
diagnostic_run,within_job,,,,ablation-kuramoto-ganr-no_gate-s11-cdbab9b330,probe_gap,-0.03535429779701023,0.25834600797160356,1024,,1,ok
diagnostic_run,within_job,,,,ablation-kuramoto-ganr-no_gate-s11-e1d534286b,probe_nrmse,0.010944373167155423,0.7264868007682417,1024,,1,ok
diagnostic_run,within_job,,,,ablation-kuramoto-ganr-no_gate-s11-e1d534286b,probe_gap,-0.0508409962627852,0.10395468112168234,1024,,1,ok
diagnostic_run,within_job,,,,ablation-kuramoto-ganr-no_gate-s11-e6f21112b8,probe_nrmse,-0.020548232869608753,0.5113032987911854,1024,,1,ok
diagnostic_run,within_job,,,,ablation-kuramoto-ganr-no_gate-s11-e6f21112b8,probe_gap,-0.011255867337815606,0.7190272005721958,1024,,1,ok
diagnostic_run,within_job,,,,ablation-kuramoto-ganr-no_geom-s11-5909997a67,probe_nrmse,0.028077513679279024,0.36942017454684106,1024,,1,ok
diagnostic_run,within_job,,,,ablation-kuramoto-ganr-no_geom-s11-5909997a67,probe_gap,-0.018657586635433803,0.5509311096689247,1024,,1,ok
diagnostic_run,within_job,,,,ablation-kuramoto-ganr-no_geom-s11-5e967dba1a,probe_nrmse,0.018588687325656248,0.5524032298438024,1024,,1,ok
diagnostic_run,within_job,,,,ablation-kuramoto-ganr-no_geom-s11-5e967dba1a,probe_gap,0.006864673485444531,0.826335483275222,1024,,1,ok
diagnostic_run,within_job,,,,ablation-kuramoto-ganr-no_geom-s11-a6c73ce3fc,probe_nrmse,0.018588687325656248,0.5524032298438024,1024,,1,ok
diagnostic_run,within_job,,,,ablation-kuramoto-ganr-no_geom-s11-a6c73ce3fc,probe_gap,0.006864673485444531,0.826335483275222,1024,,1,ok
diagnostic_run,within_job,,,,ablation-kuramoto-ganr-no_geom-s11-e1069d85b1,probe_nrmse,-0.011146153708604533,0.7216515954072514,1024,,1,ok
diagnostic_run,within_job,,,,ablation-kuramoto-ganr-no_geom-s11-e1069d85b1,probe_gap,-0.03637063246548888,0.24490114294425114,1024,,1,ok
diagnostic_run,within_job,,,,ablation-kuramoto-ganr-no_geom-s11-fe2d4a9944,probe_nrmse,-0.011146153708604533,0.7216515954072514,1024,,1,ok
diagnostic_run,within_job,,,,ablation-kuramoto-ganr-no_geom-s11-fe2d4a9944,probe_gap,-0.03637063246548888,0.24490114294425114,1024,,1,ok
diagnostic_run,within_job,,,,ablation-kuramoto-ganr-no_router-s11-259a75a720,probe_nrmse,0.2840852764466061,1.8388354710577886e-20,1024,,1,ok
diagnostic_run,within_job,,,,ablation-kuramoto-ganr-no_router-s11-259a75a720,probe_gap,-0.18066541198769756,5.807609980945418e-09,1024,,1,ok
diagnostic_run,within_job,,,,ablation-kuramoto-ganr-no_router-s11-cae8461178,probe_nrmse,0.0150816845182748,0.6297691058299746,1024,,1,ok
diagnostic_run,within_job,,,,ablation-kuramoto-ganr-no_router-s11-cae8461178,probe_gap,-0.055434283581288886,0.07621314009220993,1024,,1,ok
diagnostic_run,within_job,,,,ablation-kuramoto-ganr-with_router-s11-49854b6d4a,probe_nrmse,-0.037843446016021735,0.22630015292235342,1024,,1,ok
diagnostic_run,within_job,,,,ablation-kuramoto-ganr-with_router-s11-49854b6d4a,probe_gap,0.030185799030827545,0.33455198967363775,1024,,1,ok
diagnostic_run,within_job,,,,ablation-kuramoto-ganr-with_router-s11-57d8be6bd2,probe_nrmse,-0.064580412702954,0.038809007657511586,1024,,1,ok
diagnostic_run,within_job,,,,ablation-kuramoto-ganr-with_router-s11-57d8be6bd2,probe_gap,-0.007339156712681495,0.8145430189911993,1024,,1,ok
diagnostic_run,within_job,,,,ablation-kuramoto-ganr-with_router-s11-7f445563b2,probe_nrmse,-0.064580412702954,0.038809007657511586,1024,,1,ok
diagnostic_run,within_job,,,,ablation-kuramoto-ganr-with_router-s11-7f445563b2,probe_gap,-0.007339156712681495,0.8145430189911993,1024,,1,ok
diagnostic_run,within_job,,,,ablation-shallow_water-ganr-no_gate-s11-1331f9a470,probe_nrmse,0.018655317931478434,0.550979552676236,1024,,1,ok
diagnostic_run,within_job,,,,ablation-shallow_water-ganr-no_gate-s11-1331f9a470,probe_gap,0.11886142353908875,0.00013760023785166595,1024,,1,ok
diagnostic_run,within_job,ablation,shallow_water,ganr,ablation-shallow_water-ganr-no_gate-s11-cabfb4fcfa,probe_nrmse,-0.006871054913811601,0.8261766177096936,1024,,1,ok
diagnostic_run,within_job,ablation,shallow_water,ganr,ablation-shallow_water-ganr-no_gate-s11-cabfb4fcfa,probe_gap,0.09863322321364708,0.0015770607901619646,1024,,1,ok
diagnostic_run,within_job,,,,ablation-shallow_water-ganr-no_gate-s11-d9e0d486ce,probe_nrmse,0.00939778762248766,0.763896066053997,1024,,1,ok
diagnostic_run,within_job,,,,ablation-shallow_water-ganr-no_gate-s11-d9e0d486ce,probe_gap,0.10577280103354551,0.000698647104681807,1024,,1,ok
diagnostic_run,within_job,,,,ablation-shallow_water-ganr-no_gate-s11-e0c892b819,probe_nrmse,0.00939778762248766,0.763896066053997,1024,,1,ok
diagnostic_run,within_job,,,,ablation-shallow_water-ganr-no_gate-s11-e0c892b819,probe_gap,0.10577280103354551,0.000698647104681807,1024,,1,ok
diagnostic_run,within_job,,,,ablation-shallow_water-ganr-no_gate-s11-f7d8bae1e5,probe_nrmse,0.00939778762248766,0.763896066053997,1024,,1,ok
diagnostic_run,within_job,,,,ablation-shallow_water-ganr-no_gate-s11-f7d8bae1e5,probe_gap,0.10577280103354551,0.000698647104681807,1024,,1,ok
diagnostic_run,within_job,,,,ablation-shallow_water-ganr-no_geom-s11-0559e74217,probe_nrmse,-0.006871054913811601,0.8261766177096936,1024,,1,ok
diagnostic_run,within_job,,,,ablation-shallow_water-ganr-no_geom-s11-0559e74217,probe_gap,0.09863322321364708,0.0015770607901619646,1024,,1,ok
diagnostic_run,within_job,,,,ablation-shallow_water-ganr-no_geom-s11-36da1394b2,probe_nrmse,-0.006871054913811601,0.8261766177096936,1024,,1,ok
diagnostic_run,within_job,,,,ablation-shallow_water-ganr-no_geom-s11-36da1394b2,probe_gap,0.09863322321364708,0.0015770607901619646,1024,,1,ok
diagnostic_run,within_job,ablation,shallow_water,ganr,ablation-shallow_water-ganr-no_geom-s11-71ee75a39f,probe_nrmse,-0.006871054913811601,0.8261766177096936,1024,,1,ok
diagnostic_run,within_job,ablation,shallow_water,ganr,ablation-shallow_water-ganr-no_geom-s11-71ee75a39f,probe_gap,0.09863322321364708,0.0015770607901619646,1024,,1,ok
diagnostic_run,within_job,,,,ablation-shallow_water-ganr-no_geom-s11-94c6d362a0,probe_nrmse,0.018655317931478434,0.550979552676236,1024,,1,ok
diagnostic_run,within_job,,,,ablation-shallow_water-ganr-no_geom-s11-94c6d362a0,probe_gap,0.11886142353908875,0.00013760023785166595,1024,,1,ok
diagnostic_run,within_job,,,,ablation-shallow_water-ganr-no_geom-s11-bc893007a0,probe_nrmse,-0.006871054913811601,0.8261766177096936,1024,,1,ok
diagnostic_run,within_job,,,,ablation-shallow_water-ganr-no_geom-s11-bc893007a0,probe_gap,0.09863322321364708,0.0015770607901619646,1024,,1,ok
diagnostic_run,within_job,ablation,shallow_water,ganr,ablation-shallow_water-ganr-no_router-s11-11c6e051c2,probe_nrmse,-0.006871054913811601,0.8261766177096936,1024,,1,ok
diagnostic_run,within_job,ablation,shallow_water,ganr,ablation-shallow_water-ganr-no_router-s11-11c6e051c2,probe_gap,0.09863322321364708,0.0015770607901619646,1024,,1,ok
diagnostic_run,within_job,,,,ablation-shallow_water-ganr-no_router-s11-5776b4387b,probe_nrmse,0.00939778762248766,0.763896066053997,1024,,1,ok
diagnostic_run,within_job,,,,ablation-shallow_water-ganr-no_router-s11-5776b4387b,probe_gap,0.10577280103354551,0.000698647104681807,1024,,1,ok
diagnostic_run,within_job,,,,ablation-shallow_water-ganr-no_router-s11-597bd95947,probe_nrmse,0.00939778762248766,0.763896066053997,1024,,1,ok
diagnostic_run,within_job,,,,ablation-shallow_water-ganr-no_router-s11-597bd95947,probe_gap,0.10577280103354551,0.000698647104681807,1024,,1,ok
diagnostic_run,within_job,,,,ablation-shallow_water-ganr-no_router-s11-730c5ad1f2,probe_nrmse,0.00939778762248766,0.763896066053997,1024,,1,ok
diagnostic_run,within_job,,,,ablation-shallow_water-ganr-no_router-s11-730c5ad1f2,probe_gap,0.10577280103354551,0.000698647104681807,1024,,1,ok
diagnostic_run,within_job,,,,ablation-shallow_water-ganr-no_router-s11-b4396e6f41,probe_nrmse,0.027273660611240595,0.3832883888487323,1024,,1,ok
diagnostic_run,within_job,,,,ablation-shallow_water-ganr-no_router-s11-b4396e6f41,probe_gap,0.10241597442068692,0.0010309495910192008,1024,,1,ok
diagnostic_run,within_job,,,,ablation-shallow_water-ganr-with_router-s11-19b45a55a7,probe_nrmse,0.018655317931478434,0.550979552676236,1024,,1,ok
diagnostic_run,within_job,,,,ablation-shallow_water-ganr-with_router-s11-19b45a55a7,probe_gap,0.11886142353908875,0.00013760023785166595,1024,,1,ok
diagnostic_run,within_job,,,,ablation-shallow_water-ganr-with_router-s11-21b8e2ab23,probe_nrmse,0.00939778762248766,0.763896066053997,1024,,1,ok
diagnostic_run,within_job,,,,ablation-shallow_water-ganr-with_router-s11-21b8e2ab23,probe_gap,0.10577280103354551,0.000698647104681807,1024,,1,ok
diagnostic_run,within_job,ablation,shallow_water,ganr,ablation-shallow_water-ganr-with_router-s11-414e12e608,probe_nrmse,-0.006871054913811601,0.8261766177096936,1024,,1,ok
diagnostic_run,within_job,ablation,shallow_water,ganr,ablation-shallow_water-ganr-with_router-s11-414e12e608,probe_gap,0.09863322321364708,0.0015770607901619646,1024,,1,ok
diagnostic_run,within_job,,,,ablation-shallow_water-ganr-with_router-s11-655c845757,probe_nrmse,0.00939778762248766,0.763896066053997,1024,,1,ok
diagnostic_run,within_job,,,,ablation-shallow_water-ganr-with_router-s11-655c845757,probe_gap,0.10577280103354551,0.000698647104681807,1024,,1,ok
diagnostic_run,within_job,,,,ablation-shallow_water-ganr-with_router-s11-841e3aad48,probe_nrmse,0.00939778762248766,0.763896066053997,1024,,1,ok
diagnostic_run,within_job,,,,ablation-shallow_water-ganr-with_router-s11-841e3aad48,probe_gap,0.10577280103354551,0.000698647104681807,1024,,1,ok
diagnostic_run,within_job,,,,all_physics_factorial-ac_power-fourier-no_physics-s11-a962721ae9,probe_nrmse,-0.035364724894499676,0.2582055257518167,1024,,1,ok
diagnostic_run,within_job,,,,all_physics_factorial-ac_power-fourier-no_physics-s11-a962721ae9,probe_gap,-0.1791676538695372,7.780847015685642e-09,1024,,1,ok
diagnostic_run,within_job,all_physics_factorial,ac_power,fourier,all_physics_factorial-ac_power-fourier-no_physics-s11-c6e6e0e2e4,probe_nrmse,-0.03215080958085973,0.30402743847276315,1024,,1,ok
diagnostic_run,within_job,all_physics_factorial,ac_power,fourier,all_physics_factorial-ac_power-fourier-no_physics-s11-c6e6e0e2e4,probe_gap,-0.18332274604820825,3.4354072873282603e-09,1024,,1,ok
diagnostic_run,within_job,all_physics_factorial,ac_power,fourier,all_physics_factorial-ac_power-fourier-no_physics-s29-34fce254f2,probe_nrmse,-0.027112046111441548,0.38611455501160896,1024,,1,ok
diagnostic_run,within_job,all_physics_factorial,ac_power,fourier,all_physics_factorial-ac_power-fourier-no_physics-s29-34fce254f2,probe_gap,-0.2722502253958783,7.351963708498403e-19,1024,,1,ok
diagnostic_run,within_job,,,,all_physics_factorial-ac_power-fourier-no_physics-s29-563333a92f,probe_nrmse,-0.025133741844774106,0.4217295252932435,1024,,1,ok
diagnostic_run,within_job,,,,all_physics_factorial-ac_power-fourier-no_physics-s29-563333a92f,probe_gap,-0.26993785092268074,1.4802037451862877e-18,1024,,1,ok
diagnostic_run,within_job,all_physics_factorial,ac_power,fourier,all_physics_factorial-ac_power-fourier-no_physics-s47-1c27ae9e00,probe_nrmse,0.009620724107717617,0.7584671862749837,1024,,1,ok
diagnostic_run,within_job,all_physics_factorial,ac_power,fourier,all_physics_factorial-ac_power-fourier-no_physics-s47-1c27ae9e00,probe_gap,-0.17214055012159357,2.9699646127336935e-08,1024,,1,ok
diagnostic_run,within_job,,,,all_physics_factorial-ac_power-fourier-no_physics-s47-755d462904,probe_nrmse,0.01589762445461698,0.6113588513254442,1024,,1,ok
diagnostic_run,within_job,,,,all_physics_factorial-ac_power-fourier-no_physics-s47-755d462904,probe_gap,-0.16504720692368213,1.0871061212709467e-07,1024,,1,ok
diagnostic_run,within_job,,,,all_physics_factorial-ac_power-fourier-physics-s11-01a79fcc0b,probe_nrmse,-0.049930340730276794,0.1103068532510574,1024,,1,ok
diagnostic_run,within_job,,,,all_physics_factorial-ac_power-fourier-physics-s11-01a79fcc0b,probe_gap,-0.17896963960017165,8.086132664168322e-09,1024,,1,ok
diagnostic_run,within_job,all_physics_factorial,ac_power,fourier,all_physics_factorial-ac_power-fourier-physics-s11-18bf67a8e1,probe_nrmse,-0.04505053733638509,0.1497011554232888,1024,,1,ok
diagnostic_run,within_job,all_physics_factorial,ac_power,fourier,all_physics_factorial-ac_power-fourier-physics-s11-18bf67a8e1,probe_gap,-0.19212150641942635,5.710993907939611e-10,1024,,1,ok
diagnostic_run,within_job,,,,all_physics_factorial-ac_power-fourier-physics-s29-673cce9859,probe_nrmse,0.010761289875545381,0.7308834104751659,1024,,1,ok
diagnostic_run,within_job,,,,all_physics_factorial-ac_power-fourier-physics-s29-673cce9859,probe_gap,-0.14970233039482153,1.4960472585592212e-06,1024,,1,ok
diagnostic_run,within_job,all_physics_factorial,ac_power,fourier,all_physics_factorial-ac_power-fourier-physics-s29-883020e124,probe_nrmse,0.00972026768471497,0.7560469489543264,1024,,1,ok
diagnostic_run,within_job,all_physics_factorial,ac_power,fourier,all_physics_factorial-ac_power-fourier-physics-s29-883020e124,probe_gap,-0.15688609765038267,4.523410210363884e-07,1024,,1,ok
diagnostic_run,within_job,,,,all_physics_factorial-ac_power-fourier-physics-s47-50623d821b,probe_nrmse,-0.01901024157785566,0.5434265077580759,1024,,1,ok
diagnostic_run,within_job,,,,all_physics_factorial-ac_power-fourier-physics-s47-50623d821b,probe_gap,-0.17627086537086042,1.360426965474617e-08,1024,,1,ok
diagnostic_run,within_job,all_physics_factorial,ac_power,fourier,all_physics_factorial-ac_power-fourier-physics-s47-ef74748d7f,probe_nrmse,-0.017156654566912236,0.5834291194311328,1024,,1,ok
diagnostic_run,within_job,all_physics_factorial,ac_power,fourier,all_physics_factorial-ac_power-fourier-physics-s47-ef74748d7f,probe_gap,-0.17627160297904296,1.3602350294333737e-08,1024,,1,ok
diagnostic_run,within_job,,,,all_physics_factorial-ac_power-ganr-no_physics-s11-089ce5ddbe,probe_nrmse,0.05455207066733423,0.08101385866096504,1024,,1,ok
diagnostic_run,within_job,,,,all_physics_factorial-ac_power-ganr-no_physics-s11-089ce5ddbe,probe_gap,-0.0928224800622273,0.002947966375955254,1024,,1,ok
diagnostic_run,within_job,,,,all_physics_factorial-ac_power-ganr-no_physics-s11-16df2237aa,probe_nrmse,-0.008983553572705813,0.7740140143358107,1024,,1,ok
diagnostic_run,within_job,,,,all_physics_factorial-ac_power-ganr-no_physics-s11-16df2237aa,probe_gap,-0.05487654003647807,0.07922045827991146,1024,,1,ok
diagnostic_run,within_job,,,,all_physics_factorial-ac_power-ganr-no_physics-s11-16ffb37ee4,probe_nrmse,0.05455207066733423,0.08101385866096504,1024,,1,ok
diagnostic_run,within_job,,,,all_physics_factorial-ac_power-ganr-no_physics-s11-16ffb37ee4,probe_gap,-0.0928224800622273,0.002947966375955254,1024,,1,ok
diagnostic_run,within_job,,,,all_physics_factorial-ac_power-ganr-no_physics-s11-21400832ef,probe_nrmse,0.05455207066733423,0.08101385866096504,1024,,1,ok
diagnostic_run,within_job,,,,all_physics_factorial-ac_power-ganr-no_physics-s11-21400832ef,probe_gap,-0.0928224800622273,0.002947966375955254,1024,,1,ok
diagnostic_run,within_job,all_physics_factorial,ac_power,ganr,all_physics_factorial-ac_power-ganr-no_physics-s11-39bf997b2d,probe_nrmse,-0.008983553572705813,0.7740140143358107,1024,,1,ok
diagnostic_run,within_job,all_physics_factorial,ac_power,ganr,all_physics_factorial-ac_power-ganr-no_physics-s11-39bf997b2d,probe_gap,-0.05487654003647807,0.07922045827991146,1024,,1,ok
diagnostic_run,within_job,,,,all_physics_factorial-ac_power-ganr-no_physics-s11-621fc12880,probe_nrmse,-0.008983553572705813,0.7740140143358107,1024,,1,ok
diagnostic_run,within_job,,,,all_physics_factorial-ac_power-ganr-no_physics-s11-621fc12880,probe_gap,-0.05487654003647807,0.07922045827991146,1024,,1,ok
diagnostic_run,within_job,,,,all_physics_factorial-ac_power-ganr-no_physics-s11-730d847bfd,probe_nrmse,-0.38639240975026484,8.388596084296356e-38,1024,,1,ok
diagnostic_run,within_job,,,,all_physics_factorial-ac_power-ganr-no_physics-s11-730d847bfd,probe_gap,-0.5817269994259144,8.989773773860084e-94,1024,,1,ok
diagnostic_run,within_job,,,,all_physics_factorial-ac_power-ganr-no_physics-s11-bfe79cf1f0,probe_nrmse,-0.008983553572705813,0.7740140143358107,1024,,1,ok
diagnostic_run,within_job,,,,all_physics_factorial-ac_power-ganr-no_physics-s11-bfe79cf1f0,probe_gap,-0.05487654003647807,0.07922045827991146,1024,,1,ok
diagnostic_run,within_job,,,,all_physics_factorial-ac_power-ganr-no_physics-s11-f79c9494a4,probe_nrmse,-0.008983553572705813,0.7740140143358107,1024,,1,ok
diagnostic_run,within_job,,,,all_physics_factorial-ac_power-ganr-no_physics-s11-f79c9494a4,probe_gap,-0.05487654003647807,0.07922045827991146,1024,,1,ok
diagnostic_run,within_job,,,,all_physics_factorial-ac_power-ganr-no_physics-s29-1ca20967a3,probe_nrmse,0.02173389331950504,0.4872325553723703,1024,,1,ok
diagnostic_run,within_job,,,,all_physics_factorial-ac_power-ganr-no_physics-s29-1ca20967a3,probe_gap,-0.10283049316930118,0.0009831818339306124,1024,,1,ok
diagnostic_run,within_job,,,,all_physics_factorial-ac_power-ganr-no_physics-s29-318405fa1e,probe_nrmse,0.02173389331950504,0.4872325553723703,1024,,1,ok
diagnostic_run,within_job,,,,all_physics_factorial-ac_power-ganr-no_physics-s29-318405fa1e,probe_gap,-0.10283049316930118,0.0009831818339306124,1024,,1,ok
diagnostic_run,within_job,,,,all_physics_factorial-ac_power-ganr-no_physics-s29-7b42536969,probe_nrmse,0.02173389331950504,0.4872325553723703,1024,,1,ok
diagnostic_run,within_job,,,,all_physics_factorial-ac_power-ganr-no_physics-s29-7b42536969,probe_gap,-0.10283049316930118,0.0009831818339306124,1024,,1,ok
diagnostic_run,within_job,,,,all_physics_factorial-ac_power-ganr-no_physics-s29-8425accad8,probe_nrmse,0.02173389331950504,0.4872325553723703,1024,,1,ok
diagnostic_run,within_job,,,,all_physics_factorial-ac_power-ganr-no_physics-s29-8425accad8,probe_gap,-0.10283049316930118,0.0009831818339306124,1024,,1,ok
diagnostic_run,within_job,,,,all_physics_factorial-ac_power-ganr-no_physics-s29-868c3c54ab,probe_nrmse,0.011308259870538587,0.7177751137102416,1024,,1,ok
diagnostic_run,within_job,,,,all_physics_factorial-ac_power-ganr-no_physics-s29-868c3c54ab,probe_gap,-0.08279625026822114,0.00803022332759863,1024,,1,ok
diagnostic_run,within_job,,,,all_physics_factorial-ac_power-ganr-no_physics-s29-87b09133fb,probe_nrmse,0.011308259870538587,0.7177751137102416,1024,,1,ok
diagnostic_run,within_job,,,,all_physics_factorial-ac_power-ganr-no_physics-s29-87b09133fb,probe_gap,-0.08279625026822114,0.00803022332759863,1024,,1,ok
diagnostic_run,within_job,all_physics_factorial,ac_power,ganr,all_physics_factorial-ac_power-ganr-no_physics-s29-a5ff7eabc7,probe_nrmse,0.02173389331950504,0.4872325553723703,1024,,1,ok
diagnostic_run,within_job,all_physics_factorial,ac_power,ganr,all_physics_factorial-ac_power-ganr-no_physics-s29-a5ff7eabc7,probe_gap,-0.10283049316930118,0.0009831818339306124,1024,,1,ok
diagnostic_run,within_job,,,,all_physics_factorial-ac_power-ganr-no_physics-s29-bac6459a1e,probe_nrmse,-0.3778436695336528,4.276759649223525e-36,1024,,1,ok
diagnostic_run,within_job,,,,all_physics_factorial-ac_power-ganr-no_physics-s29-bac6459a1e,probe_gap,-0.4938043147843501,4.710380323754851e-64,1024,,1,ok
diagnostic_run,within_job,,,,all_physics_factorial-ac_power-ganr-no_physics-s29-f4e10c4dae,probe_nrmse,0.011308259870538587,0.7177751137102416,1024,,1,ok
diagnostic_run,within_job,,,,all_physics_factorial-ac_power-ganr-no_physics-s29-f4e10c4dae,probe_gap,-0.08279625026822114,0.00803022332759863,1024,,1,ok
diagnostic_run,within_job,,,,all_physics_factorial-ac_power-ganr-no_physics-s47-094c3ac8cd,probe_nrmse,-0.0915516035154853,0.0033653423386095283,1024,,1,ok
diagnostic_run,within_job,,,,all_physics_factorial-ac_power-ganr-no_physics-s47-094c3ac8cd,probe_gap,-0.07954874025463128,0.010881329488344806,1024,,1,ok
diagnostic_run,within_job,,,,all_physics_factorial-ac_power-ganr-no_physics-s47-10efa90d9a,probe_nrmse,0.03192692314569773,0.30740896732434203,1024,,1,ok
diagnostic_run,within_job,,,,all_physics_factorial-ac_power-ganr-no_physics-s47-10efa90d9a,probe_gap,-0.07158926623632071,0.021963501190533655,1024,,1,ok
diagnostic_run,within_job,,,,all_physics_factorial-ac_power-ganr-no_physics-s47-714c00c45b,probe_nrmse,-0.31215843153207923,1.4010649671518005e-24,1024,,1,ok
diagnostic_run,within_job,,,,all_physics_factorial-ac_power-ganr-no_physics-s47-714c00c45b,probe_gap,-0.5020432976003147,1.756907841861409e-66,1024,,1,ok
diagnostic_run,within_job,all_physics_factorial,ac_power,ganr,all_physics_factorial-ac_power-ganr-no_physics-s47-814597eab2,probe_nrmse,0.03192692314569773,0.30740896732434203,1024,,1,ok
diagnostic_run,within_job,all_physics_factorial,ac_power,ganr,all_physics_factorial-ac_power-ganr-no_physics-s47-814597eab2,probe_gap,-0.07158926623632071,0.021963501190533655,1024,,1,ok
diagnostic_run,within_job,,,,all_physics_factorial-ac_power-ganr-no_physics-s47-83b90a2ce3,probe_nrmse,0.03192692314569773,0.30740896732434203,1024,,1,ok
diagnostic_run,within_job,,,,all_physics_factorial-ac_power-ganr-no_physics-s47-83b90a2ce3,probe_gap,-0.07158926623632071,0.021963501190533655,1024,,1,ok
diagnostic_run,within_job,,,,all_physics_factorial-ac_power-ganr-no_physics-s47-a5b0588c1f,probe_nrmse,-0.0915516035154853,0.0033653423386095283,1024,,1,ok
diagnostic_run,within_job,,,,all_physics_factorial-ac_power-ganr-no_physics-s47-a5b0588c1f,probe_gap,-0.07954874025463128,0.010881329488344806,1024,,1,ok
diagnostic_run,within_job,,,,all_physics_factorial-ac_power-ganr-no_physics-s47-a6c88d9d95,probe_nrmse,0.03192692314569773,0.30740896732434203,1024,,1,ok
diagnostic_run,within_job,,,,all_physics_factorial-ac_power-ganr-no_physics-s47-a6c88d9d95,probe_gap,-0.07158926623632071,0.021963501190533655,1024,,1,ok
diagnostic_run,within_job,,,,all_physics_factorial-ac_power-ganr-no_physics-s47-ab63bf329c,probe_nrmse,0.03192692314569773,0.30740896732434203,1024,,1,ok
diagnostic_run,within_job,,,,all_physics_factorial-ac_power-ganr-no_physics-s47-ab63bf329c,probe_gap,-0.07158926623632071,0.021963501190533655,1024,,1,ok
diagnostic_run,within_job,,,,all_physics_factorial-ac_power-ganr-no_physics-s47-f12a40fc98,probe_nrmse,-0.0915516035154853,0.0033653423386095283,1024,,1,ok
diagnostic_run,within_job,,,,all_physics_factorial-ac_power-ganr-no_physics-s47-f12a40fc98,probe_gap,-0.07954874025463128,0.010881329488344806,1024,,1,ok
diagnostic_run,within_job,,,,all_physics_factorial-ac_power-ganr-physics-s11-10b19e3167,probe_nrmse,-0.04448516066447321,0.1548838554559628,1024,,1,ok
diagnostic_run,within_job,,,,all_physics_factorial-ac_power-ganr-physics-s11-10b19e3167,probe_gap,-0.15197727049209642,1.0304159881534221e-06,1024,,1,ok
diagnostic_run,within_job,,,,all_physics_factorial-ac_power-ganr-physics-s11-3226ad1729,probe_nrmse,-0.04448516066447321,0.1548838554559628,1024,,1,ok
diagnostic_run,within_job,,,,all_physics_factorial-ac_power-ganr-physics-s11-3226ad1729,probe_gap,-0.15197727049209642,1.0304159881534221e-06,1024,,1,ok
diagnostic_run,within_job,,,,all_physics_factorial-ac_power-ganr-physics-s11-36b4a86c00,probe_nrmse,0.005885342177233114,0.8507962596147549,1024,,1,ok
diagnostic_run,within_job,,,,all_physics_factorial-ac_power-ganr-physics-s11-36b4a86c00,probe_gap,-0.1380067986743359,9.334272414859041e-06,1024,,1,ok
diagnostic_run,within_job,all_physics_factorial,ac_power,ganr,all_physics_factorial-ac_power-ganr-physics-s11-3a24c56a12,probe_nrmse,-0.04448516066447321,0.1548838554559628,1024,,1,ok
diagnostic_run,within_job,all_physics_factorial,ac_power,ganr,all_physics_factorial-ac_power-ganr-physics-s11-3a24c56a12,probe_gap,-0.15197727049209642,1.0304159881534221e-06,1024,,1,ok
diagnostic_run,within_job,,,,all_physics_factorial-ac_power-ganr-physics-s11-45c40b4618,probe_nrmse,-0.04448516066447321,0.1548838554559628,1024,,1,ok
diagnostic_run,within_job,,,,all_physics_factorial-ac_power-ganr-physics-s11-45c40b4618,probe_gap,-0.15197727049209642,1.0304159881534221e-06,1024,,1,ok
diagnostic_run,within_job,,,,all_physics_factorial-ac_power-ganr-physics-s11-4e49d6e874,probe_nrmse,0.005885342177233114,0.8507962596147549,1024,,1,ok
diagnostic_run,within_job,,,,all_physics_factorial-ac_power-ganr-physics-s11-4e49d6e874,probe_gap,-0.1380067986743359,9.334272414859041e-06,1024,,1,ok
diagnostic_run,within_job,,,,all_physics_factorial-ac_power-ganr-physics-s11-78add28658,probe_nrmse,-0.04448516066447321,0.1548838554559628,1024,,1,ok
diagnostic_run,within_job,,,,all_physics_factorial-ac_power-ganr-physics-s11-78add28658,probe_gap,-0.15197727049209642,1.0304159881534221e-06,1024,,1,ok
diagnostic_run,within_job,,,,all_physics_factorial-ac_power-ganr-physics-s11-f2f208f9a0,probe_nrmse,0.005885342177233114,0.8507962596147549,1024,,1,ok
diagnostic_run,within_job,,,,all_physics_factorial-ac_power-ganr-physics-s11-f2f208f9a0,probe_gap,-0.1380067986743359,9.334272414859041e-06,1024,,1,ok
diagnostic_run,within_job,,,,all_physics_factorial-ac_power-ganr-physics-s11-ff193873d2,probe_nrmse,-0.3114981742367279,1.7724978418039577e-24,1024,,1,ok
diagnostic_run,within_job,,,,all_physics_factorial-ac_power-ganr-physics-s11-ff193873d2,probe_gap,-0.4147469915350911,7.704967474674558e-44,1024,,1,ok
diagnostic_run,within_job,,,,all_physics_factorial-ac_power-ganr-physics-s29-1f8d4848f6,probe_nrmse,-0.009504310564069961,0.7613005881827687,1024,,1,ok
diagnostic_run,within_job,,,,all_physics_factorial-ac_power-ganr-physics-s29-1f8d4848f6,probe_gap,-0.15290869123975365,8.831320202441361e-07,1024,,1,ok
diagnostic_run,within_job,,,,all_physics_factorial-ac_power-ganr-physics-s29-2338e24eb7,probe_nrmse,-0.0006238824118446463,0.9840913517536536,1024,,1,ok
diagnostic_run,within_job,,,,all_physics_factorial-ac_power-ganr-physics-s29-2338e24eb7,probe_gap,-0.12322416359702451,7.703792404066431e-05,1024,,1,ok
diagnostic_run,within_job,,,,all_physics_factorial-ac_power-ganr-physics-s29-400091dc85,probe_nrmse,-0.009504310564069961,0.7613005881827687,1024,,1,ok
diagnostic_run,within_job,,,,all_physics_factorial-ac_power-ganr-physics-s29-400091dc85,probe_gap,-0.15290869123975365,8.831320202441361e-07,1024,,1,ok
diagnostic_run,within_job,,,,all_physics_factorial-ac_power-ganr-physics-s29-5079cbe51b,probe_nrmse,-0.0006238824118446463,0.9840913517536536,1024,,1,ok
diagnostic_run,within_job,,,,all_physics_factorial-ac_power-ganr-physics-s29-5079cbe51b,probe_gap,-0.12322416359702451,7.703792404066431e-05,1024,,1,ok
diagnostic_run,within_job,,,,all_physics_factorial-ac_power-ganr-physics-s29-5b28d8e02d,probe_nrmse,-0.0006238824118446463,0.9840913517536536,1024,,1,ok
diagnostic_run,within_job,,,,all_physics_factorial-ac_power-ganr-physics-s29-5b28d8e02d,probe_gap,-0.12322416359702451,7.703792404066431e-05,1024,,1,ok
diagnostic_run,within_job,,,,all_physics_factorial-ac_power-ganr-physics-s29-6aa8b48e69,probe_nrmse,-0.009504310564069961,0.7613005881827687,1024,,1,ok
diagnostic_run,within_job,,,,all_physics_factorial-ac_power-ganr-physics-s29-6aa8b48e69,probe_gap,-0.15290869123975365,8.831320202441361e-07,1024,,1,ok
diagnostic_run,within_job,,,,all_physics_factorial-ac_power-ganr-physics-s29-a4339c2eed,probe_nrmse,-0.27813475251085595,1.2013882324993035e-19,1024,,1,ok
diagnostic_run,within_job,,,,all_physics_factorial-ac_power-ganr-physics-s29-a4339c2eed,probe_gap,-0.3731598987753463,3.509367666005353e-35,1024,,1,ok
diagnostic_run,within_job,,,,all_physics_factorial-ac_power-ganr-physics-s29-c56ffbcd94,probe_nrmse,-0.009504310564069961,0.7613005881827687,1024,,1,ok
diagnostic_run,within_job,,,,all_physics_factorial-ac_power-ganr-physics-s29-c56ffbcd94,probe_gap,-0.15290869123975365,8.831320202441361e-07,1024,,1,ok
diagnostic_run,within_job,all_physics_factorial,ac_power,ganr,all_physics_factorial-ac_power-ganr-physics-s29-e730659110,probe_nrmse,-0.009504310564069961,0.7613005881827687,1024,,1,ok
diagnostic_run,within_job,all_physics_factorial,ac_power,ganr,all_physics_factorial-ac_power-ganr-physics-s29-e730659110,probe_gap,-0.15290869123975365,8.831320202441361e-07,1024,,1,ok
diagnostic_run,within_job,all_physics_factorial,ac_power,ganr,all_physics_factorial-ac_power-ganr-physics-s47-181637cf81,probe_nrmse,-0.022642872469780414,0.46920097767906543,1024,,1,ok
diagnostic_run,within_job,all_physics_factorial,ac_power,ganr,all_physics_factorial-ac_power-ganr-physics-s47-181637cf81,probe_gap,-0.15543046142979758,5.789655816730266e-07,1024,,1,ok
diagnostic_run,within_job,,,,all_physics_factorial-ac_power-ganr-physics-s47-371e60c4df,probe_nrmse,-0.01844056219154567,0.5555746211718984,1024,,1,ok
diagnostic_run,within_job,,,,all_physics_factorial-ac_power-ganr-physics-s47-371e60c4df,probe_gap,-0.1435879050139475,3.966591978709833e-06,1024,,1,ok
diagnostic_run,within_job,,,,all_physics_factorial-ac_power-ganr-physics-s47-3cae9b816a,probe_nrmse,-0.01844056219154567,0.5555746211718984,1024,,1,ok
diagnostic_run,within_job,,,,all_physics_factorial-ac_power-ganr-physics-s47-3cae9b816a,probe_gap,-0.1435879050139475,3.966591978709833e-06,1024,,1,ok
diagnostic_run,within_job,,,,all_physics_factorial-ac_power-ganr-physics-s47-40f8094b71,probe_nrmse,-0.01844056219154567,0.5555746211718984,1024,,1,ok
diagnostic_run,within_job,,,,all_physics_factorial-ac_power-ganr-physics-s47-40f8094b71,probe_gap,-0.1435879050139475,3.966591978709833e-06,1024,,1,ok
diagnostic_run,within_job,,,,all_physics_factorial-ac_power-ganr-physics-s47-9247d8a76f,probe_nrmse,-0.022642872469780414,0.46920097767906543,1024,,1,ok
diagnostic_run,within_job,,,,all_physics_factorial-ac_power-ganr-physics-s47-9247d8a76f,probe_gap,-0.15543046142979758,5.789655816730266e-07,1024,,1,ok
diagnostic_run,within_job,,,,all_physics_factorial-ac_power-ganr-physics-s47-a6cbf4bd1d,probe_nrmse,-0.022642872469780414,0.46920097767906543,1024,,1,ok
diagnostic_run,within_job,,,,all_physics_factorial-ac_power-ganr-physics-s47-a6cbf4bd1d,probe_gap,-0.15543046142979758,5.789655816730266e-07,1024,,1,ok
diagnostic_run,within_job,,,,all_physics_factorial-ac_power-ganr-physics-s47-ad29ff5e3c,probe_nrmse,-0.022642872469780414,0.46920097767906543,1024,,1,ok
diagnostic_run,within_job,,,,all_physics_factorial-ac_power-ganr-physics-s47-ad29ff5e3c,probe_gap,-0.15543046142979758,5.789655816730266e-07,1024,,1,ok
diagnostic_run,within_job,,,,all_physics_factorial-ac_power-ganr-physics-s47-cf76b2885c,probe_nrmse,-0.29482245994564044,5.535344388005184e-22,1024,,1,ok
diagnostic_run,within_job,,,,all_physics_factorial-ac_power-ganr-physics-s47-cf76b2885c,probe_gap,-0.32955429466776337,2.29815441175919e-27,1024,,1,ok
diagnostic_run,within_job,,,,all_physics_factorial-ac_power-ganr-physics-s47-fb785050f1,probe_nrmse,-0.022642872469780414,0.46920097767906543,1024,,1,ok
diagnostic_run,within_job,,,,all_physics_factorial-ac_power-ganr-physics-s47-fb785050f1,probe_gap,-0.15543046142979758,5.789655816730266e-07,1024,,1,ok
diagnostic_run,within_job,all_physics_factorial,ac_power,gelu,all_physics_factorial-ac_power-gelu-no_physics-s11-4cafb81d49,probe_nrmse,-0.014659973803733638,0.6393760499074372,1024,,1,ok
diagnostic_run,within_job,all_physics_factorial,ac_power,gelu,all_physics_factorial-ac_power-gelu-no_physics-s11-4cafb81d49,probe_gap,-0.1201840779450683,0.0001156470373173598,1024,,1,ok
diagnostic_run,within_job,,,,all_physics_factorial-ac_power-gelu-no_physics-s11-faa6c38bf2,probe_nrmse,-0.19548693315928758,2.8101437962894675e-10,1024,,1,ok
diagnostic_run,within_job,,,,all_physics_factorial-ac_power-gelu-no_physics-s11-faa6c38bf2,probe_gap,-0.2096518489378442,1.2345642999957358e-11,1024,,1,ok
diagnostic_run,within_job,,,,all_physics_factorial-ac_power-gelu-no_physics-s29-0d24333b2d,probe_nrmse,-0.19734334766826406,1.8900620342590624e-10,1024,,1,ok
diagnostic_run,within_job,,,,all_physics_factorial-ac_power-gelu-no_physics-s29-0d24333b2d,probe_gap,-0.2491471684786496,5.922875213360059e-16,1024,,1,ok
diagnostic_run,within_job,all_physics_factorial,ac_power,gelu,all_physics_factorial-ac_power-gelu-no_physics-s29-3bb47ec3bb,probe_nrmse,0.021743068779009986,0.4870486922593762,1024,,1,ok
diagnostic_run,within_job,all_physics_factorial,ac_power,gelu,all_physics_factorial-ac_power-gelu-no_physics-s29-3bb47ec3bb,probe_gap,-0.14292827694429122,4.396242838106875e-06,1024,,1,ok
diagnostic_run,within_job,all_physics_factorial,ac_power,gelu,all_physics_factorial-ac_power-gelu-no_physics-s47-b451d6f0e9,probe_nrmse,0.012809918371361133,0.6822215463824686,1024,,1,ok
diagnostic_run,within_job,all_physics_factorial,ac_power,gelu,all_physics_factorial-ac_power-gelu-no_physics-s47-b451d6f0e9,probe_gap,-0.15272576398326299,9.103599748344797e-07,1024,,1,ok
diagnostic_run,within_job,,,,all_physics_factorial-ac_power-gelu-no_physics-s47-db72393088,probe_nrmse,-0.08878952909305486,0.004463331804763509,1024,,1,ok
diagnostic_run,within_job,,,,all_physics_factorial-ac_power-gelu-no_physics-s47-db72393088,probe_gap,-0.22804448894928833,1.5126219448631407e-13,1024,,1,ok
diagnostic_run,within_job,all_physics_factorial,ac_power,gelu,all_physics_factorial-ac_power-gelu-physics-s11-044c75605d,probe_nrmse,0.02637368348115299,0.3991872173746188,1024,,1,ok
diagnostic_run,within_job,all_physics_factorial,ac_power,gelu,all_physics_factorial-ac_power-gelu-physics-s11-044c75605d,probe_gap,-0.17135436038194693,3.438568049444892e-08,1024,,1,ok
diagnostic_run,within_job,,,,all_physics_factorial-ac_power-gelu-physics-s11-b353b0da71,probe_nrmse,-0.14856946480938416,1.7976162788292098e-06,1024,,1,ok
diagnostic_run,within_job,,,,all_physics_factorial-ac_power-gelu-physics-s11-b353b0da71,probe_gap,-0.1133318543916744,0.00027916546115470335,1024,,1,ok
diagnostic_run,within_job,,,,all_physics_factorial-ac_power-gelu-physics-s29-a78786721b,probe_nrmse,-0.194370518471497,3.560472411822101e-10,1024,,1,ok
diagnostic_run,within_job,,,,all_physics_factorial-ac_power-gelu-physics-s29-a78786721b,probe_gap,-0.20329821498819822,5.158584422071441e-11,1024,,1,ok
diagnostic_run,within_job,all_physics_factorial,ac_power,gelu,all_physics_factorial-ac_power-gelu-physics-s29-c6288ae228,probe_nrmse,0.05306296268149631,0.0896708387399844,1024,,1,ok
diagnostic_run,within_job,all_physics_factorial,ac_power,gelu,all_physics_factorial-ac_power-gelu-physics-s29-c6288ae228,probe_gap,-0.1201384244689221,0.00011634637195739135,1024,,1,ok
diagnostic_run,within_job,all_physics_factorial,ac_power,gelu,all_physics_factorial-ac_power-gelu-physics-s47-0179587964,probe_nrmse,0.02513540698090265,0.42169876155719943,1024,,1,ok
diagnostic_run,within_job,all_physics_factorial,ac_power,gelu,all_physics_factorial-ac_power-gelu-physics-s47-0179587964,probe_gap,-0.14766834230384093,2.078327983031834e-06,1024,,1,ok
diagnostic_run,within_job,,,,all_physics_factorial-ac_power-gelu-physics-s47-abe13b7605,probe_nrmse,-0.1149774358951434,0.0002268974425487061,1024,,1,ok
diagnostic_run,within_job,,,,all_physics_factorial-ac_power-gelu-physics-s47-abe13b7605,probe_gap,-0.13790882492310994,9.47280766302347e-06,1024,,1,ok
diagnostic_run,within_job,,,,all_physics_factorial-ac_power-relu-no_physics-s11-30dd672a92,probe_nrmse,-0.0072145232815964515,0.8176366235941382,1024,,1,ok
diagnostic_run,within_job,,,,all_physics_factorial-ac_power-relu-no_physics-s11-30dd672a92,probe_gap,-0.09360408769043702,0.002715284008016925,1024,,1,ok
diagnostic_run,within_job,all_physics_factorial,ac_power,relu,all_physics_factorial-ac_power-relu-no_physics-s11-63b98a86b6,probe_nrmse,0.009122503308060938,0.7706157028491437,1024,,1,ok
diagnostic_run,within_job,all_physics_factorial,ac_power,relu,all_physics_factorial-ac_power-relu-no_physics-s11-63b98a86b6,probe_gap,-0.10881400427365709,0.00048636185104085984,1024,,1,ok
diagnostic_run,within_job,,,,all_physics_factorial-ac_power-relu-no_physics-s29-8e0d278ad2,probe_nrmse,0.03547513142836707,0.25672128474654643,1024,,1,ok
diagnostic_run,within_job,,,,all_physics_factorial-ac_power-relu-no_physics-s29-8e0d278ad2,probe_gap,-0.08093572303483298,0.009568873577057227,1024,,1,ok
diagnostic_run,within_job,all_physics_factorial,ac_power,relu,all_physics_factorial-ac_power-relu-no_physics-s29-a93d7cbd14,probe_nrmse,-0.03183974009369859,0.30873246042254743,1024,,1,ok
diagnostic_run,within_job,all_physics_factorial,ac_power,relu,all_physics_factorial-ac_power-relu-no_physics-s29-a93d7cbd14,probe_gap,-0.07376067296688363,0.018241713980699924,1024,,1,ok
diagnostic_run,within_job,,,,all_physics_factorial-ac_power-relu-no_physics-s47-7b8490d34b,probe_nrmse,-0.001434413221514913,0.9634336454947641,1024,,1,ok
diagnostic_run,within_job,,,,all_physics_factorial-ac_power-relu-no_physics-s47-7b8490d34b,probe_gap,-0.08394368920320434,0.007195419041391424,1024,,1,ok
diagnostic_run,within_job,all_physics_factorial,ac_power,relu,all_physics_factorial-ac_power-relu-no_physics-s47-af78357f2e,probe_nrmse,-0.027246369032208805,0.3837647491147894,1024,,1,ok
diagnostic_run,within_job,all_physics_factorial,ac_power,relu,all_physics_factorial-ac_power-relu-no_physics-s47-af78357f2e,probe_gap,-0.11607457251156304,0.0001973078552361932,1024,,1,ok
diagnostic_run,within_job,,,,all_physics_factorial-ac_power-relu-physics-s11-86dc9497a6,probe_nrmse,0.008214898791216651,0.7928896440544867,1024,,1,ok
diagnostic_run,within_job,,,,all_physics_factorial-ac_power-relu-physics-s11-86dc9497a6,probe_gap,-0.0683725793040555,0.028683384222671117,1024,,1,ok
diagnostic_run,within_job,all_physics_factorial,ac_power,relu,all_physics_factorial-ac_power-relu-physics-s11-a21ca048f2,probe_nrmse,0.051784296545311484,0.09768440035143075,1024,,1,ok
diagnostic_run,within_job,all_physics_factorial,ac_power,relu,all_physics_factorial-ac_power-relu-physics-s11-a21ca048f2,probe_gap,-0.13047732190115152,2.813115800191497e-05,1024,,1,ok
diagnostic_run,within_job,all_physics_factorial,ac_power,relu,all_physics_factorial-ac_power-relu-physics-s29-8faecce951,probe_nrmse,0.030844080806093986,0.3241136490237183,1024,,1,ok
diagnostic_run,within_job,all_physics_factorial,ac_power,relu,all_physics_factorial-ac_power-relu-physics-s29-8faecce951,probe_gap,-0.12235529468564481,8.660569616119336e-05,1024,,1,ok
diagnostic_run,within_job,,,,all_physics_factorial-ac_power-relu-physics-s29-b0f1966804,probe_nrmse,-0.013697439829053715,0.6615289108457496,1024,,1,ok
diagnostic_run,within_job,,,,all_physics_factorial-ac_power-relu-physics-s29-b0f1966804,probe_gap,-0.06700266209498604,0.032042828888037875,1024,,1,ok
diagnostic_run,within_job,,,,all_physics_factorial-ac_power-relu-physics-s47-661e1f0855,probe_nrmse,-0.009322350422001286,0.7657357318659895,1024,,1,ok
diagnostic_run,within_job,,,,all_physics_factorial-ac_power-relu-physics-s47-661e1f0855,probe_gap,-7.998578427866389e-05,0.9979602750503702,1024,,1,ok
diagnostic_run,within_job,all_physics_factorial,ac_power,relu,all_physics_factorial-ac_power-relu-physics-s47-ffda141014,probe_nrmse,0.0646546429082326,0.038584935192845095,1024,,1,ok
diagnostic_run,within_job,all_physics_factorial,ac_power,relu,all_physics_factorial-ac_power-relu-physics-s47-ffda141014,probe_gap,-0.1159568789786138,0.00020029936523546923,1024,,1,ok
diagnostic_run,within_job,,,,all_physics_factorial-ac_power-resmlp-no_physics-s11-16811309f7,probe_nrmse,-0.2740746034797224,4.212556185045102e-19,1024,,1,ok
diagnostic_run,within_job,,,,all_physics_factorial-ac_power-resmlp-no_physics-s11-16811309f7,probe_gap,-0.3513147977612474,4.115358665309705e-31,1024,,1,ok
diagnostic_run,within_job,all_physics_factorial,ac_power,resmlp,all_physics_factorial-ac_power-resmlp-no_physics-s11-402f8dffe0,probe_nrmse,0.014310135183463272,0.6473918708789327,1024,,1,ok
diagnostic_run,within_job,all_physics_factorial,ac_power,resmlp,all_physics_factorial-ac_power-resmlp-no_physics-s11-402f8dffe0,probe_gap,-0.12387672332093555,7.051799201255213e-05,1024,,1,ok
diagnostic_run,within_job,all_physics_factorial,ac_power,resmlp,all_physics_factorial-ac_power-resmlp-no_physics-s29-22f1c9224e,probe_nrmse,-0.008503784153494027,0.7857806947644354,1024,,1,ok
diagnostic_run,within_job,all_physics_factorial,ac_power,resmlp,all_physics_factorial-ac_power-resmlp-no_physics-s29-22f1c9224e,probe_gap,-0.14676220182748015,2.40274149740321e-06,1024,,1,ok
diagnostic_run,within_job,,,,all_physics_factorial-ac_power-resmlp-no_physics-s29-7794f8ea71,probe_nrmse,-0.2945058583971103,6.150997572043508e-22,1024,,1,ok
diagnostic_run,within_job,,,,all_physics_factorial-ac_power-resmlp-no_physics-s29-7794f8ea71,probe_gap,-0.3756162939882698,1.1686731680761968e-35,1024,,1,ok
diagnostic_run,within_job,,,,all_physics_factorial-ac_power-resmlp-no_physics-s47-1eeae62029,probe_nrmse,-0.3170290148236893,2.426973336954936e-25,1024,,1,ok
diagnostic_run,within_job,,,,all_physics_factorial-ac_power-resmlp-no_physics-s47-1eeae62029,probe_gap,-0.38251773612402545,5.0566559008040615e-37,1024,,1,ok
diagnostic_run,within_job,all_physics_factorial,ac_power,resmlp,all_physics_factorial-ac_power-resmlp-no_physics-s47-a40bdc2fa6,probe_nrmse,0.0056496986982333165,0.8567043328752535,1024,,1,ok
diagnostic_run,within_job,all_physics_factorial,ac_power,resmlp,all_physics_factorial-ac_power-resmlp-no_physics-s47-a40bdc2fa6,probe_gap,-0.1038452743902439,0.0008747459984031704,1024,,1,ok
diagnostic_run,within_job,all_physics_factorial,ac_power,resmlp,all_physics_factorial-ac_power-resmlp-physics-s11-04fe45bcb6,probe_nrmse,-0.024327245458121736,0.4367835604339062,1024,,1,ok
diagnostic_run,within_job,all_physics_factorial,ac_power,resmlp,all_physics_factorial-ac_power-resmlp-physics-s11-04fe45bcb6,probe_gap,-0.13595931532079247,1.2673340508789975e-05,1024,,1,ok
diagnostic_run,within_job,,,,all_physics_factorial-ac_power-resmlp-physics-s11-61efa497c6,probe_nrmse,-0.30684129439854,9.15339066022227e-24,1024,,1,ok
diagnostic_run,within_job,,,,all_physics_factorial-ac_power-resmlp-physics-s11-61efa497c6,probe_gap,-0.31291236296388947,1.0703478357414674e-24,1024,,1,ok
diagnostic_run,within_job,all_physics_factorial,ac_power,resmlp,all_physics_factorial-ac_power-resmlp-physics-s29-d115a863a9,probe_nrmse,-0.05024898746513124,0.10805022429077345,1024,,1,ok
diagnostic_run,within_job,all_physics_factorial,ac_power,resmlp,all_physics_factorial-ac_power-resmlp-physics-s29-d115a863a9,probe_gap,-0.14562782749803302,2.8776430403867595e-06,1024,,1,ok
diagnostic_run,within_job,,,,all_physics_factorial-ac_power-resmlp-physics-s29-d74318edb9,probe_nrmse,-0.3683335195980259,2.9619813229069183e-34,1024,,1,ok
diagnostic_run,within_job,,,,all_physics_factorial-ac_power-resmlp-physics-s29-d74318edb9,probe_gap,-0.3942110620949052,2.075793671495081e-39,1024,,1,ok
diagnostic_run,within_job,,,,all_physics_factorial-ac_power-resmlp-physics-s47-0a8454b047,probe_nrmse,-0.3047506213790143,1.8946356447962736e-23,1024,,1,ok
diagnostic_run,within_job,,,,all_physics_factorial-ac_power-resmlp-physics-s47-0a8454b047,probe_gap,-0.3085989244331593,4.9428964345517556e-24,1024,,1,ok
diagnostic_run,within_job,all_physics_factorial,ac_power,resmlp,all_physics_factorial-ac_power-resmlp-physics-s47-1b187b7856,probe_nrmse,0.003816686485229954,0.902910708777116,1024,,1,ok
diagnostic_run,within_job,all_physics_factorial,ac_power,resmlp,all_physics_factorial-ac_power-resmlp-physics-s47-1b187b7856,probe_gap,-0.14163412622487662,5.371984154035802e-06,1024,,1,ok
diagnostic_run,within_job,all_physics_factorial,ac_power,silu,all_physics_factorial-ac_power-silu-no_physics-s11-b32df5883d,probe_nrmse,0.03899517648952149,0.21247239254119532,1024,,1,ok
diagnostic_run,within_job,all_physics_factorial,ac_power,silu,all_physics_factorial-ac_power-silu-no_physics-s11-b32df5883d,probe_gap,-0.15726314954223586,4.2417141917306813e-07,1024,,1,ok
diagnostic_run,within_job,,,,all_physics_factorial-ac_power-silu-no_physics-s11-c1ed63307f,probe_nrmse,-0.20930154093054856,1.337444204807678e-11,1024,,1,ok
diagnostic_run,within_job,,,,all_physics_factorial-ac_power-silu-no_physics-s11-c1ed63307f,probe_gap,-0.21837715023961088,1.606475691298725e-12,1024,,1,ok
diagnostic_run,within_job,,,,all_physics_factorial-ac_power-silu-no_physics-s29-4335c4156c,probe_nrmse,-0.217114230920535,2.1698501327811355e-12,1024,,1,ok
diagnostic_run,within_job,,,,all_physics_factorial-ac_power-silu-no_physics-s29-4335c4156c,probe_gap,-0.23582203079178882,2.086776243152555e-14,1024,,1,ok
diagnostic_run,within_job,all_physics_factorial,ac_power,silu,all_physics_factorial-ac_power-silu-no_physics-s29-948ad156d9,probe_nrmse,0.03135158876332165,0.31621230946367007,1024,,1,ok
diagnostic_run,within_job,all_physics_factorial,ac_power,silu,all_physics_factorial-ac_power-silu-no_physics-s29-948ad156d9,probe_gap,-0.13361258136041768,1.7897296227384773e-05,1024,,1,ok
diagnostic_run,within_job,,,,all_physics_factorial-ac_power-silu-no_physics-s47-b2744d01d4,probe_nrmse,-0.12981179815463842,3.092506890083911e-05,1024,,1,ok
diagnostic_run,within_job,,,,all_physics_factorial-ac_power-silu-no_physics-s47-b2744d01d4,probe_gap,-0.23230959650597238,5.150349652283511e-14,1024,,1,ok
diagnostic_run,within_job,all_physics_factorial,ac_power,silu,all_physics_factorial-ac_power-silu-no_physics-s47-d9d07af477,probe_nrmse,0.02431917647164008,0.43693572087940835,1024,,1,ok
diagnostic_run,within_job,all_physics_factorial,ac_power,silu,all_physics_factorial-ac_power-silu-no_physics-s47-d9d07af477,probe_gap,-0.1370649229311208,1.0750055382986024e-05,1024,,1,ok
diagnostic_run,within_job,,,,all_physics_factorial-ac_power-silu-physics-s11-b9c4a36752,probe_nrmse,-0.1221331852156498,8.922560984976975e-05,1024,,1,ok
diagnostic_run,within_job,,,,all_physics_factorial-ac_power-silu-physics-s11-b9c4a36752,probe_gap,-0.04790152707245548,0.12555796000973599,1024,,1,ok
diagnostic_run,within_job,all_physics_factorial,ac_power,silu,all_physics_factorial-ac_power-silu-physics-s11-c951d8cd54,probe_nrmse,0.015286616658322007,0.6251229214774283,1024,,1,ok
diagnostic_run,within_job,all_physics_factorial,ac_power,silu,all_physics_factorial-ac_power-silu-physics-s11-c951d8cd54,probe_gap,-0.16656353935698448,8.275568349346922e-08,1024,,1,ok
diagnostic_run,within_job,,,,all_physics_factorial-ac_power-silu-physics-s29-068379d362,probe_nrmse,-0.2279198666940848,1.5604916053974487e-13,1024,,1,ok
diagnostic_run,within_job,,,,all_physics_factorial-ac_power-silu-physics-s29-068379d362,probe_gap,-0.17624955296473785,1.3659841142725758e-08,1024,,1,ok
diagnostic_run,within_job,all_physics_factorial,ac_power,silu,all_physics_factorial-ac_power-silu-physics-s29-3cff6adeb3,probe_nrmse,0.013776565070452756,0.6596962845000226,1024,,1,ok
diagnostic_run,within_job,all_physics_factorial,ac_power,silu,all_physics_factorial-ac_power-silu-physics-s29-3cff6adeb3,probe_gap,-0.159942175988842,2.6744306386859667e-07,1024,,1,ok
diagnostic_run,within_job,,,,all_physics_factorial-ac_power-silu-physics-s47-313e28912c,probe_nrmse,-0.10288129872684355,0.0009774700857210264,1024,,1,ok
diagnostic_run,within_job,,,,all_physics_factorial-ac_power-silu-physics-s47-313e28912c,probe_gap,-0.028916207710464197,0.3552875852462427,1024,,1,ok
diagnostic_run,within_job,all_physics_factorial,ac_power,silu,all_physics_factorial-ac_power-silu-physics-s47-80845e59ef,probe_nrmse,0.04034722346398684,0.19702999489306375,1024,,1,ok
diagnostic_run,within_job,all_physics_factorial,ac_power,silu,all_physics_factorial-ac_power-silu-physics-s47-80845e59ef,probe_gap,-0.1275092759816894,4.2761920957478545e-05,1024,,1,ok
diagnostic_run,within_job,all_physics_factorial,ac_power,swiglu,all_physics_factorial-ac_power-swiglu-no_physics-s11-3feec2d947,probe_nrmse,-0.014618701314000646,0.6403195614608208,1024,,1,ok
diagnostic_run,within_job,all_physics_factorial,ac_power,swiglu,all_physics_factorial-ac_power-swiglu-no_physics-s11-3feec2d947,probe_gap,-0.024998558381124823,0.4242314490330925,1024,,1,ok
diagnostic_run,within_job,,,,all_physics_factorial-ac_power-swiglu-no_physics-s11-4e3ec20428,probe_nrmse,-0.3925591874687075,4.5731433008125656e-39,1024,,1,ok
diagnostic_run,within_job,,,,all_physics_factorial-ac_power-swiglu-no_physics-s11-4e3ec20428,probe_gap,-0.48912161060412795,1.0566399168653166e-62,1024,,1,ok
diagnostic_run,within_job,,,,all_physics_factorial-ac_power-swiglu-no_physics-s29-1f3526bec5,probe_nrmse,-0.35524655770344166,8.039200942438249e-32,1024,,1,ok
diagnostic_run,within_job,,,,all_physics_factorial-ac_power-swiglu-no_physics-s29-1f3526bec5,probe_gap,-0.46770147451145044,8.767133527518492e-57,1024,,1,ok
diagnostic_run,within_job,all_physics_factorial,ac_power,swiglu,all_physics_factorial-ac_power-swiglu-no_physics-s29-c013e6d81c,probe_nrmse,-0.007552593698590945,0.809251892204087,1024,,1,ok
diagnostic_run,within_job,all_physics_factorial,ac_power,swiglu,all_physics_factorial-ac_power-swiglu-no_physics-s29-c013e6d81c,probe_gap,-0.08456652108218295,0.006775634789647565,1024,,1,ok
diagnostic_run,within_job,all_physics_factorial,ac_power,swiglu,all_physics_factorial-ac_power-swiglu-no_physics-s47-0ee59be5d1,probe_nrmse,-0.030838191116515274,0.32420609230335073,1024,,1,ok
diagnostic_run,within_job,all_physics_factorial,ac_power,swiglu,all_physics_factorial-ac_power-swiglu-no_physics-s47-0ee59be5d1,probe_gap,-0.0715108562513411,0.02210942272319814,1024,,1,ok
diagnostic_run,within_job,,,,all_physics_factorial-ac_power-swiglu-no_physics-s47-2e2ab3ae90,probe_nrmse,-0.38891173735784274,2.574949414409185e-38,1024,,1,ok
diagnostic_run,within_job,,,,all_physics_factorial-ac_power-swiglu-no_physics-s47-2e2ab3ae90,probe_gap,-0.5352060609040841,5.872214498426997e-77,1024,,1,ok
diagnostic_run,within_job,all_physics_factorial,ac_power,swiglu,all_physics_factorial-ac_power-swiglu-physics-s11-49ba1a5b42,probe_nrmse,0.009195738859881267,0.76882633487324,1024,,1,ok
diagnostic_run,within_job,all_physics_factorial,ac_power,swiglu,all_physics_factorial-ac_power-swiglu-physics-s11-49ba1a5b42,probe_gap,-0.14005752226235604,6.841623509374523e-06,1024,,1,ok
diagnostic_run,within_job,,,,all_physics_factorial-ac_power-swiglu-physics-s11-f41161a74a,probe_nrmse,-0.3131275704527573,9.910251401716933e-25,1024,,1,ok
diagnostic_run,within_job,,,,all_physics_factorial-ac_power-swiglu-physics-s11-f41161a74a,probe_gap,-0.4605523902975467,6.708183329308903e-55,1024,,1,ok
diagnostic_run,within_job,all_physics_factorial,ac_power,swiglu,all_physics_factorial-ac_power-swiglu-physics-s29-125393ee91,probe_nrmse,0.049400548203255054,0.11414090416160926,1024,,1,ok
diagnostic_run,within_job,all_physics_factorial,ac_power,swiglu,all_physics_factorial-ac_power-swiglu-physics-s29-125393ee91,probe_gap,-0.14725812639491243,2.21961672457309e-06,1024,,1,ok
diagnostic_run,within_job,,,,all_physics_factorial-ac_power-swiglu-physics-s29-326fffe3cf,probe_nrmse,-0.3047856147672825,1.871796176790987e-23,1024,,1,ok
diagnostic_run,within_job,,,,all_physics_factorial-ac_power-swiglu-physics-s29-326fffe3cf,probe_gap,-0.3936731791900234,2.6859373712790125e-39,1024,,1,ok
diagnostic_run,within_job,all_physics_factorial,ac_power,swiglu,all_physics_factorial-ac_power-swiglu-physics-s47-bd5fe6b405,probe_nrmse,0.023466143784421713,0.4531928369393978,1024,,1,ok
diagnostic_run,within_job,all_physics_factorial,ac_power,swiglu,all_physics_factorial-ac_power-swiglu-physics-s47-bd5fe6b405,probe_gap,-0.14371330958085973,3.8895900189535e-06,1024,,1,ok
diagnostic_run,within_job,,,,all_physics_factorial-ac_power-swiglu-physics-s47-bf59a2b7c3,probe_nrmse,-0.40536832352835994,8.884818894249171e-42,1024,,1,ok
diagnostic_run,within_job,,,,all_physics_factorial-ac_power-swiglu-physics-s47-bf59a2b7c3,probe_gap,-0.4847904522208712,1.7982863211616466e-61,1024,,1,ok
diagnostic_run,within_job,,,,all_physics_factorial-allen_cahn-fourier-no_physics-s11-43b6c3c0d4,probe_nrmse,0.010588175470281095,0.7350487630259892,1024,,1,ok
diagnostic_run,within_job,,,,all_physics_factorial-allen_cahn-fourier-no_physics-s11-43b6c3c0d4,probe_gap,-0.1225705421643659,8.413610727670923e-05,1024,,1,ok
diagnostic_run,within_job,all_physics_factorial,allen_cahn,fourier,all_physics_factorial-allen_cahn-fourier-no_physics-s11-d2839085c9,probe_nrmse,0.010588175470281095,0.7350487630259892,1024,,1,ok
diagnostic_run,within_job,all_physics_factorial,allen_cahn,fourier,all_physics_factorial-allen_cahn-fourier-no_physics-s11-d2839085c9,probe_gap,-0.1225705421643659,8.413610727670923e-05,1024,,1,ok
diagnostic_run,within_job,,,,all_physics_factorial-allen_cahn-fourier-no_physics-s29-2f7ff5ff42,probe_nrmse,0.04712775373721479,0.13178923361012404,1024,,1,ok
diagnostic_run,within_job,,,,all_physics_factorial-allen_cahn-fourier-no_physics-s29-2f7ff5ff42,probe_gap,-0.10094914526857877,0.0012177342601280517,1024,,1,ok
diagnostic_run,within_job,all_physics_factorial,allen_cahn,fourier,all_physics_factorial-allen_cahn-fourier-no_physics-s29-97342205e2,probe_nrmse,0.04712775373721479,0.13178923361012404,1024,,1,ok
diagnostic_run,within_job,all_physics_factorial,allen_cahn,fourier,all_physics_factorial-allen_cahn-fourier-no_physics-s29-97342205e2,probe_gap,-0.10094914526857877,0.0012177342601280517,1024,,1,ok
diagnostic_run,within_job,,,,all_physics_factorial-allen_cahn-fourier-no_physics-s47-97e226f387,probe_nrmse,-0.015572730401974107,0.6186610348714168,1024,,1,ok
diagnostic_run,within_job,,,,all_physics_factorial-allen_cahn-fourier-no_physics-s47-97e226f387,probe_gap,-0.09533896448751876,0.002257521150783074,1024,,1,ok
diagnostic_run,within_job,all_physics_factorial,allen_cahn,fourier,all_physics_factorial-allen_cahn-fourier-no_physics-s47-d48b235af1,probe_nrmse,-0.015572730401974107,0.6186610348714168,1024,,1,ok
diagnostic_run,within_job,all_physics_factorial,allen_cahn,fourier,all_physics_factorial-allen_cahn-fourier-no_physics-s47-d48b235af1,probe_gap,-0.09533896448751876,0.002257521150783074,1024,,1,ok
diagnostic_run,within_job,all_physics_factorial,allen_cahn,fourier,all_physics_factorial-allen_cahn-fourier-physics-s11-a71bade925,probe_nrmse,0.055129874919533646,0.07784275682740005,1024,,1,ok
diagnostic_run,within_job,all_physics_factorial,allen_cahn,fourier,all_physics_factorial-allen_cahn-fourier-physics-s11-a71bade925,probe_gap,-0.0819090305593305,0.008733981803049844,1024,,1,ok
diagnostic_run,within_job,,,,all_physics_factorial-allen_cahn-fourier-physics-s11-acb8bd6cea,probe_nrmse,0.055129874919533646,0.07784275682740005,1024,,1,ok
diagnostic_run,within_job,,,,all_physics_factorial-allen_cahn-fourier-physics-s11-acb8bd6cea,probe_gap,-0.0819090305593305,0.008733981803049844,1024,,1,ok
diagnostic_run,within_job,,,,all_physics_factorial-allen_cahn-fourier-physics-s29-0c31b25d2b,probe_nrmse,0.07016120091552822,0.024756357992525995,1024,,1,ok
diagnostic_run,within_job,,,,all_physics_factorial-allen_cahn-fourier-physics-s29-0c31b25d2b,probe_gap,-0.06317601248786302,0.04326088102230202,1024,,1,ok
diagnostic_run,within_job,all_physics_factorial,allen_cahn,fourier,all_physics_factorial-allen_cahn-fourier-physics-s29-b35f790a0f,probe_nrmse,0.07016120091552822,0.024756357992525995,1024,,1,ok
diagnostic_run,within_job,all_physics_factorial,allen_cahn,fourier,all_physics_factorial-allen_cahn-fourier-physics-s29-b35f790a0f,probe_gap,-0.06317601248786302,0.04326088102230202,1024,,1,ok
diagnostic_run,within_job,,,,all_physics_factorial-allen_cahn-fourier-physics-s47-7673600464,probe_nrmse,0.056602096148344175,0.07021729056710255,1024,,1,ok
diagnostic_run,within_job,,,,all_physics_factorial-allen_cahn-fourier-physics-s47-7673600464,probe_gap,-0.09301090542521993,0.0028902680495350953,1024,,1,ok
diagnostic_run,within_job,all_physics_factorial,allen_cahn,fourier,all_physics_factorial-allen_cahn-fourier-physics-s47-9c2db71e80,probe_nrmse,0.056602096148344175,0.07021729056710255,1024,,1,ok
diagnostic_run,within_job,all_physics_factorial,allen_cahn,fourier,all_physics_factorial-allen_cahn-fourier-physics-s47-9c2db71e80,probe_gap,-0.09301090542521993,0.0028902680495350953,1024,,1,ok
diagnostic_run,within_job,,,,all_physics_factorial-allen_cahn-ganr-no_physics-s11-965b0f0183,probe_nrmse,0.03810250295043272,0.22313534372982735,1024,,1,ok
diagnostic_run,within_job,,,,all_physics_factorial-allen_cahn-ganr-no_physics-s11-965b0f0183,probe_gap,-0.043075490844717824,0.16839743488803094,1024,,1,ok
diagnostic_run,within_job,,,,all_physics_factorial-allen_cahn-ganr-no_physics-s11-b0d7943477,probe_nrmse,0.024424721565273637,0.43494781977074903,1024,,1,ok
diagnostic_run,within_job,,,,all_physics_factorial-allen_cahn-ganr-no_physics-s11-b0d7943477,probe_gap,-0.03290662327444389,0.2927946350560246,1024,,1,ok
diagnostic_run,within_job,,,,all_physics_factorial-allen_cahn-ganr-no_physics-s11-b8a14e1ab9,probe_nrmse,0.042101982154352326,0.17823324676899857,1024,,1,ok
diagnostic_run,within_job,,,,all_physics_factorial-allen_cahn-ganr-no_physics-s11-b8a14e1ab9,probe_gap,-0.014129365299334808,0.651549969084807,1024,,1,ok
diagnostic_run,within_job,all_physics_factorial,allen_cahn,ganr,all_physics_factorial-allen_cahn-ganr-no_physics-s11-e37851e5c8,probe_nrmse,0.03810250295043272,0.22313534372982735,1024,,1,ok
diagnostic_run,within_job,all_physics_factorial,allen_cahn,ganr,all_physics_factorial-allen_cahn-ganr-no_physics-s11-e37851e5c8,probe_gap,-0.043075490844717824,0.16839743488803094,1024,,1,ok
diagnostic_run,within_job,,,,all_physics_factorial-allen_cahn-ganr-no_physics-s11-ec6830d60b,probe_nrmse,0.03810250295043272,0.22313534372982735,1024,,1,ok
diagnostic_run,within_job,,,,all_physics_factorial-allen_cahn-ganr-no_physics-s11-ec6830d60b,probe_gap,-0.043075490844717824,0.16839743488803094,1024,,1,ok
diagnostic_run,within_job,,,,all_physics_factorial-allen_cahn-ganr-no_physics-s29-19dde2f7d3,probe_nrmse,0.011145818432157928,0.7216596203920271,1024,,1,ok
diagnostic_run,within_job,,,,all_physics_factorial-allen_cahn-ganr-no_physics-s29-19dde2f7d3,probe_gap,-0.048669466597525204,0.11960275891337983,1024,,1,ok
diagnostic_run,within_job,,,,all_physics_factorial-allen_cahn-ganr-no_physics-s29-30c51e2613,probe_nrmse,0.03517059983191474,0.26082961335787813,1024,,1,ok
diagnostic_run,within_job,,,,all_physics_factorial-allen_cahn-ganr-no_physics-s29-30c51e2613,probe_gap,-0.0393293688756169,0.20857655926845536,1024,,1,ok
diagnostic_run,within_job,,,,all_physics_factorial-allen_cahn-ganr-no_physics-s29-96a1ae5ee1,probe_nrmse,0.024273511819612327,0.43779741358039437,1024,,1,ok
diagnostic_run,within_job,,,,all_physics_factorial-allen_cahn-ganr-no_physics-s29-96a1ae5ee1,probe_gap,-0.09888019902009869,0.0015345546142020757,1024,,1,ok
diagnostic_run,within_job,,,,all_physics_factorial-allen_cahn-ganr-no_physics-s29-b8c23358f9,probe_nrmse,0.03517059983191474,0.26082961335787813,1024,,1,ok
diagnostic_run,within_job,,,,all_physics_factorial-allen_cahn-ganr-no_physics-s29-b8c23358f9,probe_gap,-0.0393293688756169,0.20857655926845536,1024,,1,ok
diagnostic_run,within_job,all_physics_factorial,allen_cahn,ganr,all_physics_factorial-allen_cahn-ganr-no_physics-s29-d3b739e940,probe_nrmse,0.03517059983191474,0.26082961335787813,1024,,1,ok
diagnostic_run,within_job,all_physics_factorial,allen_cahn,ganr,all_physics_factorial-allen_cahn-ganr-no_physics-s29-d3b739e940,probe_gap,-0.0393293688756169,0.20857655926845536,1024,,1,ok
diagnostic_run,within_job,,,,all_physics_factorial-allen_cahn-ganr-no_physics-s47-771280894f,probe_nrmse,0.009225500232458335,0.768099524387465,1024,,1,ok
diagnostic_run,within_job,,,,all_physics_factorial-allen_cahn-ganr-no_physics-s47-771280894f,probe_gap,-0.01298496620413418,0.6781207433564446,1024,,1,ok
diagnostic_run,within_job,all_physics_factorial,allen_cahn,ganr,all_physics_factorial-allen_cahn-ganr-no_physics-s47-876e69793d,probe_nrmse,0.009225500232458335,0.768099524387465,1024,,1,ok
diagnostic_run,within_job,all_physics_factorial,allen_cahn,ganr,all_physics_factorial-allen_cahn-ganr-no_physics-s47-876e69793d,probe_gap,-0.01298496620413418,0.6781207433564446,1024,,1,ok
diagnostic_run,within_job,,,,all_physics_factorial-allen_cahn-ganr-no_physics-s47-afc76fd867,probe_nrmse,0.009225500232458335,0.768099524387465,1024,,1,ok
diagnostic_run,within_job,,,,all_physics_factorial-allen_cahn-ganr-no_physics-s47-afc76fd867,probe_gap,-0.01298496620413418,0.6781207433564446,1024,,1,ok
diagnostic_run,within_job,,,,all_physics_factorial-allen_cahn-ganr-no_physics-s47-cc49e797a6,probe_nrmse,0.037389515234961736,0.2319225319286254,1024,,1,ok
diagnostic_run,within_job,,,,all_physics_factorial-allen_cahn-ganr-no_physics-s47-cc49e797a6,probe_gap,-0.06109170481367569,0.05065718267917259,1024,,1,ok
diagnostic_run,within_job,,,,all_physics_factorial-allen_cahn-ganr-no_physics-s47-e6e5f048e8,probe_nrmse,0.02524396949431371,0.41969588382110823,1024,,1,ok
diagnostic_run,within_job,,,,all_physics_factorial-allen_cahn-ganr-no_physics-s47-e6e5f048e8,probe_gap,-0.040791867087475855,0.19213530199201712,1024,,1,ok
diagnostic_run,within_job,,,,all_physics_factorial-allen_cahn-ganr-physics-s11-2fcaaa7244,probe_nrmse,0.0762372259673843,0.014680616397395388,1024,,1,ok
diagnostic_run,within_job,,,,all_physics_factorial-allen_cahn-ganr-physics-s11-2fcaaa7244,probe_gap,-0.008690901938344896,0.7811855220007621,1024,,1,ok
diagnostic_run,within_job,,,,all_physics_factorial-allen_cahn-ganr-physics-s11-6060d000e3,probe_nrmse,0.04019839424933838,0.19868851734013193,1024,,1,ok
diagnostic_run,within_job,,,,all_physics_factorial-allen_cahn-ganr-physics-s11-6060d000e3,probe_gap,0.0008249365209927758,0.9789656273728907,1024,,1,ok
diagnostic_run,within_job,,,,all_physics_factorial-allen_cahn-ganr-physics-s11-d15aa975e8,probe_nrmse,0.053684665796438026,0.08597015277022654,1024,,1,ok
diagnostic_run,within_job,,,,all_physics_factorial-allen_cahn-ganr-physics-s11-d15aa975e8,probe_gap,-0.007903393444674915,0.8005745204544501,1024,,1,ok
diagnostic_run,within_job,all_physics_factorial,allen_cahn,ganr,all_physics_factorial-allen_cahn-ganr-physics-s11-f36d395226,probe_nrmse,0.08088861133214444,0.009611030962512325,1024,,1,ok
diagnostic_run,within_job,all_physics_factorial,allen_cahn,ganr,all_physics_factorial-allen_cahn-ganr-physics-s11-f36d395226,probe_gap,0.002093689656089318,0.946648327356743,1024,,1,ok
diagnostic_run,within_job,,,,all_physics_factorial-allen_cahn-ganr-physics-s11-fb9d8eea29,probe_nrmse,0.0762372259673843,0.014680616397395388,1024,,1,ok
diagnostic_run,within_job,,,,all_physics_factorial-allen_cahn-ganr-physics-s11-fb9d8eea29,probe_gap,-0.008690901938344896,0.7811855220007621,1024,,1,ok
diagnostic_run,within_job,,,,all_physics_factorial-allen_cahn-ganr-physics-s29-27b8a0af8f,probe_nrmse,0.042763035548244045,0.17150896206136365,1024,,1,ok
diagnostic_run,within_job,,,,all_physics_factorial-allen_cahn-ganr-physics-s29-27b8a0af8f,probe_gap,0.005352051444817966,0.8641784045059289,1024,,1,ok
diagnostic_run,within_job,all_physics_factorial,allen_cahn,ganr,all_physics_factorial-allen_cahn-ganr-physics-s29-2a3225e8b3,probe_nrmse,0.083190133037694,0.007734374500299498,1024,,1,ok
diagnostic_run,within_job,all_physics_factorial,allen_cahn,ganr,all_physics_factorial-allen_cahn-ganr-physics-s29-2a3225e8b3,probe_gap,-0.005311393587726199,0.8652003018694594,1024,,1,ok
diagnostic_run,within_job,,,,all_physics_factorial-allen_cahn-ganr-physics-s29-49512e97db,probe_nrmse,0.0708373417495172,0.023397896056574767,1024,,1,ok
diagnostic_run,within_job,,,,all_physics_factorial-allen_cahn-ganr-physics-s29-49512e97db,probe_gap,-0.024495811279593733,0.43361181582116015,1024,,1,ok
diagnostic_run,within_job,,,,all_physics_factorial-allen_cahn-ganr-physics-s29-cd8d067353,probe_nrmse,0.0708373417495172,0.023397896056574767,1024,,1,ok
diagnostic_run,within_job,,,,all_physics_factorial-allen_cahn-ganr-physics-s29-cd8d067353,probe_gap,-0.024495811279593733,0.43361181582116015,1024,,1,ok
diagnostic_run,within_job,,,,all_physics_factorial-allen_cahn-ganr-physics-s29-f496745b59,probe_nrmse,0.035801657159716754,0.2523663178801904,1024,,1,ok
diagnostic_run,within_job,,,,all_physics_factorial-allen_cahn-ganr-physics-s29-f496745b59,probe_gap,-0.0014507858879908447,0.9630165670544761,1024,,1,ok
diagnostic_run,within_job,all_physics_factorial,allen_cahn,ganr,all_physics_factorial-allen_cahn-ganr-physics-s47-08858678bf,probe_nrmse,0.07120699520778198,0.022682892869427814,1024,,1,ok
diagnostic_run,within_job,all_physics_factorial,allen_cahn,ganr,all_physics_factorial-allen_cahn-ganr-physics-s47-08858678bf,probe_gap,-0.010748314677061725,0.7311953374729201,1024,,1,ok
diagnostic_run,within_job,,,,all_physics_factorial-allen_cahn-ganr-physics-s47-11986adcb1,probe_nrmse,0.05795147208711823,0.06377634505918078,1024,,1,ok
diagnostic_run,within_job,,,,all_physics_factorial-allen_cahn-ganr-physics-s47-11986adcb1,probe_gap,-0.015521187236249194,0.619822986154546,1024,,1,ok
diagnostic_run,within_job,,,,all_physics_factorial-allen_cahn-ganr-physics-s47-70fdf7320f,probe_nrmse,0.07531456753808739,0.015928627117917905,1024,,1,ok
diagnostic_run,within_job,,,,all_physics_factorial-allen_cahn-ganr-physics-s47-70fdf7320f,probe_gap,-0.00896322464415993,0.7745115660975044,1024,,1,ok
diagnostic_run,within_job,,,,all_physics_factorial-allen_cahn-ganr-physics-s47-751d531147,probe_nrmse,0.05804905988484371,0.06333007339343369,1024,,1,ok
diagnostic_run,within_job,,,,all_physics_factorial-allen_cahn-ganr-physics-s47-751d531147,probe_gap,-0.0036105920635890673,0.9081295023495684,1024,,1,ok
diagnostic_run,within_job,,,,all_physics_factorial-allen_cahn-ganr-physics-s47-e5c66419d5,probe_nrmse,0.07531456753808739,0.015928627117917905,1024,,1,ok
diagnostic_run,within_job,,,,all_physics_factorial-allen_cahn-ganr-physics-s47-e5c66419d5,probe_gap,-0.00896322464415993,0.7745115660975044,1024,,1,ok
diagnostic_run,within_job,,,,all_physics_factorial-allen_cahn-gelu-no_physics-s11-1047ef8008,probe_nrmse,0.022960435144124165,0.46298940259459487,1024,,1,ok
diagnostic_run,within_job,,,,all_physics_factorial-allen_cahn-gelu-no_physics-s11-1047ef8008,probe_gap,-0.03366394571203776,0.2818219174865583,1024,,1,ok
diagnostic_run,within_job,all_physics_factorial,allen_cahn,gelu,all_physics_factorial-allen_cahn-gelu-no_physics-s11-eb8e5711c9,probe_nrmse,0.003917861740934125,0.9003502321966481,1024,,1,ok
diagnostic_run,within_job,all_physics_factorial,allen_cahn,gelu,all_physics_factorial-allen_cahn-gelu-no_physics-s11-eb8e5711c9,probe_gap,-0.030984718099563692,0.3219113293565063,1024,,1,ok
diagnostic_run,within_job,all_physics_factorial,allen_cahn,gelu,all_physics_factorial-allen_cahn-gelu-no_physics-s29-343e1b4d2b,probe_nrmse,0.021598765735641227,0.489944648480917,1024,,1,ok
diagnostic_run,within_job,all_physics_factorial,allen_cahn,gelu,all_physics_factorial-allen_cahn-gelu-no_physics-s29-343e1b4d2b,probe_gap,-0.04984130248193976,0.11094401500286523,1024,,1,ok
diagnostic_run,within_job,,,,all_physics_factorial-allen_cahn-gelu-no_physics-s29-f7b5bdd560,probe_nrmse,0.0093652099277591,0.7646903665566804,1024,,1,ok
diagnostic_run,within_job,,,,all_physics_factorial-allen_cahn-gelu-no_physics-s29-f7b5bdd560,probe_gap,-0.001513694925255704,0.9614141128886055,1024,,1,ok
diagnostic_run,within_job,all_physics_factorial,allen_cahn,gelu,all_physics_factorial-allen_cahn-gelu-no_physics-s47-3f7a29be2d,probe_nrmse,0.01312159135612617,0.674926653410795,1024,,1,ok
diagnostic_run,within_job,all_physics_factorial,allen_cahn,gelu,all_physics_factorial-allen_cahn-gelu-no_physics-s47-3f7a29be2d,probe_gap,0.00910929341606466,0.7709385909388439,1024,,1,ok
diagnostic_run,within_job,,,,all_physics_factorial-allen_cahn-gelu-no_physics-s47-cd7b8e5f1f,probe_nrmse,0.010145057382969122,0.7457459950567591,1024,,1,ok
diagnostic_run,within_job,,,,all_physics_factorial-allen_cahn-gelu-no_physics-s47-cd7b8e5f1f,probe_gap,-0.04727442068294929,0.1305900820593021,1024,,1,ok
diagnostic_run,within_job,,,,all_physics_factorial-allen_cahn-gelu-physics-s11-0fadcbe61e,probe_nrmse,0.06241115174164938,0.04586166820554951,1024,,1,ok
diagnostic_run,within_job,,,,all_physics_factorial-allen_cahn-gelu-physics-s11-0fadcbe61e,probe_gap,-0.028049618678921393,0.3698961442115547,1024,,1,ok
diagnostic_run,within_job,all_physics_factorial,allen_cahn,gelu,all_physics_factorial-allen_cahn-gelu-physics-s11-2f04f7fa9f,probe_nrmse,0.05900146851083613,0.05910851602559831,1024,,1,ok
diagnostic_run,within_job,all_physics_factorial,allen_cahn,gelu,all_physics_factorial-allen_cahn-gelu-physics-s11-2f04f7fa9f,probe_gap,-0.02017951818539446,0.5189132174024111,1024,,1,ok
diagnostic_run,within_job,,,,all_physics_factorial-allen_cahn-gelu-physics-s29-17c6ac15f2,probe_nrmse,0.04123529253987554,0.18734351942895114,1024,,1,ok
diagnostic_run,within_job,,,,all_physics_factorial-allen_cahn-gelu-physics-s29-17c6ac15f2,probe_gap,-0.018774782569801154,0.5484315066912827,1024,,1,ok
diagnostic_run,within_job,all_physics_factorial,allen_cahn,gelu,all_physics_factorial-allen_cahn-gelu-physics-s29-ba20c308b7,probe_nrmse,0.0640520840783921,0.04043593460537266,1024,,1,ok
diagnostic_run,within_job,all_physics_factorial,allen_cahn,gelu,all_physics_factorial-allen_cahn-gelu-physics-s29-ba20c308b7,probe_gap,-0.009707225430941992,0.7563639143194049,1024,,1,ok
diagnostic_run,within_job,all_physics_factorial,allen_cahn,gelu,all_physics_factorial-allen_cahn-gelu-physics-s47-5a860ac46d,probe_nrmse,0.06267391906873614,0.04495371908288495,1024,,1,ok
diagnostic_run,within_job,all_physics_factorial,allen_cahn,gelu,all_physics_factorial-allen_cahn-gelu-physics-s47-5a860ac46d,probe_gap,-0.008932066286388669,0.7752743482492856,1024,,1,ok
diagnostic_run,within_job,,,,all_physics_factorial-allen_cahn-gelu-physics-s47-5c85ff1799,probe_nrmse,0.06486393364208567,0.037959069926175724,1024,,1,ok
diagnostic_run,within_job,,,,all_physics_factorial-allen_cahn-gelu-physics-s47-5c85ff1799,probe_gap,-0.005777383144982475,0.853502000429083,1024,,1,ok
diagnostic_run,within_job,all_physics_factorial,allen_cahn,relu,all_physics_factorial-allen_cahn-relu-no_physics-s11-269f6280e2,probe_nrmse,-0.0009374105929475716,0.9760985495711815,1024,,1,ok
diagnostic_run,within_job,all_physics_factorial,allen_cahn,relu,all_physics_factorial-allen_cahn-relu-no_physics-s11-269f6280e2,probe_gap,-0.05767566250625849,0.06505167147172944,1024,,1,ok
diagnostic_run,within_job,,,,all_physics_factorial-allen_cahn-relu-no_physics-s11-ebb822af3c,probe_nrmse,0.021209129801158712,0.49781007824661194,1024,,1,ok
diagnostic_run,within_job,,,,all_physics_factorial-allen_cahn-relu-no_physics-s11-ebb822af3c,probe_gap,-0.03180522897146127,0.30925739856201223,1024,,1,ok
diagnostic_run,within_job,all_physics_factorial,allen_cahn,relu,all_physics_factorial-allen_cahn-relu-no_physics-s29-242c1ba3e1,probe_nrmse,0.020591427651813172,0.5104156232701109,1024,,1,ok
diagnostic_run,within_job,all_physics_factorial,allen_cahn,relu,all_physics_factorial-allen_cahn-relu-no_physics-s29-242c1ba3e1,probe_gap,-0.06927440589013661,0.026641076764854395,1024,,1,ok
diagnostic_run,within_job,,,,all_physics_factorial-allen_cahn-relu-no_physics-s29-f9df6fbe54,probe_nrmse,0.03589144419211787,0.2511778689410773,1024,,1,ok
diagnostic_run,within_job,,,,all_physics_factorial-allen_cahn-relu-no_physics-s29-f9df6fbe54,probe_gap,-0.03706233012660038,0.23603598405799064,1024,,1,ok
diagnostic_run,within_job,,,,all_physics_factorial-allen_cahn-relu-no_physics-s47-41a7b89c61,probe_nrmse,-0.009253551695157713,0.7674146583908991,1024,,1,ok
diagnostic_run,within_job,,,,all_physics_factorial-allen_cahn-relu-no_physics-s47-41a7b89c61,probe_gap,-0.05769693020885487,0.06495258920014306,1024,,1,ok
diagnostic_run,within_job,all_physics_factorial,allen_cahn,relu,all_physics_factorial-allen_cahn-relu-no_physics-s47-a397a87154,probe_nrmse,-0.007228537837064586,0.8172886170022123,1024,,1,ok
diagnostic_run,within_job,all_physics_factorial,allen_cahn,relu,all_physics_factorial-allen_cahn-relu-no_physics-s47-a397a87154,probe_gap,-0.0533030653207925,0.08822672820326101,1024,,1,ok
diagnostic_run,within_job,,,,all_physics_factorial-allen_cahn-relu-physics-s11-6f4f9c9151,probe_nrmse,0.06077229811887561,0.0518791221210261,1024,,1,ok
diagnostic_run,within_job,,,,all_physics_factorial-allen_cahn-relu-physics-s11-6f4f9c9151,probe_gap,-0.02513869269007939,0.421638061252265,1024,,1,ok
diagnostic_run,within_job,all_physics_factorial,allen_cahn,relu,all_physics_factorial-allen_cahn-relu-physics-s11-9ee15bddcc,probe_nrmse,0.0808651696945855,0.009632068993627504,1024,,1,ok
diagnostic_run,within_job,all_physics_factorial,allen_cahn,relu,all_physics_factorial-allen_cahn-relu-physics-s11-9ee15bddcc,probe_gap,-0.028835942529146695,0.35662518059649306,1024,,1,ok
diagnostic_run,within_job,all_physics_factorial,allen_cahn,relu,all_physics_factorial-allen_cahn-relu-physics-s29-52b4d1e497,probe_nrmse,0.08756117677562406,0.005048507420226554,1024,,1,ok
diagnostic_run,within_job,all_physics_factorial,allen_cahn,relu,all_physics_factorial-allen_cahn-relu-physics-s29-52b4d1e497,probe_gap,-0.05479567135755668,0.07966438965993068,1024,,1,ok
diagnostic_run,within_job,,,,all_physics_factorial-allen_cahn-relu-physics-s29-6cafa7ec9d,probe_nrmse,0.05608622863171447,0.07281645006574533,1024,,1,ok
diagnostic_run,within_job,,,,all_physics_factorial-allen_cahn-relu-physics-s29-6cafa7ec9d,probe_gap,-0.030278916560530014,0.3330624327213175,1024,,1,ok
diagnostic_run,within_job,all_physics_factorial,allen_cahn,relu,all_physics_factorial-allen_cahn-relu-physics-s47-4d407c85cf,probe_nrmse,0.06916409993920321,0.026883951078489145,1024,,1,ok
diagnostic_run,within_job,all_physics_factorial,allen_cahn,relu,all_physics_factorial-allen_cahn-relu-physics-s47-4d407c85cf,probe_gap,-0.022183700200271796,0.47826327433500926,1024,,1,ok
diagnostic_run,within_job,,,,all_physics_factorial-allen_cahn-relu-physics-s47-f3b8086ad6,probe_nrmse,0.05349761506687647,0.08707038053710237,1024,,1,ok
diagnostic_run,within_job,,,,all_physics_factorial-allen_cahn-relu-physics-s47-f3b8086ad6,probe_gap,-0.003532249133679885,0.9101143804281859,1024,,1,ok
diagnostic_run,within_job,all_physics_factorial,allen_cahn,resmlp,all_physics_factorial-allen_cahn-resmlp-no_physics-s11-87f5060a6c,probe_nrmse,0.02112288552321007,0.4995600848140668,1024,,1,ok
diagnostic_run,within_job,all_physics_factorial,allen_cahn,resmlp,all_physics_factorial-allen_cahn-resmlp-no_physics-s11-87f5060a6c,probe_gap,-0.03338264877333524,0.285864615602481,1024,,1,ok
diagnostic_run,within_job,,,,all_physics_factorial-allen_cahn-resmlp-no_physics-s11-fd8738ef3c,probe_nrmse,0.02112288552321007,0.4995600848140668,1024,,1,ok
diagnostic_run,within_job,,,,all_physics_factorial-allen_cahn-resmlp-no_physics-s11-fd8738ef3c,probe_gap,-0.03338264877333524,0.285864615602481,1024,,1,ok
diagnostic_run,within_job,,,,all_physics_factorial-allen_cahn-resmlp-no_physics-s29-01290891ef,probe_nrmse,0.011914037354266502,0.7033538437211975,1024,,1,ok
diagnostic_run,within_job,,,,all_physics_factorial-allen_cahn-resmlp-no_physics-s29-01290891ef,probe_gap,-0.025527881589299764,0.41448443650028355,1024,,1,ok
diagnostic_run,within_job,all_physics_factorial,allen_cahn,resmlp,all_physics_factorial-allen_cahn-resmlp-no_physics-s29-da9349b91c,probe_nrmse,0.011914037354266502,0.7033538437211975,1024,,1,ok
diagnostic_run,within_job,all_physics_factorial,allen_cahn,resmlp,all_physics_factorial-allen_cahn-resmlp-no_physics-s29-da9349b91c,probe_gap,-0.025527881589299764,0.41448443650028355,1024,,1,ok
diagnostic_run,within_job,all_physics_factorial,allen_cahn,resmlp,all_physics_factorial-allen_cahn-resmlp-no_physics-s47-4a625fa53f,probe_nrmse,0.006691335562549173,0.830653422661632,1024,,1,ok
diagnostic_run,within_job,all_physics_factorial,allen_cahn,resmlp,all_physics_factorial-allen_cahn-resmlp-no_physics-s47-4a625fa53f,probe_gap,-0.021362943458980044,0.4946971076319604,1024,,1,ok
diagnostic_run,within_job,,,,all_physics_factorial-allen_cahn-resmlp-no_physics-s47-cb089645c6,probe_nrmse,0.006691335562549173,0.830653422661632,1024,,1,ok
diagnostic_run,within_job,,,,all_physics_factorial-allen_cahn-resmlp-no_physics-s47-cb089645c6,probe_gap,-0.021362943458980044,0.4946971076319604,1024,,1,ok
diagnostic_run,within_job,,,,all_physics_factorial-allen_cahn-resmlp-physics-s11-951c7ba2f6,probe_nrmse,0.03663164517917173,0.2415288451963477,1024,,1,ok
diagnostic_run,within_job,,,,all_physics_factorial-allen_cahn-resmlp-physics-s11-951c7ba2f6,probe_gap,0.002634680548601673,0.9328918935963101,1024,,1,ok
diagnostic_run,within_job,all_physics_factorial,allen_cahn,resmlp,all_physics_factorial-allen_cahn-resmlp-physics-s11-c6b4777293,probe_nrmse,0.03663164517917173,0.2415288451963477,1024,,1,ok
diagnostic_run,within_job,all_physics_factorial,allen_cahn,resmlp,all_physics_factorial-allen_cahn-resmlp-physics-s11-c6b4777293,probe_gap,0.002634680548601673,0.9328918935963101,1024,,1,ok
diagnostic_run,within_job,,,,all_physics_factorial-allen_cahn-resmlp-physics-s29-0a932fa578,probe_nrmse,0.07924851137257706,0.011185624972357377,1024,,1,ok
diagnostic_run,within_job,,,,all_physics_factorial-allen_cahn-resmlp-physics-s29-0a932fa578,probe_gap,-0.01528536495958801,0.6251512549174424,1024,,1,ok
diagnostic_run,within_job,all_physics_factorial,allen_cahn,resmlp,all_physics_factorial-allen_cahn-resmlp-physics-s29-70db6c09cb,probe_nrmse,0.07924851137257706,0.011185624972357377,1024,,1,ok
diagnostic_run,within_job,all_physics_factorial,allen_cahn,resmlp,all_physics_factorial-allen_cahn-resmlp-physics-s29-70db6c09cb,probe_gap,-0.01528536495958801,0.6251512549174424,1024,,1,ok
diagnostic_run,within_job,all_physics_factorial,allen_cahn,resmlp,all_physics_factorial-allen_cahn-resmlp-physics-s47-0f4cb6f9aa,probe_nrmse,0.04685996843931049,0.1340006103319933,1024,,1,ok
diagnostic_run,within_job,all_physics_factorial,allen_cahn,resmlp,all_physics_factorial-allen_cahn-resmlp-physics-s47-0f4cb6f9aa,probe_gap,-0.03339970316858594,0.2856184072574904,1024,,1,ok
diagnostic_run,within_job,,,,all_physics_factorial-allen_cahn-resmlp-physics-s47-248417c8d9,probe_nrmse,0.04685996843931049,0.1340006103319933,1024,,1,ok
diagnostic_run,within_job,,,,all_physics_factorial-allen_cahn-resmlp-physics-s47-248417c8d9,probe_gap,-0.03339970316858594,0.2856184072574904,1024,,1,ok
diagnostic_run,within_job,all_physics_factorial,allen_cahn,silu,all_physics_factorial-allen_cahn-silu-no_physics-s11-1067da8b90,probe_nrmse,-0.009507378317001646,0.7612258806048822,1024,,1,ok
diagnostic_run,within_job,all_physics_factorial,allen_cahn,silu,all_physics_factorial-allen_cahn-silu-no_physics-s11-1067da8b90,probe_gap,-0.003097183230813246,0.9211469649728653,1024,,1,ok
diagnostic_run,within_job,,,,all_physics_factorial-allen_cahn-silu-no_physics-s11-22a868ba7e,probe_nrmse,0.0021027868178241896,0.9464168598403657,1024,,1,ok
diagnostic_run,within_job,,,,all_physics_factorial-allen_cahn-silu-no_physics-s11-22a868ba7e,probe_gap,-0.04484310179886989,0.15158711569385303,1024,,1,ok
diagnostic_run,within_job,,,,all_physics_factorial-allen_cahn-silu-no_physics-s29-423108ffe7,probe_nrmse,-0.005220410735998855,0.8674878841418332,1024,,1,ok
diagnostic_run,within_job,,,,all_physics_factorial-allen_cahn-silu-no_physics-s29-423108ffe7,probe_gap,-0.03580497639653816,0.25232231388630516,1024,,1,ok
diagnostic_run,within_job,all_physics_factorial,allen_cahn,silu,all_physics_factorial-allen_cahn-silu-no_physics-s29-ec042c3bb0,probe_nrmse,0.004063338191116515,0.8966704310590565,1024,,1,ok
diagnostic_run,within_job,all_physics_factorial,allen_cahn,silu,all_physics_factorial-allen_cahn-silu-no_physics-s29-ec042c3bb0,probe_gap,-0.02130662819183177,0.4958356417969192,1024,,1,ok
diagnostic_run,within_job,all_physics_factorial,allen_cahn,silu,all_physics_factorial-allen_cahn-silu-no_physics-s47-678ac72b25,probe_nrmse,-0.00026018569844789356,0.9933650493633961,1024,,1,ok
diagnostic_run,within_job,all_physics_factorial,allen_cahn,silu,all_physics_factorial-allen_cahn-silu-no_physics-s47-678ac72b25,probe_gap,-0.034586850010728844,0.2688311807519977,1024,,1,ok
diagnostic_run,within_job,,,,all_physics_factorial-allen_cahn-silu-no_physics-s47-ea5bc27fbf,probe_nrmse,-0.02583793407123954,0.4088370414667033,1024,,1,ok
diagnostic_run,within_job,,,,all_physics_factorial-allen_cahn-silu-no_physics-s47-ea5bc27fbf,probe_gap,-0.041324308436449464,0.18639229962666726,1024,,1,ok
diagnostic_run,within_job,,,,all_physics_factorial-allen_cahn-silu-physics-s11-05eb5acb10,probe_nrmse,0.049173275337958657,0.11581742833114263,1024,,1,ok
diagnostic_run,within_job,,,,all_physics_factorial-allen_cahn-silu-physics-s11-05eb5acb10,probe_gap,0.0006028382268793362,0.984627899096071,1024,,1,ok
diagnostic_run,within_job,all_physics_factorial,allen_cahn,silu,all_physics_factorial-allen_cahn-silu-physics-s11-2c1a1cdc58,probe_nrmse,0.04544577251450007,0.14615730701602597,1024,,1,ok
diagnostic_run,within_job,all_physics_factorial,allen_cahn,silu,all_physics_factorial-allen_cahn-silu-physics-s11-2c1a1cdc58,probe_gap,-0.0275349246298548,0.3787464842238858,1024,,1,ok
diagnostic_run,within_job,all_physics_factorial,allen_cahn,silu,all_physics_factorial-allen_cahn-silu-physics-s29-4c17cc5ffc,probe_nrmse,0.062157682748015156,0.046752055654485855,1024,,1,ok
diagnostic_run,within_job,all_physics_factorial,allen_cahn,silu,all_physics_factorial-allen_cahn-silu-physics-s29-4c17cc5ffc,probe_gap,-0.0038580260818756986,0.9018643901845027,1024,,1,ok
diagnostic_run,within_job,,,,all_physics_factorial-allen_cahn-silu-physics-s29-e81f87fa11,probe_nrmse,0.06866580090837565,0.028005051311604173,1024,,1,ok
diagnostic_run,within_job,,,,all_physics_factorial-allen_cahn-silu-physics-s29-e81f87fa11,probe_gap,-0.011180474840855445,0.7208302664675423,1024,,1,ok
diagnostic_run,within_job,,,,all_physics_factorial-allen_cahn-silu-physics-s47-5f2639915e,probe_nrmse,0.05600500232458336,0.07323277844981496,1024,,1,ok
diagnostic_run,within_job,,,,all_physics_factorial-allen_cahn-silu-physics-s47-5f2639915e,probe_gap,0.012677439471425503,0.6853313465950743,1024,,1,ok
diagnostic_run,within_job,all_physics_factorial,allen_cahn,silu,all_physics_factorial-allen_cahn-silu-physics-s47-fbb5d90d31,probe_nrmse,0.06136143488641234,0.04964412630578061,1024,,1,ok
diagnostic_run,within_job,all_physics_factorial,allen_cahn,silu,all_physics_factorial-allen_cahn-silu-physics-s47-fbb5d90d31,probe_gap,-0.01347144677785769,0.6667742873275035,1024,,1,ok
diagnostic_run,within_job,all_physics_factorial,allen_cahn,swiglu,all_physics_factorial-allen_cahn-swiglu-no_physics-s11-9246322fbe,probe_nrmse,-0.0315565320792504,0.31305765717789047,1024,,1,ok
diagnostic_run,within_job,all_physics_factorial,allen_cahn,swiglu,all_physics_factorial-allen_cahn-swiglu-no_physics-s11-9246322fbe,probe_gap,-0.04293475296831414,0.16979366951853236,1024,,1,ok
diagnostic_run,within_job,,,,all_physics_factorial-allen_cahn-swiglu-no_physics-s11-e53ab92ad7,probe_nrmse,-0.017145070813584812,0.5836833613669302,1024,,1,ok
diagnostic_run,within_job,,,,all_physics_factorial-allen_cahn-swiglu-no_physics-s11-e53ab92ad7,probe_gap,-0.10922694192117874,0.0004626919391923766,1024,,1,ok
diagnostic_run,within_job,all_physics_factorial,allen_cahn,swiglu,all_physics_factorial-allen_cahn-swiglu-no_physics-s29-db166b3594,probe_nrmse,-0.007074344199270437,0.8211194862148845,1024,,1,ok
diagnostic_run,within_job,all_physics_factorial,allen_cahn,swiglu,all_physics_factorial-allen_cahn-swiglu-no_physics-s29-db166b3594,probe_gap,-0.031133983173592727,0.3195845968116222,1024,,1,ok
diagnostic_run,within_job,,,,all_physics_factorial-allen_cahn-swiglu-no_physics-s29-de118a037a,probe_nrmse,0.009612476307131105,0.7586678243193128,1024,,1,ok
diagnostic_run,within_job,,,,all_physics_factorial-allen_cahn-swiglu-no_physics-s29-de118a037a,probe_gap,-0.04766025096559617,0.1274758861087294,1024,,1,ok
diagnostic_run,within_job,,,,all_physics_factorial-allen_cahn-swiglu-no_physics-s47-dabb10a4fb,probe_nrmse,-0.005272725037550961,0.8661724087526187,1024,,1,ok
diagnostic_run,within_job,,,,all_physics_factorial-allen_cahn-swiglu-no_physics-s47-dabb10a4fb,probe_gap,-0.04441011461984121,0.1555818950118701,1024,,1,ok
diagnostic_run,within_job,all_physics_factorial,allen_cahn,swiglu,all_physics_factorial-allen_cahn-swiglu-no_physics-s47-f605b66dd8,probe_nrmse,0.007076735837922895,0.8210600342740728,1024,,1,ok
diagnostic_run,within_job,all_physics_factorial,allen_cahn,swiglu,all_physics_factorial-allen_cahn-swiglu-no_physics-s47-f605b66dd8,probe_gap,-0.015938377351233303,0.6104456031175094,1024,,1,ok
diagnostic_run,within_job,,,,all_physics_factorial-allen_cahn-swiglu-physics-s11-ca8c9920ed,probe_nrmse,0.047198569842550185,0.13120918029503806,1024,,1,ok
diagnostic_run,within_job,,,,all_physics_factorial-allen_cahn-swiglu-physics-s11-ca8c9920ed,probe_gap,-0.018588184410986336,0.5524139823291564,1024,,1,ok
diagnostic_run,within_job,all_physics_factorial,allen_cahn,swiglu,all_physics_factorial-allen_cahn-swiglu-physics-s11-f7eb42e62b,probe_nrmse,0.06342673762606393,0.04243588388764736,1024,,1,ok
diagnostic_run,within_job,all_physics_factorial,allen_cahn,swiglu,all_physics_factorial-allen_cahn-swiglu-physics-s11-f7eb42e62b,probe_gap,0.006116425863672126,0.845010618769173,1024,,1,ok
diagnostic_run,within_job,,,,all_physics_factorial-allen_cahn-swiglu-physics-s29-2552603f1a,probe_nrmse,0.06388428939274729,0.04096457173521795,1024,,1,ok
diagnostic_run,within_job,,,,all_physics_factorial-allen_cahn-swiglu-physics-s29-2552603f1a,probe_gap,-0.005946373649953508,0.8492674220476599,1024,,1,ok
diagnostic_run,within_job,all_physics_factorial,allen_cahn,swiglu,all_physics_factorial-allen_cahn-swiglu-physics-s29-62758f59a5,probe_nrmse,0.06412014519705314,0.040223160571123094,1024,,1,ok
diagnostic_run,within_job,all_physics_factorial,allen_cahn,swiglu,all_physics_factorial-allen_cahn-swiglu-physics-s29-62758f59a5,probe_gap,-0.01834905407338531,0.557538255918208,1024,,1,ok
diagnostic_run,within_job,,,,all_physics_factorial-allen_cahn-swiglu-physics-s47-4133797bae,probe_nrmse,0.06778184455689865,0.030092972214292305,1024,,1,ok
diagnostic_run,within_job,,,,all_physics_factorial-allen_cahn-swiglu-physics-s47-4133797bae,probe_gap,0.006739794184965309,0.829445772549406,1024,,1,ok
diagnostic_run,within_job,all_physics_factorial,allen_cahn,swiglu,all_physics_factorial-allen_cahn-swiglu-physics-s47-aea997a05e,probe_nrmse,0.05099773800157356,0.10289121624519497,1024,,1,ok
diagnostic_run,within_job,all_physics_factorial,allen_cahn,swiglu,all_physics_factorial-allen_cahn-swiglu-physics-s47-aea997a05e,probe_gap,-0.013850381806811425,0.6579884451999034,1024,,1,ok
diagnostic_run,within_job,,,,all_physics_factorial-controlled-fourier-no_physics-s11-36cee824a7,probe_nrmse,-0.06515944089623708,0.037090076829705027,1024,,1,ok
diagnostic_run,within_job,,,,all_physics_factorial-controlled-fourier-no_physics-s11-36cee824a7,probe_gap,-0.18566766444658056,2.147588248343091e-09,1024,,1,ok
diagnostic_run,within_job,all_physics_factorial,controlled,fourier,all_physics_factorial-controlled-fourier-no_physics-s11-6df90430b6,probe_nrmse,-0.0651866036942994,0.037011055283365235,1024,,1,ok
diagnostic_run,within_job,all_physics_factorial,controlled,fourier,all_physics_factorial-controlled-fourier-no_physics-s11-6df90430b6,probe_gap,-0.1851422242686503,2.387253780882885e-09,1024,,1,ok
diagnostic_run,within_job,all_physics_factorial,controlled,fourier,all_physics_factorial-controlled-fourier-no_physics-s29-1319f6aff1,probe_nrmse,-0.001987082916100422,0.9493611513786065,1024,,1,ok
diagnostic_run,within_job,all_physics_factorial,controlled,fourier,all_physics_factorial-controlled-fourier-no_physics-s29-1319f6aff1,probe_gap,-0.16893274801516342,5.376812546570125e-08,1024,,1,ok
diagnostic_run,within_job,,,,all_physics_factorial-controlled-fourier-no_physics-s29-ace0d53c81,probe_nrmse,-0.0006276989771489515,0.9839940444963062,1024,,1,ok
diagnostic_run,within_job,,,,all_physics_factorial-controlled-fourier-no_physics-s29-ace0d53c81,probe_gap,-0.17113496154137467,3.5816359466766035e-08,1024,,1,ok
diagnostic_run,within_job,all_physics_factorial,controlled,fourier,all_physics_factorial-controlled-fourier-no_physics-s47-4341237c90,probe_nrmse,-0.07240326156927258,0.020497405620717425,1024,,1,ok
diagnostic_run,within_job,all_physics_factorial,controlled,fourier,all_physics_factorial-controlled-fourier-no_physics-s47-4341237c90,probe_gap,-0.20195149890923395,6.943772448425457e-11,1024,,1,ok
diagnostic_run,within_job,,,,all_physics_factorial-controlled-fourier-no_physics-s47-c114860aad,probe_nrmse,-0.07300128299120233,0.019475319919624326,1024,,1,ok
diagnostic_run,within_job,,,,all_physics_factorial-controlled-fourier-no_physics-s47-c114860aad,probe_gap,-0.2051823456834275,3.392021617255973e-11,1024,,1,ok
diagnostic_run,within_job,,,,all_physics_factorial-controlled-fourier-physics-s11-042d1edd61,probe_nrmse,-0.1085185810206709,0.0005039824609396591,1024,,1,ok
diagnostic_run,within_job,,,,all_physics_factorial-controlled-fourier-physics-s11-042d1edd61,probe_gap,-0.18980531614333734,9.235832224902098e-10,1024,,1,ok
diagnostic_run,within_job,all_physics_factorial,controlled,fourier,all_physics_factorial-controlled-fourier-physics-s11-2a4f096c61,probe_nrmse,-0.1111696342357485,0.00036505642801032347,1024,,1,ok
diagnostic_run,within_job,all_physics_factorial,controlled,fourier,all_physics_factorial-controlled-fourier-physics-s11-2a4f096c61,probe_gap,-0.1942871134102954,3.623778441329292e-10,1024,,1,ok
diagnostic_run,within_job,,,,all_physics_factorial-controlled-fourier-physics-s29-67f2e68bed,probe_nrmse,-0.06751951308919248,0.030737753605657638,1024,,1,ok
diagnostic_run,within_job,,,,all_physics_factorial-controlled-fourier-physics-s29-67f2e68bed,probe_gap,-0.15868459874114868,3.324109589267866e-07,1024,,1,ok
diagnostic_run,within_job,all_physics_factorial,controlled,fourier,all_physics_factorial-controlled-fourier-physics-s29-9c8123895d,probe_nrmse,-0.0582367254506024,0.062479115375989394,1024,,1,ok
diagnostic_run,within_job,all_physics_factorial,controlled,fourier,all_physics_factorial-controlled-fourier-physics-s29-9c8123895d,probe_gap,-0.15513601091195198,6.084368848368214e-07,1024,,1,ok
diagnostic_run,within_job,all_physics_factorial,controlled,fourier,all_physics_factorial-controlled-fourier-physics-s47-5dc129dadc,probe_nrmse,-0.08160807524497532,0.008984915021523312,1024,,1,ok
diagnostic_run,within_job,all_physics_factorial,controlled,fourier,all_physics_factorial-controlled-fourier-physics-s47-5dc129dadc,probe_gap,-0.21316114280094411,5.4941247871128265e-12,1024,,1,ok
diagnostic_run,within_job,,,,all_physics_factorial-controlled-fourier-physics-s47-d8d68bdf19,probe_nrmse,-0.0852310054717116,0.006352130041205429,1024,,1,ok
diagnostic_run,within_job,,,,all_physics_factorial-controlled-fourier-physics-s47-d8d68bdf19,probe_gap,-0.21188604177097486,7.385321563695744e-12,1024,,1,ok
diagnostic_run,within_job,,,,all_physics_factorial-controlled-ganr-no_physics-s11-0ab828d899,probe_nrmse,-0.07644662846005293,0.014409657046521265,1024,,1,ok
diagnostic_run,within_job,,,,all_physics_factorial-controlled-ganr-no_physics-s11-0ab828d899,probe_gap,-0.40946058490093695,1.1403763801854195e-42,1024,,1,ok
diagnostic_run,within_job,,,,all_physics_factorial-controlled-ganr-no_physics-s11-297b73d16e,probe_nrmse,-0.03472016161084731,0.26698918959116874,1024,,1,ok
diagnostic_run,within_job,,,,all_physics_factorial-controlled-ganr-no_physics-s11-297b73d16e,probe_gap,-0.38803482289590224,3.888756887401683e-38,1024,,1,ok
diagnostic_run,within_job,,,,all_physics_factorial-controlled-ganr-no_physics-s11-3c901b7c5d,probe_nrmse,-0.03472016161084731,0.26698918959116874,1024,,1,ok
diagnostic_run,within_job,,,,all_physics_factorial-controlled-ganr-no_physics-s11-3c901b7c5d,probe_gap,-0.38803482289590224,3.888756887401683e-38,1024,,1,ok
diagnostic_run,within_job,,,,all_physics_factorial-controlled-ganr-no_physics-s11-429f24f59d,probe_nrmse,-0.03472016161084731,0.26698918959116874,1024,,1,ok
diagnostic_run,within_job,,,,all_physics_factorial-controlled-ganr-no_physics-s11-429f24f59d,probe_gap,-0.38803482289590224,3.888756887401683e-38,1024,,1,ok
diagnostic_run,within_job,,,,all_physics_factorial-controlled-ganr-no_physics-s11-4f8c73fb4b,probe_nrmse,-0.19297135054908618,4.780349679238084e-10,1024,,1,ok
diagnostic_run,within_job,,,,all_physics_factorial-controlled-ganr-no_physics-s11-4f8c73fb4b,probe_gap,-0.4229634182435473,1.0611800864165543e-45,1024,,1,ok
diagnostic_run,within_job,,,,all_physics_factorial-controlled-ganr-no_physics-s11-96715da9d5,probe_nrmse,-0.07644662846005293,0.014409657046521265,1024,,1,ok
diagnostic_run,within_job,,,,all_physics_factorial-controlled-ganr-no_physics-s11-96715da9d5,probe_gap,-0.40946058490093695,1.1403763801854195e-42,1024,,1,ok
diagnostic_run,within_job,,,,all_physics_factorial-controlled-ganr-no_physics-s11-b9865cec53,probe_nrmse,-0.07644662846005293,0.014409657046521265,1024,,1,ok
diagnostic_run,within_job,,,,all_physics_factorial-controlled-ganr-no_physics-s11-b9865cec53,probe_gap,-0.40946058490093695,1.1403763801854195e-42,1024,,1,ok
diagnostic_run,within_job,,,,all_physics_factorial-controlled-ganr-no_physics-s11-c049475e58,probe_nrmse,-0.03472016161084731,0.26698918959116874,1024,,1,ok
diagnostic_run,within_job,,,,all_physics_factorial-controlled-ganr-no_physics-s11-c049475e58,probe_gap,-0.38803482289590224,3.888756887401683e-38,1024,,1,ok
diagnostic_run,within_job,all_physics_factorial,controlled,ganr,all_physics_factorial-controlled-ganr-no_physics-s11-cf115e7eec,probe_nrmse,-0.03472016161084731,0.26698918959116874,1024,,1,ok
diagnostic_run,within_job,all_physics_factorial,controlled,ganr,all_physics_factorial-controlled-ganr-no_physics-s11-cf115e7eec,probe_gap,-0.38803482289590224,3.888756887401683e-38,1024,,1,ok
diagnostic_run,within_job,,,,all_physics_factorial-controlled-ganr-no_physics-s29-272fb4bffc,probe_nrmse,-0.03117872607672963,0.31888929332981286,1024,,1,ok
diagnostic_run,within_job,,,,all_physics_factorial-controlled-ganr-no_physics-s29-272fb4bffc,probe_gap,-0.36748715537765064,4.289553839023314e-34,1024,,1,ok
diagnostic_run,within_job,,,,all_physics_factorial-controlled-ganr-no_physics-s29-2ce56d7eb4,probe_nrmse,-0.04697509119519347,0.13304643747512343,1024,,1,ok
diagnostic_run,within_job,,,,all_physics_factorial-controlled-ganr-no_physics-s29-2ce56d7eb4,probe_gap,-0.4474398849331235,1.470655157863884e-51,1024,,1,ok
diagnostic_run,within_job,,,,all_physics_factorial-controlled-ganr-no_physics-s29-2d86a7dc16,probe_nrmse,-0.03117872607672963,0.31888929332981286,1024,,1,ok
diagnostic_run,within_job,,,,all_physics_factorial-controlled-ganr-no_physics-s29-2d86a7dc16,probe_gap,-0.36748715537765064,4.289553839023314e-34,1024,,1,ok
diagnostic_run,within_job,all_physics_factorial,controlled,ganr,all_physics_factorial-controlled-ganr-no_physics-s29-3be5d40358,probe_nrmse,-0.03117872607672963,0.31888929332981286,1024,,1,ok
diagnostic_run,within_job,all_physics_factorial,controlled,ganr,all_physics_factorial-controlled-ganr-no_physics-s29-3be5d40358,probe_gap,-0.36748715537765064,4.289553839023314e-34,1024,,1,ok
diagnostic_run,within_job,,,,all_physics_factorial-controlled-ganr-no_physics-s29-7c1914d488,probe_nrmse,-0.04697509119519347,0.13304643747512343,1024,,1,ok
diagnostic_run,within_job,,,,all_physics_factorial-controlled-ganr-no_physics-s29-7c1914d488,probe_gap,-0.4474398849331235,1.470655157863884e-51,1024,,1,ok
diagnostic_run,within_job,,,,all_physics_factorial-controlled-ganr-no_physics-s29-7cf8619400,probe_nrmse,-0.1592073309179757,3.037438454782744e-07,1024,,1,ok
diagnostic_run,within_job,,,,all_physics_factorial-controlled-ganr-no_physics-s29-7cf8619400,probe_gap,-0.44856073837754257,7.719597355103864e-52,1024,,1,ok
diagnostic_run,within_job,,,,all_physics_factorial-controlled-ganr-no_physics-s29-cfb4fcf2ea,probe_nrmse,-0.03117872607672963,0.31888929332981286,1024,,1,ok
diagnostic_run,within_job,,,,all_physics_factorial-controlled-ganr-no_physics-s29-cfb4fcf2ea,probe_gap,-0.36748715537765064,4.289553839023314e-34,1024,,1,ok
diagnostic_run,within_job,,,,all_physics_factorial-controlled-ganr-no_physics-s29-e306f31ee2,probe_nrmse,-0.03117872607672963,0.31888929332981286,1024,,1,ok
diagnostic_run,within_job,,,,all_physics_factorial-controlled-ganr-no_physics-s29-e306f31ee2,probe_gap,-0.36748715537765064,4.289553839023314e-34,1024,,1,ok
diagnostic_run,within_job,,,,all_physics_factorial-controlled-ganr-no_physics-s29-f03336e0cb,probe_nrmse,-0.04697509119519347,0.13304643747512343,1024,,1,ok
diagnostic_run,within_job,,,,all_physics_factorial-controlled-ganr-no_physics-s29-f03336e0cb,probe_gap,-0.4474398849331235,1.470655157863884e-51,1024,,1,ok
diagnostic_run,within_job,,,,all_physics_factorial-controlled-ganr-no_physics-s47-0dae64d4f0,probe_nrmse,-0.07232215819683857,0.020639556240959887,1024,,1,ok
diagnostic_run,within_job,,,,all_physics_factorial-controlled-ganr-no_physics-s47-0dae64d4f0,probe_gap,-0.43517719360203133,1.453834598874351e-48,1024,,1,ok
diagnostic_run,within_job,,,,all_physics_factorial-controlled-ganr-no_physics-s47-2c71c58f70,probe_nrmse,-0.0860074498426436,0.005887513515256937,1024,,1,ok
diagnostic_run,within_job,,,,all_physics_factorial-controlled-ganr-no_physics-s47-2c71c58f70,probe_gap,-0.3711274899864101,8.654438557937554e-35,1024,,1,ok
diagnostic_run,within_job,,,,all_physics_factorial-controlled-ganr-no_physics-s47-2e917a1a24,probe_nrmse,-0.18331612741146683,3.439936043181525e-09,1024,,1,ok
diagnostic_run,within_job,,,,all_physics_factorial-controlled-ganr-no_physics-s47-2e917a1a24,probe_gap,-0.48731807040556274,3.4565864746161096e-62,1024,,1,ok
diagnostic_run,within_job,,,,all_physics_factorial-controlled-ganr-no_physics-s47-4ba0a6e438,probe_nrmse,-0.0860074498426436,0.005887513515256937,1024,,1,ok
diagnostic_run,within_job,,,,all_physics_factorial-controlled-ganr-no_physics-s47-4ba0a6e438,probe_gap,-0.3711274899864101,8.654438557937554e-35,1024,,1,ok
diagnostic_run,within_job,,,,all_physics_factorial-controlled-ganr-no_physics-s47-7963c82bea,probe_nrmse,-0.07232215819683857,0.020639556240959887,1024,,1,ok
diagnostic_run,within_job,,,,all_physics_factorial-controlled-ganr-no_physics-s47-7963c82bea,probe_gap,-0.43517719360203133,1.453834598874351e-48,1024,,1,ok
diagnostic_run,within_job,all_physics_factorial,controlled,ganr,all_physics_factorial-controlled-ganr-no_physics-s47-b3c5f566cf,probe_nrmse,-0.0860074498426436,0.005887513515256937,1024,,1,ok
diagnostic_run,within_job,all_physics_factorial,controlled,ganr,all_physics_factorial-controlled-ganr-no_physics-s47-b3c5f566cf,probe_gap,-0.3711274899864101,8.654438557937554e-35,1024,,1,ok
diagnostic_run,within_job,,,,all_physics_factorial-controlled-ganr-no_physics-s47-b53737dd94,probe_nrmse,-0.0860074498426436,0.005887513515256937,1024,,1,ok
diagnostic_run,within_job,,,,all_physics_factorial-controlled-ganr-no_physics-s47-b53737dd94,probe_gap,-0.3711274899864101,8.654438557937554e-35,1024,,1,ok
diagnostic_run,within_job,,,,all_physics_factorial-controlled-ganr-no_physics-s47-d127b1972c,probe_nrmse,-0.0860074498426436,0.005887513515256937,1024,,1,ok
diagnostic_run,within_job,,,,all_physics_factorial-controlled-ganr-no_physics-s47-d127b1972c,probe_gap,-0.3711274899864101,8.654438557937554e-35,1024,,1,ok
diagnostic_run,within_job,,,,all_physics_factorial-controlled-ganr-no_physics-s47-d30180b908,probe_nrmse,-0.07232215819683857,0.020639556240959887,1024,,1,ok
diagnostic_run,within_job,,,,all_physics_factorial-controlled-ganr-no_physics-s47-d30180b908,probe_gap,-0.43517719360203133,1.453834598874351e-48,1024,,1,ok
diagnostic_run,within_job,,,,all_physics_factorial-controlled-ganr-physics-s11-325db0f3f0,probe_nrmse,-0.028546660502832697,0.3614722217632014,1024,,1,ok
diagnostic_run,within_job,,,,all_physics_factorial-controlled-ganr-physics-s11-325db0f3f0,probe_gap,-0.49203573290323616,1.5336411564767768e-63,1024,,1,ok
diagnostic_run,within_job,,,,all_physics_factorial-controlled-ganr-physics-s11-3316b267d0,probe_nrmse,-0.06600147651835939,0.03470613405259882,1024,,1,ok
diagnostic_run,within_job,,,,all_physics_factorial-controlled-ganr-physics-s11-3316b267d0,probe_gap,-0.4663544622678614,2.0008449779721607e-56,1024,,1,ok
diagnostic_run,within_job,,,,all_physics_factorial-controlled-ganr-physics-s11-4568697bd0,probe_nrmse,-0.028546660502832697,0.3614722217632014,1024,,1,ok
diagnostic_run,within_job,,,,all_physics_factorial-controlled-ganr-physics-s11-4568697bd0,probe_gap,-0.49203573290323616,1.5336411564767768e-63,1024,,1,ok
diagnostic_run,within_job,,,,all_physics_factorial-controlled-ganr-physics-s11-615d566dd9,probe_nrmse,-0.06600147651835939,0.03470613405259882,1024,,1,ok
diagnostic_run,within_job,,,,all_physics_factorial-controlled-ganr-physics-s11-615d566dd9,probe_gap,-0.4663544622678614,2.0008449779721607e-56,1024,,1,ok
diagnostic_run,within_job,,,,all_physics_factorial-controlled-ganr-physics-s11-6d1e454f2c,probe_nrmse,-0.028546660502832697,0.3614722217632014,1024,,1,ok
diagnostic_run,within_job,,,,all_physics_factorial-controlled-ganr-physics-s11-6d1e454f2c,probe_gap,-0.49203573290323616,1.5336411564767768e-63,1024,,1,ok
diagnostic_run,within_job,all_physics_factorial,controlled,ganr,all_physics_factorial-controlled-ganr-physics-s11-81af9b4553,probe_nrmse,-0.028546660502832697,0.3614722217632014,1024,,1,ok
diagnostic_run,within_job,all_physics_factorial,controlled,ganr,all_physics_factorial-controlled-ganr-physics-s11-81af9b4553,probe_gap,-0.49203573290323616,1.5336411564767768e-63,1024,,1,ok
diagnostic_run,within_job,,,,all_physics_factorial-controlled-ganr-physics-s11-8b13f8f8c4,probe_nrmse,-0.14306289842420156,4.305091601521287e-06,1024,,1,ok
diagnostic_run,within_job,,,,all_physics_factorial-controlled-ganr-physics-s11-8b13f8f8c4,probe_gap,-0.4465787919935191,2.409055359952111e-51,1024,,1,ok
diagnostic_run,within_job,,,,all_physics_factorial-controlled-ganr-physics-s11-bdb834a6ea,probe_nrmse,-0.06600147651835939,0.03470613405259882,1024,,1,ok
diagnostic_run,within_job,,,,all_physics_factorial-controlled-ganr-physics-s11-bdb834a6ea,probe_gap,-0.4663544622678614,2.0008449779721607e-56,1024,,1,ok
diagnostic_run,within_job,,,,all_physics_factorial-controlled-ganr-physics-s11-e9e5bbb70c,probe_nrmse,-0.014418496531006367,0.6449045722947576,1024,,1,ok
diagnostic_run,within_job,,,,all_physics_factorial-controlled-ganr-physics-s11-e9e5bbb70c,probe_gap,-0.48330469699949935,4.710459411350751e-61,1024,,1,ok
diagnostic_run,within_job,,,,all_physics_factorial-controlled-ganr-physics-s29-2386011c02,probe_nrmse,-0.09674513093871015,0.001939551843663366,1024,,1,ok
diagnostic_run,within_job,,,,all_physics_factorial-controlled-ganr-physics-s29-2386011c02,probe_gap,-0.4661844156416084,2.2199260469724755e-56,1024,,1,ok
diagnostic_run,within_job,,,,all_physics_factorial-controlled-ganr-physics-s29-54e94dc2c4,probe_nrmse,-0.09133569158219017,0.00344136931906866,1024,,1,ok
diagnostic_run,within_job,,,,all_physics_factorial-controlled-ganr-physics-s29-54e94dc2c4,probe_gap,-0.4507712165772477,2.1502501117059594e-52,1024,,1,ok
diagnostic_run,within_job,,,,all_physics_factorial-controlled-ganr-physics-s29-559c2a2898,probe_nrmse,-0.09133569158219017,0.00344136931906866,1024,,1,ok
diagnostic_run,within_job,,,,all_physics_factorial-controlled-ganr-physics-s29-559c2a2898,probe_gap,-0.4507712165772477,2.1502501117059594e-52,1024,,1,ok
diagnostic_run,within_job,,,,all_physics_factorial-controlled-ganr-physics-s29-60811f8fa0,probe_nrmse,-0.20632282550296208,2.6266097274592672e-11,1024,,1,ok
diagnostic_run,within_job,,,,all_physics_factorial-controlled-ganr-physics-s29-60811f8fa0,probe_gap,-0.4574232461257116,4.336656593813444e-54,1024,,1,ok
diagnostic_run,within_job,,,,all_physics_factorial-controlled-ganr-physics-s29-70306f229a,probe_nrmse,-0.09674513093871015,0.001939551843663366,1024,,1,ok
diagnostic_run,within_job,,,,all_physics_factorial-controlled-ganr-physics-s29-70306f229a,probe_gap,-0.4661844156416084,2.2199260469724755e-56,1024,,1,ok
diagnostic_run,within_job,,,,all_physics_factorial-controlled-ganr-physics-s29-75dc6555a1,probe_nrmse,-0.09674513093871015,0.001939551843663366,1024,,1,ok
diagnostic_run,within_job,,,,all_physics_factorial-controlled-ganr-physics-s29-75dc6555a1,probe_gap,-0.4661844156416084,2.2199260469724755e-56,1024,,1,ok
diagnostic_run,within_job,,,,all_physics_factorial-controlled-ganr-physics-s29-7e2369bf81,probe_nrmse,-0.09133569158219017,0.00344136931906866,1024,,1,ok
diagnostic_run,within_job,,,,all_physics_factorial-controlled-ganr-physics-s29-7e2369bf81,probe_gap,-0.4507712165772477,2.1502501117059594e-52,1024,,1,ok
diagnostic_run,within_job,,,,all_physics_factorial-controlled-ganr-physics-s29-af68b9470f,probe_nrmse,-0.050036422477583546,0.10955149943916631,1024,,1,ok
diagnostic_run,within_job,,,,all_physics_factorial-controlled-ganr-physics-s29-af68b9470f,probe_gap,-0.4762959342039417,4.152748173257659e-59,1024,,1,ok
diagnostic_run,within_job,all_physics_factorial,controlled,ganr,all_physics_factorial-controlled-ganr-physics-s29-fc72ad83cb,probe_nrmse,-0.09674513093871015,0.001939551843663366,1024,,1,ok
diagnostic_run,within_job,all_physics_factorial,controlled,ganr,all_physics_factorial-controlled-ganr-physics-s29-fc72ad83cb,probe_gap,-0.4661844156416084,2.2199260469724755e-56,1024,,1,ok
diagnostic_run,within_job,,,,all_physics_factorial-controlled-ganr-physics-s47-1e9670b8a0,probe_nrmse,-0.13326165458101233,1.8836042255137632e-05,1024,,1,ok
diagnostic_run,within_job,,,,all_physics_factorial-controlled-ganr-physics-s47-1e9670b8a0,probe_gap,-0.45278674465331015,6.649169141975142e-53,1024,,1,ok
diagnostic_run,within_job,,,,all_physics_factorial-controlled-ganr-physics-s47-4cfd0df4b6,probe_nrmse,-0.09676337529504327,0.0019357106460002806,1024,,1,ok
diagnostic_run,within_job,,,,all_physics_factorial-controlled-ganr-physics-s47-4cfd0df4b6,probe_gap,-0.4818939207674702,1.17020500218726e-60,1024,,1,ok
diagnostic_run,within_job,,,,all_physics_factorial-controlled-ganr-physics-s47-582a2f1f70,probe_nrmse,-0.08457442825468053,0.006770449727747792,1024,,1,ok
diagnostic_run,within_job,,,,all_physics_factorial-controlled-ganr-physics-s47-582a2f1f70,probe_gap,-0.45015659771005234,3.0707557905107124e-52,1024,,1,ok
diagnostic_run,within_job,,,,all_physics_factorial-controlled-ganr-physics-s47-6950332162,probe_nrmse,-0.07130230312567055,0.02250164665829709,1024,,1,ok
diagnostic_run,within_job,,,,all_physics_factorial-controlled-ganr-physics-s47-6950332162,probe_gap,-0.4858906283527645,8.787317584424434e-62,1024,,1,ok
diagnostic_run,within_job,,,,all_physics_factorial-controlled-ganr-physics-s47-749be29d9f,probe_nrmse,-0.09676337529504327,0.0019357106460002806,1024,,1,ok
diagnostic_run,within_job,,,,all_physics_factorial-controlled-ganr-physics-s47-749be29d9f,probe_gap,-0.4818939207674702,1.17020500218726e-60,1024,,1,ok
diagnostic_run,within_job,,,,all_physics_factorial-controlled-ganr-physics-s47-771f90f554,probe_nrmse,-0.07130230312567055,0.02250164665829709,1024,,1,ok
diagnostic_run,within_job,,,,all_physics_factorial-controlled-ganr-physics-s47-771f90f554,probe_gap,-0.4858906283527645,8.787317584424434e-62,1024,,1,ok
diagnostic_run,within_job,,,,all_physics_factorial-controlled-ganr-physics-s47-83f59589cb,probe_nrmse,-0.09676337529504327,0.0019357106460002806,1024,,1,ok
diagnostic_run,within_job,,,,all_physics_factorial-controlled-ganr-physics-s47-83f59589cb,probe_gap,-0.4818939207674702,1.17020500218726e-60,1024,,1,ok
diagnostic_run,within_job,all_physics_factorial,controlled,ganr,all_physics_factorial-controlled-ganr-physics-s47-86bb7fc230,probe_nrmse,-0.09676337529504327,0.0019357106460002806,1024,,1,ok
diagnostic_run,within_job,all_physics_factorial,controlled,ganr,all_physics_factorial-controlled-ganr-physics-s47-86bb7fc230,probe_gap,-0.4818939207674702,1.17020500218726e-60,1024,,1,ok
diagnostic_run,within_job,,,,all_physics_factorial-controlled-ganr-physics-s47-f8da76abcc,probe_nrmse,-0.07130230312567055,0.02250164665829709,1024,,1,ok
diagnostic_run,within_job,,,,all_physics_factorial-controlled-ganr-physics-s47-f8da76abcc,probe_gap,-0.4858906283527645,8.787317584424434e-62,1024,,1,ok
diagnostic_run,within_job,all_physics_factorial,controlled,gelu,all_physics_factorial-controlled-gelu-no_physics-s11-52d2dee6d4,probe_nrmse,-0.09119681397968671,0.0034910924817776363,1024,,1,ok
diagnostic_run,within_job,all_physics_factorial,controlled,gelu,all_physics_factorial-controlled-gelu-no_physics-s11-52d2dee6d4,probe_gap,-0.3689384700665188,2.2716018143233953e-34,1024,,1,ok
diagnostic_run,within_job,,,,all_physics_factorial-controlled-gelu-no_physics-s11-6555c4cc0e,probe_nrmse,-0.14997136864850655,1.4319205893567015e-06,1024,,1,ok
diagnostic_run,within_job,,,,all_physics_factorial-controlled-gelu-no_physics-s11-6555c4cc0e,probe_gap,-0.37571962933836234,1.1156139063136992e-35,1024,,1,ok
diagnostic_run,within_job,all_physics_factorial,controlled,gelu,all_physics_factorial-controlled-gelu-no_physics-s29-5c679aafeb,probe_nrmse,-0.08596820597476096,0.005910241927768829,1024,,1,ok
diagnostic_run,within_job,all_physics_factorial,controlled,gelu,all_physics_factorial-controlled-gelu-no_physics-s29-5c679aafeb,probe_gap,-0.4024605502625789,3.755482099585268e-41,1024,,1,ok
diagnostic_run,within_job,,,,all_physics_factorial-controlled-gelu-no_physics-s29-fb74e67f56,probe_nrmse,-0.11318561302608011,0.00028431869702239156,1024,,1,ok
diagnostic_run,within_job,,,,all_physics_factorial-controlled-gelu-no_physics-s29-fb74e67f56,probe_gap,-0.3944059146922939,1.8905671967471285e-39,1024,,1,ok
diagnostic_run,within_job,all_physics_factorial,controlled,gelu,all_physics_factorial-controlled-gelu-no_physics-s47-5c7581031e,probe_nrmse,-0.08561799296148007,0.006116593781100788,1024,,1,ok
diagnostic_run,within_job,all_physics_factorial,controlled,gelu,all_physics_factorial-controlled-gelu-no_physics-s47-5c7581031e,probe_gap,-0.40660500301359037,4.79198760794496e-42,1024,,1,ok
diagnostic_run,within_job,,,,all_physics_factorial-controlled-gelu-no_physics-s47-77842df8e8,probe_nrmse,-0.12793061860700802,4.031611856625317e-05,1024,,1,ok
diagnostic_run,within_job,,,,all_physics_factorial-controlled-gelu-no_physics-s47-77842df8e8,probe_gap,-0.37492463753780036,1.5943025501261397e-35,1024,,1,ok
diagnostic_run,within_job,,,,all_physics_factorial-controlled-gelu-physics-s11-31b39b4475,probe_nrmse,-0.20180467632916066,7.17154010736491e-11,1024,,1,ok
diagnostic_run,within_job,,,,all_physics_factorial-controlled-gelu-physics-s11-31b39b4475,probe_gap,-0.4335996576648656,3.4591536859203344e-48,1024,,1,ok
diagnostic_run,within_job,all_physics_factorial,controlled,gelu,all_physics_factorial-controlled-gelu-physics-s11-d576a2f3d0,probe_nrmse,-0.13197542647164007,2.269305570258778e-05,1024,,1,ok
diagnostic_run,within_job,all_physics_factorial,controlled,gelu,all_physics_factorial-controlled-gelu-physics-s11-d576a2f3d0,probe_gap,-0.3553424290108003,7.723152582553481e-32,1024,,1,ok
diagnostic_run,within_job,,,,all_physics_factorial-controlled-gelu-physics-s29-0d2d4abe55,probe_nrmse,-0.10340635310702459,0.0009202122969919759,1024,,1,ok
diagnostic_run,within_job,,,,all_physics_factorial-controlled-gelu-physics-s29-0d2d4abe55,probe_gap,-0.43098639009801915,1.4395393962245038e-47,1024,,1,ok
diagnostic_run,within_job,all_physics_factorial,controlled,gelu,all_physics_factorial-controlled-gelu-physics-s29-11eb652692,probe_nrmse,-0.1274415948430012,4.316766433095307e-05,1024,,1,ok
diagnostic_run,within_job,all_physics_factorial,controlled,gelu,all_physics_factorial-controlled-gelu-physics-s29-11eb652692,probe_gap,-0.3648321159073027,1.3608900286772828e-33,1024,,1,ok
diagnostic_run,within_job,all_physics_factorial,controlled,gelu,all_physics_factorial-controlled-gelu-physics-s47-8316d506d7,probe_nrmse,-0.14975911504899506,1.482286902787234e-06,1024,,1,ok
diagnostic_run,within_job,all_physics_factorial,controlled,gelu,all_physics_factorial-controlled-gelu-physics-s47-8316d506d7,probe_gap,-0.3918945354409556,6.276071735642681e-39,1024,,1,ok
diagnostic_run,within_job,,,,all_physics_factorial-controlled-gelu-physics-s47-a6f2f5ed4b,probe_nrmse,-0.20107598649807099,8.414384672562723e-11,1024,,1,ok
diagnostic_run,within_job,,,,all_physics_factorial-controlled-gelu-physics-s47-a6f2f5ed4b,probe_gap,-0.44910316469981343,5.646198079777899e-52,1024,,1,ok
diagnostic_run,within_job,all_physics_factorial,controlled,relu,all_physics_factorial-controlled-relu-no_physics-s11-bc5fa8c504,probe_nrmse,-0.0016337015413775838,0.9583576743233095,1024,,1,ok
diagnostic_run,within_job,all_physics_factorial,controlled,relu,all_physics_factorial-controlled-relu-no_physics-s11-bc5fa8c504,probe_gap,-0.06343242614977468,0.04241732135208437,1024,,1,ok
diagnostic_run,within_job,,,,all_physics_factorial-controlled-relu-no_physics-s11-e241c0b8a1,probe_nrmse,-0.0009558731492740146,0.9756279488203883,1024,,1,ok
diagnostic_run,within_job,,,,all_physics_factorial-controlled-relu-no_physics-s11-e241c0b8a1,probe_gap,-0.06844895527859236,0.028505350678116617,1024,,1,ok
diagnostic_run,within_job,all_physics_factorial,controlled,relu,all_physics_factorial-controlled-relu-no_physics-s29-baf940d734,probe_nrmse,-0.060253178420713815,0.05391757653890304,1024,,1,ok
diagnostic_run,within_job,all_physics_factorial,controlled,relu,all_physics_factorial-controlled-relu-no_physics-s29-baf940d734,probe_gap,-0.11700065043630639,0.00017519010102846235,1024,,1,ok
diagnostic_run,within_job,,,,all_physics_factorial-controlled-relu-no_physics-s29-e9cf3a3832,probe_nrmse,0.012216691402617837,0.6961881378412954,1024,,1,ok
diagnostic_run,within_job,,,,all_physics_factorial-controlled-relu-no_physics-s29-e9cf3a3832,probe_gap,-0.05765961394034761,0.06512652114342769,1024,,1,ok
diagnostic_run,within_job,,,,all_physics_factorial-controlled-relu-no_physics-s47-2a97623db1,probe_nrmse,-0.03399351696608767,0.2771349259428402,1024,,1,ok
diagnostic_run,within_job,,,,all_physics_factorial-controlled-relu-no_physics-s47-2a97623db1,probe_gap,-0.08954891931893318,0.0041329922770568855,1024,,1,ok
diagnostic_run,within_job,all_physics_factorial,controlled,relu,all_physics_factorial-controlled-relu-no_physics-s47-525aea2d61,probe_nrmse,-0.011997118857735497,0.701384133398806,1024,,1,ok
diagnostic_run,within_job,all_physics_factorial,controlled,relu,all_physics_factorial-controlled-relu-no_physics-s47-525aea2d61,probe_gap,-0.09584253853443958,0.0021385417191234417,1024,,1,ok
diagnostic_run,within_job,,,,all_physics_factorial-controlled-relu-physics-s11-7984e15dc4,probe_nrmse,-0.06517049924898075,0.037057888764848515,1024,,1,ok
diagnostic_run,within_job,,,,all_physics_factorial-controlled-relu-physics-s11-7984e15dc4,probe_gap,-0.057037933177169015,0.06808104842569723,1024,,1,ok
diagnostic_run,within_job,all_physics_factorial,controlled,relu,all_physics_factorial-controlled-relu-physics-s11-e61c3e5ad1,probe_nrmse,-0.02056215801802446,0.5110170417570932,1024,,1,ok
diagnostic_run,within_job,all_physics_factorial,controlled,relu,all_physics_factorial-controlled-relu-physics-s11-e61c3e5ad1,probe_gap,-0.002001600386238466,0.9489916898234362,1024,,1,ok
diagnostic_run,within_job,all_physics_factorial,controlled,relu,all_physics_factorial-controlled-relu-physics-s29-623216160f,probe_nrmse,-0.03526669006151204,0.25952841944242283,1024,,1,ok
diagnostic_run,within_job,all_physics_factorial,controlled,relu,all_physics_factorial-controlled-relu-physics-s29-623216160f,probe_gap,0.0233093908697518,0.45621688822238027,1024,,1,ok
diagnostic_run,within_job,,,,all_physics_factorial-controlled-relu-physics-s29-cd5b25c60b,probe_nrmse,0.02001925604391674,0.5222389939279533,1024,,1,ok
diagnostic_run,within_job,,,,all_physics_factorial-controlled-relu-physics-s29-cd5b25c60b,probe_gap,0.003736655997425076,0.9049367833632116,1024,,1,ok
diagnostic_run,within_job,all_physics_factorial,controlled,relu,all_physics_factorial-controlled-relu-physics-s47-0be6c06b3a,probe_nrmse,-0.05372374785423074,0.08574169567131579,1024,,1,ok
diagnostic_run,within_job,all_physics_factorial,controlled,relu,all_physics_factorial-controlled-relu-physics-s47-0be6c06b3a,probe_gap,0.01806577900364781,0.5636382337676076,1024,,1,ok
diagnostic_run,within_job,,,,all_physics_factorial-controlled-relu-physics-s47-fde39f545e,probe_nrmse,-0.04679551713039124,0.13453710551162174,1024,,1,ok
diagnostic_run,within_job,,,,all_physics_factorial-controlled-relu-physics-s47-fde39f545e,probe_gap,-0.12108238412846002,0.000102666147586293,1024,,1,ok
diagnostic_run,within_job,,,,all_physics_factorial-controlled-resmlp-no_physics-s11-85a3a44e5e,probe_nrmse,-0.1986730831053812,1.4192411945567011e-10,1024,,1,ok
diagnostic_run,within_job,,,,all_physics_factorial-controlled-resmlp-no_physics-s11-85a3a44e5e,probe_gap,-0.42326814305613497,9.031775612546261e-46,1024,,1,ok
diagnostic_run,within_job,all_physics_factorial,controlled,resmlp,all_physics_factorial-controlled-resmlp-no_physics-s11-c1d9af7cb8,probe_nrmse,-0.09287143094239185,0.0029328769121507044,1024,,1,ok
diagnostic_run,within_job,all_physics_factorial,controlled,resmlp,all_physics_factorial-controlled-resmlp-no_physics-s11-c1d9af7cb8,probe_gap,-0.34469682261136103,6.104357701258775e-30,1024,,1,ok
diagnostic_run,within_job,all_physics_factorial,controlled,resmlp,all_physics_factorial-controlled-resmlp-no_physics-s29-45ce25e1ca,probe_nrmse,-0.04849103274360645,0.12096638002103031,1024,,1,ok
diagnostic_run,within_job,all_physics_factorial,controlled,resmlp,all_physics_factorial-controlled-resmlp-no_physics-s29-45ce25e1ca,probe_gap,-0.319630543905739,9.387763747947383e-26,1024,,1,ok
diagnostic_run,within_job,,,,all_physics_factorial-controlled-resmlp-no_physics-s29-86c45f4821,probe_nrmse,-0.12663879809719103,4.826704343236296e-05,1024,,1,ok
diagnostic_run,within_job,,,,all_physics_factorial-controlled-resmlp-no_physics-s29-86c45f4821,probe_gap,-0.3849684012704977,1.6279316712305822e-37,1024,,1,ok
diagnostic_run,within_job,all_physics_factorial,controlled,resmlp,all_physics_factorial-controlled-resmlp-no_physics-s47-0bd65f64b8,probe_nrmse,-0.04627194968993606,0.1389569373269346,1024,,1,ok
diagnostic_run,within_job,all_physics_factorial,controlled,resmlp,all_physics_factorial-controlled-resmlp-no_physics-s47-0bd65f64b8,probe_gap,-0.3368858704273091,1.3557820164160554e-28,1024,,1,ok
diagnostic_run,within_job,,,,all_physics_factorial-controlled-resmlp-no_physics-s47-5cd80ff87e,probe_nrmse,-0.11390418246191258,0.0002598263907775927,1024,,1,ok
diagnostic_run,within_job,,,,all_physics_factorial-controlled-resmlp-no_physics-s47-5cd80ff87e,probe_gap,-0.4101877771618625,7.894212619823158e-43,1024,,1,ok
diagnostic_run,within_job,,,,all_physics_factorial-controlled-resmlp-physics-s11-12886625bc,probe_nrmse,-0.2239916902403029,4.12763858673557e-13,1024,,1,ok
diagnostic_run,within_job,,,,all_physics_factorial-controlled-resmlp-physics-s11-12886625bc,probe_gap,-0.41840223567476126,1.1621160874326605e-44,1024,,1,ok
diagnostic_run,within_job,all_physics_factorial,controlled,resmlp,all_physics_factorial-controlled-resmlp-physics-s11-51e0764487,probe_nrmse,-0.04666539101428607,0.13562533201613583,1024,,1,ok
diagnostic_run,within_job,all_physics_factorial,controlled,resmlp,all_physics_factorial-controlled-resmlp-physics-s11-51e0764487,probe_gap,-0.2986197300053406,1.5464027160450422e-22,1024,,1,ok
diagnostic_run,within_job,,,,all_physics_factorial-controlled-resmlp-physics-s29-460598b6a0,probe_nrmse,-0.14706155381371802,2.29054224417536e-06,1024,,1,ok
diagnostic_run,within_job,,,,all_physics_factorial-controlled-resmlp-physics-s29-460598b6a0,probe_gap,-0.3959757170333168,8.883297727766951e-40,1024,,1,ok
diagnostic_run,within_job,all_physics_factorial,controlled,resmlp,all_physics_factorial-controlled-resmlp-physics-s29-65d5037c9d,probe_nrmse,-0.03440245914097703,0.27139327377267314,1024,,1,ok
diagnostic_run,within_job,all_physics_factorial,controlled,resmlp,all_physics_factorial-controlled-resmlp-physics-s29-65d5037c9d,probe_gap,-0.3605282392175094,8.642889670977174e-33,1024,,1,ok
diagnostic_run,within_job,all_physics_factorial,controlled,resmlp,all_physics_factorial-controlled-resmlp-physics-s47-dca6d071fb,probe_nrmse,-0.08897459101288462,0.0043806984131793845,1024,,1,ok
diagnostic_run,within_job,all_physics_factorial,controlled,resmlp,all_physics_factorial-controlled-resmlp-physics-s47-dca6d071fb,probe_gap,-0.30511129672139475,1.6718721633056957e-23,1024,,1,ok
diagnostic_run,within_job,,,,all_physics_factorial-controlled-resmlp-physics-s47-f9ba2f7ea0,probe_nrmse,-0.1968766316787068,2.0890082316652915e-10,1024,,1,ok
diagnostic_run,within_job,,,,all_physics_factorial-controlled-resmlp-physics-s47-f9ba2f7ea0,probe_gap,-0.4093945913203633,1.1790310222018758e-42,1024,,1,ok
diagnostic_run,within_job,,,,all_physics_factorial-controlled-silu-no_physics-s11-3251345883,probe_nrmse,-0.15709313085616192,4.3665777365162294e-07,1024,,1,ok
diagnostic_run,within_job,,,,all_physics_factorial-controlled-silu-no_physics-s11-3251345883,probe_gap,-0.4051480804305843,9.914768130120567e-42,1024,,1,ok
diagnostic_run,within_job,all_physics_factorial,controlled,silu,all_physics_factorial-controlled-silu-no_physics-s11-80f2ac140a,probe_nrmse,-0.13712208274355644,1.0658600080663274e-05,1024,,1,ok
diagnostic_run,within_job,all_physics_factorial,controlled,silu,all_physics_factorial-controlled-silu-no_physics-s11-80f2ac140a,probe_gap,-0.38088457874126364,1.0704595034582702e-36,1024,,1,ok
diagnostic_run,within_job,all_physics_factorial,controlled,silu,all_physics_factorial-controlled-silu-no_physics-s29-617dd3e5ba,probe_nrmse,-0.12238701183749372,8.623754986438053e-05,1024,,1,ok
diagnostic_run,within_job,all_physics_factorial,controlled,silu,all_physics_factorial-controlled-silu-no_physics-s29-617dd3e5ba,probe_gap,-0.38273745395536796,4.569859690300406e-37,1024,,1,ok
diagnostic_run,within_job,,,,all_physics_factorial-controlled-silu-no_physics-s29-c0092eb21c,probe_nrmse,-0.15335416145125527,8.200614601740921e-07,1024,,1,ok
diagnostic_run,within_job,,,,all_physics_factorial-controlled-silu-no_physics-s29-c0092eb21c,probe_gap,-0.3728206025141263,4.081943335688905e-35,1024,,1,ok
diagnostic_run,within_job,,,,all_physics_factorial-controlled-silu-no_physics-s47-47e63444c6,probe_nrmse,-0.1465992239467849,2.4660226180585417e-06,1024,,1,ok
diagnostic_run,within_job,,,,all_physics_factorial-controlled-silu-no_physics-s47-47e63444c6,probe_gap,-0.4343343756705529,2.3114691355373175e-48,1024,,1,ok
diagnostic_run,within_job,all_physics_factorial,controlled,silu,all_physics_factorial-controlled-silu-no_physics-s47-4a2bbf9f46,probe_nrmse,-0.11473736678349189,0.00023390419238335068,1024,,1,ok
diagnostic_run,within_job,all_physics_factorial,controlled,silu,all_physics_factorial-controlled-silu-no_physics-s47-4a2bbf9f46,probe_gap,-0.41263891620771037,2.2696690490556005e-43,1024,,1,ok
diagnostic_run,within_job,,,,all_physics_factorial-controlled-silu-physics-s11-1255ac12ec,probe_nrmse,-0.21929096977198387,1.2909378648671162e-12,1024,,1,ok
diagnostic_run,within_job,,,,all_physics_factorial-controlled-silu-physics-s11-1255ac12ec,probe_gap,-0.44125023715919287,4.949741897513705e-50,1024,,1,ok
diagnostic_run,within_job,all_physics_factorial,controlled,silu,all_physics_factorial-controlled-silu-physics-s11-fe0370e131,probe_nrmse,-0.17681019106287102,1.2268787377862449e-08,1024,,1,ok
diagnostic_run,within_job,all_physics_factorial,controlled,silu,all_physics_factorial-controlled-silu-physics-s11-fe0370e131,probe_gap,-0.36766259790072237,3.972951418154663e-34,1024,,1,ok
diagnostic_run,within_job,,,,all_physics_factorial-controlled-silu-physics-s29-9c23df14f6,probe_nrmse,-0.1660889727746835,9.015558428821217e-08,1024,,1,ok
diagnostic_run,within_job,,,,all_physics_factorial-controlled-silu-physics-s29-9c23df14f6,probe_gap,-0.4050365574402217,1.0480669351432155e-41,1024,,1,ok
diagnostic_run,within_job,all_physics_factorial,controlled,silu,all_physics_factorial-controlled-silu-physics-s29-b1c027a2eb,probe_nrmse,-0.160168733907202,2.571216428273456e-07,1024,,1,ok
diagnostic_run,within_job,all_physics_factorial,controlled,silu,all_physics_factorial-controlled-silu-physics-s29-b1c027a2eb,probe_gap,-0.38519838414968965,1.4629444028927835e-37,1024,,1,ok
diagnostic_run,within_job,,,,all_physics_factorial-controlled-silu-physics-s47-375335b534,probe_nrmse,-0.20963302875330805,1.2398891026683926e-11,1024,,1,ok
diagnostic_run,within_job,,,,all_physics_factorial-controlled-silu-physics-s47-375335b534,probe_gap,-0.4014365142872469,6.218070867677878e-41,1024,,1,ok
diagnostic_run,within_job,all_physics_factorial,controlled,silu,all_physics_factorial-controlled-silu-physics-s47-63731e0ed2,probe_nrmse,-0.17440075530631066,1.9417950495923533e-08,1024,,1,ok
diagnostic_run,within_job,all_physics_factorial,controlled,silu,all_physics_factorial-controlled-silu-physics-s47-63731e0ed2,probe_gap,-0.377979368143539,4.021676539825572e-36,1024,,1,ok
diagnostic_run,within_job,all_physics_factorial,controlled,swiglu,all_physics_factorial-controlled-swiglu-no_physics-s11-307224f249,probe_nrmse,-0.04689518364208569,0.13370817647367148,1024,,1,ok
diagnostic_run,within_job,all_physics_factorial,controlled,swiglu,all_physics_factorial-controlled-swiglu-no_physics-s11-307224f249,probe_gap,-0.32530980661254555,1.142465641716063e-26,1024,,1,ok
diagnostic_run,within_job,,,,all_physics_factorial-controlled-swiglu-no_physics-s11-c2243ba136,probe_nrmse,-0.11333898492077134,0.00027891644479719846,1024,,1,ok
diagnostic_run,within_job,,,,all_physics_factorial-controlled-swiglu-no_physics-s11-c2243ba136,probe_gap,-0.41166542543134826,3.7282243208421334e-43,1024,,1,ok
diagnostic_run,within_job,all_physics_factorial,controlled,swiglu,all_physics_factorial-controlled-swiglu-no_physics-s29-a6c85d3bec,probe_nrmse,-0.02440847176525284,0.43525353851599835,1024,,1,ok
diagnostic_run,within_job,all_physics_factorial,controlled,swiglu,all_physics_factorial-controlled-swiglu-no_physics-s29-a6c85d3bec,probe_gap,-0.42243224063014084,1.4049629344847148e-45,1024,,1,ok
diagnostic_run,within_job,,,,all_physics_factorial-controlled-swiglu-no_physics-s29-e74e9bc43c,probe_nrmse,-0.17062449756204986,3.937168636757984e-08,1024,,1,ok
diagnostic_run,within_job,,,,all_physics_factorial-controlled-swiglu-no_physics-s29-e74e9bc43c,probe_gap,-0.4049863386163206,1.0745859797298251e-41,1024,,1,ok
diagnostic_run,within_job,all_physics_factorial,controlled,swiglu,all_physics_factorial-controlled-swiglu-no_physics-s47-27e2695e3d,probe_nrmse,0.04195262779048527,0.17977926547309017,1024,,1,ok
diagnostic_run,within_job,all_physics_factorial,controlled,swiglu,all_physics_factorial-controlled-swiglu-no_physics-s47-27e2695e3d,probe_gap,-0.376574867165078,7.58969058124252e-36,1024,,1,ok
diagnostic_run,within_job,,,,all_physics_factorial-controlled-swiglu-no_physics-s47-d4506fbe72,probe_nrmse,-0.14575949300210153,2.8182235204121287e-06,1024,,1,ok
diagnostic_run,within_job,,,,all_physics_factorial-controlled-swiglu-no_physics-s47-d4506fbe72,probe_gap,-0.4279121960369016,7.582004970618889e-47,1024,,1,ok
diagnostic_run,within_job,all_physics_factorial,controlled,swiglu,all_physics_factorial-controlled-swiglu-physics-s11-011b3cf098,probe_nrmse,-0.0371378288981973,0.23508225154960366,1024,,1,ok
diagnostic_run,within_job,all_physics_factorial,controlled,swiglu,all_physics_factorial-controlled-swiglu-physics-s11-011b3cf098,probe_gap,-0.3162070575586037,3.270026318724103e-25,1024,,1,ok
diagnostic_run,within_job,,,,all_physics_factorial-controlled-swiglu-physics-s11-87843d3728,probe_nrmse,-0.2554177768042343,1.0283905749013571e-16,1024,,1,ok
diagnostic_run,within_job,,,,all_physics_factorial-controlled-swiglu-physics-s11-87843d3728,probe_gap,-0.45364870180959865,4.015457471221384e-53,1024,,1,ok
diagnostic_run,within_job,all_physics_factorial,controlled,swiglu,all_physics_factorial-controlled-swiglu-physics-s29-5f857ec659,probe_nrmse,0.00697965656230905,0.8234740758021442,1024,,1,ok
diagnostic_run,within_job,all_physics_factorial,controlled,swiglu,all_physics_factorial-controlled-swiglu-physics-s29-5f857ec659,probe_gap,-0.3251656274731265,1.2058894189692295e-26,1024,,1,ok
diagnostic_run,within_job,,,,all_physics_factorial-controlled-swiglu-physics-s29-caf38d7f30,probe_nrmse,-0.2049482791654091,3.574151780892012e-11,1024,,1,ok
diagnostic_run,within_job,,,,all_physics_factorial-controlled-swiglu-physics-s29-caf38d7f30,probe_gap,-0.3615117299902084,5.679130033825904e-33,1024,,1,ok
diagnostic_run,within_job,,,,all_physics_factorial-controlled-swiglu-physics-s47-3de0bd560d,probe_nrmse,-0.19978360308004728,1.1155353028731743e-10,1024,,1,ok
diagnostic_run,within_job,,,,all_physics_factorial-controlled-swiglu-physics-s47-3de0bd560d,probe_gap,-0.4598739846142252,1.007047645482267e-54,1024,,1,ok
diagnostic_run,within_job,all_physics_factorial,controlled,swiglu,all_physics_factorial-controlled-swiglu-physics-s47-c7df09cb8f,probe_nrmse,-0.007878292414705671,0.8011946168393441,1024,,1,ok
diagnostic_run,within_job,all_physics_factorial,controlled,swiglu,all_physics_factorial-controlled-swiglu-physics-s47-c7df09cb8f,probe_gap,-0.3360498623131392,1.87949018168757e-28,1024,,1,ok
diagnostic_run,within_job,all_physics_factorial,duffing,fourier,all_physics_factorial-duffing-fourier-no_physics-s11-03a5ae3a8b,probe_nrmse,-0.019278932122165793,0.5377430004961044,1024,,1,ok
diagnostic_run,within_job,all_physics_factorial,duffing,fourier,all_physics_factorial-duffing-fourier-no_physics-s11-03a5ae3a8b,probe_gap,-0.11280046357556683,0.0002983195725747371,1024,,1,ok
diagnostic_run,within_job,,,,all_physics_factorial-duffing-fourier-no_physics-s11-226379facf,probe_nrmse,-0.02379677106430155,0.44685162487733376,1024,,1,ok
diagnostic_run,within_job,,,,all_physics_factorial-duffing-fourier-no_physics-s11-226379facf,probe_gap,-0.11081842098204706,0.0003811451894260938,1024,,1,ok
diagnostic_run,within_job,,,,all_physics_factorial-duffing-fourier-no_physics-s29-04ea34f9ac,probe_nrmse,0.04651173914598383,0.13691902719662846,1024,,1,ok
diagnostic_run,within_job,,,,all_physics_factorial-duffing-fourier-no_physics-s29-04ea34f9ac,probe_gap,-0.1898223146591803,9.203507918638245e-10,1024,,1,ok
diagnostic_run,within_job,all_physics_factorial,duffing,fourier,all_physics_factorial-duffing-fourier-no_physics-s29-4d0e7ad4de,probe_nrmse,0.04838632563836635,0.12177220627512088,1024,,1,ok
diagnostic_run,within_job,all_physics_factorial,duffing,fourier,all_physics_factorial-duffing-fourier-no_physics-s29-4d0e7ad4de,probe_gap,-0.19133875885129817,6.72285951185627e-10,1024,,1,ok
diagnostic_run,within_job,,,,all_physics_factorial-duffing-fourier-no_physics-s47-5a64a239ac,probe_nrmse,0.06606735256777053,0.034525267803634976,1024,,1,ok
diagnostic_run,within_job,,,,all_physics_factorial-duffing-fourier-no_physics-s47-5a64a239ac,probe_gap,-0.15179313666762034,1.0622041824156883e-06,1024,,1,ok
diagnostic_run,within_job,all_physics_factorial,duffing,fourier,all_physics_factorial-duffing-fourier-no_physics-s47-9dcc8ccdda,probe_nrmse,0.07293169077676846,0.019591928962632177,1024,,1,ok
diagnostic_run,within_job,all_physics_factorial,duffing,fourier,all_physics_factorial-duffing-fourier-no_physics-s47-9dcc8ccdda,probe_gap,-0.15173543559115943,1.0723579476469423e-06,1024,,1,ok
diagnostic_run,within_job,,,,all_physics_factorial-duffing-fourier-physics-s11-4d5fec8431,probe_nrmse,-0.0391414911308204,0.21076032514488693,1024,,1,ok
diagnostic_run,within_job,,,,all_physics_factorial-duffing-fourier-physics-s11-4d5fec8431,probe_gap,-0.1736436056076103,2.2402421583689302e-08,1024,,1,ok
diagnostic_run,within_job,all_physics_factorial,duffing,fourier,all_physics_factorial-duffing-fourier-physics-s11-cbc11ce752,probe_nrmse,-0.0431131647414348,0.16802514321517253,1024,,1,ok
diagnostic_run,within_job,all_physics_factorial,duffing,fourier,all_physics_factorial-duffing-fourier-physics-s11-cbc11ce752,probe_gap,-0.16876294167083897,5.546704196107054e-08,1024,,1,ok
diagnostic_run,within_job,,,,all_physics_factorial-duffing-fourier-physics-s29-358a31e062,probe_nrmse,0.028680899524354476,0.3592178840287429,1024,,1,ok
diagnostic_run,within_job,,,,all_physics_factorial-duffing-fourier-physics-s29-358a31e062,probe_gap,-0.16769748900293252,6.737436275841224e-08,1024,,1,ok
diagnostic_run,within_job,all_physics_factorial,duffing,fourier,all_physics_factorial-duffing-fourier-physics-s29-46def16ca4,probe_nrmse,0.030853010421657657,0.3239735244314689,1024,,1,ok
diagnostic_run,within_job,all_physics_factorial,duffing,fourier,all_physics_factorial-duffing-fourier-physics-s29-46def16ca4,probe_gap,-0.15973162841459956,2.773925049876883e-07,1024,,1,ok
diagnostic_run,within_job,,,,all_physics_factorial-duffing-fourier-physics-s47-22bf1179e4,probe_nrmse,0.007817953830198125,0.802685733609126,1024,,1,ok
diagnostic_run,within_job,,,,all_physics_factorial-duffing-fourier-physics-s47-22bf1179e4,probe_gap,-0.1490396676739861,1.6659695409721722e-06,1024,,1,ok
diagnostic_run,within_job,all_physics_factorial,duffing,fourier,all_physics_factorial-duffing-fourier-physics-s47-df6963bfcb,probe_nrmse,0.006268965470996353,0.8411960338446437,1024,,1,ok
diagnostic_run,within_job,all_physics_factorial,duffing,fourier,all_physics_factorial-duffing-fourier-physics-s47-df6963bfcb,probe_gap,-0.1534459154388098,8.076199525976241e-07,1024,,1,ok
diagnostic_run,within_job,,,,all_physics_factorial-duffing-ganr-no_physics-s11-019c48607b,probe_nrmse,0.005652548563822522,0.856632832189949,1024,,1,ok
diagnostic_run,within_job,,,,all_physics_factorial-duffing-ganr-no_physics-s11-019c48607b,probe_gap,-0.33468151625051834,3.2009150941970406e-28,1024,,1,ok
diagnostic_run,within_job,,,,all_physics_factorial-duffing-ganr-no_physics-s11-105738abed,probe_nrmse,0.005652548563822522,0.856632832189949,1024,,1,ok
diagnostic_run,within_job,,,,all_physics_factorial-duffing-ganr-no_physics-s11-105738abed,probe_gap,-0.33468151625051834,3.2009150941970406e-28,1024,,1,ok
diagnostic_run,within_job,,,,all_physics_factorial-duffing-ganr-no_physics-s11-3a4fb377be,probe_nrmse,0.005652548563822522,0.856632832189949,1024,,1,ok
diagnostic_run,within_job,,,,all_physics_factorial-duffing-ganr-no_physics-s11-3a4fb377be,probe_gap,-0.33468151625051834,3.2009150941970406e-28,1024,,1,ok
diagnostic_run,within_job,,,,all_physics_factorial-duffing-ganr-no_physics-s11-4674cdefe4,probe_nrmse,-0.051319636917960085,0.10073428914264847,1024,,1,ok
diagnostic_run,within_job,,,,all_physics_factorial-duffing-ganr-no_physics-s11-4674cdefe4,probe_gap,-0.3011438850046491,6.554994099710362e-23,1024,,1,ok
diagnostic_run,within_job,,,,all_physics_factorial-duffing-ganr-no_physics-s11-98b5ebfc3f,probe_nrmse,-0.16091739638747896,2.256761435930005e-07,1024,,1,ok
diagnostic_run,within_job,,,,all_physics_factorial-duffing-ganr-no_physics-s11-98b5ebfc3f,probe_gap,-0.39532830711465905,1.2135791615730985e-39,1024,,1,ok
diagnostic_run,within_job,,,,all_physics_factorial-duffing-ganr-no_physics-s11-ba58a4ef14,probe_nrmse,-0.051319636917960085,0.10073428914264847,1024,,1,ok
diagnostic_run,within_job,,,,all_physics_factorial-duffing-ganr-no_physics-s11-ba58a4ef14,probe_gap,-0.3011438850046491,6.554994099710362e-23,1024,,1,ok
diagnostic_run,within_job,,,,all_physics_factorial-duffing-ganr-no_physics-s11-c2a8aae4cd,probe_nrmse,0.005652548563822522,0.856632832189949,1024,,1,ok
diagnostic_run,within_job,,,,all_physics_factorial-duffing-ganr-no_physics-s11-c2a8aae4cd,probe_gap,-0.33468151625051834,3.2009150941970406e-28,1024,,1,ok
diagnostic_run,within_job,all_physics_factorial,duffing,ganr,all_physics_factorial-duffing-ganr-no_physics-s11-ca0c601734,probe_nrmse,0.005652548563822522,0.856632832189949,1024,,1,ok
diagnostic_run,within_job,all_physics_factorial,duffing,ganr,all_physics_factorial-duffing-ganr-no_physics-s11-ca0c601734,probe_gap,-0.33468151625051834,3.2009150941970406e-28,1024,,1,ok
diagnostic_run,within_job,,,,all_physics_factorial-duffing-ganr-no_physics-s11-e516d68963,probe_nrmse,-0.051319636917960085,0.10073428914264847,1024,,1,ok
diagnostic_run,within_job,,,,all_physics_factorial-duffing-ganr-no_physics-s11-e516d68963,probe_gap,-0.3011438850046491,6.554994099710362e-23,1024,,1,ok
diagnostic_run,within_job,,,,all_physics_factorial-duffing-ganr-no_physics-s29-10f5f672bb,probe_nrmse,-0.021902705132762237,0.4838558050708044,1024,,1,ok
diagnostic_run,within_job,,,,all_physics_factorial-duffing-ganr-no_physics-s29-10f5f672bb,probe_gap,-0.2941566584458185,6.908688407165294e-22,1024,,1,ok
diagnostic_run,within_job,,,,all_physics_factorial-duffing-ganr-no_physics-s29-22314230e1,probe_nrmse,-0.02885295222087118,0.35634145487959257,1024,,1,ok
diagnostic_run,within_job,,,,all_physics_factorial-duffing-ganr-no_physics-s29-22314230e1,probe_gap,-0.27251623855589724,6.780352882077653e-19,1024,,1,ok
diagnostic_run,within_job,all_physics_factorial,duffing,ganr,all_physics_factorial-duffing-ganr-no_physics-s29-80c3d5e2dc,probe_nrmse,-0.02885295222087118,0.35634145487959257,1024,,1,ok
diagnostic_run,within_job,all_physics_factorial,duffing,ganr,all_physics_factorial-duffing-ganr-no_physics-s29-80c3d5e2dc,probe_gap,-0.27251623855589724,6.780352882077653e-19,1024,,1,ok
diagnostic_run,within_job,,,,all_physics_factorial-duffing-ganr-no_physics-s29-9385e2a7e3,probe_nrmse,-0.021902705132762237,0.4838558050708044,1024,,1,ok
diagnostic_run,within_job,,,,all_physics_factorial-duffing-ganr-no_physics-s29-9385e2a7e3,probe_gap,-0.2941566584458185,6.908688407165294e-22,1024,,1,ok
diagnostic_run,within_job,,,,all_physics_factorial-duffing-ganr-no_physics-s29-a4bc4062c0,probe_nrmse,-0.02885295222087118,0.35634145487959257,1024,,1,ok
diagnostic_run,within_job,,,,all_physics_factorial-duffing-ganr-no_physics-s29-a4bc4062c0,probe_gap,-0.27251623855589724,6.780352882077653e-19,1024,,1,ok
diagnostic_run,within_job,,,,all_physics_factorial-duffing-ganr-no_physics-s29-b54e49fdae,probe_nrmse,-0.2597996528748799,2.939939655497555e-17,1024,,1,ok
diagnostic_run,within_job,,,,all_physics_factorial-duffing-ganr-no_physics-s29-b54e49fdae,probe_gap,-0.4691119641065549,3.6803960600227425e-57,1024,,1,ok
diagnostic_run,within_job,,,,all_physics_factorial-duffing-ganr-no_physics-s29-b71ccc993e,probe_nrmse,-0.02885295222087118,0.35634145487959257,1024,,1,ok
diagnostic_run,within_job,,,,all_physics_factorial-duffing-ganr-no_physics-s29-b71ccc993e,probe_gap,-0.27251623855589724,6.780352882077653e-19,1024,,1,ok
diagnostic_run,within_job,,,,all_physics_factorial-duffing-ganr-no_physics-s29-d69417aa58,probe_nrmse,-0.021902705132762237,0.4838558050708044,1024,,1,ok
diagnostic_run,within_job,,,,all_physics_factorial-duffing-ganr-no_physics-s29-d69417aa58,probe_gap,-0.2941566584458185,6.908688407165294e-22,1024,,1,ok
diagnostic_run,within_job,,,,all_physics_factorial-duffing-ganr-no_physics-s29-ffbd14069a,probe_nrmse,-0.02885295222087118,0.35634145487959257,1024,,1,ok
diagnostic_run,within_job,,,,all_physics_factorial-duffing-ganr-no_physics-s29-ffbd14069a,probe_gap,-0.27251623855589724,6.780352882077653e-19,1024,,1,ok
diagnostic_run,within_job,,,,all_physics_factorial-duffing-ganr-no_physics-s47-17a92c376c,probe_nrmse,-0.024567739253272297,0.4322624727865024,1024,,1,ok
diagnostic_run,within_job,,,,all_physics_factorial-duffing-ganr-no_physics-s47-17a92c376c,probe_gap,-0.34535500187754803,4.6817838371284124e-30,1024,,1,ok
diagnostic_run,within_job,,,,all_physics_factorial-duffing-ganr-no_physics-s47-2696d6deff,probe_nrmse,-0.04267495842572062,0.1723937781201803,1024,,1,ok
diagnostic_run,within_job,,,,all_physics_factorial-duffing-ganr-no_physics-s47-2696d6deff,probe_gap,-0.33253342799081514,7.343896255138162e-28,1024,,1,ok
diagnostic_run,within_job,,,,all_physics_factorial-duffing-ganr-no_physics-s47-363f3b5dc1,probe_nrmse,-0.198482580136464,1.478884479049826e-10,1024,,1,ok
diagnostic_run,within_job,,,,all_physics_factorial-duffing-ganr-no_physics-s47-363f3b5dc1,probe_gap,-0.394684336048525,1.654030962519675e-39,1024,,1,ok
diagnostic_run,within_job,,,,all_physics_factorial-duffing-ganr-no_physics-s47-437abc1991,probe_nrmse,-0.04267495842572062,0.1723937781201803,1024,,1,ok
diagnostic_run,within_job,,,,all_physics_factorial-duffing-ganr-no_physics-s47-437abc1991,probe_gap,-0.33253342799081514,7.343896255138162e-28,1024,,1,ok
diagnostic_run,within_job,,,,all_physics_factorial-duffing-ganr-no_physics-s47-454ee1e618,probe_nrmse,-0.04267495842572062,0.1723937781201803,1024,,1,ok
diagnostic_run,within_job,,,,all_physics_factorial-duffing-ganr-no_physics-s47-454ee1e618,probe_gap,-0.33253342799081514,7.343896255138162e-28,1024,,1,ok
diagnostic_run,within_job,,,,all_physics_factorial-duffing-ganr-no_physics-s47-82e390a01d,probe_nrmse,-0.024567739253272297,0.4322624727865024,1024,,1,ok
diagnostic_run,within_job,,,,all_physics_factorial-duffing-ganr-no_physics-s47-82e390a01d,probe_gap,-0.34535500187754803,4.6817838371284124e-30,1024,,1,ok
diagnostic_run,within_job,,,,all_physics_factorial-duffing-ganr-no_physics-s47-c716f08ec1,probe_nrmse,-0.024567739253272297,0.4322624727865024,1024,,1,ok
diagnostic_run,within_job,,,,all_physics_factorial-duffing-ganr-no_physics-s47-c716f08ec1,probe_gap,-0.34535500187754803,4.6817838371284124e-30,1024,,1,ok
diagnostic_run,within_job,all_physics_factorial,duffing,ganr,all_physics_factorial-duffing-ganr-no_physics-s47-cbbd8ed993,probe_nrmse,-0.024567739253272297,0.4322624727865024,1024,,1,ok
diagnostic_run,within_job,all_physics_factorial,duffing,ganr,all_physics_factorial-duffing-ganr-no_physics-s47-cbbd8ed993,probe_gap,-0.34535500187754803,4.6817838371284124e-30,1024,,1,ok
diagnostic_run,within_job,,,,all_physics_factorial-duffing-ganr-no_physics-s47-e42a42f933,probe_nrmse,-0.024567739253272297,0.4322624727865024,1024,,1,ok
diagnostic_run,within_job,,,,all_physics_factorial-duffing-ganr-no_physics-s47-e42a42f933,probe_gap,-0.34535500187754803,4.6817838371284124e-30,1024,,1,ok
diagnostic_run,within_job,,,,all_physics_factorial-duffing-ganr-physics-s11-183291962a,probe_nrmse,-0.033381944786065536,0.2858747818976953,1024,,1,ok
diagnostic_run,within_job,,,,all_physics_factorial-duffing-ganr-physics-s11-183291962a,probe_gap,-0.29625333041270296,3.4310799552774783e-22,1024,,1,ok
diagnostic_run,within_job,,,,all_physics_factorial-duffing-ganr-physics-s11-2f50c7b477,probe_nrmse,0.01145677616050354,0.7142299646246524,1024,,1,ok
diagnostic_run,within_job,,,,all_physics_factorial-duffing-ganr-physics-s11-2f50c7b477,probe_gap,-0.32867380283956793,3.2119175693440894e-27,1024,,1,ok
diagnostic_run,within_job,,,,all_physics_factorial-duffing-ganr-physics-s11-756c7235a7,probe_nrmse,-0.019738886758533025,0.5280834433938291,1024,,1,ok
diagnostic_run,within_job,,,,all_physics_factorial-duffing-ganr-physics-s11-756c7235a7,probe_gap,-0.3100423518693962,2.970687064194915e-24,1024,,1,ok
diagnostic_run,within_job,all_physics_factorial,duffing,ganr,all_physics_factorial-duffing-ganr-physics-s11-929cadacff,probe_nrmse,-0.019738886758533025,0.5280834433938291,1024,,1,ok
diagnostic_run,within_job,all_physics_factorial,duffing,ganr,all_physics_factorial-duffing-ganr-physics-s11-929cadacff,probe_gap,-0.3100423518693962,2.970687064194915e-24,1024,,1,ok
diagnostic_run,within_job,,,,all_physics_factorial-duffing-ganr-physics-s11-9dc3de42a4,probe_nrmse,-0.019738886758533025,0.5280834433938291,1024,,1,ok
diagnostic_run,within_job,,,,all_physics_factorial-duffing-ganr-physics-s11-9dc3de42a4,probe_gap,-0.3100423518693962,2.970687064194915e-24,1024,,1,ok
diagnostic_run,within_job,,,,all_physics_factorial-duffing-ganr-physics-s11-af5e0abe49,probe_nrmse,0.01145677616050354,0.7142299646246524,1024,,1,ok
diagnostic_run,within_job,,,,all_physics_factorial-duffing-ganr-physics-s11-af5e0abe49,probe_gap,-0.32867380283956793,3.2119175693440894e-27,1024,,1,ok
diagnostic_run,within_job,,,,all_physics_factorial-duffing-ganr-physics-s11-d762c4243d,probe_nrmse,-0.033381944786065536,0.2858747818976953,1024,,1,ok
diagnostic_run,within_job,,,,all_physics_factorial-duffing-ganr-physics-s11-d762c4243d,probe_gap,-0.29625333041270296,3.4310799552774783e-22,1024,,1,ok
diagnostic_run,within_job,,,,all_physics_factorial-duffing-ganr-physics-s11-fa5a7cdeaa,probe_nrmse,-0.23902418124128536,9.040762605181174e-15,1024,,1,ok
diagnostic_run,within_job,,,,all_physics_factorial-duffing-ganr-physics-s11-fa5a7cdeaa,probe_gap,-0.4296317160011762,2.999883324948241e-47,1024,,1,ok
diagnostic_run,within_job,,,,all_physics_factorial-duffing-ganr-physics-s11-fe6efa327e,probe_nrmse,0.01145677616050354,0.7142299646246524,1024,,1,ok
diagnostic_run,within_job,,,,all_physics_factorial-duffing-ganr-physics-s11-fe6efa327e,probe_gap,-0.32867380283956793,3.2119175693440894e-27,1024,,1,ok
diagnostic_run,within_job,,,,all_physics_factorial-duffing-ganr-physics-s29-1b75229724,probe_nrmse,0.05205186950146627,0.09596184282878585,1024,,1,ok
diagnostic_run,within_job,,,,all_physics_factorial-duffing-ganr-physics-s29-1b75229724,probe_gap,-0.3301904370216722,1.803199204583442e-27,1024,,1,ok
diagnostic_run,within_job,,,,all_physics_factorial-duffing-ganr-physics-s29-2993dbd7de,probe_nrmse,-0.013451738110682962,0.6672325090342528,1024,,1,ok
diagnostic_run,within_job,,,,all_physics_factorial-duffing-ganr-physics-s29-2993dbd7de,probe_gap,-0.2857880010309415,1.0657045873220881e-20,1024,,1,ok
diagnostic_run,within_job,,,,all_physics_factorial-duffing-ganr-physics-s29-55c6b10d03,probe_nrmse,-0.013451738110682962,0.6672325090342528,1024,,1,ok
diagnostic_run,within_job,,,,all_physics_factorial-duffing-ganr-physics-s29-55c6b10d03,probe_gap,-0.2857880010309415,1.0657045873220881e-20,1024,,1,ok
diagnostic_run,within_job,,,,all_physics_factorial-duffing-ganr-physics-s29-5705803dfe,probe_nrmse,0.05205186950146627,0.09596184282878585,1024,,1,ok
diagnostic_run,within_job,,,,all_physics_factorial-duffing-ganr-physics-s29-5705803dfe,probe_gap,-0.3301904370216722,1.803199204583442e-27,1024,,1,ok
diagnostic_run,within_job,,,,all_physics_factorial-duffing-ganr-physics-s29-59377e7d52,probe_nrmse,-0.034255216901509185,0.27345114644939283,1024,,1,ok
diagnostic_run,within_job,,,,all_physics_factorial-duffing-ganr-physics-s29-59377e7d52,probe_gap,-0.271792443762964,8.448965393615371e-19,1024,,1,ok
diagnostic_run,within_job,,,,all_physics_factorial-duffing-ganr-physics-s29-9888fa3fc9,probe_nrmse,0.05205186950146627,0.09596184282878585,1024,,1,ok
diagnostic_run,within_job,,,,all_physics_factorial-duffing-ganr-physics-s29-9888fa3fc9,probe_gap,-0.3301904370216722,1.803199204583442e-27,1024,,1,ok
diagnostic_run,within_job,all_physics_factorial,duffing,ganr,all_physics_factorial-duffing-ganr-physics-s29-a767dc0697,probe_nrmse,-0.013451738110682962,0.6672325090342528,1024,,1,ok
diagnostic_run,within_job,all_physics_factorial,duffing,ganr,all_physics_factorial-duffing-ganr-physics-s29-a767dc0697,probe_gap,-0.2857880010309415,1.0657045873220881e-20,1024,,1,ok
diagnostic_run,within_job,,,,all_physics_factorial-duffing-ganr-physics-s29-e6b3359b5d,probe_nrmse,-0.034255216901509185,0.27345114644939283,1024,,1,ok
diagnostic_run,within_job,,,,all_physics_factorial-duffing-ganr-physics-s29-e6b3359b5d,probe_gap,-0.271792443762964,8.448965393615371e-19,1024,,1,ok
diagnostic_run,within_job,,,,all_physics_factorial-duffing-ganr-physics-s29-eed53efa64,probe_nrmse,-0.2850495857806128,1.3507524167965621e-20,1024,,1,ok
diagnostic_run,within_job,,,,all_physics_factorial-duffing-ganr-physics-s29-eed53efa64,probe_gap,-0.44888776018692444,6.393353723805315e-52,1024,,1,ok
diagnostic_run,within_job,,,,all_physics_factorial-duffing-ganr-physics-s47-05097fc8a7,probe_nrmse,-0.05678243017309205,0.06932681991218236,1024,,1,ok
diagnostic_run,within_job,,,,all_physics_factorial-duffing-ganr-physics-s47-05097fc8a7,probe_gap,-0.3117264948859166,1.6341756442028537e-24,1024,,1,ok
diagnostic_run,within_job,all_physics_factorial,duffing,ganr,all_physics_factorial-duffing-ganr-physics-s47-07f615e421,probe_nrmse,-0.03404803840926972,0.27636469233114036,1024,,1,ok
diagnostic_run,within_job,all_physics_factorial,duffing,ganr,all_physics_factorial-duffing-ganr-physics-s47-07f615e421,probe_gap,-0.285869456443872,1.0381561756181188e-20,1024,,1,ok
diagnostic_run,within_job,,,,all_physics_factorial-duffing-ganr-physics-s47-09f9a98c59,probe_nrmse,-0.05678243017309205,0.06932681991218236,1024,,1,ok
diagnostic_run,within_job,,,,all_physics_factorial-duffing-ganr-physics-s47-09f9a98c59,probe_gap,-0.3117264948859166,1.6341756442028537e-24,1024,,1,ok
diagnostic_run,within_job,,,,all_physics_factorial-duffing-ganr-physics-s47-252d91475f,probe_nrmse,-0.02563699738047673,0.4124917333117981,1024,,1,ok
diagnostic_run,within_job,,,,all_physics_factorial-duffing-ganr-physics-s47-252d91475f,probe_gap,-0.268377709783528,2.3643686088428972e-18,1024,,1,ok
diagnostic_run,within_job,,,,all_physics_factorial-duffing-ganr-physics-s47-92998a16a7,probe_nrmse,-0.03404803840926972,0.27636469233114036,1024,,1,ok
diagnostic_run,within_job,,,,all_physics_factorial-duffing-ganr-physics-s47-92998a16a7,probe_gap,-0.285869456443872,1.0381561756181188e-20,1024,,1,ok
diagnostic_run,within_job,,,,all_physics_factorial-duffing-ganr-physics-s47-9868876672,probe_nrmse,-0.29850995741025155,1.6049051647585332e-22,1024,,1,ok
diagnostic_run,within_job,,,,all_physics_factorial-duffing-ganr-physics-s47-9868876672,probe_gap,-0.40692629739309005,4.080079591281168e-42,1024,,1,ok
diagnostic_run,within_job,,,,all_physics_factorial-duffing-ganr-physics-s47-d99fa45911,probe_nrmse,-0.02563699738047673,0.4124917333117981,1024,,1,ok
diagnostic_run,within_job,,,,all_physics_factorial-duffing-ganr-physics-s47-d99fa45911,probe_gap,-0.268377709783528,2.3643686088428972e-18,1024,,1,ok
diagnostic_run,within_job,,,,all_physics_factorial-duffing-ganr-physics-s47-deb075d9f6,probe_nrmse,-0.03404803840926972,0.27636469233114036,1024,,1,ok
diagnostic_run,within_job,,,,all_physics_factorial-duffing-ganr-physics-s47-deb075d9f6,probe_gap,-0.285869456443872,1.0381561756181188e-20,1024,,1,ok
diagnostic_run,within_job,,,,all_physics_factorial-duffing-ganr-physics-s47-e1d38bb482,probe_nrmse,-0.05678243017309205,0.06932681991218236,1024,,1,ok
diagnostic_run,within_job,,,,all_physics_factorial-duffing-ganr-physics-s47-e1d38bb482,probe_gap,-0.3117264948859166,1.6341756442028537e-24,1024,,1,ok
diagnostic_run,within_job,all_physics_factorial,duffing,gelu,all_physics_factorial-duffing-gelu-no_physics-s11-657934a28f,probe_nrmse,-0.04050178590587225,0.19531831961060392,1024,,1,ok
diagnostic_run,within_job,all_physics_factorial,duffing,gelu,all_physics_factorial-duffing-gelu-no_physics-s11-657934a28f,probe_gap,-0.26522100305772117,6.042030012808784e-18,1024,,1,ok
diagnostic_run,within_job,,,,all_physics_factorial-duffing-gelu-no_physics-s11-ba42c4d872,probe_nrmse,-0.12952626591871966,3.22027611664526e-05,1024,,1,ok
diagnostic_run,within_job,,,,all_physics_factorial-duffing-gelu-no_physics-s11-ba42c4d872,probe_gap,-0.28798157512869466,5.248374794507676e-21,1024,,1,ok
diagnostic_run,within_job,all_physics_factorial,duffing,gelu,all_physics_factorial-duffing-gelu-no_physics-s29-2049574f99,probe_nrmse,-0.04125356510621558,0.18714796827059066,1024,,1,ok
diagnostic_run,within_job,all_physics_factorial,duffing,gelu,all_physics_factorial-duffing-gelu-no_physics-s29-2049574f99,probe_gap,-0.20146084418138901,7.733855779788026e-11,1024,,1,ok
diagnostic_run,within_job,,,,all_physics_factorial-duffing-gelu-no_physics-s29-750d127fd9,probe_nrmse,-0.17509848186824978,1.701156004816314e-08,1024,,1,ok
diagnostic_run,within_job,,,,all_physics_factorial-duffing-gelu-no_physics-s29-750d127fd9,probe_gap,-0.3058308717685801,1.3019599284578031e-23,1024,,1,ok
diagnostic_run,within_job,,,,all_physics_factorial-duffing-gelu-no_physics-s47-700d1bacb1,probe_nrmse,-0.10639595172241555,0.0006491625339118101,1024,,1,ok
diagnostic_run,within_job,,,,all_physics_factorial-duffing-gelu-no_physics-s47-700d1bacb1,probe_gap,-0.3215777168612138,4.5829657778125763e-26,1024,,1,ok
diagnostic_run,within_job,all_physics_factorial,duffing,gelu,all_physics_factorial-duffing-gelu-no_physics-s47-ede8dfe69e,probe_nrmse,-0.06714081834275087,0.031689415245548656,1024,,1,ok
diagnostic_run,within_job,all_physics_factorial,duffing,gelu,all_physics_factorial-duffing-gelu-no_physics-s47-ede8dfe69e,probe_gap,-0.24887407463700736,6.385182628435044e-16,1024,,1,ok
diagnostic_run,within_job,all_physics_factorial,duffing,gelu,all_physics_factorial-duffing-gelu-physics-s11-dc0b81af30,probe_nrmse,-0.018348327692349013,0.557553856511922,1024,,1,ok
diagnostic_run,within_job,all_physics_factorial,duffing,gelu,all_physics_factorial-duffing-gelu-physics-s11-dc0b81af30,probe_gap,-0.27691568657048987,1.7548492038290488e-19,1024,,1,ok
diagnostic_run,within_job,,,,all_physics_factorial-duffing-gelu-physics-s11-e109e47e70,probe_nrmse,-0.12236600220583405,8.648124670833071e-05,1024,,1,ok
diagnostic_run,within_job,,,,all_physics_factorial-duffing-gelu-physics-s11-e109e47e70,probe_gap,-0.308955124719668,4.360416867005738e-24,1024,,1,ok
diagnostic_run,within_job,,,,all_physics_factorial-duffing-gelu-physics-s29-9b22313a35,probe_nrmse,-0.08979682297513603,0.004030048807937167,1024,,1,ok
diagnostic_run,within_job,,,,all_physics_factorial-duffing-gelu-physics-s29-9b22313a35,probe_gap,-0.274647877446668,3.5331934149486153e-19,1024,,1,ok
diagnostic_run,within_job,all_physics_factorial,duffing,gelu,all_physics_factorial-duffing-gelu-physics-s29-9ed41e4aef,probe_nrmse,-0.047295850303804746,0.1304155830606552,1024,,1,ok
diagnostic_run,within_job,all_physics_factorial,duffing,gelu,all_physics_factorial-duffing-gelu-physics-s29-9ed41e4aef,probe_gap,-0.30063842307372063,7.789531937419732e-23,1024,,1,ok
diagnostic_run,within_job,,,,all_physics_factorial-duffing-gelu-physics-s47-c7c6f27754,probe_nrmse,-0.12237741802701778,8.634875078079964e-05,1024,,1,ok
diagnostic_run,within_job,,,,all_physics_factorial-duffing-gelu-physics-s47-c7c6f27754,probe_gap,-0.32274794432370235,2.970887489442196e-26,1024,,1,ok
diagnostic_run,within_job,all_physics_factorial,duffing,gelu,all_physics_factorial-duffing-gelu-physics-s47-f0e3e407be,probe_nrmse,-0.021388050136647643,0.4941899722716324,1024,,1,ok
diagnostic_run,within_job,all_physics_factorial,duffing,gelu,all_physics_factorial-duffing-gelu-physics-s47-f0e3e407be,probe_gap,-0.2662302138455488,4.482340473076761e-18,1024,,1,ok
diagnostic_run,within_job,all_physics_factorial,duffing,relu,all_physics_factorial-duffing-relu-no_physics-s11-23f21cffcc,probe_nrmse,0.0447273308418568,0.15264750837625807,1024,,1,ok
diagnostic_run,within_job,all_physics_factorial,duffing,relu,all_physics_factorial-duffing-relu-no_physics-s11-23f21cffcc,probe_gap,-0.027731541914026176,0.3753503310130505,1024,,1,ok
diagnostic_run,within_job,,,,all_physics_factorial-duffing-relu-no_physics-s11-f394f68d5e,probe_nrmse,-0.028923963853075055,0.3551584991405632,1024,,1,ok
diagnostic_run,within_job,,,,all_physics_factorial-duffing-relu-no_physics-s11-f394f68d5e,probe_gap,-0.15918614995350833,3.0485760021752475e-07,1024,,1,ok
diagnostic_run,within_job,,,,all_physics_factorial-duffing-relu-no_physics-s29-c4ddc701f4,probe_nrmse,-0.028384213396752733,0.36421208639243907,1024,,1,ok
diagnostic_run,within_job,,,,all_physics_factorial-duffing-relu-no_physics-s29-c4ddc701f4,probe_gap,-0.08641739235390887,0.0056547522801389865,1024,,1,ok
diagnostic_run,within_job,all_physics_factorial,duffing,relu,all_physics_factorial-duffing-relu-no_physics-s29-eb55070776,probe_nrmse,-0.032626030416279234,0.29693186145475814,1024,,1,ok
diagnostic_run,within_job,all_physics_factorial,duffing,relu,all_physics_factorial-duffing-relu-no_physics-s29-eb55070776,probe_gap,-0.02827351628996495,0.36608653190122953,1024,,1,ok
diagnostic_run,within_job,,,,all_physics_factorial-duffing-relu-no_physics-s47-196117ca19,probe_nrmse,0.05325413731135112,0.0885194794458838,1024,,1,ok
diagnostic_run,within_job,,,,all_physics_factorial-duffing-relu-no_physics-s47-196117ca19,probe_gap,-0.041653594610542875,0.18290453328484582,1024,,1,ok
diagnostic_run,within_job,all_physics_factorial,duffing,relu,all_physics_factorial-duffing-relu-no_physics-s47-c68e575119,probe_nrmse,-0.02266639770045061,0.4687392477589538,1024,,1,ok
diagnostic_run,within_job,all_physics_factorial,duffing,relu,all_physics_factorial-duffing-relu-no_physics-s47-c68e575119,probe_gap,0.012300219941348972,0.6942152232939757,1024,,1,ok
diagnostic_run,within_job,all_physics_factorial,duffing,relu,all_physics_factorial-duffing-relu-physics-s11-5269f2c75e,probe_nrmse,-0.04508617722265932,0.14937893223152582,1024,,1,ok
diagnostic_run,within_job,all_physics_factorial,duffing,relu,all_physics_factorial-duffing-relu-physics-s11-5269f2c75e,probe_gap,0.03377707916100422,0.2802069769274155,1024,,1,ok
diagnostic_run,within_job,,,,all_physics_factorial-duffing-relu-physics-s11-7e327224a7,probe_nrmse,0.012757693476861452,0.6834468300847971,1024,,1,ok
diagnostic_run,within_job,,,,all_physics_factorial-duffing-relu-physics-s11-7e327224a7,probe_gap,0.032299935046614416,0.30178882218227604,1024,,1,ok
diagnostic_run,within_job,all_physics_factorial,duffing,relu,all_physics_factorial-duffing-relu-physics-s29-370894d89d,probe_nrmse,0.005716664580502109,0.8550245279133551,1024,,1,ok
diagnostic_run,within_job,all_physics_factorial,duffing,relu,all_physics_factorial-duffing-relu-physics-s29-370894d89d,probe_gap,0.04215759334096274,0.17766012745942025,1024,,1,ok
diagnostic_run,within_job,,,,all_physics_factorial-duffing-relu-physics-s29-6ca0d9e297,probe_nrmse,-0.05659545767470137,0.07025024866863878,1024,,1,ok
diagnostic_run,within_job,,,,all_physics_factorial-duffing-relu-physics-s29-6ca0d9e297,probe_gap,-0.006474579339818324,0.8360601125474081,1024,,1,ok
diagnostic_run,within_job,all_physics_factorial,duffing,relu,all_physics_factorial-duffing-relu-physics-s47-1554d9df1e,probe_nrmse,-0.025943970835419494,0.40691619858896344,1024,,1,ok
diagnostic_run,within_job,all_physics_factorial,duffing,relu,all_physics_factorial-duffing-relu-physics-s47-1554d9df1e,probe_gap,0.048498263268006575,0.12091088803008948,1024,,1,ok
diagnostic_run,within_job,,,,all_physics_factorial-duffing-relu-physics-s47-207edfc391,probe_nrmse,0.02357469512195122,0.4511053208224661,1024,,1,ok
diagnostic_run,within_job,,,,all_physics_factorial-duffing-relu-physics-s47-207edfc391,probe_gap,0.02185730857950075,0.4847626263584801,1024,,1,ok
diagnostic_run,within_job,,,,all_physics_factorial-duffing-resmlp-no_physics-s11-0f6a6233e8,probe_nrmse,-0.16737685901674831,7.141786452576564e-08,1024,,1,ok
diagnostic_run,within_job,,,,all_physics_factorial-duffing-resmlp-no_physics-s11-0f6a6233e8,probe_gap,-0.4755848966778152,6.503853152766395e-59,1024,,1,ok
diagnostic_run,within_job,all_physics_factorial,duffing,resmlp,all_physics_factorial-duffing-resmlp-no_physics-s11-c50d03a4de,probe_nrmse,-0.09160018507259853,0.0033484476528684933,1024,,1,ok
diagnostic_run,within_job,all_physics_factorial,duffing,resmlp,all_physics_factorial-duffing-resmlp-no_physics-s11-c50d03a4de,probe_gap,-0.2707358759208926,1.1635046535378052e-18,1024,,1,ok
diagnostic_run,within_job,,,,all_physics_factorial-duffing-resmlp-no_physics-s29-1609f5cdb7,probe_nrmse,-0.2559256102921242,8.905540930466829e-17,1024,,1,ok
diagnostic_run,within_job,,,,all_physics_factorial-duffing-resmlp-no_physics-s29-1609f5cdb7,probe_gap,-0.38115857783084284,9.441797885051223e-37,1024,,1,ok
diagnostic_run,within_job,all_physics_factorial,duffing,resmlp,all_physics_factorial-duffing-resmlp-no_physics-s29-8d705cd435,probe_nrmse,-0.09636536862527716,0.002021111217732318,1024,,1,ok
diagnostic_run,within_job,all_physics_factorial,duffing,resmlp,all_physics_factorial-duffing-resmlp-no_physics-s29-8d705cd435,probe_gap,-0.3219500795722766,3.9933074451744805e-26,1024,,1,ok
diagnostic_run,within_job,all_physics_factorial,duffing,resmlp,all_physics_factorial-duffing-resmlp-no_physics-s47-d1ad3a387d,probe_nrmse,-0.008436885326514555,0.7874253920204954,1024,,1,ok
diagnostic_run,within_job,all_physics_factorial,duffing,resmlp,all_physics_factorial-duffing-resmlp-no_physics-s47-d1ad3a387d,probe_gap,-0.31838150883341676,1.4829247535968075e-25,1024,,1,ok
diagnostic_run,within_job,,,,all_physics_factorial-duffing-resmlp-no_physics-s47-ea7fbfa625,probe_nrmse,-0.11223060600228997,0.0003202218414786069,1024,,1,ok
diagnostic_run,within_job,,,,all_physics_factorial-duffing-resmlp-no_physics-s47-ea7fbfa625,probe_gap,-0.3539079674754352,1.4053624133233698e-31,1024,,1,ok
diagnostic_run,within_job,all_physics_factorial,duffing,resmlp,all_physics_factorial-duffing-resmlp-physics-s11-6c58b8cd5c,probe_nrmse,-0.053922131078344405,0.08458957600062594,1024,,1,ok
diagnostic_run,within_job,all_physics_factorial,duffing,resmlp,all_physics_factorial-duffing-resmlp-physics-s11-6c58b8cd5c,probe_gap,-0.27145681603453126,9.354343826119685e-19,1024,,1,ok
diagnostic_run,within_job,,,,all_physics_factorial-duffing-resmlp-physics-s11-90f1ed3151,probe_nrmse,-0.2954633967527358,4.469386095309417e-22,1024,,1,ok
diagnostic_run,within_job,,,,all_physics_factorial-duffing-resmlp-physics-s11-90f1ed3151,probe_gap,-0.48314031095772825,5.2385081884463866e-61,1024,,1,ok
diagnostic_run,within_job,,,,all_physics_factorial-duffing-resmlp-physics-s29-0b317eebfc,probe_nrmse,-0.22500060971418973,3.220717872923869e-13,1024,,1,ok
diagnostic_run,within_job,,,,all_physics_factorial-duffing-resmlp-physics-s29-0b317eebfc,probe_gap,-0.44133931329052406,4.7079213684717e-50,1024,,1,ok
diagnostic_run,within_job,all_physics_factorial,duffing,resmlp,all_physics_factorial-duffing-resmlp-physics-s29-5e583d3d5b,probe_nrmse,0.024204567806308558,0.43910023590924074,1024,,1,ok
diagnostic_run,within_job,all_physics_factorial,duffing,resmlp,all_physics_factorial-duffing-resmlp-physics-s29-5e583d3d5b,probe_gap,-0.2624603367963665,1.358580865091308e-17,1024,,1,ok
diagnostic_run,within_job,,,,all_physics_factorial-duffing-resmlp-physics-s47-2a9cd1ac68,probe_nrmse,-0.27187298834132034,8.244887979262694e-19,1024,,1,ok
diagnostic_run,within_job,,,,all_physics_factorial-duffing-resmlp-physics-s47-2a9cd1ac68,probe_gap,-0.44092486007796294,5.942759763210641e-50,1024,,1,ok
diagnostic_run,within_job,all_physics_factorial,duffing,resmlp,all_physics_factorial-duffing-resmlp-physics-s47-3c261353b6,probe_nrmse,-0.04833617945783563,0.1221596127227667,1024,,1,ok
diagnostic_run,within_job,all_physics_factorial,duffing,resmlp,all_physics_factorial-duffing-resmlp-physics-s47-3c261353b6,probe_gap,-0.29188213021243115,1.4665459994445131e-21,1024,,1,ok
diagnostic_run,within_job,all_physics_factorial,duffing,silu,all_physics_factorial-duffing-silu-no_physics-s11-4394112c84,probe_nrmse,-0.05571650827383063,0.07472720865881148,1024,,1,ok
diagnostic_run,within_job,all_physics_factorial,duffing,silu,all_physics_factorial-duffing-silu-no_physics-s11-4394112c84,probe_gap,-0.28767669707906235,5.793510025866009e-21,1024,,1,ok
diagnostic_run,within_job,,,,all_physics_factorial-duffing-silu-no_physics-s11-7578dbffc3,probe_nrmse,-0.18582051139107458,2.0823811367313843e-09,1024,,1,ok
diagnostic_run,within_job,,,,all_physics_factorial-duffing-silu-no_physics-s11-7578dbffc3,probe_gap,-0.3640504813565354,1.907834631620064e-33,1024,,1,ok
diagnostic_run,within_job,,,,all_physics_factorial-duffing-silu-no_physics-s29-4ddc0a6cbc,probe_nrmse,-0.1773011475395179,1.1164316748378985e-08,1024,,1,ok
diagnostic_run,within_job,,,,all_physics_factorial-duffing-silu-no_physics-s29-4ddc0a6cbc,probe_gap,-0.28932836304627707,3.386961390205572e-21,1024,,1,ok
diagnostic_run,within_job,all_physics_factorial,duffing,silu,all_physics_factorial-duffing-silu-no_physics-s29-64e7ed6a8c,probe_nrmse,-0.05042898621343252,0.10679170973143023,1024,,1,ok
diagnostic_run,within_job,all_physics_factorial,duffing,silu,all_physics_factorial-duffing-silu-no_physics-s29-64e7ed6a8c,probe_gap,-0.24031875849366993,6.4243028097315445e-15,1024,,1,ok
diagnostic_run,within_job,all_physics_factorial,duffing,silu,all_physics_factorial-duffing-silu-no_physics-s47-34e494dcf3,probe_nrmse,-0.0711905892125658,0.022714219467625526,1024,,1,ok
diagnostic_run,within_job,all_physics_factorial,duffing,silu,all_physics_factorial-duffing-silu-no_physics-s47-34e494dcf3,probe_gap,-0.20604788475779595,2.7940166340909547e-11,1024,,1,ok
diagnostic_run,within_job,,,,all_physics_factorial-duffing-silu-no_physics-s47-9c43f24dec,probe_nrmse,-0.1599814820112493,2.6562417698308663e-07,1024,,1,ok
diagnostic_run,within_job,,,,all_physics_factorial-duffing-silu-no_physics-s47-9c43f24dec,probe_gap,-0.34619190873493466,3.3380591133825496e-30,1024,,1,ok
diagnostic_run,within_job,all_physics_factorial,duffing,silu,all_physics_factorial-duffing-silu-physics-s11-565c5d1e16,probe_nrmse,-0.04804290197410772,0.12444463514123785,1024,,1,ok
diagnostic_run,within_job,all_physics_factorial,duffing,silu,all_physics_factorial-duffing-silu-physics-s11-565c5d1e16,probe_gap,-0.2305682824011158,8.016643463203634e-14,1024,,1,ok
diagnostic_run,within_job,,,,all_physics_factorial-duffing-silu-physics-s11-d6f4b89ab4,probe_nrmse,-0.09995521824261497,0.0013615332874667401,1024,,1,ok
diagnostic_run,within_job,,,,all_physics_factorial-duffing-silu-physics-s11-d6f4b89ab4,probe_gap,-0.3060176087189757,1.2200111942489261e-23,1024,,1,ok
diagnostic_run,within_job,,,,all_physics_factorial-duffing-silu-physics-s29-436384bdea,probe_nrmse,-0.061195623919280025,0.05026485234271298,1024,,1,ok
diagnostic_run,within_job,,,,all_physics_factorial-duffing-silu-physics-s29-436384bdea,probe_gap,-0.22146628186653503,7.640766064683536e-13,1024,,1,ok
diagnostic_run,within_job,all_physics_factorial,duffing,silu,all_physics_factorial-duffing-silu-physics-s29-8d533a9999,probe_nrmse,-0.05926210124454616,0.05799478878122868,1024,,1,ok
diagnostic_run,within_job,all_physics_factorial,duffing,silu,all_physics_factorial-duffing-silu-physics-s29-8d533a9999,probe_gap,-0.26554664589442817,5.4878237507390715e-18,1024,,1,ok
diagnostic_run,within_job,all_physics_factorial,duffing,silu,all_physics_factorial-duffing-silu-physics-s47-5b2c8118a9,probe_nrmse,-0.02281007483370288,0.46592475173187564,1024,,1,ok
diagnostic_run,within_job,all_physics_factorial,duffing,silu,all_physics_factorial-duffing-silu-physics-s47-5b2c8118a9,probe_gap,-0.2784960057399327,1.0733975355435721e-19,1024,,1,ok
diagnostic_run,within_job,,,,all_physics_factorial-duffing-silu-physics-s47-f3a42874bf,probe_nrmse,-0.11263208278552189,0.00030464086346264926,1024,,1,ok
diagnostic_run,within_job,,,,all_physics_factorial-duffing-silu-physics-s47-f3a42874bf,probe_gap,-0.2996450221486136,1.0923443945713448e-22,1024,,1,ok
diagnostic_run,within_job,all_physics_factorial,duffing,swiglu,all_physics_factorial-duffing-swiglu-no_physics-s11-b59cfcd18e,probe_nrmse,0.011132787354266503,0.7219715484937098,1024,,1,ok
diagnostic_run,within_job,all_physics_factorial,duffing,swiglu,all_physics_factorial-duffing-swiglu-no_physics-s11-b59cfcd18e,probe_gap,-0.2579387539339103,5.0181999863390646e-17,1024,,1,ok
diagnostic_run,within_job,,,,all_physics_factorial-duffing-swiglu-no_physics-s11-d0ced2ec45,probe_nrmse,-0.2476948193513452,8.824038309910401e-16,1024,,1,ok
diagnostic_run,within_job,,,,all_physics_factorial-duffing-swiglu-no_physics-s11-d0ced2ec45,probe_gap,-0.3791339215896457,2.380452974539506e-36,1024,,1,ok
diagnostic_run,within_job,all_physics_factorial,duffing,swiglu,all_physics_factorial-duffing-swiglu-no_physics-s29-4b56b4c5c9,probe_nrmse,0.004828640208139618,0.8773505993905346,1024,,1,ok
diagnostic_run,within_job,all_physics_factorial,duffing,swiglu,all_physics_factorial-duffing-swiglu-no_physics-s29-4b56b4c5c9,probe_gap,-0.31953833550890487,9.710743542058586e-26,1024,,1,ok
diagnostic_run,within_job,,,,all_physics_factorial-duffing-swiglu-no_physics-s29-6fdf17fc4e,probe_nrmse,-0.25291122915089687,2.0826377689181155e-16,1024,,1,ok
diagnostic_run,within_job,,,,all_physics_factorial-duffing-swiglu-no_physics-s29-6fdf17fc4e,probe_gap,-0.3918366409761274,6.451305126551327e-39,1024,,1,ok
diagnostic_run,within_job,,,,all_physics_factorial-duffing-swiglu-no_physics-s47-10433fa80d,probe_nrmse,-0.24917958621169675,5.870232827727149e-16,1024,,1,ok
diagnostic_run,within_job,,,,all_physics_factorial-duffing-swiglu-no_physics-s47-10433fa80d,probe_gap,-0.39153354098475335,7.451131619856455e-39,1024,,1,ok
diagnostic_run,within_job,all_physics_factorial,duffing,swiglu,all_physics_factorial-duffing-swiglu-no_physics-s47-cf055874dc,probe_nrmse,0.011292792450468492,0.718144678534522,1024,,1,ok
diagnostic_run,within_job,all_physics_factorial,duffing,swiglu,all_physics_factorial-duffing-swiglu-no_physics-s47-cf055874dc,probe_gap,-0.2785733204885201,1.0478057838218647e-19,1024,,1,ok
diagnostic_run,within_job,,,,all_physics_factorial-duffing-swiglu-physics-s11-7c8fccd670,probe_nrmse,-0.30261754740726615,3.955865238315819e-23,1024,,1,ok
diagnostic_run,within_job,,,,all_physics_factorial-duffing-swiglu-physics-s11-7c8fccd670,probe_gap,-0.4348407118618692,1.7497588436594684e-48,1024,,1,ok
diagnostic_run,within_job,all_physics_factorial,duffing,swiglu,all_physics_factorial-duffing-swiglu-physics-s11-9973cf6ba7,probe_nrmse,-0.018648880623703595,0.5511170181156345,1024,,1,ok
diagnostic_run,within_job,all_physics_factorial,duffing,swiglu,all_physics_factorial-duffing-swiglu-physics-s11-9973cf6ba7,probe_gap,-0.31772012016307843,1.8874650100964517e-25,1024,,1,ok
diagnostic_run,within_job,,,,all_physics_factorial-duffing-swiglu-physics-s29-59db9b059f,probe_nrmse,-0.3055200236246963,1.4506115931587997e-23,1024,,1,ok
diagnostic_run,within_job,,,,all_physics_factorial-duffing-swiglu-physics-s29-59db9b059f,probe_gap,-0.46810141984128883,6.857226980390195e-57,1024,,1,ok
diagnostic_run,within_job,all_physics_factorial,duffing,swiglu,all_physics_factorial-duffing-swiglu-physics-s29-a6fd54d00d,probe_nrmse,-0.018957144964594805,0.544553162648241,1024,,1,ok
diagnostic_run,within_job,all_physics_factorial,duffing,swiglu,all_physics_factorial-duffing-swiglu-physics-s29-a6fd54d00d,probe_gap,-0.2754343506365782,2.7738850671587467e-19,1024,,1,ok
diagnostic_run,within_job,all_physics_factorial,duffing,swiglu,all_physics_factorial-duffing-swiglu-physics-s47-0570c8f9d2,probe_nrmse,-0.030825970376163324,0.3243979610630313,1024,,1,ok
diagnostic_run,within_job,all_physics_factorial,duffing,swiglu,all_physics_factorial-duffing-swiglu-physics-s47-0570c8f9d2,probe_gap,-0.32572954569407125,9.760246602351195e-27,1024,,1,ok
diagnostic_run,within_job,,,,all_physics_factorial-duffing-swiglu-physics-s47-d8bb2bf230,probe_nrmse,-0.25486225035643656,1.203281706747015e-16,1024,,1,ok
diagnostic_run,within_job,,,,all_physics_factorial-duffing-swiglu-physics-s47-d8bb2bf230,probe_gap,-0.4325553446287933,6.12472866494705e-48,1024,,1,ok
diagnostic_run,within_job,,,,all_physics_factorial-ieee118-fourier-no_physics-s11-19a25021cf,probe_nrmse,-0.029132360435591156,0.3517012086593513,1024,,1,ok
diagnostic_run,within_job,,,,all_physics_factorial-ieee118-fourier-no_physics-s11-19a25021cf,probe_gap,-0.11315820354409555,0.0002852943984016553,1024,,1,ok
diagnostic_run,within_job,all_physics_factorial,ieee118,fourier,all_physics_factorial-ieee118-fourier-no_physics-s11-e62b344126,probe_nrmse,-0.029132360435591156,0.3517012086593513,1024,,1,ok
diagnostic_run,within_job,all_physics_factorial,ieee118,fourier,all_physics_factorial-ieee118-fourier-no_physics-s11-e62b344126,probe_gap,-0.11315820354409555,0.0002852943984016553,1024,,1,ok
diagnostic_run,within_job,all_physics_factorial,ieee118,fourier,all_physics_factorial-ieee118-fourier-no_physics-s29-9d41828032,probe_nrmse,-0.052078054591946206,0.09579458312443273,1024,,1,ok
diagnostic_run,within_job,all_physics_factorial,ieee118,fourier,all_physics_factorial-ieee118-fourier-no_physics-s29-9d41828032,probe_gap,-0.17164669909162433,3.256512657683409e-08,1024,,1,ok
diagnostic_run,within_job,,,,all_physics_factorial-ieee118-fourier-no_physics-s29-c8ce524368,probe_nrmse,-0.052078054591946206,0.09579458312443273,1024,,1,ok
diagnostic_run,within_job,,,,all_physics_factorial-ieee118-fourier-no_physics-s29-c8ce524368,probe_gap,-0.17164669909162433,3.256512657683409e-08,1024,,1,ok
diagnostic_run,within_job,,,,all_physics_factorial-ieee118-fourier-no_physics-s47-a9f98b0cf8,probe_nrmse,-0.03321692162577784,0.28826461778940343,1024,,1,ok
diagnostic_run,within_job,,,,all_physics_factorial-ieee118-fourier-no_physics-s47-a9f98b0cf8,probe_gap,-0.13105952945068305,2.5885112948402035e-05,1024,,1,ok
diagnostic_run,within_job,all_physics_factorial,ieee118,fourier,all_physics_factorial-ieee118-fourier-no_physics-s47-bed09b508c,probe_nrmse,-0.03321692162577784,0.28826461778940343,1024,,1,ok
diagnostic_run,within_job,all_physics_factorial,ieee118,fourier,all_physics_factorial-ieee118-fourier-no_physics-s47-bed09b508c,probe_gap,-0.13105952945068305,2.5885112948402035e-05,1024,,1,ok
diagnostic_run,within_job,all_physics_factorial,ieee118,fourier,all_physics_factorial-ieee118-fourier-physics-s11-24cec447b1,probe_nrmse,0.02520343457191903,0.42044306155237643,1024,,1,ok
diagnostic_run,within_job,all_physics_factorial,ieee118,fourier,all_physics_factorial-ieee118-fourier-physics-s11-24cec447b1,probe_gap,-0.09790129237894284,0.0017094690351836255,1024,,1,ok
diagnostic_run,within_job,,,,all_physics_factorial-ieee118-fourier-physics-s11-c03c231dee,probe_nrmse,0.02520343457191903,0.42044306155237643,1024,,1,ok
diagnostic_run,within_job,,,,all_physics_factorial-ieee118-fourier-physics-s11-c03c231dee,probe_gap,-0.09790129237894284,0.0017094690351836255,1024,,1,ok
diagnostic_run,within_job,,,,all_physics_factorial-ieee118-fourier-physics-s29-baedac502d,probe_nrmse,-0.027428932569201054,0.38058508516603584,1024,,1,ok
diagnostic_run,within_job,,,,all_physics_factorial-ieee118-fourier-physics-s29-baedac502d,probe_gap,-0.10575781417638222,0.0006998792219212813,1024,,1,ok
diagnostic_run,within_job,all_physics_factorial,ieee118,fourier,all_physics_factorial-ieee118-fourier-physics-s29-eed5143f94,probe_nrmse,-0.027428932569201054,0.38058508516603584,1024,,1,ok
diagnostic_run,within_job,all_physics_factorial,ieee118,fourier,all_physics_factorial-ieee118-fourier-physics-s29-eed5143f94,probe_gap,-0.10575781417638222,0.0006998792219212813,1024,,1,ok
diagnostic_run,within_job,,,,all_physics_factorial-ieee118-fourier-physics-s47-55b273623e,probe_nrmse,-0.013578070238180388,0.6642974733759823,1024,,1,ok
diagnostic_run,within_job,,,,all_physics_factorial-ieee118-fourier-physics-s47-55b273623e,probe_gap,-0.08818397512695801,0.004743673555366406,1024,,1,ok
diagnostic_run,within_job,all_physics_factorial,ieee118,fourier,all_physics_factorial-ieee118-fourier-physics-s47-ce5f62e6e1,probe_nrmse,-0.013578070238180388,0.6642974733759823,1024,,1,ok
diagnostic_run,within_job,all_physics_factorial,ieee118,fourier,all_physics_factorial-ieee118-fourier-physics-s47-ce5f62e6e1,probe_gap,-0.08818397512695801,0.004743673555366406,1024,,1,ok
diagnostic_run,within_job,,,,all_physics_factorial-ieee118-ganr-no_physics-s11-160e19497e,probe_nrmse,0.03000343099563694,0.3374816449514251,1024,,1,ok
diagnostic_run,within_job,,,,all_physics_factorial-ieee118-ganr-no_physics-s11-160e19497e,probe_gap,-0.1083787372147915,0.0005125291106552116,1024,,1,ok
diagnostic_run,within_job,,,,all_physics_factorial-ieee118-ganr-no_physics-s11-505472c085,probe_nrmse,0.03000343099563694,0.3374816449514251,1024,,1,ok
diagnostic_run,within_job,,,,all_physics_factorial-ieee118-ganr-no_physics-s11-505472c085,probe_gap,-0.1083787372147915,0.0005125291106552116,1024,,1,ok
diagnostic_run,within_job,,,,all_physics_factorial-ieee118-ganr-no_physics-s11-c4a74d3652,probe_nrmse,0.03000343099563694,0.3374816449514251,1024,,1,ok
diagnostic_run,within_job,,,,all_physics_factorial-ieee118-ganr-no_physics-s11-c4a74d3652,probe_gap,-0.1083787372147915,0.0005125291106552116,1024,,1,ok
diagnostic_run,within_job,,,,all_physics_factorial-ieee118-ganr-no_physics-s11-db0f3b8aee,probe_nrmse,0.026103864172805948,0.4040299368329493,1024,,1,ok
diagnostic_run,within_job,,,,all_physics_factorial-ieee118-ganr-no_physics-s11-db0f3b8aee,probe_gap,-0.05821574815821472,0.0625737643548697,1024,,1,ok
diagnostic_run,within_job,all_physics_factorial,ieee118,ganr,all_physics_factorial-ieee118-ganr-no_physics-s11-f0aa236918,probe_nrmse,0.03000343099563694,0.3374816449514251,1024,,1,ok
diagnostic_run,within_job,all_physics_factorial,ieee118,ganr,all_physics_factorial-ieee118-ganr-no_physics-s11-f0aa236918,probe_gap,-0.1083787372147915,0.0005125291106552116,1024,,1,ok
diagnostic_run,within_job,all_physics_factorial,ieee118,ganr,all_physics_factorial-ieee118-ganr-no_physics-s29-0616458030,probe_nrmse,-0.007430486016737,0.8122779061129994,1024,,1,ok
diagnostic_run,within_job,all_physics_factorial,ieee118,ganr,all_physics_factorial-ieee118-ganr-no_physics-s29-0616458030,probe_gap,-0.09987402546312853,0.0013739453995543702,1024,,1,ok
diagnostic_run,within_job,,,,all_physics_factorial-ieee118-ganr-no_physics-s29-783cfaba2a,probe_nrmse,-0.007430486016737,0.8122779061129994,1024,,1,ok
diagnostic_run,within_job,,,,all_physics_factorial-ieee118-ganr-no_physics-s29-783cfaba2a,probe_gap,-0.09987402546312853,0.0013739453995543702,1024,,1,ok
diagnostic_run,within_job,,,,all_physics_factorial-ieee118-ganr-no_physics-s29-84187c66f0,probe_nrmse,0.029026983048422855,0.35344674656412034,1024,,1,ok
diagnostic_run,within_job,,,,all_physics_factorial-ieee118-ganr-no_physics-s29-84187c66f0,probe_gap,-0.04723333229025105,0.130925166024693,1024,,1,ok
diagnostic_run,within_job,,,,all_physics_factorial-ieee118-ganr-no_physics-s29-ecbcf32396,probe_nrmse,-0.007430486016737,0.8122779061129994,1024,,1,ok
diagnostic_run,within_job,,,,all_physics_factorial-ieee118-ganr-no_physics-s29-ecbcf32396,probe_gap,-0.09987402546312853,0.0013739453995543702,1024,,1,ok
diagnostic_run,within_job,,,,all_physics_factorial-ieee118-ganr-no_physics-s29-fcba157096,probe_nrmse,-0.007430486016737,0.8122779061129994,1024,,1,ok
diagnostic_run,within_job,,,,all_physics_factorial-ieee118-ganr-no_physics-s29-fcba157096,probe_gap,-0.09987402546312853,0.0013739453995543702,1024,,1,ok
diagnostic_run,within_job,,,,all_physics_factorial-ieee118-ganr-no_physics-s47-06f3db5930,probe_nrmse,-0.005571523406766326,0.8586661398908885,1024,,1,ok
diagnostic_run,within_job,,,,all_physics_factorial-ieee118-ganr-no_physics-s47-06f3db5930,probe_gap,-0.10036168505471711,0.0013009341313088125,1024,,1,ok
diagnostic_run,within_job,,,,all_physics_factorial-ieee118-ganr-no_physics-s47-0f015b74bb,probe_nrmse,-0.005571523406766326,0.8586661398908885,1024,,1,ok
diagnostic_run,within_job,,,,all_physics_factorial-ieee118-ganr-no_physics-s47-0f015b74bb,probe_gap,-0.10036168505471711,0.0013009341313088125,1024,,1,ok
diagnostic_run,within_job,all_physics_factorial,ieee118,ganr,all_physics_factorial-ieee118-ganr-no_physics-s47-3ef5a65e02,probe_nrmse,-0.005571523406766326,0.8586661398908885,1024,,1,ok
diagnostic_run,within_job,all_physics_factorial,ieee118,ganr,all_physics_factorial-ieee118-ganr-no_physics-s47-3ef5a65e02,probe_gap,-0.10036168505471711,0.0013009341313088125,1024,,1,ok
diagnostic_run,within_job,,,,all_physics_factorial-ieee118-ganr-no_physics-s47-76a77a3480,probe_nrmse,-0.01315919264637944,0.6740486140029882,1024,,1,ok
diagnostic_run,within_job,,,,all_physics_factorial-ieee118-ganr-no_physics-s47-76a77a3480,probe_gap,-0.028624321703965203,0.3601669437271311,1024,,1,ok
diagnostic_run,within_job,,,,all_physics_factorial-ieee118-ganr-no_physics-s47-9a26cb790d,probe_nrmse,-0.005571523406766326,0.8586661398908885,1024,,1,ok
diagnostic_run,within_job,,,,all_physics_factorial-ieee118-ganr-no_physics-s47-9a26cb790d,probe_gap,-0.10036168505471711,0.0013009341313088125,1024,,1,ok
diagnostic_run,within_job,,,,all_physics_factorial-ieee118-ganr-physics-s11-20b3d91dac,probe_nrmse,-0.007088403458264786,0.8207700124266906,1024,,1,ok
diagnostic_run,within_job,,,,all_physics_factorial-ieee118-ganr-physics-s11-20b3d91dac,probe_gap,0.0035709847292754444,0.9091329136749315,1024,,1,ok
diagnostic_run,within_job,,,,all_physics_factorial-ieee118-ganr-physics-s11-4396ac2a89,probe_nrmse,0.08535679001859665,0.006274693384484015,1024,,1,ok
diagnostic_run,within_job,,,,all_physics_factorial-ieee118-ganr-physics-s11-4396ac2a89,probe_gap,-0.16131230553966094,2.106186221036699e-07,1024,,1,ok
diagnostic_run,within_job,all_physics_factorial,ieee118,ganr,all_physics_factorial-ieee118-ganr-physics-s11-b49a86d61c,probe_nrmse,0.08535679001859665,0.006274693384484015,1024,,1,ok
diagnostic_run,within_job,all_physics_factorial,ieee118,ganr,all_physics_factorial-ieee118-ganr-physics-s11-b49a86d61c,probe_gap,-0.16131230553966094,2.106186221036699e-07,1024,,1,ok
diagnostic_run,within_job,,,,all_physics_factorial-ieee118-ganr-physics-s11-c1427bce06,probe_nrmse,0.08535679001859665,0.006274693384484015,1024,,1,ok
diagnostic_run,within_job,,,,all_physics_factorial-ieee118-ganr-physics-s11-c1427bce06,probe_gap,-0.16131230553966094,2.106186221036699e-07,1024,,1,ok
diagnostic_run,within_job,,,,all_physics_factorial-ieee118-ganr-physics-s11-d2ac916d5c,probe_nrmse,0.08535679001859665,0.006274693384484015,1024,,1,ok
diagnostic_run,within_job,,,,all_physics_factorial-ieee118-ganr-physics-s11-d2ac916d5c,probe_gap,-0.16131230553966094,2.106186221036699e-07,1024,,1,ok
diagnostic_run,within_job,,,,all_physics_factorial-ieee118-ganr-physics-s29-7dbc321fb7,probe_nrmse,0.36094910157353366,7.222590552990639e-33,1024,,1,ok
diagnostic_run,within_job,,,,all_physics_factorial-ieee118-ganr-physics-s29-7dbc321fb7,probe_gap,-0.1458690928365647,2.76966034477346e-06,1024,,1,ok
diagnostic_run,within_job,,,,all_physics_factorial-ieee118-ganr-physics-s29-abbcee374d,probe_nrmse,0.36094910157353366,7.222590552990639e-33,1024,,1,ok
diagnostic_run,within_job,,,,all_physics_factorial-ieee118-ganr-physics-s29-abbcee374d,probe_gap,-0.1458690928365647,2.76966034477346e-06,1024,,1,ok
diagnostic_run,within_job,all_physics_factorial,ieee118,ganr,all_physics_factorial-ieee118-ganr-physics-s29-c05351f2b9,probe_nrmse,0.36094910157353366,7.222590552990639e-33,1024,,1,ok
diagnostic_run,within_job,all_physics_factorial,ieee118,ganr,all_physics_factorial-ieee118-ganr-physics-s29-c05351f2b9,probe_gap,-0.1458690928365647,2.76966034477346e-06,1024,,1,ok
diagnostic_run,within_job,,,,all_physics_factorial-ieee118-ganr-physics-s29-c888439c07,probe_nrmse,0.36094910157353366,7.222590552990639e-33,1024,,1,ok
diagnostic_run,within_job,,,,all_physics_factorial-ieee118-ganr-physics-s29-c888439c07,probe_gap,-0.1458690928365647,2.76966034477346e-06,1024,,1,ok
diagnostic_run,within_job,,,,all_physics_factorial-ieee118-ganr-physics-s29-ed059fccfa,probe_nrmse,0.019321959266146913,0.5368356403272126,1024,,1,ok
diagnostic_run,within_job,,,,all_physics_factorial-ieee118-ganr-physics-s29-ed059fccfa,probe_gap,-0.01560819147414348,0.617862178649661,1024,,1,ok
diagnostic_run,within_job,,,,all_physics_factorial-ieee118-ganr-physics-s47-6bb2b62b78,probe_nrmse,-0.000908342125026822,0.9768395061466691,1024,,1,ok
diagnostic_run,within_job,,,,all_physics_factorial-ieee118-ganr-physics-s47-6bb2b62b78,probe_gap,-0.014074525248551606,0.6528135587984815,1024,,1,ok
diagnostic_run,within_job,all_physics_factorial,ieee118,ganr,all_physics_factorial-ieee118-ganr-physics-s47-ad5aa0c7d0,probe_nrmse,0.39425392049924896,2.0335655317867175e-39,1024,,1,ok
diagnostic_run,within_job,all_physics_factorial,ieee118,ganr,all_physics_factorial-ieee118-ganr-physics-s47-ad5aa0c7d0,probe_gap,-0.17737480777483725,1.1007163694533152e-08,1024,,1,ok
diagnostic_run,within_job,,,,all_physics_factorial-ieee118-ganr-physics-s47-db782c523c,probe_nrmse,0.39425392049924896,2.0335655317867175e-39,1024,,1,ok
diagnostic_run,within_job,,,,all_physics_factorial-ieee118-ganr-physics-s47-db782c523c,probe_gap,-0.17737480777483725,1.1007163694533152e-08,1024,,1,ok
diagnostic_run,within_job,,,,all_physics_factorial-ieee118-ganr-physics-s47-e95372fadf,probe_nrmse,0.39425392049924896,2.0335655317867175e-39,1024,,1,ok
diagnostic_run,within_job,,,,all_physics_factorial-ieee118-ganr-physics-s47-e95372fadf,probe_gap,-0.17737480777483725,1.1007163694533152e-08,1024,,1,ok
diagnostic_run,within_job,,,,all_physics_factorial-ieee118-ganr-physics-s47-f403209436,probe_nrmse,0.39425392049924896,2.0335655317867175e-39,1024,,1,ok
diagnostic_run,within_job,,,,all_physics_factorial-ieee118-ganr-physics-s47-f403209436,probe_gap,-0.17737480777483725,1.1007163694533152e-08,1024,,1,ok
diagnostic_run,within_job,,,,all_physics_factorial-ieee118-gelu-no_physics-s11-08ce29f16d,probe_nrmse,-0.00030450924468922104,0.9922347952931586,1024,,1,ok
diagnostic_run,within_job,,,,all_physics_factorial-ieee118-gelu-no_physics-s11-08ce29f16d,probe_gap,-0.1265134490558615,4.911298850885082e-05,1024,,1,ok
diagnostic_run,within_job,all_physics_factorial,ieee118,gelu,all_physics_factorial-ieee118-gelu-no_physics-s11-f6d6e3ed93,probe_nrmse,0.03385081762749446,0.27915777189670293,1024,,1,ok
diagnostic_run,within_job,all_physics_factorial,ieee118,gelu,all_physics_factorial-ieee118-gelu-no_physics-s11-f6d6e3ed93,probe_gap,-0.08707949628066661,0.0052962774915189595,1024,,1,ok
diagnostic_run,within_job,,,,all_physics_factorial-ieee118-gelu-no_physics-s29-37df2c2c3b,probe_nrmse,0.03892477961161576,0.21329969023250217,1024,,1,ok
diagnostic_run,within_job,,,,all_physics_factorial-ieee118-gelu-no_physics-s29-37df2c2c3b,probe_gap,-0.11424059884843714,0.0002490517415485496,1024,,1,ok
diagnostic_run,within_job,all_physics_factorial,ieee118,gelu,all_physics_factorial-ieee118-gelu-no_physics-s29-66e4dabbe3,probe_nrmse,0.04325271797439381,0.16665146042046974,1024,,1,ok
diagnostic_run,within_job,all_physics_factorial,ieee118,gelu,all_physics_factorial-ieee118-gelu-no_physics-s29-66e4dabbe3,probe_gap,-0.11009110578642443,0.00041658899356361746,1024,,1,ok
diagnostic_run,within_job,,,,all_physics_factorial-ieee118-gelu-no_physics-s47-25671d6618,probe_nrmse,0.019417211304627705,0.5348296955028964,1024,,1,ok
diagnostic_run,within_job,,,,all_physics_factorial-ieee118-gelu-no_physics-s47-25671d6618,probe_gap,-0.08348137651097919,0.007521931098681321,1024,,1,ok
diagnostic_run,within_job,all_physics_factorial,ieee118,gelu,all_physics_factorial-ieee118-gelu-no_physics-s47-df75e98269,probe_nrmse,0.004454795794292253,0.8867798128425826,1024,,1,ok
diagnostic_run,within_job,all_physics_factorial,ieee118,gelu,all_physics_factorial-ieee118-gelu-no_physics-s47-df75e98269,probe_gap,-0.10310555396609683,0.0009526232200628423,1024,,1,ok
diagnostic_run,within_job,all_physics_factorial,ieee118,gelu,all_physics_factorial-ieee118-gelu-physics-s11-ab44f347a7,probe_nrmse,-0.016789549209641656,0.5915113415351296,1024,,1,ok
diagnostic_run,within_job,all_physics_factorial,ieee118,gelu,all_physics_factorial-ieee118-gelu-physics-s11-ab44f347a7,probe_gap,-0.0009713964487518774,0.9752322747137583,1024,,1,ok
diagnostic_run,within_job,,,,all_physics_factorial-ieee118-gelu-physics-s11-fb91af7921,probe_nrmse,0.013894761193762963,0.6569625309932756,1024,,1,ok
diagnostic_run,within_job,,,,all_physics_factorial-ieee118-gelu-physics-s11-fb91af7921,probe_gap,0.014788585848651739,0.6364396485115786,1024,,1,ok
diagnostic_run,within_job,all_physics_factorial,ieee118,gelu,all_physics_factorial-ieee118-gelu-physics-s29-abb1af23d8,probe_nrmse,-0.043085560313997566,0.1682978683812994,1024,,1,ok
diagnostic_run,within_job,all_physics_factorial,ieee118,gelu,all_physics_factorial-ieee118-gelu-physics-s29-abb1af23d8,probe_gap,-0.012517110274658462,0.6891020305213742,1024,,1,ok
diagnostic_run,within_job,,,,all_physics_factorial-ieee118-gelu-physics-s29-c6ea11a404,probe_nrmse,0.0015543751341105785,0.960377966324774,1024,,1,ok
diagnostic_run,within_job,,,,all_physics_factorial-ieee118-gelu-physics-s29-c6ea11a404,probe_gap,0.009676592339603747,0.7571085500072923,1024,,1,ok
diagnostic_run,within_job,all_physics_factorial,ieee118,gelu,all_physics_factorial-ieee118-gelu-physics-s47-61f11ae7a8,probe_nrmse,-0.05492096416565338,0.07897744667460645,1024,,1,ok
diagnostic_run,within_job,all_physics_factorial,ieee118,gelu,all_physics_factorial-ieee118-gelu-physics-s47-61f11ae7a8,probe_gap,-0.02119367355697017,0.4981234653680815,1024,,1,ok
diagnostic_run,within_job,,,,all_physics_factorial-ieee118-gelu-physics-s47-9b53679518,probe_nrmse,0.010984271094991279,0.7255298684036323,1024,,1,ok
diagnostic_run,within_job,,,,all_physics_factorial-ieee118-gelu-physics-s47-9b53679518,probe_gap,0.010807569201058579,0.729771206139183,1024,,1,ok
diagnostic_run,within_job,all_physics_factorial,ieee118,relu,all_physics_factorial-ieee118-relu-no_physics-s11-f11307689d,probe_nrmse,-0.01853649595880123,0.5535196455269094,1024,,1,ok
diagnostic_run,within_job,all_physics_factorial,ieee118,relu,all_physics_factorial-ieee118-relu-no_physics-s11-f11307689d,probe_gap,-0.07962038346578722,0.010809810654521542,1024,,1,ok
diagnostic_run,within_job,,,,all_physics_factorial-ieee118-relu-no_physics-s11-ff5d571ac4,probe_nrmse,0.009660242024890924,0.7575060891466567,1024,,1,ok
diagnostic_run,within_job,,,,all_physics_factorial-ieee118-relu-no_physics-s11-ff5d571ac4,probe_gap,-0.09430255793576996,0.0025216614429162862,1024,,1,ok
diagnostic_run,within_job,all_physics_factorial,ieee118,relu,all_physics_factorial-ieee118-relu-no_physics-s29-4e61835780,probe_nrmse,-0.016518478202560614,0.5975120313474194,1024,,1,ok
diagnostic_run,within_job,all_physics_factorial,ieee118,relu,all_physics_factorial-ieee118-relu-no_physics-s29-4e61835780,probe_gap,-0.06310851557470853,0.043485273903837496,1024,,1,ok
diagnostic_run,within_job,,,,all_physics_factorial-ieee118-relu-no_physics-s29-8b66c7189b,probe_nrmse,0.049060331878978604,0.11665773697259155,1024,,1,ok
diagnostic_run,within_job,,,,all_physics_factorial-ieee118-relu-no_physics-s29-8b66c7189b,probe_gap,-0.11880272780916958,0.00013865997165690724,1024,,1,ok
diagnostic_run,within_job,all_physics_factorial,ieee118,relu,all_physics_factorial-ieee118-relu-no_physics-s47-33a7902980,probe_nrmse,0.014868515753522637,0.6346175974262904,1024,,1,ok
diagnostic_run,within_job,all_physics_factorial,ieee118,relu,all_physics_factorial-ieee118-relu-no_physics-s47-33a7902980,probe_gap,-0.09644158813747226,0.002004494184902343,1024,,1,ok
diagnostic_run,within_job,,,,all_physics_factorial-ieee118-relu-no_physics-s47-ef4e38e97c,probe_nrmse,0.003042779039410628,0.9225276800640413,1024,,1,ok
diagnostic_run,within_job,,,,all_physics_factorial-ieee118-relu-no_physics-s47-ef4e38e97c,probe_gap,-0.059772112599241825,0.05586578098666763,1024,,1,ok
diagnostic_run,within_job,,,,all_physics_factorial-ieee118-relu-physics-s11-01e884ee22,probe_nrmse,-0.01226021028538731,0.6951599800587894,1024,,1,ok
diagnostic_run,within_job,,,,all_physics_factorial-ieee118-relu-physics-s11-01e884ee22,probe_gap,0.03071413883127101,0.326157173037822,1024,,1,ok
diagnostic_run,within_job,all_physics_factorial,ieee118,relu,all_physics_factorial-ieee118-relu-physics-s11-1c5ac2bdee,probe_nrmse,-0.010893489408878259,0.7277078413545364,1024,,1,ok
diagnostic_run,within_job,all_physics_factorial,ieee118,relu,all_physics_factorial-ieee118-relu-physics-s11-1c5ac2bdee,probe_gap,0.011812163638968075,0.7057717977965665,1024,,1,ok
diagnostic_run,within_job,,,,all_physics_factorial-ieee118-relu-physics-s29-0e19e35307,probe_nrmse,0.021994302535584005,0.48202889711520536,1024,,1,ok
diagnostic_run,within_job,,,,all_physics_factorial-ieee118-relu-physics-s29-0e19e35307,probe_gap,0.02274208077033116,0.46725552002426507,1024,,1,ok
diagnostic_run,within_job,all_physics_factorial,ieee118,relu,all_physics_factorial-ieee118-relu-physics-s29-177e43f31e,probe_nrmse,-0.03543895509977827,0.25720696528081,1024,,1,ok
diagnostic_run,within_job,all_physics_factorial,ieee118,relu,all_physics_factorial-ieee118-relu-physics-s29-177e43f31e,probe_gap,0.032854130158786916,0.293565671325804,1024,,1,ok
diagnostic_run,within_job,,,,all_physics_factorial-ieee118-relu-physics-s47-978986bc9c,probe_nrmse,0.01115283688577355,0.7214916370946183,1024,,1,ok
diagnostic_run,within_job,,,,all_physics_factorial-ieee118-relu-physics-s47-978986bc9c,probe_gap,-0.012646996370073672,0.6860467209926018,1024,,1,ok
diagnostic_run,within_job,all_physics_factorial,ieee118,relu,all_physics_factorial-ieee118-relu-physics-s47-d0350a3709,probe_nrmse,-0.033968454956726984,0.2774894706686181,1024,,1,ok
diagnostic_run,within_job,all_physics_factorial,ieee118,relu,all_physics_factorial-ieee118-relu-physics-s47-d0350a3709,probe_gap,-0.02026943932837422,0.517051959982366,1024,,1,ok
diagnostic_run,within_job,,,,all_physics_factorial-ieee118-resmlp-no_physics-s11-3b54a7b706,probe_nrmse,0.048312844217151846,0.12234021776131672,1024,,1,ok
diagnostic_run,within_job,,,,all_physics_factorial-ieee118-resmlp-no_physics-s11-3b54a7b706,probe_gap,-0.10687828570917672,0.0006131168286938953,1024,,1,ok
diagnostic_run,within_job,all_physics_factorial,ieee118,resmlp,all_physics_factorial-ieee118-resmlp-no_physics-s11-f9d275762d,probe_nrmse,0.048312844217151846,0.12234021776131672,1024,,1,ok
diagnostic_run,within_job,all_physics_factorial,ieee118,resmlp,all_physics_factorial-ieee118-resmlp-no_physics-s11-f9d275762d,probe_gap,-0.10687828570917672,0.0006131168286938953,1024,,1,ok
diagnostic_run,within_job,all_physics_factorial,ieee118,resmlp,all_physics_factorial-ieee118-resmlp-no_physics-s29-2e977e9895,probe_nrmse,0.04300402108218296,0.16910539408374678,1024,,1,ok
diagnostic_run,within_job,all_physics_factorial,ieee118,resmlp,all_physics_factorial-ieee118-resmlp-no_physics-s29-2e977e9895,probe_gap,-0.10462856957656819,0.0007987367426878039,1024,,1,ok
diagnostic_run,within_job,,,,all_physics_factorial-ieee118-resmlp-no_physics-s29-648b5985b2,probe_nrmse,0.04300402108218296,0.16910539408374678,1024,,1,ok
diagnostic_run,within_job,,,,all_physics_factorial-ieee118-resmlp-no_physics-s29-648b5985b2,probe_gap,-0.10462856957656819,0.0007987367426878039,1024,,1,ok
diagnostic_run,within_job,all_physics_factorial,ieee118,resmlp,all_physics_factorial-ieee118-resmlp-no_physics-s47-53d6979f4f,probe_nrmse,0.057109917030255336,0.06773341021830338,1024,,1,ok
diagnostic_run,within_job,all_physics_factorial,ieee118,resmlp,all_physics_factorial-ieee118-resmlp-no_physics-s47-53d6979f4f,probe_gap,-0.13316826183749372,1.9093653956900474e-05,1024,,1,ok
diagnostic_run,within_job,,,,all_physics_factorial-ieee118-resmlp-no_physics-s47-bc119ea544,probe_nrmse,0.057109917030255336,0.06773341021830338,1024,,1,ok
diagnostic_run,within_job,,,,all_physics_factorial-ieee118-resmlp-no_physics-s47-bc119ea544,probe_gap,-0.13316826183749372,1.9093653956900474e-05,1024,,1,ok
diagnostic_run,within_job,,,,all_physics_factorial-ieee118-resmlp-physics-s11-4e0e807935,probe_nrmse,0.016884410092268078,0.5894179593863637,1024,,1,ok
diagnostic_run,within_job,,,,all_physics_factorial-ieee118-resmlp-physics-s11-4e0e807935,probe_gap,0.014910514758060366,0.6336610886838632,1024,,1,ok
diagnostic_run,within_job,all_physics_factorial,ieee118,resmlp,all_physics_factorial-ieee118-resmlp-physics-s11-db194541aa,probe_nrmse,0.016884410092268078,0.5894179593863637,1024,,1,ok
diagnostic_run,within_job,all_physics_factorial,ieee118,resmlp,all_physics_factorial-ieee118-resmlp-physics-s11-db194541aa,probe_gap,0.014910514758060366,0.6336610886838632,1024,,1,ok
diagnostic_run,within_job,all_physics_factorial,ieee118,resmlp,all_physics_factorial-ieee118-resmlp-physics-s29-a05a322ee7,probe_nrmse,0.017164488859881265,0.5832572004264495,1024,,1,ok
diagnostic_run,within_job,all_physics_factorial,ieee118,resmlp,all_physics_factorial-ieee118-resmlp-physics-s29-a05a322ee7,probe_gap,0.0020355527143981113,0.9481276648118462,1024,,1,ok
diagnostic_run,within_job,,,,all_physics_factorial-ieee118-resmlp-physics-s29-a96201ada5,probe_nrmse,0.017164488859881265,0.5832572004264495,1024,,1,ok
diagnostic_run,within_job,,,,all_physics_factorial-ieee118-resmlp-physics-s29-a96201ada5,probe_gap,0.0020355527143981113,0.9481276648118462,1024,,1,ok
diagnostic_run,within_job,all_physics_factorial,ieee118,resmlp,all_physics_factorial-ieee118-resmlp-physics-s47-6f08fcfb19,probe_nrmse,-0.012206420767470139,0.6964308687199658,1024,,1,ok
diagnostic_run,within_job,all_physics_factorial,ieee118,resmlp,all_physics_factorial-ieee118-resmlp-physics-s47-6f08fcfb19,probe_gap,-0.03362056093984693,0.28244288913330434,1024,,1,ok
diagnostic_run,within_job,,,,all_physics_factorial-ieee118-resmlp-physics-s47-942f7df3ac,probe_nrmse,-0.012206420767470139,0.6964308687199658,1024,,1,ok
diagnostic_run,within_job,,,,all_physics_factorial-ieee118-resmlp-physics-s47-942f7df3ac,probe_gap,-0.03362056093984693,0.28244288913330434,1024,,1,ok
diagnostic_run,within_job,,,,all_physics_factorial-ieee118-silu-no_physics-s11-493c1f124f,probe_nrmse,0.034928373775123374,0.264129658350504,1024,,1,ok
diagnostic_run,within_job,,,,all_physics_factorial-ieee118-silu-no_physics-s11-493c1f124f,probe_gap,-0.10940517488019454,0.00045281086098012074,1024,,1,ok
diagnostic_run,within_job,all_physics_factorial,ieee118,silu,all_physics_factorial-ieee118-silu-no_physics-s11-d5dbb55d4c,probe_nrmse,-0.008003596398683926,0.7981003584281079,1024,,1,ok
diagnostic_run,within_job,all_physics_factorial,ieee118,silu,all_physics_factorial-ieee118-silu-no_physics-s11-d5dbb55d4c,probe_gap,-0.12550606626850727,5.6439609094238465e-05,1024,,1,ok
diagnostic_run,within_job,all_physics_factorial,ieee118,silu,all_physics_factorial-ieee118-silu-no_physics-s29-a6b3fa52e1,probe_nrmse,0.03471330511050712,0.26708371517721263,1024,,1,ok
diagnostic_run,within_job,all_physics_factorial,ieee118,silu,all_physics_factorial-ieee118-silu-no_physics-s29-a6b3fa52e1,probe_gap,-0.10874347328517274,0.0004905157761826806,1024,,1,ok
diagnostic_run,within_job,,,,all_physics_factorial-ieee118-silu-no_physics-s29-ea29a629e2,probe_nrmse,0.034461423092053495,0.2705721653726322,1024,,1,ok
diagnostic_run,within_job,,,,all_physics_factorial-ieee118-silu-no_physics-s29-ea29a629e2,probe_gap,-0.09189021037479435,0.00324918323651349,1024,,1,ok
diagnostic_run,within_job,all_physics_factorial,ieee118,silu,all_physics_factorial-ieee118-silu-no_physics-s47-0b336ee800,probe_nrmse,0.0017439292611401184,0.9555508310704037,1024,,1,ok
diagnostic_run,within_job,all_physics_factorial,ieee118,silu,all_physics_factorial-ieee118-silu-no_physics-s47-0b336ee800,probe_gap,-0.10722254756455188,0.0005885366628632268,1024,,1,ok
diagnostic_run,within_job,,,,all_physics_factorial-ieee118-silu-no_physics-s47-36ca7ab8d8,probe_nrmse,0.03341343832701523,0.2854202216569212,1024,,1,ok
diagnostic_run,within_job,,,,all_physics_factorial-ieee118-silu-no_physics-s47-36ca7ab8d8,probe_gap,-0.12967940866175523,3.1511382572856644e-05,1024,,1,ok
diagnostic_run,within_job,,,,all_physics_factorial-ieee118-silu-physics-s11-0a0ce0b420,probe_nrmse,-0.0002757648773335241,0.9929677773904491,1024,,1,ok
diagnostic_run,within_job,,,,all_physics_factorial-ieee118-silu-physics-s11-0a0ce0b420,probe_gap,-0.004829612509834776,0.8773260977591214,1024,,1,ok
diagnostic_run,within_job,all_physics_factorial,ieee118,silu,all_physics_factorial-ieee118-silu-physics-s11-35b74542a0,probe_nrmse,-0.0304199449252557,0.3308146218569411,1024,,1,ok
diagnostic_run,within_job,all_physics_factorial,ieee118,silu,all_physics_factorial-ieee118-silu-physics-s11-35b74542a0,probe_gap,0.00874213217938631,0.7799287494691637,1024,,1,ok
diagnostic_run,within_job,,,,all_physics_factorial-ieee118-silu-physics-s29-01f1ec21ec,probe_nrmse,0.03057753603104213,0.32831444434263746,1024,,1,ok
diagnostic_run,within_job,,,,all_physics_factorial-ieee118-silu-physics-s29-01f1ec21ec,probe_gap,-0.018683827605321505,0.5503709455998131,1024,,1,ok
diagnostic_run,within_job,all_physics_factorial,ieee118,silu,all_physics_factorial-ieee118-silu-physics-s29-8ff0c252bf,probe_nrmse,0.0170077247693298,0.5867017731135797,1024,,1,ok
diagnostic_run,within_job,all_physics_factorial,ieee118,silu,all_physics_factorial-ieee118-silu-physics-s29-8ff0c252bf,probe_gap,0.0014954782383234388,0.9618781227983627,1024,,1,ok
diagnostic_run,within_job,,,,all_physics_factorial-ieee118-silu-physics-s47-99aef6d3c0,probe_nrmse,0.0020286795472426863,0.9483025695334228,1024,,1,ok
diagnostic_run,within_job,,,,all_physics_factorial-ieee118-silu-physics-s47-99aef6d3c0,probe_gap,0.016561505346541733,0.596557697968424,1024,,1,ok
diagnostic_run,within_job,all_physics_factorial,ieee118,silu,all_physics_factorial-ieee118-silu-physics-s47-b46bc4757f,probe_nrmse,-0.011675141710178097,0.7090286682580619,1024,,1,ok
diagnostic_run,within_job,all_physics_factorial,ieee118,silu,all_physics_factorial-ieee118-silu-physics-s47-b46bc4757f,probe_gap,0.0023334458372076387,0.9405495503921772,1024,,1,ok
diagnostic_run,within_job,all_physics_factorial,ieee118,swiglu,all_physics_factorial-ieee118-swiglu-no_physics-s11-32592b8fea,probe_nrmse,0.007329098419283311,0.8147925757981892,1024,,1,ok
diagnostic_run,within_job,all_physics_factorial,ieee118,swiglu,all_physics_factorial-ieee118-swiglu-no_physics-s11-32592b8fea,probe_gap,-0.012201928063085614,0.6965370567333579,1024,,1,ok
diagnostic_run,within_job,,,,all_physics_factorial-ieee118-swiglu-no_physics-s11-83a5dfc25a,probe_nrmse,0.026858035011801725,0.390582063991735,1024,,1,ok
diagnostic_run,within_job,,,,all_physics_factorial-ieee118-swiglu-no_physics-s11-83a5dfc25a,probe_gap,-0.040934873667834916,0.1905802003335437,1024,,1,ok
diagnostic_run,within_job,,,,all_physics_factorial-ieee118-swiglu-no_physics-s29-0966bccdd4,probe_nrmse,-0.002620353068450039,0.9332559762145023,1024,,1,ok
diagnostic_run,within_job,,,,all_physics_factorial-ieee118-swiglu-no_physics-s29-0966bccdd4,probe_gap,0.009529696552464058,0.7606824418156922,1024,,1,ok
diagnostic_run,within_job,all_physics_factorial,ieee118,swiglu,all_physics_factorial-ieee118-swiglu-no_physics-s29-eab2649e0f,probe_nrmse,0.027115169694585505,0.38605981253332666,1024,,1,ok
diagnostic_run,within_job,all_physics_factorial,ieee118,swiglu,all_physics_factorial-ieee118-swiglu-no_physics-s29-eab2649e0f,probe_gap,-0.047113772709391315,0.13190398613277413,1024,,1,ok
diagnostic_run,within_job,all_physics_factorial,ieee118,swiglu,all_physics_factorial-ieee118-swiglu-no_physics-s47-5cec22f60a,probe_nrmse,0.037065839353408195,0.23599159354298174,1024,,1,ok
diagnostic_run,within_job,all_physics_factorial,ieee118,swiglu,all_physics_factorial-ieee118-swiglu-no_physics-s47-5cec22f60a,probe_gap,-0.016643335151276733,0.5947446443451141,1024,,1,ok
diagnostic_run,within_job,,,,all_physics_factorial-ieee118-swiglu-no_physics-s47-98e3f913e6,probe_nrmse,0.00408380123024104,0.8961529982437718,1024,,1,ok
diagnostic_run,within_job,,,,all_physics_factorial-ieee118-swiglu-no_physics-s47-98e3f913e6,probe_gap,-0.04355179574064802,0.1637359271367887,1024,,1,ok
diagnostic_run,within_job,,,,all_physics_factorial-ieee118-swiglu-physics-s11-43b9211a7c,probe_nrmse,0.007074802410414131,0.8211080958103061,1024,,1,ok
diagnostic_run,within_job,,,,all_physics_factorial-ieee118-swiglu-physics-s11-43b9211a7c,probe_gap,-0.03102873989700307,0.32122397588621,1024,,1,ok
diagnostic_run,within_job,all_physics_factorial,ieee118,swiglu,all_physics_factorial-ieee118-swiglu-physics-s11-738dc6423a,probe_nrmse,-0.010126734496817108,0.7461893962732471,1024,,1,ok
diagnostic_run,within_job,all_physics_factorial,ieee118,swiglu,all_physics_factorial-ieee118-swiglu-physics-s11-738dc6423a,probe_gap,0.015596725019669551,0.6181204421409192,1024,,1,ok
diagnostic_run,within_job,,,,all_physics_factorial-ieee118-swiglu-physics-s29-4b3cbc949e,probe_nrmse,0.011383071221657964,0.7159885697148027,1024,,1,ok
diagnostic_run,within_job,,,,all_physics_factorial-ieee118-swiglu-physics-s29-4b3cbc949e,probe_gap,-0.02666697214076246,0.39396302593671506,1024,,1,ok
diagnostic_run,within_job,all_physics_factorial,ieee118,swiglu,all_physics_factorial-ieee118-swiglu-physics-s29-a8d625506f,probe_nrmse,-0.025783865156283524,0.4098185643121762,1024,,1,ok
diagnostic_run,within_job,all_physics_factorial,ieee118,swiglu,all_physics_factorial-ieee118-swiglu-physics-s29-a8d625506f,probe_gap,-0.0064292946677633935,0.8371906636322909,1024,,1,ok
diagnostic_run,within_job,,,,all_physics_factorial-ieee118-swiglu-physics-s47-09c993b7ee,probe_nrmse,-0.008474805092625706,0.7864930237365253,1024,,1,ok
diagnostic_run,within_job,,,,all_physics_factorial-ieee118-swiglu-physics-s47-09c993b7ee,probe_gap,0.0022008104749302623,0.9439230436320943,1024,,1,ok
diagnostic_run,within_job,all_physics_factorial,ieee118,swiglu,all_physics_factorial-ieee118-swiglu-physics-s47-590469616e,probe_nrmse,-0.00245554234318003,0.9374450458815982,1024,,1,ok
diagnostic_run,within_job,all_physics_factorial,ieee118,swiglu,all_physics_factorial-ieee118-swiglu-physics-s47-590469616e,probe_gap,-0.005551652689364136,0.8591649344827413,1024,,1,ok
diagnostic_run,within_job,all_physics_factorial,shallow_water,fourier,all_physics_factorial-shallow_water-fourier-no_physics-s11-2a1b0556f6,probe_nrmse,-0.002186181252084808,0.944295190903254,1024,,1,ok
diagnostic_run,within_job,all_physics_factorial,shallow_water,fourier,all_physics_factorial-shallow_water-fourier-no_physics-s11-2a1b0556f6,probe_gap,-0.07588081592876045,0.015152120150480407,1024,,1,ok
diagnostic_run,within_job,,,,all_physics_factorial-shallow_water-fourier-no_physics-s11-c72080a713,probe_nrmse,-0.002186181252084808,0.944295190903254,1024,,1,ok
diagnostic_run,within_job,,,,all_physics_factorial-shallow_water-fourier-no_physics-s11-c72080a713,probe_gap,-0.07588081592876045,0.015152120150480407,1024,,1,ok
diagnostic_run,within_job,all_physics_factorial,shallow_water,fourier,all_physics_factorial-shallow_water-fourier-no_physics-s29-0786620cad,probe_nrmse,0.07871714312816595,0.011742728619841167,1024,,1,ok
diagnostic_run,within_job,all_physics_factorial,shallow_water,fourier,all_physics_factorial-shallow_water-fourier-no_physics-s29-0786620cad,probe_gap,-0.04489705908045142,0.15109481737550826,1024,,1,ok
diagnostic_run,within_job,,,,all_physics_factorial-shallow_water-fourier-no_physics-s29-77034fb701,probe_nrmse,0.07871714312816595,0.011742728619841167,1024,,1,ok
diagnostic_run,within_job,,,,all_physics_factorial-shallow_water-fourier-no_physics-s29-77034fb701,probe_gap,-0.04489705908045142,0.15109481737550826,1024,,1,ok
diagnostic_run,within_job,,,,all_physics_factorial-shallow_water-fourier-no_physics-s47-341147789d,probe_nrmse,0.02763674808668908,0.37698534510777415,1024,,1,ok
diagnostic_run,within_job,,,,all_physics_factorial-shallow_water-fourier-no_physics-s47-341147789d,probe_gap,-0.003245543058436449,0.9173829830204602,1024,,1,ok
diagnostic_run,within_job,all_physics_factorial,shallow_water,fourier,all_physics_factorial-shallow_water-fourier-no_physics-s47-aad747030b,probe_nrmse,0.02763674808668908,0.37698534510777415,1024,,1,ok
diagnostic_run,within_job,all_physics_factorial,shallow_water,fourier,all_physics_factorial-shallow_water-fourier-no_physics-s47-aad747030b,probe_gap,-0.003245543058436449,0.9173829830204602,1024,,1,ok
diagnostic_run,within_job,all_physics_factorial,shallow_water,fourier,all_physics_factorial-shallow_water-fourier-physics-s11-06a36e70e8,probe_nrmse,0.06697000616908662,0.03212685629249103,1024,,1,ok
diagnostic_run,within_job,all_physics_factorial,shallow_water,fourier,all_physics_factorial-shallow_water-fourier-physics-s11-06a36e70e8,probe_gap,0.03905940428080967,0.21171961455787527,1024,,1,ok
diagnostic_run,within_job,,,,all_physics_factorial-shallow_water-fourier-physics-s11-72a16b7a3a,probe_nrmse,0.06697000616908662,0.03212685629249103,1024,,1,ok
diagnostic_run,within_job,,,,all_physics_factorial-shallow_water-fourier-physics-s11-72a16b7a3a,probe_gap,0.03905940428080967,0.21171961455787527,1024,,1,ok
diagnostic_run,within_job,all_physics_factorial,shallow_water,fourier,all_physics_factorial-shallow_water-fourier-physics-s29-4dfc64c6ad,probe_nrmse,0.0664791055718475,0.03341290035716087,1024,,1,ok
diagnostic_run,within_job,all_physics_factorial,shallow_water,fourier,all_physics_factorial-shallow_water-fourier-physics-s29-4dfc64c6ad,probe_gap,0.04736340837565267,0.1298666476081207,1024,,1,ok
diagnostic_run,within_job,,,,all_physics_factorial-shallow_water-fourier-physics-s29-9ec45eb13a,probe_nrmse,0.0664791055718475,0.03341290035716087,1024,,1,ok
diagnostic_run,within_job,,,,all_physics_factorial-shallow_water-fourier-physics-s29-9ec45eb13a,probe_gap,0.04736340837565267,0.1298666476081207,1024,,1,ok
diagnostic_run,within_job,,,,all_physics_factorial-shallow_water-fourier-physics-s47-7b733387d1,probe_nrmse,0.06412196704490124,0.04021747812848812,1024,,1,ok
diagnostic_run,within_job,,,,all_physics_factorial-shallow_water-fourier-physics-s47-7b733387d1,probe_gap,0.06530540908561566,0.0366671089067144,1024,,1,ok
diagnostic_run,within_job,all_physics_factorial,shallow_water,fourier,all_physics_factorial-shallow_water-fourier-physics-s47-fe9f6d84e8,probe_nrmse,0.06412196704490124,0.04021747812848812,1024,,1,ok
diagnostic_run,within_job,all_physics_factorial,shallow_water,fourier,all_physics_factorial-shallow_water-fourier-physics-s47-fe9f6d84e8,probe_gap,0.06530540908561566,0.0366671089067144,1024,,1,ok
diagnostic_run,within_job,,,,all_physics_factorial-shallow_water-ganr-no_physics-s11-54af0d1d54,probe_nrmse,0.03434773094497591,0.2721569203578978,1024,,1,ok
diagnostic_run,within_job,,,,all_physics_factorial-shallow_water-ganr-no_physics-s11-54af0d1d54,probe_gap,0.03367066251092627,0.2817258618402134,1024,,1,ok
diagnostic_run,within_job,,,,all_physics_factorial-shallow_water-ganr-no_physics-s11-b240873990,probe_nrmse,0.03434773094497591,0.2721569203578978,1024,,1,ok
diagnostic_run,within_job,,,,all_physics_factorial-shallow_water-ganr-no_physics-s11-b240873990,probe_gap,0.03367066251092627,0.2817258618402134,1024,,1,ok
diagnostic_run,within_job,all_physics_factorial,shallow_water,ganr,all_physics_factorial-shallow_water-ganr-no_physics-s11-bdcb453099,probe_nrmse,0.03434773094497591,0.2721569203578978,1024,,1,ok
diagnostic_run,within_job,all_physics_factorial,shallow_water,ganr,all_physics_factorial-shallow_water-ganr-no_physics-s11-bdcb453099,probe_gap,0.03367066251092627,0.2817258618402134,1024,,1,ok
diagnostic_run,within_job,,,,all_physics_factorial-shallow_water-ganr-no_physics-s11-d7aab1a21c,probe_nrmse,0.03434773094497591,0.2721569203578978,1024,,1,ok
diagnostic_run,within_job,,,,all_physics_factorial-shallow_water-ganr-no_physics-s11-d7aab1a21c,probe_gap,0.03367066251092627,0.2817258618402134,1024,,1,ok
diagnostic_run,within_job,,,,all_physics_factorial-shallow_water-ganr-no_physics-s11-f58c01634d,probe_nrmse,-0.026969950289678846,0.38860986306756584,1024,,1,ok
diagnostic_run,within_job,,,,all_physics_factorial-shallow_water-ganr-no_physics-s11-f58c01634d,probe_gap,0.010153981296044631,0.7455300729464238,1024,,1,ok
diagnostic_run,within_job,,,,all_physics_factorial-shallow_water-ganr-no_physics-s29-01c9bc83a0,probe_nrmse,0.009378973052096855,0.7643547675900936,1024,,1,ok
diagnostic_run,within_job,,,,all_physics_factorial-shallow_water-ganr-no_physics-s29-01c9bc83a0,probe_gap,0.022194496163863275,0.4780491126432257,1024,,1,ok
diagnostic_run,within_job,all_physics_factorial,shallow_water,ganr,all_physics_factorial-shallow_water-ganr-no_physics-s29-304f56d78b,probe_nrmse,0.05572227487304198,0.0746970952628634,1024,,1,ok
diagnostic_run,within_job,all_physics_factorial,shallow_water,ganr,all_physics_factorial-shallow_water-ganr-no_physics-s29-304f56d78b,probe_gap,0.02011739145983835,0.520201179943447,1024,,1,ok
diagnostic_run,within_job,,,,all_physics_factorial-shallow_water-ganr-no_physics-s29-6cbd0f03e8,probe_nrmse,0.05572227487304198,0.0746970952628634,1024,,1,ok
diagnostic_run,within_job,,,,all_physics_factorial-shallow_water-ganr-no_physics-s29-6cbd0f03e8,probe_gap,0.02011739145983835,0.520201179943447,1024,,1,ok
diagnostic_run,within_job,,,,all_physics_factorial-shallow_water-ganr-no_physics-s29-f3e748f79d,probe_nrmse,0.05572227487304198,0.0746970952628634,1024,,1,ok
diagnostic_run,within_job,,,,all_physics_factorial-shallow_water-ganr-no_physics-s29-f3e748f79d,probe_gap,0.02011739145983835,0.520201179943447,1024,,1,ok
diagnostic_run,within_job,,,,all_physics_factorial-shallow_water-ganr-no_physics-s29-fcbc517ad6,probe_nrmse,0.05572227487304198,0.0746970952628634,1024,,1,ok
diagnostic_run,within_job,,,,all_physics_factorial-shallow_water-ganr-no_physics-s29-fcbc517ad6,probe_gap,0.02011739145983835,0.520201179943447,1024,,1,ok
diagnostic_run,within_job,all_physics_factorial,shallow_water,ganr,all_physics_factorial-shallow_water-ganr-no_physics-s47-1fe9657237,probe_nrmse,0.04830777050189702,0.12237951376572334,1024,,1,ok
diagnostic_run,within_job,all_physics_factorial,shallow_water,ganr,all_physics_factorial-shallow_water-ganr-no_physics-s47-1fe9657237,probe_gap,0.0806543033867791,0.009823164631001535,1024,,1,ok
diagnostic_run,within_job,,,,all_physics_factorial-shallow_water-ganr-no_physics-s47-2e8dd96bfd,probe_nrmse,0.04830777050189702,0.12237951376572334,1024,,1,ok
diagnostic_run,within_job,,,,all_physics_factorial-shallow_water-ganr-no_physics-s47-2e8dd96bfd,probe_gap,0.0806543033867791,0.009823164631001535,1024,,1,ok
diagnostic_run,within_job,,,,all_physics_factorial-shallow_water-ganr-no_physics-s47-3744dd62ef,probe_nrmse,0.04830777050189702,0.12237951376572334,1024,,1,ok
diagnostic_run,within_job,,,,all_physics_factorial-shallow_water-ganr-no_physics-s47-3744dd62ef,probe_gap,0.0806543033867791,0.009823164631001535,1024,,1,ok
diagnostic_run,within_job,,,,all_physics_factorial-shallow_water-ganr-no_physics-s47-896778a2b5,probe_nrmse,0.04830777050189702,0.12237951376572334,1024,,1,ok
diagnostic_run,within_job,,,,all_physics_factorial-shallow_water-ganr-no_physics-s47-896778a2b5,probe_gap,0.0806543033867791,0.009823164631001535,1024,,1,ok
diagnostic_run,within_job,,,,all_physics_factorial-shallow_water-ganr-no_physics-s47-a67d465fd5,probe_nrmse,0.009760064998927113,0.7550800100066869,1024,,1,ok
diagnostic_run,within_job,,,,all_physics_factorial-shallow_water-ganr-no_physics-s47-a67d465fd5,probe_gap,-0.022713783438237607,0.46780997013017234,1024,,1,ok
diagnostic_run,within_job,,,,all_physics_factorial-shallow_water-ganr-physics-s11-23f4c16994,probe_nrmse,0.00939778762248766,0.763896066053997,1024,,1,ok
diagnostic_run,within_job,,,,all_physics_factorial-shallow_water-ganr-physics-s11-23f4c16994,probe_gap,0.10577280103354551,0.000698647104681807,1024,,1,ok
diagnostic_run,within_job,all_physics_factorial,shallow_water,ganr,all_physics_factorial-shallow_water-ganr-physics-s11-4a7a709559,probe_nrmse,-0.006871054913811601,0.8261766177096936,1024,,1,ok
diagnostic_run,within_job,all_physics_factorial,shallow_water,ganr,all_physics_factorial-shallow_water-ganr-physics-s11-4a7a709559,probe_gap,0.09863322321364708,0.0015770607901619646,1024,,1,ok
diagnostic_run,within_job,,,,all_physics_factorial-shallow_water-ganr-physics-s11-584c814586,probe_nrmse,0.00939778762248766,0.763896066053997,1024,,1,ok
diagnostic_run,within_job,,,,all_physics_factorial-shallow_water-ganr-physics-s11-584c814586,probe_gap,0.10577280103354551,0.000698647104681807,1024,,1,ok
diagnostic_run,within_job,,,,all_physics_factorial-shallow_water-ganr-physics-s11-778cc9385a,probe_nrmse,0.018655317931478434,0.550979552676236,1024,,1,ok
diagnostic_run,within_job,,,,all_physics_factorial-shallow_water-ganr-physics-s11-778cc9385a,probe_gap,0.11886142353908875,0.00013760023785166595,1024,,1,ok
diagnostic_run,within_job,,,,all_physics_factorial-shallow_water-ganr-physics-s11-cf48c084a7,probe_nrmse,0.00939778762248766,0.763896066053997,1024,,1,ok
diagnostic_run,within_job,,,,all_physics_factorial-shallow_water-ganr-physics-s11-cf48c084a7,probe_gap,0.10577280103354551,0.000698647104681807,1024,,1,ok
diagnostic_run,within_job,,,,all_physics_factorial-shallow_water-ganr-physics-s29-1b58c6661e,probe_nrmse,-0.0009707705993848794,0.9752482269004719,1024,,1,ok
diagnostic_run,within_job,,,,all_physics_factorial-shallow_water-ganr-physics-s29-1b58c6661e,probe_gap,0.10602251493097774,0.0006784112582939369,1024,,1,ok
diagnostic_run,within_job,all_physics_factorial,shallow_water,ganr,all_physics_factorial-shallow_water-ganr-physics-s29-37256d6920,probe_nrmse,0.0027641196087547382,0.9296032988015439,1024,,1,ok
diagnostic_run,within_job,all_physics_factorial,shallow_water,ganr,all_physics_factorial-shallow_water-ganr-physics-s29-37256d6920,probe_gap,0.10621278431442671,0.000663359252067789,1024,,1,ok
diagnostic_run,within_job,,,,all_physics_factorial-shallow_water-ganr-physics-s29-38b8b4ca73,probe_nrmse,-0.0009707705993848794,0.9752482269004719,1024,,1,ok
diagnostic_run,within_job,,,,all_physics_factorial-shallow_water-ganr-physics-s29-38b8b4ca73,probe_gap,0.10602251493097774,0.0006784112582939369,1024,,1,ok
diagnostic_run,within_job,,,,all_physics_factorial-shallow_water-ganr-physics-s29-bd1eae6d7a,probe_nrmse,0.0017774792575638366,0.9546966202031012,1024,,1,ok
diagnostic_run,within_job,,,,all_physics_factorial-shallow_water-ganr-physics-s29-bd1eae6d7a,probe_gap,0.09249548494385236,0.003050593034479885,1024,,1,ok
diagnostic_run,within_job,,,,all_physics_factorial-shallow_water-ganr-physics-s29-e71340ae7b,probe_nrmse,-0.0009707705993848794,0.9752482269004719,1024,,1,ok
diagnostic_run,within_job,,,,all_physics_factorial-shallow_water-ganr-physics-s29-e71340ae7b,probe_gap,0.10602251493097774,0.0006784112582939369,1024,,1,ok
diagnostic_run,within_job,,,,all_physics_factorial-shallow_water-ganr-physics-s47-3e8185f3a0,probe_nrmse,0.027793735694871608,0.37427998620938996,1024,,1,ok
diagnostic_run,within_job,,,,all_physics_factorial-shallow_water-ganr-physics-s47-3e8185f3a0,probe_gap,0.12773258127101067,4.144869410694444e-05,1024,,1,ok
diagnostic_run,within_job,,,,all_physics_factorial-shallow_water-ganr-physics-s47-4b0887f08b,probe_nrmse,0.012695387937200486,0.6849097122579322,1024,,1,ok
diagnostic_run,within_job,,,,all_physics_factorial-shallow_water-ganr-physics-s47-4b0887f08b,probe_gap,0.0966262360524998,0.001964755822721164,1024,,1,ok
diagnostic_run,within_job,,,,all_physics_factorial-shallow_water-ganr-physics-s47-5233d952ef,probe_nrmse,0.012695387937200486,0.6849097122579322,1024,,1,ok
diagnostic_run,within_job,,,,all_physics_factorial-shallow_water-ganr-physics-s47-5233d952ef,probe_gap,0.0966262360524998,0.001964755822721164,1024,,1,ok
diagnostic_run,within_job,,,,all_physics_factorial-shallow_water-ganr-physics-s47-821f4f3789,probe_nrmse,0.012695387937200486,0.6849097122579322,1024,,1,ok
diagnostic_run,within_job,,,,all_physics_factorial-shallow_water-ganr-physics-s47-821f4f3789,probe_gap,0.0966262360524998,0.001964755822721164,1024,,1,ok
diagnostic_run,within_job,all_physics_factorial,shallow_water,ganr,all_physics_factorial-shallow_water-ganr-physics-s47-df8a1b5216,probe_nrmse,0.006279236106144052,0.8409393269187125,1024,,1,ok
diagnostic_run,within_job,all_physics_factorial,shallow_water,ganr,all_physics_factorial-shallow_water-ganr-physics-s47-df8a1b5216,probe_gap,0.09578896135827193,0.0021509217661436555,1024,,1,ok
diagnostic_run,within_job,all_physics_factorial,shallow_water,gelu,all_physics_factorial-shallow_water-gelu-no_physics-s11-5f55ec5499,probe_nrmse,0.06282319531864673,0.04444469480619246,1024,,1,ok
diagnostic_run,within_job,all_physics_factorial,shallow_water,gelu,all_physics_factorial-shallow_water-gelu-no_physics-s11-5f55ec5499,probe_gap,0.0776327471210929,0.012956427935035679,1024,,1,ok
diagnostic_run,within_job,,,,all_physics_factorial-shallow_water-gelu-no_physics-s11-a1c2e6fdb3,probe_nrmse,0.03163625531870332,0.3118361022450961,1024,,1,ok
diagnostic_run,within_job,,,,all_physics_factorial-shallow_water-gelu-no_physics-s11-a1c2e6fdb3,probe_gap,0.0954882072097847,0.002221643033582369,1024,,1,ok
diagnostic_run,within_job,all_physics_factorial,shallow_water,gelu,all_physics_factorial-shallow_water-gelu-no_physics-s29-423645467e,probe_nrmse,0.04563863457549531,0.1444514654801992,1024,,1,ok
diagnostic_run,within_job,all_physics_factorial,shallow_water,gelu,all_physics_factorial-shallow_water-gelu-no_physics-s29-423645467e,probe_gap,0.03864087869251127,0.21665962578730752,1024,,1,ok
diagnostic_run,within_job,,,,all_physics_factorial-shallow_water-gelu-no_physics-s29-9d6e76649a,probe_nrmse,0.004285844416881181,0.8910464926956077,1024,,1,ok
diagnostic_run,within_job,,,,all_physics_factorial-shallow_water-gelu-no_physics-s29-9d6e76649a,probe_gap,0.07402575390827773,0.017827478119701028,1024,,1,ok
diagnostic_run,within_job,all_physics_factorial,shallow_water,gelu,all_physics_factorial-shallow_water-gelu-no_physics-s47-2278b5a4d6,probe_nrmse,0.06031475752807382,0.05367233354188999,1024,,1,ok
diagnostic_run,within_job,all_physics_factorial,shallow_water,gelu,all_physics_factorial-shallow_water-gelu-no_physics-s47-2278b5a4d6,probe_gap,0.04701307801659394,0.13273274603580973,1024,,1,ok
diagnostic_run,within_job,,,,all_physics_factorial-shallow_water-gelu-no_physics-s47-76b7f918b5,probe_nrmse,0.01817574967813461,0.5612663408016532,1024,,1,ok
diagnostic_run,within_job,,,,all_physics_factorial-shallow_water-gelu-no_physics-s47-76b7f918b5,probe_gap,0.050716094610542876,0.10480834448026588,1024,,1,ok
diagnostic_run,within_job,,,,all_physics_factorial-shallow_water-gelu-physics-s11-671d51707d,probe_nrmse,0.02571833544665063,0.4110100103688833,1024,,1,ok
diagnostic_run,within_job,,,,all_physics_factorial-shallow_water-gelu-physics-s11-671d51707d,probe_gap,0.10341745046849295,0.0009190363109416812,1024,,1,ok
diagnostic_run,within_job,all_physics_factorial,shallow_water,gelu,all_physics_factorial-shallow_water-gelu-physics-s11-d0e2153eaf,probe_nrmse,0.019996993687862095,0.5227018485097186,1024,,1,ok
diagnostic_run,within_job,all_physics_factorial,shallow_water,gelu,all_physics_factorial-shallow_water-gelu-physics-s11-d0e2153eaf,probe_gap,0.0745804350547171,0.016987235036457226,1024,,1,ok
diagnostic_run,within_job,all_physics_factorial,shallow_water,gelu,all_physics_factorial-shallow_water-gelu-physics-s29-3780f463cb,probe_nrmse,0.00019199046920821114,0.9951040584813837,1024,,1,ok
diagnostic_run,within_job,all_physics_factorial,shallow_water,gelu,all_physics_factorial-shallow_water-gelu-physics-s29-3780f463cb,probe_gap,0.10072638759745367,0.0012486873097058372,1024,,1,ok
diagnostic_run,within_job,,,,all_physics_factorial-shallow_water-gelu-physics-s29-b643fe88aa,probe_nrmse,-0.007688090086546027,0.8058974180514098,1024,,1,ok
diagnostic_run,within_job,,,,all_physics_factorial-shallow_water-gelu-physics-s29-b643fe88aa,probe_gap,0.09370830278592375,0.002685558904053034,1024,,1,ok
diagnostic_run,within_job,,,,all_physics_factorial-shallow_water-gelu-physics-s47-3098200d96,probe_nrmse,-0.035439379882293884,0.257201258727395,1024,,1,ok
diagnostic_run,within_job,,,,all_physics_factorial-shallow_water-gelu-physics-s47-3098200d96,probe_gap,0.09888994466510896,0.0015328991359951896,1024,,1,ok
diagnostic_run,within_job,all_physics_factorial,shallow_water,gelu,all_physics_factorial-shallow_water-gelu-physics-s47-f9afbde2c6,probe_nrmse,0.0011405769437093198,0.9709204405333343,1024,,1,ok
diagnostic_run,within_job,all_physics_factorial,shallow_water,gelu,all_physics_factorial-shallow_water-gelu-physics-s47-f9afbde2c6,probe_gap,0.09820220298977182,0.001653843974330079,1024,,1,ok
diagnostic_run,within_job,all_physics_factorial,shallow_water,relu,all_physics_factorial-shallow_water-relu-no_physics-s11-4035635883,probe_nrmse,0.013429861322480792,0.6677412841740324,1024,,1,ok
diagnostic_run,within_job,all_physics_factorial,shallow_water,relu,all_physics_factorial-shallow_water-relu-no_physics-s11-4035635883,probe_gap,-0.003631418318922271,0.907601949070822,1024,,1,ok
diagnostic_run,within_job,,,,all_physics_factorial-shallow_water-relu-no_physics-s11-8b0432eace,probe_nrmse,0.048051082719404906,0.12438044800917439,1024,,1,ok
diagnostic_run,within_job,,,,all_physics_factorial-shallow_water-relu-no_physics-s11-8b0432eace,probe_gap,-0.006495439140886066,0.8355394523416324,1024,,1,ok
diagnostic_run,within_job,all_physics_factorial,shallow_water,relu,all_physics_factorial-shallow_water-relu-no_physics-s29-1c35d9c072,probe_nrmse,0.04458875562311339,0.15392417419171806,1024,,1,ok
diagnostic_run,within_job,all_physics_factorial,shallow_water,relu,all_physics_factorial-shallow_water-relu-no_physics-s29-1c35d9c072,probe_gap,-0.01563751707472148,0.6172018811144244,1024,,1,ok
diagnostic_run,within_job,,,,all_physics_factorial-shallow_water-relu-no_physics-s29-ad7d015d9f,probe_nrmse,0.047845256642511644,0.1260032389233405,1024,,1,ok
diagnostic_run,within_job,,,,all_physics_factorial-shallow_water-relu-no_physics-s29-ad7d015d9f,probe_gap,-0.048513093798372264,0.12079713063150802,1024,,1,ok
diagnostic_run,within_job,all_physics_factorial,shallow_water,relu,all_physics_factorial-shallow_water-relu-no_physics-s47-00a849df3f,probe_nrmse,0.05605733897789857,0.07296430285773459,1024,,1,ok
diagnostic_run,within_job,all_physics_factorial,shallow_water,relu,all_physics_factorial-shallow_water-relu-no_physics-s47-00a849df3f,probe_gap,-0.05625018998998641,0.07198195253816783,1024,,1,ok
diagnostic_run,within_job,,,,all_physics_factorial-shallow_water-relu-no_physics-s47-12556f384f,probe_nrmse,0.045653476146198406,0.14432082761118864,1024,,1,ok
diagnostic_run,within_job,,,,all_physics_factorial-shallow_water-relu-no_physics-s47-12556f384f,probe_gap,-0.03153537613546956,0.3133823454402465,1024,,1,ok
diagnostic_run,within_job,all_physics_factorial,shallow_water,relu,all_physics_factorial-shallow_water-relu-physics-s11-3c718f18c4,probe_nrmse,0.01104382733710035,0.7241022371152881,1024,,1,ok
diagnostic_run,within_job,all_physics_factorial,shallow_water,relu,all_physics_factorial-shallow_water-relu-physics-s11-3c718f18c4,probe_gap,0.07310066472215825,0.01930984526733288,1024,,1,ok
diagnostic_run,within_job,,,,all_physics_factorial-shallow_water-relu-physics-s11-d14660c496,probe_nrmse,-0.00362726089097274,0.9077072583142431,1024,,1,ok
diagnostic_run,within_job,,,,all_physics_factorial-shallow_water-relu-physics-s11-d14660c496,probe_gap,0.07775411719476433,0.012815289143626379,1024,,1,ok
diagnostic_run,within_job,,,,all_physics_factorial-shallow_water-relu-physics-s29-714fa60520,probe_nrmse,-0.029175901670123742,0.35098155852125834,1024,,1,ok
diagnostic_run,within_job,,,,all_physics_factorial-shallow_water-relu-physics-s29-714fa60520,probe_gap,0.07906229346708897,0.011378135465872,1024,,1,ok
diagnostic_run,within_job,all_physics_factorial,shallow_water,relu,all_physics_factorial-shallow_water-relu-physics-s29-e4e2b8a10e,probe_nrmse,-0.013534596058937125,0.6653069185146856,1024,,1,ok
diagnostic_run,within_job,all_physics_factorial,shallow_water,relu,all_physics_factorial-shallow_water-relu-physics-s29-e4e2b8a10e,probe_gap,0.1019686091838924,0.0010849024512031155,1024,,1,ok
diagnostic_run,within_job,,,,all_physics_factorial-shallow_water-relu-physics-s47-ac66f1015f,probe_nrmse,-0.019827969655246403,0.5262228613513089,1024,,1,ok
diagnostic_run,within_job,,,,all_physics_factorial-shallow_water-relu-physics-s47-ac66f1015f,probe_gap,0.10036812236249194,0.0012999947225431875,1024,,1,ok
diagnostic_run,within_job,all_physics_factorial,shallow_water,relu,all_physics_factorial-shallow_water-relu-physics-s47-ba309e8e6f,probe_nrmse,-0.010064976631594757,0.7476845114831855,1024,,1,ok
diagnostic_run,within_job,all_physics_factorial,shallow_water,relu,all_physics_factorial-shallow_water-relu-physics-s47-ba309e8e6f,probe_gap,0.08454781289268641,0.006787916719824224,1024,,1,ok
diagnostic_run,within_job,,,,all_physics_factorial-shallow_water-resmlp-no_physics-s11-d745abe048,probe_nrmse,-0.0008132689051953819,0.9792630628619992,1024,,1,ok
diagnostic_run,within_job,,,,all_physics_factorial-shallow_water-resmlp-no_physics-s11-d745abe048,probe_gap,-0.021798288870824068,0.4859429511655632,1024,,1,ok
diagnostic_run,within_job,all_physics_factorial,shallow_water,resmlp,all_physics_factorial-shallow_water-resmlp-no_physics-s11-e46e1a4ce6,probe_nrmse,-0.0008132689051953819,0.9792630628619992,1024,,1,ok
diagnostic_run,within_job,all_physics_factorial,shallow_water,resmlp,all_physics_factorial-shallow_water-resmlp-no_physics-s11-e46e1a4ce6,probe_gap,-0.021798288870824068,0.4859429511655632,1024,,1,ok
diagnostic_run,within_job,all_physics_factorial,shallow_water,resmlp,all_physics_factorial-shallow_water-resmlp-no_physics-s29-77532b4ace,probe_nrmse,0.00893187629640226,0.7752790000250116,1024,,1,ok
diagnostic_run,within_job,all_physics_factorial,shallow_water,resmlp,all_physics_factorial-shallow_water-resmlp-no_physics-s29-77532b4ace,probe_gap,0.06650369251126528,0.03334745767099967,1024,,1,ok
diagnostic_run,within_job,,,,all_physics_factorial-shallow_water-resmlp-no_physics-s29-852cb36e16,probe_nrmse,0.00893187629640226,0.7752790000250116,1024,,1,ok
diagnostic_run,within_job,,,,all_physics_factorial-shallow_water-resmlp-no_physics-s29-852cb36e16,probe_gap,0.06650369251126528,0.03334745767099967,1024,,1,ok
diagnostic_run,within_job,all_physics_factorial,shallow_water,resmlp,all_physics_factorial-shallow_water-resmlp-no_physics-s47-6ab5a6e535,probe_nrmse,0.000860989914884486,0.9780465585917657,1024,,1,ok
diagnostic_run,within_job,all_physics_factorial,shallow_water,resmlp,all_physics_factorial-shallow_water-resmlp-no_physics-s47-6ab5a6e535,probe_gap,0.06677811628281238,0.03262442966625583,1024,,1,ok
diagnostic_run,within_job,,,,all_physics_factorial-shallow_water-resmlp-no_physics-s47-aa002be288,probe_nrmse,0.000860989914884486,0.9780465585917657,1024,,1,ok
diagnostic_run,within_job,,,,all_physics_factorial-shallow_water-resmlp-no_physics-s47-aa002be288,probe_gap,0.06677811628281238,0.03262442966625583,1024,,1,ok
diagnostic_run,within_job,,,,all_physics_factorial-shallow_water-resmlp-physics-s11-c67272139a,probe_nrmse,0.020163458443602032,0.5192459976816,1024,,1,ok
diagnostic_run,within_job,,,,all_physics_factorial-shallow_water-resmlp-physics-s11-c67272139a,probe_gap,0.11676007840998497,0.0001807004488208994,1024,,1,ok
diagnostic_run,within_job,all_physics_factorial,shallow_water,resmlp,all_physics_factorial-shallow_water-resmlp-physics-s11-f00cea5891,probe_nrmse,0.020163458443602032,0.5192459976816,1024,,1,ok
diagnostic_run,within_job,all_physics_factorial,shallow_water,resmlp,all_physics_factorial-shallow_water-resmlp-physics-s11-f00cea5891,probe_gap,0.11676007840998497,0.0001807004488208994,1024,,1,ok
diagnostic_run,within_job,,,,all_physics_factorial-shallow_water-resmlp-physics-s29-a636ee2a6d,probe_nrmse,-0.007918279718904226,0.8002068288624805,1024,,1,ok
diagnostic_run,within_job,,,,all_physics_factorial-shallow_water-resmlp-physics-s29-a636ee2a6d,probe_gap,0.10365806748795817,0.0008938776107210098,1024,,1,ok
diagnostic_run,within_job,all_physics_factorial,shallow_water,resmlp,all_physics_factorial-shallow_water-resmlp-physics-s29-df32426f44,probe_nrmse,-0.007918279718904226,0.8002068288624805,1024,,1,ok
diagnostic_run,within_job,all_physics_factorial,shallow_water,resmlp,all_physics_factorial-shallow_water-resmlp-physics-s29-df32426f44,probe_gap,0.10365806748795817,0.0008938776107210098,1024,,1,ok
diagnostic_run,within_job,,,,all_physics_factorial-shallow_water-resmlp-physics-s47-0fd5c4492b,probe_nrmse,0.01156142711537086,0.7117355888011974,1024,,1,ok
diagnostic_run,within_job,,,,all_physics_factorial-shallow_water-resmlp-physics-s47-0fd5c4492b,probe_gap,0.09513018784421715,0.002308601044346061,1024,,1,ok
diagnostic_run,within_job,all_physics_factorial,shallow_water,resmlp,all_physics_factorial-shallow_water-resmlp-physics-s47-3534a2f68c,probe_nrmse,0.01156142711537086,0.7117355888011974,1024,,1,ok
diagnostic_run,within_job,all_physics_factorial,shallow_water,resmlp,all_physics_factorial-shallow_water-resmlp-physics-s47-3534a2f68c,probe_gap,0.09513018784421715,0.002308601044346061,1024,,1,ok
diagnostic_run,within_job,,,,all_physics_factorial-shallow_water-silu-no_physics-s11-149f64864b,probe_nrmse,0.026584818235462413,0.39542220601168887,1024,,1,ok
diagnostic_run,within_job,,,,all_physics_factorial-shallow_water-silu-no_physics-s11-149f64864b,probe_gap,0.010419419658822687,0.7391167470250164,1024,,1,ok
diagnostic_run,within_job,all_physics_factorial,shallow_water,silu,all_physics_factorial-shallow_water-silu-no_physics-s11-e5649ad158,probe_nrmse,0.04633417673986123,0.1384258576734566,1024,,1,ok
diagnostic_run,within_job,all_physics_factorial,shallow_water,silu,all_physics_factorial-shallow_water-silu-no_physics-s11-e5649ad158,probe_gap,0.030771761676561045,0.3252499414008072,1024,,1,ok
diagnostic_run,within_job,all_physics_factorial,shallow_water,silu,all_physics_factorial-shallow_water-silu-no_physics-s29-788daf0534,probe_nrmse,0.06587048941420498,0.035068167832969524,1024,,1,ok
diagnostic_run,within_job,all_physics_factorial,shallow_water,silu,all_physics_factorial-shallow_water-silu-no_physics-s29-788daf0534,probe_gap,0.050768632429726054,0.10444859034468157,1024,,1,ok
diagnostic_run,within_job,,,,all_physics_factorial-shallow_water-silu-no_physics-s29-9f993aa597,probe_nrmse,-0.012020062942564908,0.7008405234067729,1024,,1,ok
diagnostic_run,within_job,,,,all_physics_factorial-shallow_water-silu-no_physics-s29-9f993aa597,probe_gap,0.05485565231385451,0.07933492927225205,1024,,1,ok
diagnostic_run,within_job,,,,all_physics_factorial-shallow_water-silu-no_physics-s47-506f4ff127,probe_nrmse,0.008650054091266719,0.7821880044560594,1024,,1,ok
diagnostic_run,within_job,,,,all_physics_factorial-shallow_water-silu-no_physics-s47-506f4ff127,probe_gap,0.034877903494027605,0.26482085994736854,1024,,1,ok
diagnostic_run,within_job,all_physics_factorial,shallow_water,silu,all_physics_factorial-shallow_water-silu-no_physics-s47-54b0c92034,probe_nrmse,0.0497139813902405,0.11186016720775004,1024,,1,ok
diagnostic_run,within_job,all_physics_factorial,shallow_water,silu,all_physics_factorial-shallow_water-silu-no_physics-s47-54b0c92034,probe_gap,0.08932392113249633,0.0042284804212069545,1024,,1,ok
diagnostic_run,within_job,all_physics_factorial,shallow_water,silu,all_physics_factorial-shallow_water-silu-physics-s11-1e700666f9,probe_nrmse,0.019914068646734853,0.5244277849187,1024,,1,ok
diagnostic_run,within_job,all_physics_factorial,shallow_water,silu,all_physics_factorial-shallow_water-silu-physics-s11-1e700666f9,probe_gap,0.09824487250554324,0.0016460923063766515,1024,,1,ok
diagnostic_run,within_job,,,,all_physics_factorial-shallow_water-silu-physics-s11-7f86131c6e,probe_nrmse,0.024380174433159287,0.43578621126792183,1024,,1,ok
diagnostic_run,within_job,,,,all_physics_factorial-shallow_water-silu-physics-s11-7f86131c6e,probe_gap,0.07275805110507116,0.019885539258514627,1024,,1,ok
diagnostic_run,within_job,all_physics_factorial,shallow_water,silu,all_physics_factorial-shallow_water-silu-physics-s29-23fecbf883,probe_nrmse,0.007080982672913239,0.8209544679368657,1024,,1,ok
diagnostic_run,within_job,all_physics_factorial,shallow_water,silu,all_physics_factorial-shallow_water-silu-physics-s29-23fecbf883,probe_gap,0.09797938943923895,0.0016948695749448932,1024,,1,ok
diagnostic_run,within_job,,,,all_physics_factorial-shallow_water-silu-physics-s29-a23cd8ca97,probe_nrmse,-0.028926243652099278,0.3551205618830888,1024,,1,ok
diagnostic_run,within_job,,,,all_physics_factorial-shallow_water-silu-physics-s29-a23cd8ca97,probe_gap,0.10188419775051855,0.001095370502630341,1024,,1,ok
diagnostic_run,within_job,,,,all_physics_factorial-shallow_water-silu-physics-s47-7eb91491cd,probe_nrmse,-0.042471635612617124,0.17444935633118955,1024,,1,ok
diagnostic_run,within_job,,,,all_physics_factorial-shallow_water-silu-physics-s47-7eb91491cd,probe_gap,0.09328858137829911,0.002807114657178864,1024,,1,ok
diagnostic_run,within_job,all_physics_factorial,shallow_water,silu,all_physics_factorial-shallow_water-silu-physics-s47-afd43bc509,probe_nrmse,0.0031622492132179383,0.9194959779765149,1024,,1,ok
diagnostic_run,within_job,all_physics_factorial,shallow_water,silu,all_physics_factorial-shallow_water-silu-physics-s47-afd43bc509,probe_gap,0.11455334471783134,0.00023941185397882464,1024,,1,ok
diagnostic_run,within_job,all_physics_factorial,shallow_water,swiglu,all_physics_factorial-shallow_water-swiglu-no_physics-s11-c26a1bfa20,probe_nrmse,0.03486607970358834,0.26498296915051484,1024,,1,ok
diagnostic_run,within_job,all_physics_factorial,shallow_water,swiglu,all_physics_factorial-shallow_water-swiglu-no_physics-s11-c26a1bfa20,probe_gap,-0.02458285483912476,0.43197921888201285,1024,,1,ok
diagnostic_run,within_job,,,,all_physics_factorial-shallow_water-swiglu-no_physics-s11-c41acf1a27,probe_nrmse,0.04425411048923539,0.1570405911143332,1024,,1,ok
diagnostic_run,within_job,,,,all_physics_factorial-shallow_water-swiglu-no_physics-s11-c41acf1a27,probe_gap,0.009256725645518918,0.7673371789863057,1024,,1,ok
diagnostic_run,within_job,all_physics_factorial,shallow_water,swiglu,all_physics_factorial-shallow_water-swiglu-no_physics-s29-0862047855,probe_nrmse,0.019054894865841627,0.5424799091726217,1024,,1,ok
diagnostic_run,within_job,all_physics_factorial,shallow_water,swiglu,all_physics_factorial-shallow_water-swiglu-no_physics-s29-0862047855,probe_gap,0.01367568601381922,0.6620331085099397,1024,,1,ok
diagnostic_run,within_job,,,,all_physics_factorial-shallow_water-swiglu-no_physics-s29-8d4c371e58,probe_nrmse,0.000327486857163293,0.9916488702684467,1024,,1,ok
diagnostic_run,within_job,,,,all_physics_factorial-shallow_water-swiglu-no_physics-s29-8d4c371e58,probe_gap,-0.012995337422215864,0.6778780763490381,1024,,1,ok
diagnostic_run,within_job,,,,all_physics_factorial-shallow_water-swiglu-no_physics-s47-97a92e1621,probe_nrmse,-0.024165061065016803,0.43984778857618534,1024,,1,ok
diagnostic_run,within_job,,,,all_physics_factorial-shallow_water-swiglu-no_physics-s47-97a92e1621,probe_gap,-0.01399058320220299,0.6547496250877736,1024,,1,ok
diagnostic_run,within_job,all_physics_factorial,shallow_water,swiglu,all_physics_factorial-shallow_water-swiglu-no_physics-s47-9e6046d623,probe_nrmse,0.021681377852084974,0.48828561013900584,1024,,1,ok
diagnostic_run,within_job,all_physics_factorial,shallow_water,swiglu,all_physics_factorial-shallow_water-swiglu-no_physics-s47-9e6046d623,probe_gap,-0.02252240764251484,0.471569273764466,1024,,1,ok
diagnostic_run,within_job,,,,all_physics_factorial-shallow_water-swiglu-physics-s11-50b3299072,probe_nrmse,0.0285594735712753,0.3612566644442464,1024,,1,ok
diagnostic_run,within_job,,,,all_physics_factorial-shallow_water-swiglu-physics-s11-50b3299072,probe_gap,0.10098193530505685,0.0012132381783330883,1024,,1,ok
diagnostic_run,within_job,all_physics_factorial,shallow_water,swiglu,all_physics_factorial-shallow_water-swiglu-physics-s11-75a9a4c0d4,probe_nrmse,0.02776233146770617,0.37482021203185556,1024,,1,ok
diagnostic_run,within_job,all_physics_factorial,shallow_water,swiglu,all_physics_factorial-shallow_water-swiglu-physics-s11-75a9a4c0d4,probe_gap,0.08461208515127672,0.006745805360764909,1024,,1,ok
diagnostic_run,within_job,all_physics_factorial,shallow_water,swiglu,all_physics_factorial-shallow_water-swiglu-physics-s29-7dbb76d391,probe_nrmse,0.027452692493383873,0.3801724561285589,1024,,1,ok
diagnostic_run,within_job,all_physics_factorial,shallow_water,swiglu,all_physics_factorial-shallow_water-swiglu-physics-s29-7dbb76d391,probe_gap,0.09335012695801444,0.002788982008917894,1024,,1,ok
diagnostic_run,within_job,,,,all_physics_factorial-shallow_water-swiglu-physics-s29-c472c71510,probe_nrmse,0.02232726557470853,0.47541962472916255,1024,,1,ok
diagnostic_run,within_job,,,,all_physics_factorial-shallow_water-swiglu-physics-s29-c472c71510,probe_gap,0.1296500496209141,3.164282619480726e-05,1024,,1,ok
diagnostic_run,within_job,,,,all_physics_factorial-shallow_water-swiglu-physics-s47-993f1a999e,probe_nrmse,0.0585752986195551,0.0609677678767546,1024,,1,ok
diagnostic_run,within_job,,,,all_physics_factorial-shallow_water-swiglu-physics-s47-993f1a999e,probe_gap,0.13764350949502893,9.857880460489195e-06,1024,,1,ok
diagnostic_run,within_job,all_physics_factorial,shallow_water,swiglu,all_physics_factorial-shallow_water-swiglu-physics-s47-e882bf673b,probe_nrmse,0.03983672037050282,0.20276136504443262,1024,,1,ok
diagnostic_run,within_job,all_physics_factorial,shallow_water,swiglu,all_physics_factorial-shallow_water-swiglu-physics-s47-e882bf673b,probe_gap,0.12553752637508048,5.619594125790834e-05,1024,,1,ok
diagnostic_run,within_job,,,,allocation-controlled-silu-aligned-s11-8f9e94d163,probe_nrmse,-0.18937644168872036,1.0088955936396399e-09,1024,,1,ok
diagnostic_run,within_job,,,,allocation-controlled-silu-aligned-s11-8f9e94d163,probe_gap,-0.34078834668478647,2.9123337930140005e-29,1024,,1,ok
diagnostic_run,within_job,allocation,controlled,silu,allocation-controlled-silu-aligned-s11-dc8297e03b,probe_nrmse,-0.11512265562169935,0.00022275500387570425,1024,,1,ok
diagnostic_run,within_job,allocation,controlled,silu,allocation-controlled-silu-aligned-s11-dc8297e03b,probe_gap,-0.34998535498507277,7.111234178544061e-31,1024,,1,ok
diagnostic_run,within_job,,,,allocation-controlled-silu-aligned-s11-e061e66f26,probe_nrmse,-0.19275948161791004,4.997487504288398e-10,1024,,1,ok
diagnostic_run,within_job,,,,allocation-controlled-silu-aligned-s11-e061e66f26,probe_gap,-0.31694754264716396,2.4998717114704466e-25,1024,,1,ok
diagnostic_run,within_job,,,,allocation-controlled-silu-reverse-s11-2d1fadff69,probe_nrmse,-0.10850959561190185,0.0005045275968798902,1024,,1,ok
diagnostic_run,within_job,,,,allocation-controlled-silu-reverse-s11-2d1fadff69,probe_gap,-0.3289784685465989,2.8609645922685624e-27,1024,,1,ok
diagnostic_run,within_job,allocation,controlled,silu,allocation-controlled-silu-reverse-s11-80e2ec66fd,probe_nrmse,-0.08447654405979543,0.006834887944747784,1024,,1,ok
diagnostic_run,within_job,allocation,controlled,silu,allocation-controlled-silu-reverse-s11-80e2ec66fd,probe_gap,-0.3074882206208425,7.299588871290754e-24,1024,,1,ok
diagnostic_run,within_job,,,,allocation-controlled-silu-reverse-s11-eada81e8a7,probe_nrmse,-0.12190507429726055,9.199401702762218e-05,1024,,1,ok
diagnostic_run,within_job,,,,allocation-controlled-silu-reverse-s11-eada81e8a7,probe_gap,-0.31089380230312563,2.1970619180199847e-24,1024,,1,ok
diagnostic_run,within_job,allocation,controlled,silu,allocation-controlled-silu-shuffled-s11-2a1153c0c6,probe_nrmse,-0.09580628397467991,0.002146911880231827,1024,,1,ok
diagnostic_run,within_job,allocation,controlled,silu,allocation-controlled-silu-shuffled-s11-2a1153c0c6,probe_gap,-0.311078830198126,2.0573816909668754e-24,1024,,1,ok
diagnostic_run,within_job,,,,allocation-controlled-silu-shuffled-s11-8cb2c61b21,probe_nrmse,-0.12270197053143551,8.266103148489129e-05,1024,,1,ok
diagnostic_run,within_job,,,,allocation-controlled-silu-shuffled-s11-8cb2c61b21,probe_gap,-0.31675103712180813,2.68473395779556e-25,1024,,1,ok
diagnostic_run,within_job,,,,allocation-controlled-silu-shuffled-s11-ebae6c6e70,probe_nrmse,-0.14465129014376651,3.3573537172606523e-06,1024,,1,ok
diagnostic_run,within_job,,,,allocation-controlled-silu-shuffled-s11-ebae6c6e70,probe_gap,-0.33638033313067733,1.6520355837446682e-28,1024,,1,ok
diagnostic_run,within_job,,,,allocation-controlled-silu-uniform-s11-04c3516bb7,probe_nrmse,-0.1217723383520492,9.364200964963643e-05,1024,,1,ok
diagnostic_run,within_job,,,,allocation-controlled-silu-uniform-s11-04c3516bb7,probe_gap,-0.3371513124955296,1.22196695418234e-28,1024,,1,ok
diagnostic_run,within_job,allocation,controlled,silu,allocation-controlled-silu-uniform-s11-5566a72cc2,probe_nrmse,-0.09960197125675573,0.0014162984232900363,1024,,1,ok
diagnostic_run,within_job,allocation,controlled,silu,allocation-controlled-silu-uniform-s11-5566a72cc2,probe_gap,-0.3307158887807445,1.4751929257230702e-27,1024,,1,ok
diagnostic_run,within_job,,,,allocation-controlled-silu-uniform-s11-c80eac6649,probe_nrmse,-0.16113982302192434,2.1707199926282357e-07,1024,,1,ok
diagnostic_run,within_job,,,,allocation-controlled-silu-uniform-s11-c80eac6649,probe_gap,-0.3259463019174077,8.997162199773861e-27,1024,,1,ok
diagnostic_run,within_job,,,,main-ac_power-fourier-default-s11-0ba3f1c0b6,probe_nrmse,-0.03215080958085973,0.30402743847276315,1024,,1,ok
diagnostic_run,within_job,,,,main-ac_power-fourier-default-s11-0ba3f1c0b6,probe_gap,-0.18332274604820825,3.4354072873282603e-09,1024,,1,ok
diagnostic_run,within_job,,,,main-ac_power-fourier-default-s11-732cfed64d,probe_nrmse,-0.016002325745661315,0.609013777549336,1024,,1,ok
diagnostic_run,within_job,,,,main-ac_power-fourier-default-s11-732cfed64d,probe_gap,-0.17820113060303136,9.384949281352813e-09,1024,,1,ok
diagnostic_run,within_job,main,ac_power,fourier,main-ac_power-fourier-default-s11-e33ad9402b,probe_nrmse,-0.03215080958085973,0.30402743847276315,1024,,1,ok
diagnostic_run,within_job,main,ac_power,fourier,main-ac_power-fourier-default-s11-e33ad9402b,probe_gap,-0.18332274604820825,3.4354072873282603e-09,1024,,1,ok
diagnostic_run,within_job,,,,main-ac_power-fourier-default-s29-009d344ca7,probe_nrmse,-0.030128399703168583,0.33547231215144446,1024,,1,ok
diagnostic_run,within_job,,,,main-ac_power-fourier-default-s29-009d344ca7,probe_gap,-0.2060328414455332,2.8034711483216058e-11,1024,,1,ok
diagnostic_run,within_job,,,,main-ac_power-fourier-default-s29-129d66a0e1,probe_nrmse,-0.027112046111441548,0.38611455501160896,1024,,1,ok
diagnostic_run,within_job,,,,main-ac_power-fourier-default-s29-129d66a0e1,probe_gap,-0.2722502253958783,7.351963708498403e-19,1024,,1,ok
diagnostic_run,within_job,main,ac_power,fourier,main-ac_power-fourier-default-s29-8502f7f2e3,probe_nrmse,-0.027112046111441548,0.38611455501160896,1024,,1,ok
diagnostic_run,within_job,main,ac_power,fourier,main-ac_power-fourier-default-s29-8502f7f2e3,probe_gap,-0.2722502253958783,7.351963708498403e-19,1024,,1,ok
diagnostic_run,within_job,,,,main-ac_power-fourier-default-s47-3c5dd715f1,probe_nrmse,-0.02834174512603529,0.3649304965322653,1024,,1,ok
diagnostic_run,within_job,,,,main-ac_power-fourier-default-s47-3c5dd715f1,probe_gap,-0.22537771748650434,2.9345787826507366e-13,1024,,1,ok
diagnostic_run,within_job,main,ac_power,fourier,main-ac_power-fourier-default-s47-c3b05778dc,probe_nrmse,0.009620724107717617,0.7584671862749837,1024,,1,ok
diagnostic_run,within_job,main,ac_power,fourier,main-ac_power-fourier-default-s47-c3b05778dc,probe_gap,-0.17214055012159357,2.9699646127336935e-08,1024,,1,ok
diagnostic_run,within_job,,,,main-ac_power-fourier-default-s47-fecf5c9179,probe_nrmse,0.009620724107717617,0.7584671862749837,1024,,1,ok
diagnostic_run,within_job,,,,main-ac_power-fourier-default-s47-fecf5c9179,probe_gap,-0.17214055012159357,2.9699646127336935e-08,1024,,1,ok
diagnostic_run,within_job,,,,main-ac_power-ganr-default-s11-06cc0b6aef,probe_nrmse,-0.01786233325584722,0.5680389092018008,1024,,1,ok
diagnostic_run,within_job,,,,main-ac_power-ganr-default-s11-06cc0b6aef,probe_gap,-0.08912109514698519,0.004316266484775843,1024,,1,ok
diagnostic_run,within_job,,,,main-ac_power-ganr-default-s11-1d4c4b8c90,probe_nrmse,-0.04448516066447321,0.1548838554559628,1024,,1,ok
diagnostic_run,within_job,,,,main-ac_power-ganr-default-s11-1d4c4b8c90,probe_gap,-0.15197727049209642,1.0304159881534221e-06,1024,,1,ok
diagnostic_run,within_job,,,,main-ac_power-ganr-default-s11-2dbf743a29,probe_nrmse,0.005885342177233114,0.8507962596147549,1024,,1,ok
diagnostic_run,within_job,,,,main-ac_power-ganr-default-s11-2dbf743a29,probe_gap,-0.1380067986743359,9.334272414859041e-06,1024,,1,ok
diagnostic_run,within_job,,,,main-ac_power-ganr-default-s11-4bf8739c74,probe_nrmse,-0.038784432891066443,0.21495595469201642,1024,,1,ok
diagnostic_run,within_job,,,,main-ac_power-ganr-default-s11-4bf8739c74,probe_gap,-0.19248415259995705,5.294069052972283e-10,1024,,1,ok
diagnostic_run,within_job,,,,main-ac_power-ganr-default-s11-6195cd840a,probe_nrmse,-0.04448516066447321,0.1548838554559628,1024,,1,ok
diagnostic_run,within_job,,,,main-ac_power-ganr-default-s11-6195cd840a,probe_gap,-0.15197727049209642,1.0304159881534221e-06,1024,,1,ok
diagnostic_run,within_job,main,ac_power,ganr,main-ac_power-ganr-default-s11-69b41b0b47,probe_nrmse,-0.04448516066447321,0.1548838554559628,1024,,1,ok
diagnostic_run,within_job,main,ac_power,ganr,main-ac_power-ganr-default-s11-69b41b0b47,probe_gap,-0.15197727049209642,1.0304159881534221e-06,1024,,1,ok
diagnostic_run,within_job,,,,main-ac_power-ganr-default-s11-70f243d084,probe_nrmse,-0.04448516066447321,0.1548838554559628,1024,,1,ok
diagnostic_run,within_job,,,,main-ac_power-ganr-default-s11-70f243d084,probe_gap,-0.15197727049209642,1.0304159881534221e-06,1024,,1,ok
diagnostic_run,within_job,,,,main-ac_power-ganr-default-s11-76a4835f55,probe_nrmse,-0.04448516066447321,0.1548838554559628,1024,,1,ok
diagnostic_run,within_job,,,,main-ac_power-ganr-default-s11-76a4835f55,probe_gap,-0.15197727049209642,1.0304159881534221e-06,1024,,1,ok
diagnostic_run,within_job,,,,main-ac_power-ganr-default-s11-7b955c3160,probe_nrmse,-0.031338758851298186,0.3164104883822279,1024,,1,ok
diagnostic_run,within_job,,,,main-ac_power-ganr-default-s11-7b955c3160,probe_gap,-0.14612878638867033,2.657771578432085e-06,1024,,1,ok
diagnostic_run,within_job,,,,main-ac_power-ganr-default-s11-7d6e6e966f,probe_nrmse,-0.01550298172519848,0.6202336246933537,1024,,1,ok
diagnostic_run,within_job,,,,main-ac_power-ganr-default-s11-7d6e6e966f,probe_gap,-0.17487828347400042,1.7737928424315e-08,1024,,1,ok
diagnostic_run,within_job,,,,main-ac_power-ganr-default-s11-9d3a2ef1bd,probe_nrmse,0.015911963110650167,0.6110374616466083,1024,,1,ok
diagnostic_run,within_job,,,,main-ac_power-ganr-default-s11-9d3a2ef1bd,probe_gap,-0.23691505435948787,1.5706360723692285e-14,1024,,1,ok
diagnostic_run,within_job,,,,main-ac_power-ganr-default-s11-a991cee02b,probe_nrmse,-0.06818224286531721,0.029131226874351466,1024,,1,ok
diagnostic_run,within_job,,,,main-ac_power-ganr-default-s11-a991cee02b,probe_gap,-0.3056644955654102,1.3795445875961328e-23,1024,,1,ok
diagnostic_run,within_job,,,,main-ac_power-ganr-default-s11-c7606653dd,probe_nrmse,0.005885342177233114,0.8507962596147549,1024,,1,ok
diagnostic_run,within_job,,,,main-ac_power-ganr-default-s11-c7606653dd,probe_gap,-0.1380067986743359,9.334272414859041e-06,1024,,1,ok
diagnostic_run,within_job,,,,main-ac_power-ganr-default-s11-d4b225650b,probe_nrmse,-0.027937625169873394,0.3718109063461934,1024,,1,ok
diagnostic_run,within_job,,,,main-ac_power-ganr-default-s11-d4b225650b,probe_gap,-0.1883096926185537,1.2557383895547977e-09,1024,,1,ok
diagnostic_run,within_job,,,,main-ac_power-ganr-default-s29-0d5c27011c,probe_nrmse,-0.036242277465846504,0.2465715424958294,1024,,1,ok
diagnostic_run,within_job,,,,main-ac_power-ganr-default-s29-0d5c27011c,probe_gap,-0.09620943154996066,0.002055501851046969,1024,,1,ok
diagnostic_run,within_job,,,,main-ac_power-ganr-default-s29-2b80e2094b,probe_nrmse,-0.009504310564069961,0.7613005881827687,1024,,1,ok
diagnostic_run,within_job,,,,main-ac_power-ganr-default-s29-2b80e2094b,probe_gap,-0.15290869123975365,8.831320202441361e-07,1024,,1,ok
diagnostic_run,within_job,main,ac_power,ganr,main-ac_power-ganr-default-s29-482735294a,probe_nrmse,-0.009504310564069961,0.7613005881827687,1024,,1,ok
diagnostic_run,within_job,main,ac_power,ganr,main-ac_power-ganr-default-s29-482735294a,probe_gap,-0.15290869123975365,8.831320202441361e-07,1024,,1,ok
diagnostic_run,within_job,,,,main-ac_power-ganr-default-s29-981bfbceac,probe_nrmse,-0.0006238824118446463,0.9840913517536536,1024,,1,ok
diagnostic_run,within_job,,,,main-ac_power-ganr-default-s29-981bfbceac,probe_gap,-0.12322416359702451,7.703792404066431e-05,1024,,1,ok
diagnostic_run,within_job,,,,main-ac_power-ganr-default-s29-9ac082e69b,probe_nrmse,-0.013370679404191402,0.6691184058184292,1024,,1,ok
diagnostic_run,within_job,,,,main-ac_power-ganr-default-s29-9ac082e69b,probe_gap,-0.15605205278592374,5.211964982126083e-07,1024,,1,ok
diagnostic_run,within_job,,,,main-ac_power-ganr-default-s29-9ca80c1edf,probe_nrmse,-0.0006238824118446463,0.9840913517536536,1024,,1,ok
diagnostic_run,within_job,,,,main-ac_power-ganr-default-s29-9ca80c1edf,probe_gap,-0.12322416359702451,7.703792404066431e-05,1024,,1,ok
diagnostic_run,within_job,,,,main-ac_power-ganr-default-s29-ab0db58cfc,probe_nrmse,-0.07116144231456976,0.022769966910003717,1024,,1,ok
diagnostic_run,within_job,,,,main-ac_power-ganr-default-s29-ab0db58cfc,probe_gap,-0.17740046759888417,1.0952924646409595e-08,1024,,1,ok
diagnostic_run,within_job,,,,main-ac_power-ganr-default-s29-b2fc3f4d53,probe_nrmse,-0.009504310564069961,0.7613005881827687,1024,,1,ok
diagnostic_run,within_job,,,,main-ac_power-ganr-default-s29-b2fc3f4d53,probe_gap,-0.15290869123975365,8.831320202441361e-07,1024,,1,ok
diagnostic_run,within_job,,,,main-ac_power-ganr-default-s29-c21c384d89,probe_nrmse,-0.22895338986839278,1.2044938462006175e-13,1024,,1,ok
diagnostic_run,within_job,,,,main-ac_power-ganr-default-s29-c21c384d89,probe_gap,-0.331412732011301,1.1296657999554917e-27,1024,,1,ok
diagnostic_run,within_job,,,,main-ac_power-ganr-default-s29-d1cc3b797e,probe_nrmse,0.0018580908912094987,0.9526443951017921,1024,,1,ok
diagnostic_run,within_job,,,,main-ac_power-ganr-default-s29-d1cc3b797e,probe_gap,-0.19534174728202558,2.8982044009283643e-10,1024,,1,ok
diagnostic_run,within_job,,,,main-ac_power-ganr-default-s29-eabff4dce2,probe_nrmse,-0.009504310564069961,0.7613005881827687,1024,,1,ok
diagnostic_run,within_job,,,,main-ac_power-ganr-default-s29-eabff4dce2,probe_gap,-0.15290869123975365,8.831320202441361e-07,1024,,1,ok
diagnostic_run,within_job,,,,main-ac_power-ganr-default-s29-f8dd065bd7,probe_nrmse,-0.009504310564069961,0.7613005881827687,1024,,1,ok
diagnostic_run,within_job,,,,main-ac_power-ganr-default-s29-f8dd065bd7,probe_gap,-0.15290869123975365,8.831320202441361e-07,1024,,1,ok
diagnostic_run,within_job,,,,main-ac_power-ganr-default-s47-15f6214538,probe_nrmse,-0.00213223526571776,0.9456676067632368,1024,,1,ok
diagnostic_run,within_job,,,,main-ac_power-ganr-default-s47-15f6214538,probe_gap,-0.16589399229311208,9.337784817977595e-08,1024,,1,ok
diagnostic_run,within_job,,,,main-ac_power-ganr-default-s47-1cfd13a92f,probe_nrmse,-0.022642872469780414,0.46920097767906543,1024,,1,ok
diagnostic_run,within_job,,,,main-ac_power-ganr-default-s47-1cfd13a92f,probe_gap,-0.15543046142979758,5.789655816730266e-07,1024,,1,ok
diagnostic_run,within_job,main,ac_power,ganr,main-ac_power-ganr-default-s47-491a950090,probe_nrmse,-0.022642872469780414,0.46920097767906543,1024,,1,ok
diagnostic_run,within_job,main,ac_power,ganr,main-ac_power-ganr-default-s47-491a950090,probe_gap,-0.15543046142979758,5.789655816730266e-07,1024,,1,ok
diagnostic_run,within_job,,,,main-ac_power-ganr-default-s47-4b31943df6,probe_nrmse,-0.022642872469780414,0.46920097767906543,1024,,1,ok
diagnostic_run,within_job,,,,main-ac_power-ganr-default-s47-4b31943df6,probe_gap,-0.15543046142979758,5.789655816730266e-07,1024,,1,ok
diagnostic_run,within_job,,,,main-ac_power-ganr-default-s47-6f208f22fa,probe_nrmse,-0.0021759664902367493,0.9445550475722204,1024,,1,ok
diagnostic_run,within_job,,,,main-ac_power-ganr-default-s47-6f208f22fa,probe_gap,-0.1025921451434089,0.0010103920748853353,1024,,1,ok
diagnostic_run,within_job,,,,main-ac_power-ganr-default-s47-7bee69ef3a,probe_nrmse,-0.01844056219154567,0.5555746211718984,1024,,1,ok
diagnostic_run,within_job,,,,main-ac_power-ganr-default-s47-7bee69ef3a,probe_gap,-0.1435879050139475,3.966591978709833e-06,1024,,1,ok
diagnostic_run,within_job,,,,main-ac_power-ganr-default-s47-90b6970eab,probe_nrmse,-0.022642872469780414,0.46920097767906543,1024,,1,ok
diagnostic_run,within_job,,,,main-ac_power-ganr-default-s47-90b6970eab,probe_gap,-0.15543046142979758,5.789655816730266e-07,1024,,1,ok
diagnostic_run,within_job,,,,main-ac_power-ganr-default-s47-9db4a1130a,probe_nrmse,-0.0062547497496602536,0.8415513730934598,1024,,1,ok
diagnostic_run,within_job,,,,main-ac_power-ganr-default-s47-9db4a1130a,probe_gap,-0.14889234720334737,1.706187128531672e-06,1024,,1,ok
diagnostic_run,within_job,,,,main-ac_power-ganr-default-s47-a9bf636816,probe_nrmse,-0.10578366399041556,0.000697755284996672,1024,,1,ok
diagnostic_run,within_job,,,,main-ac_power-ganr-default-s47-a9bf636816,probe_gap,-0.3837155335812889,2.9094013559133858e-37,1024,,1,ok
diagnostic_run,within_job,,,,main-ac_power-ganr-default-s47-bfe430c54b,probe_nrmse,-0.006410943870252484,0.8376488948308285,1024,,1,ok
diagnostic_run,within_job,,,,main-ac_power-ganr-default-s47-bfe430c54b,probe_gap,-0.30775776053215076,6.64165314343411e-24,1024,,1,ok
diagnostic_run,within_job,,,,main-ac_power-ganr-default-s47-cf530fd844,probe_nrmse,-0.01844056219154567,0.5555746211718984,1024,,1,ok
diagnostic_run,within_job,,,,main-ac_power-ganr-default-s47-cf530fd844,probe_gap,-0.1435879050139475,3.966591978709833e-06,1024,,1,ok
diagnostic_run,within_job,,,,main-ac_power-ganr-default-s47-f37bd57008,probe_nrmse,-0.022642872469780414,0.46920097767906543,1024,,1,ok
diagnostic_run,within_job,,,,main-ac_power-ganr-default-s47-f37bd57008,probe_gap,-0.15543046142979758,5.789655816730266e-07,1024,,1,ok
diagnostic_run,within_job,,,,main-ac_power-gelu-default-s11-17014bd09f,probe_nrmse,-0.01023274890923396,0.7436250869346862,1024,,1,ok
diagnostic_run,within_job,,,,main-ac_power-gelu-default-s11-17014bd09f,probe_gap,-0.06892064453544094,0.027426761497579746,1024,,1,ok
diagnostic_run,within_job,main,ac_power,gelu,main-ac_power-gelu-default-s11-45fd083da7,probe_nrmse,-0.014659973803733638,0.6393760499074372,1024,,1,ok
diagnostic_run,within_job,main,ac_power,gelu,main-ac_power-gelu-default-s11-45fd083da7,probe_gap,-0.1201840779450683,0.0001156470373173598,1024,,1,ok
diagnostic_run,within_job,,,,main-ac_power-gelu-default-s11-7716d0a3ac,probe_nrmse,-0.0428475922680781,0.17066270965278357,1024,,1,ok
diagnostic_run,within_job,,,,main-ac_power-gelu-default-s11-7716d0a3ac,probe_gap,-0.24955892148272654,5.287426664252256e-16,1024,,1,ok
diagnostic_run,within_job,,,,main-ac_power-gelu-default-s29-a4fffab14e,probe_nrmse,0.014660197321364709,0.6393709417568572,1024,,1,ok
diagnostic_run,within_job,,,,main-ac_power-gelu-default-s29-a4fffab14e,probe_gap,-0.10340459820470636,0.0009203983912243594,1024,,1,ok
diagnostic_run,within_job,,,,main-ac_power-gelu-default-s29-bd483a63c3,probe_nrmse,-0.06476802222659322,0.03824480609129935,1024,,1,ok
diagnostic_run,within_job,,,,main-ac_power-gelu-default-s29-bd483a63c3,probe_gap,-0.18662538668550174,1.7695384397303002e-09,1024,,1,ok
diagnostic_run,within_job,main,ac_power,gelu,main-ac_power-gelu-default-s29-f79dd48a65,probe_nrmse,0.021743068779009986,0.4870486922593762,1024,,1,ok
diagnostic_run,within_job,main,ac_power,gelu,main-ac_power-gelu-default-s29-f79dd48a65,probe_gap,-0.14292827694429122,4.396242838106875e-06,1024,,1,ok
diagnostic_run,within_job,,,,main-ac_power-gelu-default-s47-2149abfb18,probe_nrmse,-0.0385621669587297,0.2175978683256794,1024,,1,ok
diagnostic_run,within_job,,,,main-ac_power-gelu-default-s47-2149abfb18,probe_gap,-0.21859691277447962,1.5243118027402507e-12,1024,,1,ok
diagnostic_run,within_job,,,,main-ac_power-gelu-default-s47-b93f1d2d1d,probe_nrmse,-0.015061612635004648,0.6302249633905682,1024,,1,ok
diagnostic_run,within_job,,,,main-ac_power-gelu-default-s47-b93f1d2d1d,probe_gap,-0.08033522056719834,0.010118747189741078,1024,,1,ok
diagnostic_run,within_job,main,ac_power,gelu,main-ac_power-gelu-default-s47-bc75a8a7cc,probe_nrmse,0.012809918371361133,0.6822215463824686,1024,,1,ok
diagnostic_run,within_job,main,ac_power,gelu,main-ac_power-gelu-default-s47-bc75a8a7cc,probe_gap,-0.15272576398326299,9.103599748344797e-07,1024,,1,ok
diagnostic_run,within_job,,,,main-ac_power-relu-default-s11-42670f275b,probe_nrmse,-0.008010000178814104,0.7979423079713828,1024,,1,ok
diagnostic_run,within_job,,,,main-ac_power-relu-default-s11-42670f275b,probe_gap,-0.09458582182962592,0.002446797651228458,1024,,1,ok
diagnostic_run,within_job,,,,main-ac_power-relu-default-s11-a19ccfde09,probe_nrmse,0.05122512248766182,0.10136383152541155,1024,,1,ok
diagnostic_run,within_job,,,,main-ac_power-relu-default-s11-a19ccfde09,probe_gap,-0.07156309232172232,0.022012117728827763,1024,,1,ok
diagnostic_run,within_job,main,ac_power,relu,main-ac_power-relu-default-s11-bb990f1795,probe_nrmse,0.009122503308060938,0.7706157028491437,1024,,1,ok
diagnostic_run,within_job,main,ac_power,relu,main-ac_power-relu-default-s11-bb990f1795,probe_gap,-0.10881400427365709,0.00048636185104085984,1024,,1,ok
diagnostic_run,within_job,,,,main-ac_power-relu-default-s29-4bd3c353a9,probe_nrmse,0.010834771296759887,0.7291177384637902,1024,,1,ok
diagnostic_run,within_job,,,,main-ac_power-relu-default-s29-4bd3c353a9,probe_gap,-0.07132276616479506,0.02246289661283871,1024,,1,ok
diagnostic_run,within_job,,,,main-ac_power-relu-default-s29-79a6098850,probe_nrmse,0.023288927830627276,0.4566124921792316,1024,,1,ok
diagnostic_run,within_job,,,,main-ac_power-relu-default-s29-79a6098850,probe_gap,-0.08096255632644303,0.009544935766204011,1024,,1,ok
diagnostic_run,within_job,main,ac_power,relu,main-ac_power-relu-default-s29-b2d574987e,probe_nrmse,-0.03183974009369859,0.30873246042254743,1024,,1,ok
diagnostic_run,within_job,main,ac_power,relu,main-ac_power-relu-default-s29-b2d574987e,probe_gap,-0.07376067296688363,0.018241713980699924,1024,,1,ok
diagnostic_run,within_job,,,,main-ac_power-relu-default-s47-307613f4de,probe_nrmse,-0.028397210946999495,0.36399239123083227,1024,,1,ok
diagnostic_run,within_job,,,,main-ac_power-relu-default-s47-307613f4de,probe_gap,-0.12682124400972747,4.7060382379100036e-05,1024,,1,ok
diagnostic_run,within_job,main,ac_power,relu,main-ac_power-relu-default-s47-51274c471e,probe_nrmse,-0.027246369032208805,0.3837647491147894,1024,,1,ok
diagnostic_run,within_job,main,ac_power,relu,main-ac_power-relu-default-s47-51274c471e,probe_gap,-0.11607457251156304,0.0001973078552361932,1024,,1,ok
diagnostic_run,within_job,,,,main-ac_power-relu-default-s47-ec0eff7ed8,probe_nrmse,-0.007578544095558257,0.808609167066451,1024,,1,ok
diagnostic_run,within_job,,,,main-ac_power-relu-default-s47-ec0eff7ed8,probe_gap,-0.0768173659788284,0.01394072325214453,1024,,1,ok
diagnostic_run,within_job,main,ac_power,resmlp,main-ac_power-resmlp-default-s11-01870aab05,probe_nrmse,0.014310135183463272,0.6473918708789327,1024,,1,ok
diagnostic_run,within_job,main,ac_power,resmlp,main-ac_power-resmlp-default-s11-01870aab05,probe_gap,-0.12387672332093555,7.051799201255213e-05,1024,,1,ok
diagnostic_run,within_job,,,,main-ac_power-resmlp-default-s11-4b4f02af5e,probe_nrmse,-0.03824273791216651,0.22143539357963474,1024,,1,ok
diagnostic_run,within_job,,,,main-ac_power-resmlp-default-s11-4b4f02af5e,probe_gap,-0.1476367927902153,2.0888807947892907e-06,1024,,1,ok
diagnostic_run,within_job,,,,main-ac_power-resmlp-default-s11-bc8cf53fa9,probe_nrmse,0.014310135183463272,0.6473918708789327,1024,,1,ok
diagnostic_run,within_job,,,,main-ac_power-resmlp-default-s11-bc8cf53fa9,probe_gap,-0.12387672332093555,7.051799201255213e-05,1024,,1,ok
diagnostic_run,within_job,,,,main-ac_power-resmlp-default-s29-055942ad14,probe_nrmse,-0.03686071722337458,0.23859622746345122,1024,,1,ok
diagnostic_run,within_job,,,,main-ac_power-resmlp-default-s29-055942ad14,probe_gap,-0.17215513464702095,2.9618849689475843e-08,1024,,1,ok
diagnostic_run,within_job,main,ac_power,resmlp,main-ac_power-resmlp-default-s29-8a81450e07,probe_nrmse,-0.008503784153494027,0.7857806947644354,1024,,1,ok
diagnostic_run,within_job,main,ac_power,resmlp,main-ac_power-resmlp-default-s29-8a81450e07,probe_gap,-0.14676220182748015,2.40274149740321e-06,1024,,1,ok
diagnostic_run,within_job,,,,main-ac_power-resmlp-default-s29-ae6e1eedaa,probe_nrmse,-0.008503784153494027,0.7857806947644354,1024,,1,ok
diagnostic_run,within_job,,,,main-ac_power-resmlp-default-s29-ae6e1eedaa,probe_gap,-0.14676220182748015,2.40274149740321e-06,1024,,1,ok
diagnostic_run,within_job,,,,main-ac_power-resmlp-default-s47-6a10c2dfdb,probe_nrmse,0.0056496986982333165,0.8567043328752535,1024,,1,ok
diagnostic_run,within_job,,,,main-ac_power-resmlp-default-s47-6a10c2dfdb,probe_gap,-0.1038452743902439,0.0008747459984031704,1024,,1,ok
diagnostic_run,within_job,main,ac_power,resmlp,main-ac_power-resmlp-default-s47-8a12fe92c9,probe_nrmse,0.0056496986982333165,0.8567043328752535,1024,,1,ok
diagnostic_run,within_job,main,ac_power,resmlp,main-ac_power-resmlp-default-s47-8a12fe92c9,probe_gap,-0.1038452743902439,0.0008747459984031704,1024,,1,ok
diagnostic_run,within_job,,,,main-ac_power-resmlp-default-s47-990d0f9333,probe_nrmse,-0.00414152465846506,0.8946936295929611,1024,,1,ok
diagnostic_run,within_job,,,,main-ac_power-resmlp-default-s47-990d0f9333,probe_gap,-0.20265009265546235,5.9532778658426e-11,1024,,1,ok
diagnostic_run,within_job,,,,main-ac_power-silu-default-s11-0ffb8028ed,probe_nrmse,-0.10934101414419568,0.00045634500055270977,1024,,1,ok
diagnostic_run,within_job,,,,main-ac_power-silu-default-s11-0ffb8028ed,probe_gap,-0.2671858347936485,3.374436328451998e-18,1024,,1,ok
diagnostic_run,within_job,,,,main-ac_power-silu-default-s11-65b24035ce,probe_nrmse,-0.01479544783992561,0.6362831388165873,1024,,1,ok
diagnostic_run,within_job,,,,main-ac_power-silu-default-s11-65b24035ce,probe_gap,-0.19114846711608613,6.99409261410793e-10,1024,,1,ok
diagnostic_run,within_job,main,ac_power,silu,main-ac_power-silu-default-s11-8668979497,probe_nrmse,0.03899517648952149,0.21247239254119532,1024,,1,ok
diagnostic_run,within_job,main,ac_power,silu,main-ac_power-silu-default-s11-8668979497,probe_gap,-0.15726314954223586,4.2417141917306813e-07,1024,,1,ok
diagnostic_run,within_job,main,ac_power,silu,main-ac_power-silu-default-s29-1c6da38ecb,probe_nrmse,0.03135158876332165,0.31621230946367007,1024,,1,ok
diagnostic_run,within_job,main,ac_power,silu,main-ac_power-silu-default-s29-1c6da38ecb,probe_gap,-0.13361258136041768,1.7897296227384773e-05,1024,,1,ok
diagnostic_run,within_job,,,,main-ac_power-silu-default-s29-7c2e31fd1f,probe_nrmse,0.0070047184571919024,0.8228507083910002,1024,,1,ok
diagnostic_run,within_job,,,,main-ac_power-silu-default-s29-7c2e31fd1f,probe_gap,-0.08788643963235819,0.00488716639453351,1024,,1,ok
diagnostic_run,within_job,,,,main-ac_power-silu-default-s29-d97851e75d,probe_nrmse,-0.09512757268793362,0.0023092475260461016,1024,,1,ok
diagnostic_run,within_job,,,,main-ac_power-silu-default-s29-d97851e75d,probe_gap,-0.18163778073814463,4.796820516642109e-09,1024,,1,ok
diagnostic_run,within_job,,,,main-ac_power-silu-default-s47-6ab53f70c5,probe_nrmse,-0.08978833997925754,0.004033532660345766,1024,,1,ok
diagnostic_run,within_job,,,,main-ac_power-silu-default-s47-6ab53f70c5,probe_gap,-0.21785116855017522,1.821150202094605e-12,1024,,1,ok
diagnostic_run,within_job,,,,main-ac_power-silu-default-s47-959290d0b4,probe_nrmse,0.01711296804591946,0.584388226855114,1024,,1,ok
diagnostic_run,within_job,,,,main-ac_power-silu-default-s47-959290d0b4,probe_gap,-0.10289154701022815,0.0009763216610484657,1024,,1,ok
diagnostic_run,within_job,main,ac_power,silu,main-ac_power-silu-default-s47-a8b956657a,probe_nrmse,0.02431917647164008,0.43693572087940835,1024,,1,ok
diagnostic_run,within_job,main,ac_power,silu,main-ac_power-silu-default-s47-a8b956657a,probe_gap,-0.1370649229311208,1.0750055382986024e-05,1024,,1,ok
diagnostic_run,within_job,main,ac_power,swiglu,main-ac_power-swiglu-default-s11-26319c7feb,probe_nrmse,-0.014618701314000646,0.6403195614608208,1024,,1,ok
diagnostic_run,within_job,main,ac_power,swiglu,main-ac_power-swiglu-default-s11-26319c7feb,probe_gap,-0.024998558381124823,0.4242314490330925,1024,,1,ok
diagnostic_run,within_job,,,,main-ac_power-swiglu-default-s11-62c8dfbf21,probe_nrmse,0.013455649631642945,0.66714155726197,1024,,1,ok
diagnostic_run,within_job,,,,main-ac_power-swiglu-default-s11-62c8dfbf21,probe_gap,-0.08978585893355268,0.004034552108322555,1024,,1,ok
diagnostic_run,within_job,,,,main-ac_power-swiglu-default-s11-6bc28d56c8,probe_nrmse,-0.027935233531220943,0.371851863205108,1024,,1,ok
diagnostic_run,within_job,,,,main-ac_power-swiglu-default-s11-6bc28d56c8,probe_gap,-0.13618359291180887,1.2258450528155988e-05,1024,,1,ok
diagnostic_run,within_job,,,,main-ac_power-swiglu-default-s29-13e8197a69,probe_nrmse,-0.041816326621843924,0.181198831421858,1024,,1,ok
diagnostic_run,within_job,,,,main-ac_power-swiglu-default-s29-13e8197a69,probe_gap,-0.14084294086617552,6.067084852801789e-06,1024,,1,ok
diagnostic_run,within_job,,,,main-ac_power-swiglu-default-s29-7b6d4a2cfe,probe_nrmse,-0.0036781279057292037,0.9064188892271654,1024,,1,ok
diagnostic_run,within_job,,,,main-ac_power-swiglu-default-s29-7b6d4a2cfe,probe_gap,-0.20290244349474285,5.630576036587278e-11,1024,,1,ok
diagnostic_run,within_job,main,ac_power,swiglu,main-ac_power-swiglu-default-s29-a4332a85c2,probe_nrmse,-0.007552593698590945,0.809251892204087,1024,,1,ok
diagnostic_run,within_job,main,ac_power,swiglu,main-ac_power-swiglu-default-s29-a4332a85c2,probe_gap,-0.08456652108218295,0.006775634789647565,1024,,1,ok
diagnostic_run,within_job,,,,main-ac_power-swiglu-default-s47-4cca786cf7,probe_nrmse,-0.05680553072026322,0.06921342389055421,1024,,1,ok
diagnostic_run,within_job,,,,main-ac_power-swiglu-default-s47-4cca786cf7,probe_gap,-0.1815769504148487,4.854694259113315e-09,1024,,1,ok
diagnostic_run,within_job,,,,main-ac_power-swiglu-default-s47-9ee844e7fb,probe_nrmse,0.029823722820256058,0.34038462478106957,1024,,1,ok
diagnostic_run,within_job,,,,main-ac_power-swiglu-default-s47-9ee844e7fb,probe_gap,-0.07677381356841427,0.013995104897698318,1024,,1,ok
diagnostic_run,within_job,main,ac_power,swiglu,main-ac_power-swiglu-default-s47-cb121eac7f,probe_nrmse,-0.030838191116515274,0.32420609230335073,1024,,1,ok
diagnostic_run,within_job,main,ac_power,swiglu,main-ac_power-swiglu-default-s47-cb121eac7f,probe_gap,-0.0715108562513411,0.02210942272319814,1024,,1,ok
diagnostic_run,within_job,main,allen_cahn,fourier,main-allen_cahn-fourier-default-s11-87b51068dd,probe_nrmse,0.010588175470281095,0.7350487630259892,1024,,1,ok
diagnostic_run,within_job,main,allen_cahn,fourier,main-allen_cahn-fourier-default-s11-87b51068dd,probe_gap,-0.1225705421643659,8.413610727670923e-05,1024,,1,ok
diagnostic_run,within_job,,,,main-allen_cahn-fourier-default-s11-ab58d755dd,probe_nrmse,0.010588175470281095,0.7350487630259892,1024,,1,ok
diagnostic_run,within_job,,,,main-allen_cahn-fourier-default-s11-ab58d755dd,probe_gap,-0.1225705421643659,8.413610727670923e-05,1024,,1,ok
diagnostic_run,within_job,,,,main-allen_cahn-fourier-default-s29-2d9b8c6cbc,probe_nrmse,0.04712775373721479,0.13178923361012404,1024,,1,ok
diagnostic_run,within_job,,,,main-allen_cahn-fourier-default-s29-2d9b8c6cbc,probe_gap,-0.10094914526857877,0.0012177342601280517,1024,,1,ok
diagnostic_run,within_job,main,allen_cahn,fourier,main-allen_cahn-fourier-default-s29-ed2ae6c41d,probe_nrmse,0.04712775373721479,0.13178923361012404,1024,,1,ok
diagnostic_run,within_job,main,allen_cahn,fourier,main-allen_cahn-fourier-default-s29-ed2ae6c41d,probe_gap,-0.10094914526857877,0.0012177342601280517,1024,,1,ok
diagnostic_run,within_job,main,allen_cahn,fourier,main-allen_cahn-fourier-default-s47-1ef2c4c40d,probe_nrmse,-0.015572730401974107,0.6186610348714168,1024,,1,ok
diagnostic_run,within_job,main,allen_cahn,fourier,main-allen_cahn-fourier-default-s47-1ef2c4c40d,probe_gap,-0.09533896448751876,0.002257521150783074,1024,,1,ok
diagnostic_run,within_job,,,,main-allen_cahn-fourier-default-s47-9375adbe2c,probe_nrmse,-0.015572730401974107,0.6186610348714168,1024,,1,ok
diagnostic_run,within_job,,,,main-allen_cahn-fourier-default-s47-9375adbe2c,probe_gap,-0.09533896448751876,0.002257521150783074,1024,,1,ok
diagnostic_run,within_job,,,,main-allen_cahn-ganr-default-s11-59d54a3976,probe_nrmse,0.0762372259673843,0.014680616397395388,1024,,1,ok
diagnostic_run,within_job,,,,main-allen_cahn-ganr-default-s11-59d54a3976,probe_gap,-0.008690901938344896,0.7811855220007621,1024,,1,ok
diagnostic_run,within_job,,,,main-allen_cahn-ganr-default-s11-5e9a3f43af,probe_nrmse,0.0762372259673843,0.014680616397395388,1024,,1,ok
diagnostic_run,within_job,,,,main-allen_cahn-ganr-default-s11-5e9a3f43af,probe_gap,-0.008690901938344896,0.7811855220007621,1024,,1,ok
diagnostic_run,within_job,,,,main-allen_cahn-ganr-default-s11-649bd53e94,probe_nrmse,0.053684665796438026,0.08597015277022654,1024,,1,ok
diagnostic_run,within_job,,,,main-allen_cahn-ganr-default-s11-649bd53e94,probe_gap,-0.007903393444674915,0.8005745204544501,1024,,1,ok
diagnostic_run,within_job,,,,main-allen_cahn-ganr-default-s11-72ccd012a5,probe_nrmse,0.04019839424933838,0.19868851734013193,1024,,1,ok
diagnostic_run,within_job,,,,main-allen_cahn-ganr-default-s11-72ccd012a5,probe_gap,0.0008249365209927758,0.9789656273728907,1024,,1,ok
diagnostic_run,within_job,main,allen_cahn,ganr,main-allen_cahn-ganr-default-s11-c16fb8872f,probe_nrmse,0.08088861133214444,0.009611030962512325,1024,,1,ok
diagnostic_run,within_job,main,allen_cahn,ganr,main-allen_cahn-ganr-default-s11-c16fb8872f,probe_gap,0.002093689656089318,0.946648327356743,1024,,1,ok
diagnostic_run,within_job,main,allen_cahn,ganr,main-allen_cahn-ganr-default-s29-7aa2f51096,probe_nrmse,0.083190133037694,0.007734374500299498,1024,,1,ok
diagnostic_run,within_job,main,allen_cahn,ganr,main-allen_cahn-ganr-default-s29-7aa2f51096,probe_gap,-0.005311393587726199,0.8652003018694594,1024,,1,ok
diagnostic_run,within_job,,,,main-allen_cahn-ganr-default-s29-a6b5ad2561,probe_nrmse,0.0708373417495172,0.023397896056574767,1024,,1,ok
diagnostic_run,within_job,,,,main-allen_cahn-ganr-default-s29-a6b5ad2561,probe_gap,-0.024495811279593733,0.43361181582116015,1024,,1,ok
diagnostic_run,within_job,,,,main-allen_cahn-ganr-default-s29-a6fa72fb8b,probe_nrmse,0.0708373417495172,0.023397896056574767,1024,,1,ok
diagnostic_run,within_job,,,,main-allen_cahn-ganr-default-s29-a6fa72fb8b,probe_gap,-0.024495811279593733,0.43361181582116015,1024,,1,ok
diagnostic_run,within_job,,,,main-allen_cahn-ganr-default-s29-b0fafab252,probe_nrmse,0.035801657159716754,0.2523663178801904,1024,,1,ok
diagnostic_run,within_job,,,,main-allen_cahn-ganr-default-s29-b0fafab252,probe_gap,-0.0014507858879908447,0.9630165670544761,1024,,1,ok
diagnostic_run,within_job,,,,main-allen_cahn-ganr-default-s29-c971603eff,probe_nrmse,0.042763035548244045,0.17150896206136365,1024,,1,ok
diagnostic_run,within_job,,,,main-allen_cahn-ganr-default-s29-c971603eff,probe_gap,0.005352051444817966,0.8641784045059289,1024,,1,ok
diagnostic_run,within_job,,,,main-allen_cahn-ganr-default-s47-2a45eb01d9,probe_nrmse,0.05804905988484371,0.06333007339343369,1024,,1,ok
diagnostic_run,within_job,,,,main-allen_cahn-ganr-default-s47-2a45eb01d9,probe_gap,-0.0036105920635890673,0.9081295023495684,1024,,1,ok
diagnostic_run,within_job,,,,main-allen_cahn-ganr-default-s47-3f365c1bef,probe_nrmse,0.07531456753808739,0.015928627117917905,1024,,1,ok
diagnostic_run,within_job,,,,main-allen_cahn-ganr-default-s47-3f365c1bef,probe_gap,-0.00896322464415993,0.7745115660975044,1024,,1,ok
diagnostic_run,within_job,,,,main-allen_cahn-ganr-default-s47-6500f48720,probe_nrmse,0.05795147208711823,0.06377634505918078,1024,,1,ok
diagnostic_run,within_job,,,,main-allen_cahn-ganr-default-s47-6500f48720,probe_gap,-0.015521187236249194,0.619822986154546,1024,,1,ok
diagnostic_run,within_job,,,,main-allen_cahn-ganr-default-s47-73dcf9df06,probe_nrmse,0.07531456753808739,0.015928627117917905,1024,,1,ok
diagnostic_run,within_job,,,,main-allen_cahn-ganr-default-s47-73dcf9df06,probe_gap,-0.00896322464415993,0.7745115660975044,1024,,1,ok
diagnostic_run,within_job,main,allen_cahn,ganr,main-allen_cahn-ganr-default-s47-ebbc6d4b7f,probe_nrmse,0.07120699520778198,0.022682892869427814,1024,,1,ok
diagnostic_run,within_job,main,allen_cahn,ganr,main-allen_cahn-ganr-default-s47-ebbc6d4b7f,probe_gap,-0.010748314677061725,0.7311953374729201,1024,,1,ok
diagnostic_run,within_job,,,,main-allen_cahn-gelu-default-s11-9ba8191706,probe_nrmse,0.022960435144124165,0.46298940259459487,1024,,1,ok
diagnostic_run,within_job,,,,main-allen_cahn-gelu-default-s11-9ba8191706,probe_gap,-0.03366394571203776,0.2818219174865583,1024,,1,ok
diagnostic_run,within_job,main,allen_cahn,gelu,main-allen_cahn-gelu-default-s11-a2325eabb4,probe_nrmse,0.003917861740934125,0.9003502321966481,1024,,1,ok
diagnostic_run,within_job,main,allen_cahn,gelu,main-allen_cahn-gelu-default-s11-a2325eabb4,probe_gap,-0.030984718099563692,0.3219113293565063,1024,,1,ok
diagnostic_run,within_job,,,,main-allen_cahn-gelu-default-s29-54a99f2766,probe_nrmse,0.0093652099277591,0.7646903665566804,1024,,1,ok
diagnostic_run,within_job,,,,main-allen_cahn-gelu-default-s29-54a99f2766,probe_gap,-0.001513694925255704,0.9614141128886055,1024,,1,ok
diagnostic_run,within_job,main,allen_cahn,gelu,main-allen_cahn-gelu-default-s29-56fd69cb03,probe_nrmse,0.021598765735641227,0.489944648480917,1024,,1,ok
diagnostic_run,within_job,main,allen_cahn,gelu,main-allen_cahn-gelu-default-s29-56fd69cb03,probe_gap,-0.04984130248193976,0.11094401500286523,1024,,1,ok
diagnostic_run,within_job,main,allen_cahn,gelu,main-allen_cahn-gelu-default-s47-5088d88716,probe_nrmse,0.01312159135612617,0.674926653410795,1024,,1,ok
diagnostic_run,within_job,main,allen_cahn,gelu,main-allen_cahn-gelu-default-s47-5088d88716,probe_gap,0.00910929341606466,0.7709385909388439,1024,,1,ok
diagnostic_run,within_job,,,,main-allen_cahn-gelu-default-s47-c5f7b42083,probe_nrmse,0.010145057382969122,0.7457459950567591,1024,,1,ok
diagnostic_run,within_job,,,,main-allen_cahn-gelu-default-s47-c5f7b42083,probe_gap,-0.04727442068294929,0.1305900820593021,1024,,1,ok
diagnostic_run,within_job,main,allen_cahn,relu,main-allen_cahn-relu-default-s11-986ed810a7,probe_nrmse,-0.0009374105929475716,0.9760985495711815,1024,,1,ok
diagnostic_run,within_job,main,allen_cahn,relu,main-allen_cahn-relu-default-s11-986ed810a7,probe_gap,-0.05767566250625849,0.06505167147172944,1024,,1,ok
diagnostic_run,within_job,,,,main-allen_cahn-relu-default-s11-c63e3055c5,probe_nrmse,0.021209129801158712,0.49781007824661194,1024,,1,ok
diagnostic_run,within_job,,,,main-allen_cahn-relu-default-s11-c63e3055c5,probe_gap,-0.03180522897146127,0.30925739856201223,1024,,1,ok
diagnostic_run,within_job,main,allen_cahn,relu,main-allen_cahn-relu-default-s29-5bfffe9412,probe_nrmse,0.020591427651813172,0.5104156232701109,1024,,1,ok
diagnostic_run,within_job,main,allen_cahn,relu,main-allen_cahn-relu-default-s29-5bfffe9412,probe_gap,-0.06927440589013661,0.026641076764854395,1024,,1,ok
diagnostic_run,within_job,,,,main-allen_cahn-relu-default-s29-e8147ae59f,probe_nrmse,0.03589144419211787,0.2511778689410773,1024,,1,ok
diagnostic_run,within_job,,,,main-allen_cahn-relu-default-s29-e8147ae59f,probe_gap,-0.03706233012660038,0.23603598405799064,1024,,1,ok
diagnostic_run,within_job,,,,main-allen_cahn-relu-default-s47-7e20ea701f,probe_nrmse,-0.009253551695157713,0.7674146583908991,1024,,1,ok
diagnostic_run,within_job,,,,main-allen_cahn-relu-default-s47-7e20ea701f,probe_gap,-0.05769693020885487,0.06495258920014306,1024,,1,ok
diagnostic_run,within_job,main,allen_cahn,relu,main-allen_cahn-relu-default-s47-fee3749736,probe_nrmse,-0.007228537837064586,0.8172886170022123,1024,,1,ok
diagnostic_run,within_job,main,allen_cahn,relu,main-allen_cahn-relu-default-s47-fee3749736,probe_gap,-0.0533030653207925,0.08822672820326101,1024,,1,ok
diagnostic_run,within_job,main,allen_cahn,resmlp,main-allen_cahn-resmlp-default-s11-b786cc00a4,probe_nrmse,0.02112288552321007,0.4995600848140668,1024,,1,ok
diagnostic_run,within_job,main,allen_cahn,resmlp,main-allen_cahn-resmlp-default-s11-b786cc00a4,probe_gap,-0.03338264877333524,0.285864615602481,1024,,1,ok
diagnostic_run,within_job,,,,main-allen_cahn-resmlp-default-s11-f4b8262cb2,probe_nrmse,0.02112288552321007,0.4995600848140668,1024,,1,ok
diagnostic_run,within_job,,,,main-allen_cahn-resmlp-default-s11-f4b8262cb2,probe_gap,-0.03338264877333524,0.285864615602481,1024,,1,ok
diagnostic_run,within_job,,,,main-allen_cahn-resmlp-default-s29-d0c8cfa42e,probe_nrmse,0.011914037354266502,0.7033538437211975,1024,,1,ok
diagnostic_run,within_job,,,,main-allen_cahn-resmlp-default-s29-d0c8cfa42e,probe_gap,-0.025527881589299764,0.41448443650028355,1024,,1,ok
diagnostic_run,within_job,main,allen_cahn,resmlp,main-allen_cahn-resmlp-default-s29-e2b4d3b1d0,probe_nrmse,0.011914037354266502,0.7033538437211975,1024,,1,ok
diagnostic_run,within_job,main,allen_cahn,resmlp,main-allen_cahn-resmlp-default-s29-e2b4d3b1d0,probe_gap,-0.025527881589299764,0.41448443650028355,1024,,1,ok
diagnostic_run,within_job,,,,main-allen_cahn-resmlp-default-s47-3b7d5c1c37,probe_nrmse,0.006691335562549173,0.830653422661632,1024,,1,ok
diagnostic_run,within_job,,,,main-allen_cahn-resmlp-default-s47-3b7d5c1c37,probe_gap,-0.021362943458980044,0.4946971076319604,1024,,1,ok
diagnostic_run,within_job,main,allen_cahn,resmlp,main-allen_cahn-resmlp-default-s47-dfba0355c8,probe_nrmse,0.006691335562549173,0.830653422661632,1024,,1,ok
diagnostic_run,within_job,main,allen_cahn,resmlp,main-allen_cahn-resmlp-default-s47-dfba0355c8,probe_gap,-0.021362943458980044,0.4946971076319604,1024,,1,ok
diagnostic_run,within_job,,,,main-allen_cahn-silu-default-s11-ee5ba0733f,probe_nrmse,0.0021027868178241896,0.9464168598403657,1024,,1,ok
diagnostic_run,within_job,,,,main-allen_cahn-silu-default-s11-ee5ba0733f,probe_gap,-0.04484310179886989,0.15158711569385303,1024,,1,ok
diagnostic_run,within_job,main,allen_cahn,silu,main-allen_cahn-silu-default-s11-f4f981b0de,probe_nrmse,-0.009507378317001646,0.7612258806048822,1024,,1,ok
diagnostic_run,within_job,main,allen_cahn,silu,main-allen_cahn-silu-default-s11-f4f981b0de,probe_gap,-0.003097183230813246,0.9211469649728653,1024,,1,ok
diagnostic_run,within_job,main,allen_cahn,silu,main-allen_cahn-silu-default-s29-0594777668,probe_nrmse,0.004063338191116515,0.8966704310590565,1024,,1,ok
diagnostic_run,within_job,main,allen_cahn,silu,main-allen_cahn-silu-default-s29-0594777668,probe_gap,-0.02130662819183177,0.4958356417969192,1024,,1,ok
diagnostic_run,within_job,,,,main-allen_cahn-silu-default-s29-07dd20f32e,probe_nrmse,-0.005220410735998855,0.8674878841418332,1024,,1,ok
diagnostic_run,within_job,,,,main-allen_cahn-silu-default-s29-07dd20f32e,probe_gap,-0.03580497639653816,0.25232231388630516,1024,,1,ok
diagnostic_run,within_job,,,,main-allen_cahn-silu-default-s47-b86d250d94,probe_nrmse,-0.02583793407123954,0.4088370414667033,1024,,1,ok
diagnostic_run,within_job,,,,main-allen_cahn-silu-default-s47-b86d250d94,probe_gap,-0.041324308436449464,0.18639229962666726,1024,,1,ok
diagnostic_run,within_job,main,allen_cahn,silu,main-allen_cahn-silu-default-s47-dfb23be1fd,probe_nrmse,-0.00026018569844789356,0.9933650493633961,1024,,1,ok
diagnostic_run,within_job,main,allen_cahn,silu,main-allen_cahn-silu-default-s47-dfb23be1fd,probe_gap,-0.034586850010728844,0.2688311807519977,1024,,1,ok
diagnostic_run,within_job,,,,main-allen_cahn-swiglu-default-s11-2625edbbe1,probe_nrmse,-0.017145070813584812,0.5836833613669302,1024,,1,ok
diagnostic_run,within_job,,,,main-allen_cahn-swiglu-default-s11-2625edbbe1,probe_gap,-0.10922694192117874,0.0004626919391923766,1024,,1,ok
diagnostic_run,within_job,main,allen_cahn,swiglu,main-allen_cahn-swiglu-default-s11-62f8e04792,probe_nrmse,-0.0315565320792504,0.31305765717789047,1024,,1,ok
diagnostic_run,within_job,main,allen_cahn,swiglu,main-allen_cahn-swiglu-default-s11-62f8e04792,probe_gap,-0.04293475296831414,0.16979366951853236,1024,,1,ok
diagnostic_run,within_job,,,,main-allen_cahn-swiglu-default-s29-665271861a,probe_nrmse,0.009612476307131105,0.7586678243193128,1024,,1,ok
diagnostic_run,within_job,,,,main-allen_cahn-swiglu-default-s29-665271861a,probe_gap,-0.04766025096559617,0.1274758861087294,1024,,1,ok
diagnostic_run,within_job,main,allen_cahn,swiglu,main-allen_cahn-swiglu-default-s29-db938fbea3,probe_nrmse,-0.007074344199270437,0.8211194862148845,1024,,1,ok
diagnostic_run,within_job,main,allen_cahn,swiglu,main-allen_cahn-swiglu-default-s29-db938fbea3,probe_gap,-0.031133983173592727,0.3195845968116222,1024,,1,ok
diagnostic_run,within_job,,,,main-allen_cahn-swiglu-default-s47-1279bc7a9c,probe_nrmse,-0.005272725037550961,0.8661724087526187,1024,,1,ok
diagnostic_run,within_job,,,,main-allen_cahn-swiglu-default-s47-1279bc7a9c,probe_gap,-0.04441011461984121,0.1555818950118701,1024,,1,ok
diagnostic_run,within_job,main,allen_cahn,swiglu,main-allen_cahn-swiglu-default-s47-a41a6ec6bd,probe_nrmse,0.007076735837922895,0.8210600342740728,1024,,1,ok
diagnostic_run,within_job,main,allen_cahn,swiglu,main-allen_cahn-swiglu-default-s47-a41a6ec6bd,probe_gap,-0.015938377351233303,0.6104456031175094,1024,,1,ok
diagnostic_run,within_job,,,,main-controlled-fourier-default-s11-4f637acfe0,probe_nrmse,-0.0651866036942994,0.037011055283365235,1024,,1,ok
diagnostic_run,within_job,,,,main-controlled-fourier-default-s11-4f637acfe0,probe_gap,-0.1851422242686503,2.387253780882885e-09,1024,,1,ok
diagnostic_run,within_job,,,,main-controlled-fourier-default-s11-7a699d51a4,probe_nrmse,-0.005507049746083971,0.860284761321491,1024,,1,ok
diagnostic_run,within_job,,,,main-controlled-fourier-default-s11-7a699d51a4,probe_gap,-0.20434528333094915,4.0885028659165625e-11,1024,,1,ok
diagnostic_run,within_job,main,controlled,fourier,main-controlled-fourier-default-s11-fe661912eb,probe_nrmse,-0.0651866036942994,0.037011055283365235,1024,,1,ok
diagnostic_run,within_job,main,controlled,fourier,main-controlled-fourier-default-s11-fe661912eb,probe_gap,-0.1851422242686503,2.387253780882885e-09,1024,,1,ok
diagnostic_run,within_job,,,,main-controlled-fourier-default-s29-01ca04060a,probe_nrmse,-0.006165007420785351,0.8437953328573192,1024,,1,ok
diagnostic_run,within_job,,,,main-controlled-fourier-default-s29-01ca04060a,probe_gap,-0.19638614458908518,2.3200810183765992e-10,1024,,1,ok
diagnostic_run,within_job,main,controlled,fourier,main-controlled-fourier-default-s29-869cca858c,probe_nrmse,-0.001987082916100422,0.9493611513786065,1024,,1,ok
diagnostic_run,within_job,main,controlled,fourier,main-controlled-fourier-default-s29-869cca858c,probe_gap,-0.16893274801516342,5.376812546570125e-08,1024,,1,ok
diagnostic_run,within_job,,,,main-controlled-fourier-default-s29-d5406a8175,probe_nrmse,-0.001987082916100422,0.9493611513786065,1024,,1,ok
diagnostic_run,within_job,,,,main-controlled-fourier-default-s29-d5406a8175,probe_gap,-0.16893274801516342,5.376812546570125e-08,1024,,1,ok
diagnostic_run,within_job,main,controlled,fourier,main-controlled-fourier-default-s47-2424a1dd17,probe_nrmse,-0.07240326156927258,0.020497405620717425,1024,,1,ok
diagnostic_run,within_job,main,controlled,fourier,main-controlled-fourier-default-s47-2424a1dd17,probe_gap,-0.20195149890923395,6.943772448425457e-11,1024,,1,ok
diagnostic_run,within_job,,,,main-controlled-fourier-default-s47-540af2a8b0,probe_nrmse,-0.07240326156927258,0.020497405620717425,1024,,1,ok
diagnostic_run,within_job,,,,main-controlled-fourier-default-s47-540af2a8b0,probe_gap,-0.20195149890923395,6.943772448425457e-11,1024,,1,ok
diagnostic_run,within_job,,,,main-controlled-fourier-default-s47-c23429851e,probe_nrmse,-0.04670233834842358,0.13531565879984786,1024,,1,ok
diagnostic_run,within_job,,,,main-controlled-fourier-default-s47-c23429851e,probe_gap,-0.2096913562650074,1.2234591284251612e-11,1024,,1,ok
diagnostic_run,within_job,,,,main-controlled-ganr-default-s11-0aad7a34d5,probe_nrmse,0.01635703141763822,0.601099050025296,1024,,1,ok
diagnostic_run,within_job,,,,main-controlled-ganr-default-s11-0aad7a34d5,probe_gap,-0.48295907168657454,5.8891645799747935e-61,1024,,1,ok
diagnostic_run,within_job,,,,main-controlled-ganr-default-s11-102f25687a,probe_nrmse,-0.04180746508224254,0.18129141048355218,1024,,1,ok
diagnostic_run,within_job,,,,main-controlled-ganr-default-s11-102f25687a,probe_gap,-0.39155577418933074,7.372833671296963e-39,1024,,1,ok
diagnostic_run,within_job,,,,main-controlled-ganr-default-s11-1aa7058647,probe_nrmse,-0.058497107054583344,0.061314092200316465,1024,,1,ok
diagnostic_run,within_job,,,,main-controlled-ganr-default-s11-1aa7058647,probe_gap,-0.46338594395451255,1.217082581477744e-55,1024,,1,ok
diagnostic_run,within_job,,,,main-controlled-ganr-default-s11-1c09da4471,probe_nrmse,-0.07644662846005293,0.014409657046521265,1024,,1,ok
diagnostic_run,within_job,,,,main-controlled-ganr-default-s11-1c09da4471,probe_gap,-0.40946058490093695,1.1403763801854195e-42,1024,,1,ok
diagnostic_run,within_job,,,,main-controlled-ganr-default-s11-51c1db5bd2,probe_nrmse,-0.10059458568152695,0.001267341650584468,1024,,1,ok
diagnostic_run,within_job,,,,main-controlled-ganr-default-s11-51c1db5bd2,probe_gap,-0.40926035006152617,1.2617221673668141e-42,1024,,1,ok
diagnostic_run,within_job,,,,main-controlled-ganr-default-s11-67970d266a,probe_nrmse,-0.07644662846005293,0.014409657046521265,1024,,1,ok
diagnostic_run,within_job,,,,main-controlled-ganr-default-s11-67970d266a,probe_gap,-0.40946058490093695,1.1403763801854195e-42,1024,,1,ok
diagnostic_run,within_job,,,,main-controlled-ganr-default-s11-7b89dab7df,probe_nrmse,-0.05188191830555127,0.09705310275619598,1024,,1,ok
diagnostic_run,within_job,,,,main-controlled-ganr-default-s11-7b89dab7df,probe_gap,-0.42868325564060644,5.006149122595702e-47,1024,,1,ok
diagnostic_run,within_job,main,controlled,ganr,main-controlled-ganr-default-s11-8287dd41c7,probe_nrmse,-0.058497107054583344,0.061314092200316465,1024,,1,ok
diagnostic_run,within_job,main,controlled,ganr,main-controlled-ganr-default-s11-8287dd41c7,probe_gap,-0.46338594395451255,1.217082581477744e-55,1024,,1,ok
diagnostic_run,within_job,,,,main-controlled-ganr-default-s11-82e32653b4,probe_nrmse,-0.1186725866578848,0.00014103707296278466,1024,,1,ok
diagnostic_run,within_job,,,,main-controlled-ganr-default-s11-82e32653b4,probe_gap,-0.44320293685184814,1.6452252403420824e-50,1024,,1,ok
diagnostic_run,within_job,,,,main-controlled-ganr-default-s11-9f8a9fbde4,probe_nrmse,-0.058497107054583344,0.061314092200316465,1024,,1,ok
diagnostic_run,within_job,,,,main-controlled-ganr-default-s11-9f8a9fbde4,probe_gap,-0.46338594395451255,1.217082581477744e-55,1024,,1,ok
diagnostic_run,within_job,,,,main-controlled-ganr-default-s11-b8150f3f76,probe_nrmse,-0.0778297564309348,0.012728018522055278,1024,,1,ok
diagnostic_run,within_job,,,,main-controlled-ganr-default-s11-b8150f3f76,probe_gap,-0.46883784766868697,4.3580496142758695e-57,1024,,1,ok
diagnostic_run,within_job,,,,main-controlled-ganr-default-s11-cb5d5dda4d,probe_nrmse,-0.05475759620004151,0.07987410259948664,1024,,1,ok
diagnostic_run,within_job,,,,main-controlled-ganr-default-s11-cb5d5dda4d,probe_gap,-0.3879771953785506,3.9953770305443773e-38,1024,,1,ok
diagnostic_run,within_job,,,,main-controlled-ganr-default-s11-cf830bc2fb,probe_nrmse,0.038494357404955715,0.21840849319396197,1024,,1,ok
diagnostic_run,within_job,,,,main-controlled-ganr-default-s11-cf830bc2fb,probe_gap,-0.467105302696252,1.263744335882135e-56,1024,,1,ok
diagnostic_run,within_job,,,,main-controlled-ganr-default-s11-ecf59b53d5,probe_nrmse,-0.058497107054583344,0.061314092200316465,1024,,1,ok
diagnostic_run,within_job,,,,main-controlled-ganr-default-s11-ecf59b53d5,probe_gap,-0.46338594395451255,1.217082581477744e-55,1024,,1,ok
diagnostic_run,within_job,,,,main-controlled-ganr-default-s29-0661b62633,probe_nrmse,-0.05270843592618005,0.0918378411259436,1024,,1,ok
diagnostic_run,within_job,,,,main-controlled-ganr-default-s29-0661b62633,probe_gap,-0.48980230561175175,6.743096567904327e-63,1024,,1,ok
diagnostic_run,within_job,,,,main-controlled-ganr-default-s29-297fd42d97,probe_nrmse,-0.09526333809553483,0.0022759034684118194,1024,,1,ok
diagnostic_run,within_job,,,,main-controlled-ganr-default-s29-297fd42d97,probe_gap,-0.45230474437661555,8.809984872174535e-53,1024,,1,ok
diagnostic_run,within_job,,,,main-controlled-ganr-default-s29-4e39a1bf1e,probe_nrmse,-0.032518317633287115,0.29853036112731973,1024,,1,ok
diagnostic_run,within_job,,,,main-controlled-ganr-default-s29-4e39a1bf1e,probe_gap,-0.4497408866244914,3.906058440912295e-52,1024,,1,ok
diagnostic_run,within_job,,,,main-controlled-ganr-default-s29-4f45f79ed0,probe_nrmse,-0.04305502840706568,0.16859990265171615,1024,,1,ok
diagnostic_run,within_job,,,,main-controlled-ganr-default-s29-4f45f79ed0,probe_gap,-0.3891777846549808,2.2716514975136243e-38,1024,,1,ok
diagnostic_run,within_job,main,controlled,ganr,main-controlled-ganr-default-s29-6e3a977cfa,probe_nrmse,-0.09526333809553483,0.0022759034684118194,1024,,1,ok
diagnostic_run,within_job,main,controlled,ganr,main-controlled-ganr-default-s29-6e3a977cfa,probe_gap,-0.45230474437661555,8.809984872174535e-53,1024,,1,ok
diagnostic_run,within_job,,,,main-controlled-ganr-default-s29-8365ba1768,probe_nrmse,-0.04697509119519347,0.13304643747512343,1024,,1,ok
diagnostic_run,within_job,,,,main-controlled-ganr-default-s29-8365ba1768,probe_gap,-0.4474398849331235,1.470655157863884e-51,1024,,1,ok
diagnostic_run,within_job,,,,main-controlled-ganr-default-s29-95a3fa8f85,probe_nrmse,-0.09965973435761927,0.0014072067010019273,1024,,1,ok
diagnostic_run,within_job,,,,main-controlled-ganr-default-s29-95a3fa8f85,probe_gap,-0.4135098896508254,1.4538422634517765e-43,1024,,1,ok
diagnostic_run,within_job,,,,main-controlled-ganr-default-s29-9ddad526d9,probe_nrmse,-0.06409239584130022,0.04030979640640365,1024,,1,ok
diagnostic_run,within_job,,,,main-controlled-ganr-default-s29-9ddad526d9,probe_gap,-0.45198943796485763,1.0587975036117088e-52,1024,,1,ok
diagnostic_run,within_job,,,,main-controlled-ganr-default-s29-a1c65f46cf,probe_nrmse,-0.09526333809553483,0.0022759034684118194,1024,,1,ok
diagnostic_run,within_job,,,,main-controlled-ganr-default-s29-a1c65f46cf,probe_gap,-0.45230474437661555,8.809984872174535e-53,1024,,1,ok
diagnostic_run,within_job,,,,main-controlled-ganr-default-s29-cec7d0fc72,probe_nrmse,-0.0767340003479499,0.014044981108761435,1024,,1,ok
diagnostic_run,within_job,,,,main-controlled-ganr-default-s29-cec7d0fc72,probe_gap,-0.46562624013869536,3.12091589273099e-56,1024,,1,ok
diagnostic_run,within_job,,,,main-controlled-ganr-default-s29-e127f35aed,probe_nrmse,-0.04697509119519347,0.13304643747512343,1024,,1,ok
diagnostic_run,within_job,,,,main-controlled-ganr-default-s29-e127f35aed,probe_gap,-0.4474398849331235,1.470655157863884e-51,1024,,1,ok
diagnostic_run,within_job,,,,main-controlled-ganr-default-s29-f350ea1d92,probe_nrmse,-0.09526333809553483,0.0022759034684118194,1024,,1,ok
diagnostic_run,within_job,,,,main-controlled-ganr-default-s29-f350ea1d92,probe_gap,-0.45230474437661555,8.809984872174535e-53,1024,,1,ok
diagnostic_run,within_job,,,,main-controlled-ganr-default-s47-19d9486ff2,probe_nrmse,-0.08025572652170804,0.010193606099210552,1024,,1,ok
diagnostic_run,within_job,,,,main-controlled-ganr-default-s47-19d9486ff2,probe_gap,-0.4691247384843716,3.651509654768377e-57,1024,,1,ok
diagnostic_run,within_job,,,,main-controlled-ganr-default-s47-1b516af4d2,probe_nrmse,-0.05366112968974149,0.08610797161324428,1024,,1,ok
diagnostic_run,within_job,,,,main-controlled-ganr-default-s47-1b516af4d2,probe_gap,-0.4671139261939972,1.2570843752605965e-56,1024,,1,ok
diagnostic_run,within_job,main,controlled,ganr,main-controlled-ganr-default-s47-401f29dc72,probe_nrmse,-0.05366112968974149,0.08610797161324428,1024,,1,ok
diagnostic_run,within_job,main,controlled,ganr,main-controlled-ganr-default-s47-401f29dc72,probe_gap,-0.4671139261939972,1.2570843752605965e-56,1024,,1,ok
diagnostic_run,within_job,,,,main-controlled-ganr-default-s47-500747aadd,probe_nrmse,-0.12757293035368755,4.238361654700123e-05,1024,,1,ok
diagnostic_run,within_job,,,,main-controlled-ganr-default-s47-500747aadd,probe_gap,-0.4208562919239106,3.220891257101651e-45,1024,,1,ok
diagnostic_run,within_job,,,,main-controlled-ganr-default-s47-6daf97a0c8,probe_nrmse,-0.05366112968974149,0.08610797161324428,1024,,1,ok
diagnostic_run,within_job,,,,main-controlled-ganr-default-s47-6daf97a0c8,probe_gap,-0.4671139261939972,1.2570843752605965e-56,1024,,1,ok
diagnostic_run,within_job,,,,main-controlled-ganr-default-s47-762fcd8575,probe_nrmse,-0.05366112968974149,0.08610797161324428,1024,,1,ok
diagnostic_run,within_job,,,,main-controlled-ganr-default-s47-762fcd8575,probe_gap,-0.4671139261939972,1.2570843752605965e-56,1024,,1,ok
diagnostic_run,within_job,,,,main-controlled-ganr-default-s47-83f1a2d6e9,probe_nrmse,-0.06849349346300876,0.028401970863771483,1024,,1,ok
diagnostic_run,within_job,,,,main-controlled-ganr-default-s47-83f1a2d6e9,probe_gap,-0.43902157501200234,1.7248212001791133e-49,1024,,1,ok
diagnostic_run,within_job,,,,main-controlled-ganr-default-s47-84f3a2e2b0,probe_nrmse,-0.06397317171496003,0.040683824195152915,1024,,1,ok
diagnostic_run,within_job,,,,main-controlled-ganr-default-s47-84f3a2e2b0,probe_gap,-0.4569706973160899,5.671317770479206e-54,1024,,1,ok
diagnostic_run,within_job,,,,main-controlled-ganr-default-s47-c6cc6239a5,probe_nrmse,-0.07232215819683857,0.020639556240959887,1024,,1,ok
diagnostic_run,within_job,,,,main-controlled-ganr-default-s47-c6cc6239a5,probe_gap,-0.43517719360203133,1.453834598874351e-48,1024,,1,ok
diagnostic_run,within_job,,,,main-controlled-ganr-default-s47-e749977204,probe_nrmse,-0.0253291019135853,0.4181291828542679,1024,,1,ok
diagnostic_run,within_job,,,,main-controlled-ganr-default-s47-e749977204,probe_gap,-0.4840322216536741,2.9413030043260085e-61,1024,,1,ok
diagnostic_run,within_job,,,,main-controlled-ganr-default-s47-ea8cfe6859,probe_nrmse,-0.007030233053705416,0.8222161955418789,1024,,1,ok
diagnostic_run,within_job,,,,main-controlled-ganr-default-s47-ea8cfe6859,probe_gap,-0.4840324241719154,2.9409169840878733e-61,1024,,1,ok
diagnostic_run,within_job,,,,main-controlled-ganr-default-s47-faa397c2ee,probe_nrmse,-0.07232215819683857,0.020639556240959887,1024,,1,ok
diagnostic_run,within_job,,,,main-controlled-ganr-default-s47-faa397c2ee,probe_gap,-0.43517719360203133,1.453834598874351e-48,1024,,1,ok
diagnostic_run,within_job,,,,main-controlled-gelu-default-s11-36131995a1,probe_nrmse,-0.09052573582004148,0.0037406856917789385,1024,,1,ok
diagnostic_run,within_job,,,,main-controlled-gelu-default-s11-36131995a1,probe_gap,-0.3558856662613547,6.151542586548773e-32,1024,,1,ok
diagnostic_run,within_job,main,controlled,gelu,main-controlled-gelu-default-s11-980d8043f3,probe_nrmse,-0.09119681397968671,0.0034910924817776363,1024,,1,ok
diagnostic_run,within_job,main,controlled,gelu,main-controlled-gelu-default-s11-980d8043f3,probe_gap,-0.3689384700665188,2.2716018143233953e-34,1024,,1,ok
diagnostic_run,within_job,,,,main-controlled-gelu-default-s11-eef0529503,probe_nrmse,-0.20453179260171112,3.9221375856870077e-11,1024,,1,ok
diagnostic_run,within_job,,,,main-controlled-gelu-default-s11-eef0529503,probe_gap,-0.39043247976727474,1.2559883115675887e-38,1024,,1,ok
diagnostic_run,within_job,,,,main-controlled-gelu-default-s29-6a18b08ff1,probe_nrmse,-0.05576933651026392,0.0744517074835752,1024,,1,ok
diagnostic_run,within_job,,,,main-controlled-gelu-default-s29-6a18b08ff1,probe_gap,-0.3546106779809727,1.0485532279088534e-31,1024,,1,ok
diagnostic_run,within_job,,,,main-controlled-gelu-default-s29-94dbd57dc1,probe_nrmse,-0.16801050356290037,6.364100822644789e-08,1024,,1,ok
diagnostic_run,within_job,,,,main-controlled-gelu-default-s29-94dbd57dc1,probe_gap,-0.33181994294662154,9.662374392601814e-28,1024,,1,ok
diagnostic_run,within_job,main,controlled,gelu,main-controlled-gelu-default-s29-a64deb14ed,probe_nrmse,-0.08596820597476096,0.005910241927768829,1024,,1,ok
diagnostic_run,within_job,main,controlled,gelu,main-controlled-gelu-default-s29-a64deb14ed,probe_gap,-0.4024605502625789,3.755482099585268e-41,1024,,1,ok
diagnostic_run,within_job,main,controlled,gelu,main-controlled-gelu-default-s47-0f1058267c,probe_nrmse,-0.08561799296148007,0.006116593781100788,1024,,1,ok
diagnostic_run,within_job,main,controlled,gelu,main-controlled-gelu-default-s47-0f1058267c,probe_gap,-0.40660500301359037,4.79198760794496e-42,1024,,1,ok
diagnostic_run,within_job,,,,main-controlled-gelu-default-s47-5060b58045,probe_nrmse,-0.14774801516343608,2.0519057845461287e-06,1024,,1,ok
diagnostic_run,within_job,,,,main-controlled-gelu-default-s47-5060b58045,probe_gap,-0.33636141236320716,1.6642886192533675e-28,1024,,1,ok
diagnostic_run,within_job,,,,main-controlled-gelu-default-s47-a2e36cb3b8,probe_nrmse,-0.032528140960634465,0.29838434180215345,1024,,1,ok
diagnostic_run,within_job,,,,main-controlled-gelu-default-s47-a2e36cb3b8,probe_gap,-0.35869392042854453,1.884123978969462e-32,1024,,1,ok
diagnostic_run,within_job,main,controlled,relu,main-controlled-relu-default-s11-41cf3e1409,probe_nrmse,-0.0016337015413775838,0.9583576743233095,1024,,1,ok
diagnostic_run,within_job,main,controlled,relu,main-controlled-relu-default-s11-41cf3e1409,probe_gap,-0.06343242614977468,0.04241732135208437,1024,,1,ok
diagnostic_run,within_job,,,,main-controlled-relu-default-s11-787e49beba,probe_nrmse,-0.008110013142836707,0.7954749843990099,1024,,1,ok
diagnostic_run,within_job,,,,main-controlled-relu-default-s11-787e49beba,probe_gap,-0.0586828441277448,0.06049407452105864,1024,,1,ok
diagnostic_run,within_job,,,,main-controlled-relu-default-s11-84a206eeba,probe_nrmse,-0.012391739235390884,0.6920559431803195,1024,,1,ok
diagnostic_run,within_job,,,,main-controlled-relu-default-s11-84a206eeba,probe_gap,-0.0006455189185322938,0.9835397099352277,1024,,1,ok
diagnostic_run,within_job,,,,main-controlled-relu-default-s11-e6038b57da,probe_nrmse,-0.030106087139762466,0.3358305036408701,1024,,1,ok
diagnostic_run,within_job,,,,main-controlled-relu-default-s11-e6038b57da,probe_gap,0.018118501275499174,0.5625004962136044,1024,,1,ok
diagnostic_run,within_job,main,controlled,relu,main-controlled-relu-default-s29-1a08ae7f17,probe_nrmse,-0.060253178420713815,0.05391757653890304,1024,,1,ok
diagnostic_run,within_job,main,controlled,relu,main-controlled-relu-default-s29-1a08ae7f17,probe_gap,-0.11700065043630639,0.00017519010102846235,1024,,1,ok
diagnostic_run,within_job,,,,main-controlled-relu-default-s29-85178721b1,probe_nrmse,-0.029911699359845504,0.33896147388728726,1024,,1,ok
diagnostic_run,within_job,,,,main-controlled-relu-default-s29-85178721b1,probe_gap,-0.06025647530577211,0.0539044228461794,1024,,1,ok
diagnostic_run,within_job,,,,main-controlled-relu-default-s29-99ce19fcc8,probe_nrmse,0.01215941500965596,0.6975421743412077,1024,,1,ok
diagnostic_run,within_job,,,,main-controlled-relu-default-s29-99ce19fcc8,probe_gap,-0.06428235194192117,0.03971988625184911,1024,,1,ok
diagnostic_run,within_job,,,,main-controlled-relu-default-s47-8042bcae16,probe_nrmse,0.023328065767827765,0.4558560217239218,1024,,1,ok
diagnostic_run,within_job,,,,main-controlled-relu-default-s47-8042bcae16,probe_gap,-0.005096995476003147,0.8705926827743224,1024,,1,ok
diagnostic_run,within_job,main,controlled,relu,main-controlled-relu-default-s47-d3aedf6771,probe_nrmse,-0.011997118857735497,0.701384133398806,1024,,1,ok
diagnostic_run,within_job,main,controlled,relu,main-controlled-relu-default-s47-d3aedf6771,probe_gap,-0.09584253853443958,0.0021385417191234417,1024,,1,ok
diagnostic_run,within_job,,,,main-controlled-relu-default-s47-d7222ee842,probe_nrmse,-0.020304285727058148,0.5163316115623708,1024,,1,ok
diagnostic_run,within_job,,,,main-controlled-relu-default-s47-d7222ee842,probe_gap,-0.0801866036942994,0.010259098247261145,1024,,1,ok
diagnostic_run,within_job,,,,main-controlled-resmlp-default-s11-0ab113601a,probe_nrmse,-0.11691526176661216,0.0001771276261412187,1024,,1,ok
diagnostic_run,within_job,,,,main-controlled-resmlp-default-s11-0ab113601a,probe_gap,-0.3962208163993814,7.892228707757006e-40,1024,,1,ok
diagnostic_run,within_job,,,,main-controlled-resmlp-default-s11-24b68268cd,probe_nrmse,-0.09287143094239185,0.0029328769121507044,1024,,1,ok
diagnostic_run,within_job,,,,main-controlled-resmlp-default-s11-24b68268cd,probe_gap,-0.34469682261136103,6.104357701258775e-30,1024,,1,ok
diagnostic_run,within_job,main,controlled,resmlp,main-controlled-resmlp-default-s11-395685dc7e,probe_nrmse,-0.09287143094239185,0.0029328769121507044,1024,,1,ok
diagnostic_run,within_job,main,controlled,resmlp,main-controlled-resmlp-default-s11-395685dc7e,probe_gap,-0.34469682261136103,6.104357701258775e-30,1024,,1,ok
diagnostic_run,within_job,,,,main-controlled-resmlp-default-s29-3c67fb4b11,probe_nrmse,-0.04849103274360645,0.12096638002103031,1024,,1,ok
diagnostic_run,within_job,,,,main-controlled-resmlp-default-s29-3c67fb4b11,probe_gap,-0.319630543905739,9.387763747947383e-26,1024,,1,ok
diagnostic_run,within_job,main,controlled,resmlp,main-controlled-resmlp-default-s29-524d769e2c,probe_nrmse,-0.04849103274360645,0.12096638002103031,1024,,1,ok
diagnostic_run,within_job,main,controlled,resmlp,main-controlled-resmlp-default-s29-524d769e2c,probe_gap,-0.319630543905739,9.387763747947383e-26,1024,,1,ok
diagnostic_run,within_job,,,,main-controlled-resmlp-default-s29-618869d9dc,probe_nrmse,-0.05863913623800498,0.06068622095964765,1024,,1,ok
diagnostic_run,within_job,,,,main-controlled-resmlp-default-s29-618869d9dc,probe_gap,-0.38218102998345466,5.90426046044889e-37,1024,,1,ok
diagnostic_run,within_job,,,,main-controlled-resmlp-default-s47-1829c3914d,probe_nrmse,-0.04627194968993606,0.1389569373269346,1024,,1,ok
diagnostic_run,within_job,,,,main-controlled-resmlp-default-s47-1829c3914d,probe_gap,-0.3368858704273091,1.3557820164160554e-28,1024,,1,ok
diagnostic_run,within_job,main,controlled,resmlp,main-controlled-resmlp-default-s47-71e7a9cf75,probe_nrmse,-0.04627194968993606,0.1389569373269346,1024,,1,ok
diagnostic_run,within_job,main,controlled,resmlp,main-controlled-resmlp-default-s47-71e7a9cf75,probe_gap,-0.3368858704273091,1.3557820164160554e-28,1024,,1,ok
diagnostic_run,within_job,,,,main-controlled-resmlp-default-s47-dcdbdf6912,probe_nrmse,-0.10108502750687604,0.0011992020043229148,1024,,1,ok
diagnostic_run,within_job,,,,main-controlled-resmlp-default-s47-dcdbdf6912,probe_gap,-0.36898536509645163,2.225296483347506e-34,1024,,1,ok
diagnostic_run,within_job,main,controlled,silu,main-controlled-silu-default-s11-011042bfb0,probe_nrmse,-0.13712208274355644,1.0658600080663274e-05,1024,,1,ok
diagnostic_run,within_job,main,controlled,silu,main-controlled-silu-default-s11-011042bfb0,probe_gap,-0.38088457874126364,1.0704595034582702e-36,1024,,1,ok
diagnostic_run,within_job,,,,main-controlled-silu-default-s11-20cd8f94d5,probe_nrmse,-0.09903830476985677,0.0015078994098125787,1024,,1,ok
diagnostic_run,within_job,,,,main-controlled-silu-default-s11-20cd8f94d5,probe_gap,-0.3288501759331028,3.003863300792876e-27,1024,,1,ok
diagnostic_run,within_job,,,,main-controlled-silu-default-s11-f957a06bd2,probe_nrmse,-0.22482083448301723,3.366588187513084e-13,1024,,1,ok
diagnostic_run,within_job,,,,main-controlled-silu-default-s11-f957a06bd2,probe_gap,-0.3805883776995017,1.2258706963527946e-36,1024,,1,ok
diagnostic_run,within_job,,,,main-controlled-silu-default-s29-3331ada97c,probe_nrmse,-0.19792292888563048,1.6686016817109897e-10,1024,,1,ok
diagnostic_run,within_job,,,,main-controlled-silu-default-s29-3331ada97c,probe_gap,-0.37189306022459045,6.164597306665761e-35,1024,,1,ok
diagnostic_run,within_job,,,,main-controlled-silu-default-s29-83a444925c,probe_nrmse,-0.09267946230598668,0.002992458783316224,1024,,1,ok
diagnostic_run,within_job,,,,main-controlled-silu-default-s29-83a444925c,probe_gap,-0.4052612250554324,9.371653208735164e-42,1024,,1,ok
diagnostic_run,within_job,main,controlled,silu,main-controlled-silu-default-s29-b168b71d04,probe_nrmse,-0.12238701183749372,8.623754986438053e-05,1024,,1,ok
diagnostic_run,within_job,main,controlled,silu,main-controlled-silu-default-s29-b168b71d04,probe_gap,-0.38273745395536796,4.569859690300406e-37,1024,,1,ok
diagnostic_run,within_job,,,,main-controlled-silu-default-s47-197564b7c6,probe_nrmse,-0.20829581217366425,1.6816564426515185e-11,1024,,1,ok
diagnostic_run,within_job,,,,main-controlled-silu-default-s47-197564b7c6,probe_gap,-0.374747827408626,1.7258279232479526e-35,1024,,1,ok
diagnostic_run,within_job,main,controlled,silu,main-controlled-silu-default-s47-7563c7fbfa,probe_nrmse,-0.11473736678349189,0.00023390419238335068,1024,,1,ok
diagnostic_run,within_job,main,controlled,silu,main-controlled-silu-default-s47-7563c7fbfa,probe_gap,-0.41263891620771037,2.2696690490556005e-43,1024,,1,ok
diagnostic_run,within_job,,,,main-controlled-silu-default-s47-d746f016d9,probe_nrmse,-0.11158562289893427,0.0003468210688603556,1024,,1,ok
diagnostic_run,within_job,,,,main-controlled-silu-default-s47-d746f016d9,probe_gap,-0.40906020894428147,1.3958181524392913e-42,1024,,1,ok
diagnostic_run,within_job,,,,main-controlled-swiglu-default-s11-42bdb25df1,probe_nrmse,-0.014593214756819605,0.6409024882394425,1024,,1,ok
diagnostic_run,within_job,,,,main-controlled-swiglu-default-s11-42bdb25df1,probe_gap,-0.3508781747934595,4.926592785340894e-31,1024,,1,ok
diagnostic_run,within_job,,,,main-controlled-swiglu-default-s11-98d01cda0b,probe_nrmse,-0.16767985346184106,6.759089038261079e-08,1024,,1,ok
diagnostic_run,within_job,,,,main-controlled-swiglu-default-s11-98d01cda0b,probe_gap,-0.4111536303733638,4.8365180488671826e-43,1024,,1,ok
diagnostic_run,within_job,main,controlled,swiglu,main-controlled-swiglu-default-s11-d7e8779cb8,probe_nrmse,-0.04689518364208569,0.13370817647367148,1024,,1,ok
diagnostic_run,within_job,main,controlled,swiglu,main-controlled-swiglu-default-s11-d7e8779cb8,probe_gap,-0.32530980661254555,1.142465641716063e-26,1024,,1,ok
diagnostic_run,within_job,,,,main-controlled-swiglu-default-s29-23fd7c9a9e,probe_nrmse,-0.06393663722194406,0.04079902588414368,1024,,1,ok
diagnostic_run,within_job,,,,main-controlled-swiglu-default-s29-23fd7c9a9e,probe_gap,-0.3303757443137114,1.680013403418666e-27,1024,,1,ok
diagnostic_run,within_job,main,controlled,swiglu,main-controlled-swiglu-default-s29-34da05b6dc,probe_nrmse,-0.02440847176525284,0.43525353851599835,1024,,1,ok
diagnostic_run,within_job,main,controlled,swiglu,main-controlled-swiglu-default-s29-34da05b6dc,probe_gap,-0.42243224063014084,1.4049629344847148e-45,1024,,1,ok
diagnostic_run,within_job,,,,main-controlled-swiglu-default-s29-92083037a9,probe_nrmse,-0.1750942350332594,1.7025292316963278e-08,1024,,1,ok
diagnostic_run,within_job,,,,main-controlled-swiglu-default-s29-92083037a9,probe_gap,-0.33504309419927036,2.7815393657534556e-28,1024,,1,ok
diagnostic_run,within_job,main,controlled,swiglu,main-controlled-swiglu-default-s47-3c853e3c94,probe_nrmse,0.04195262779048527,0.17977926547309017,1024,,1,ok
diagnostic_run,within_job,main,controlled,swiglu,main-controlled-swiglu-default-s47-3c853e3c94,probe_gap,-0.376574867165078,7.58969058124252e-36,1024,,1,ok
diagnostic_run,within_job,,,,main-controlled-swiglu-default-s47-a5f73fd60c,probe_nrmse,-0.03038763562148874,0.331328723232877,1024,,1,ok
diagnostic_run,within_job,,,,main-controlled-swiglu-default-s47-a5f73fd60c,probe_gap,-0.3846320194853283,1.903041126344202e-37,1024,,1,ok
diagnostic_run,within_job,,,,main-controlled-swiglu-default-s47-f4c56ae150,probe_nrmse,-0.18789506234994996,1.366773021935928e-09,1024,,1,ok
diagnostic_run,within_job,,,,main-controlled-swiglu-default-s47-f4c56ae150,probe_gap,-0.3568879761956181,4.037999774696513e-32,1024,,1,ok
diagnostic_run,within_job,,,,main-duffing-fourier-default-s11-075cfaca9b,probe_nrmse,-0.019278932122165793,0.5377430004961044,1024,,1,ok
diagnostic_run,within_job,,,,main-duffing-fourier-default-s11-075cfaca9b,probe_gap,-0.11280046357556683,0.0002983195725747371,1024,,1,ok
diagnostic_run,within_job,main,duffing,fourier,main-duffing-fourier-default-s11-60e9bc8fa9,probe_nrmse,-0.019278932122165793,0.5377430004961044,1024,,1,ok
diagnostic_run,within_job,main,duffing,fourier,main-duffing-fourier-default-s11-60e9bc8fa9,probe_gap,-0.11280046357556683,0.0002983195725747371,1024,,1,ok
diagnostic_run,within_job,main,duffing,fourier,main-duffing-fourier-default-s29-0a4c7036d4,probe_nrmse,0.04838632563836635,0.12177220627512088,1024,,1,ok
diagnostic_run,within_job,main,duffing,fourier,main-duffing-fourier-default-s29-0a4c7036d4,probe_gap,-0.19133875885129817,6.72285951185627e-10,1024,,1,ok
diagnostic_run,within_job,,,,main-duffing-fourier-default-s29-a75dffeb30,probe_nrmse,0.04838632563836635,0.12177220627512088,1024,,1,ok
diagnostic_run,within_job,,,,main-duffing-fourier-default-s29-a75dffeb30,probe_gap,-0.19133875885129817,6.72285951185627e-10,1024,,1,ok
diagnostic_run,within_job,main,duffing,fourier,main-duffing-fourier-default-s47-330b2fd2af,probe_nrmse,0.07293169077676846,0.019591928962632177,1024,,1,ok
diagnostic_run,within_job,main,duffing,fourier,main-duffing-fourier-default-s47-330b2fd2af,probe_gap,-0.15173543559115943,1.0723579476469423e-06,1024,,1,ok
diagnostic_run,within_job,,,,main-duffing-fourier-default-s47-58834641b2,probe_nrmse,0.07293169077676846,0.019591928962632177,1024,,1,ok
diagnostic_run,within_job,,,,main-duffing-fourier-default-s47-58834641b2,probe_gap,-0.15173543559115943,1.0723579476469423e-06,1024,,1,ok
diagnostic_run,within_job,main,duffing,ganr,main-duffing-ganr-default-s11-277b16b5df,probe_nrmse,0.0033607552307617122,0.9144612485189016,1024,,1,ok
diagnostic_run,within_job,main,duffing,ganr,main-duffing-ganr-default-s11-277b16b5df,probe_gap,-0.3125524604612746,1.2172709703623677e-24,1024,,1,ok
diagnostic_run,within_job,,,,main-duffing-ganr-default-s11-2e369aa563,probe_nrmse,0.012298498855589727,0.6942558539177368,1024,,1,ok
diagnostic_run,within_job,,,,main-duffing-ganr-default-s11-2e369aa563,probe_gap,-0.34429423190401254,7.17771826204023e-30,1024,,1,ok
diagnostic_run,within_job,,,,main-duffing-ganr-default-s11-300b7be62e,probe_nrmse,-0.051319636917960085,0.10073428914264847,1024,,1,ok
diagnostic_run,within_job,,,,main-duffing-ganr-default-s11-300b7be62e,probe_gap,-0.3011438850046491,6.554994099710362e-23,1024,,1,ok
diagnostic_run,within_job,,,,main-duffing-ganr-default-s11-43e5b7f92e,probe_nrmse,-0.051319636917960085,0.10073428914264847,1024,,1,ok
diagnostic_run,within_job,,,,main-duffing-ganr-default-s11-43e5b7f92e,probe_gap,-0.3011438850046491,6.554994099710362e-23,1024,,1,ok
diagnostic_run,within_job,,,,main-duffing-ganr-default-s11-a7261bfc28,probe_nrmse,0.012298498855589727,0.6942558539177368,1024,,1,ok
diagnostic_run,within_job,,,,main-duffing-ganr-default-s11-a7261bfc28,probe_gap,-0.34429423190401254,7.17771826204023e-30,1024,,1,ok
diagnostic_run,within_job,,,,main-duffing-ganr-default-s11-cb8a21ab57,probe_nrmse,0.0033607552307617122,0.9144612485189016,1024,,1,ok
diagnostic_run,within_job,,,,main-duffing-ganr-default-s11-cb8a21ab57,probe_gap,-0.3125524604612746,1.2172709703623677e-24,1024,,1,ok
diagnostic_run,within_job,,,,main-duffing-ganr-default-s11-e09275cec2,probe_nrmse,0.0033607552307617122,0.9144612485189016,1024,,1,ok
diagnostic_run,within_job,,,,main-duffing-ganr-default-s11-e09275cec2,probe_gap,-0.3125524604612746,1.2172709703623677e-24,1024,,1,ok
diagnostic_run,within_job,,,,main-duffing-ganr-default-s29-3646e16671,probe_nrmse,-0.017465645340104426,0.5766664472105953,1024,,1,ok
diagnostic_run,within_job,,,,main-duffing-ganr-default-s29-3646e16671,probe_gap,-0.3019393954295115,4.9926415251167484e-23,1024,,1,ok
diagnostic_run,within_job,,,,main-duffing-ganr-default-s29-3ee939fc5b,probe_nrmse,0.02333498929164745,0.455722274986187,1024,,1,ok
diagnostic_run,within_job,,,,main-duffing-ganr-default-s29-3ee939fc5b,probe_gap,-0.2643700554110546,7.764158733100383e-18,1024,,1,ok
diagnostic_run,within_job,main,duffing,ganr,main-duffing-ganr-default-s29-68d9008487,probe_nrmse,-0.017465645340104426,0.5766664472105953,1024,,1,ok
diagnostic_run,within_job,main,duffing,ganr,main-duffing-ganr-default-s29-68d9008487,probe_gap,-0.3019393954295115,4.9926415251167484e-23,1024,,1,ok
diagnostic_run,within_job,,,,main-duffing-ganr-default-s29-a4f296a7f0,probe_nrmse,0.02333498929164745,0.455722274986187,1024,,1,ok
diagnostic_run,within_job,,,,main-duffing-ganr-default-s29-a4f296a7f0,probe_gap,-0.2643700554110546,7.764158733100383e-18,1024,,1,ok
diagnostic_run,within_job,,,,main-duffing-ganr-default-s29-c99a8203d0,probe_nrmse,-0.021902705132762237,0.4838558050708044,1024,,1,ok
diagnostic_run,within_job,,,,main-duffing-ganr-default-s29-c99a8203d0,probe_gap,-0.2941566584458185,6.908688407165294e-22,1024,,1,ok
diagnostic_run,within_job,,,,main-duffing-ganr-default-s29-dc3fefca7a,probe_nrmse,-0.017465645340104426,0.5766664472105953,1024,,1,ok
diagnostic_run,within_job,,,,main-duffing-ganr-default-s29-dc3fefca7a,probe_gap,-0.3019393954295115,4.9926415251167484e-23,1024,,1,ok
diagnostic_run,within_job,,,,main-duffing-ganr-default-s29-eb41965bd1,probe_nrmse,-0.021902705132762237,0.4838558050708044,1024,,1,ok
diagnostic_run,within_job,,,,main-duffing-ganr-default-s29-eb41965bd1,probe_gap,-0.2941566584458185,6.908688407165294e-22,1024,,1,ok
diagnostic_run,within_job,,,,main-duffing-ganr-default-s47-3703f95578,probe_nrmse,-0.05126831726986624,0.1010757322852438,1024,,1,ok
diagnostic_run,within_job,,,,main-duffing-ganr-default-s47-3703f95578,probe_gap,-0.3343728542307417,3.608055159952747e-28,1024,,1,ok
diagnostic_run,within_job,,,,main-duffing-ganr-default-s47-4aac3628df,probe_nrmse,-0.04267495842572062,0.1723937781201803,1024,,1,ok
diagnostic_run,within_job,,,,main-duffing-ganr-default-s47-4aac3628df,probe_gap,-0.33253342799081514,7.343896255138162e-28,1024,,1,ok
diagnostic_run,within_job,,,,main-duffing-ganr-default-s47-5dcae95550,probe_nrmse,-0.05126831726986624,0.1010757322852438,1024,,1,ok
diagnostic_run,within_job,,,,main-duffing-ganr-default-s47-5dcae95550,probe_gap,-0.3343728542307417,3.608055159952747e-28,1024,,1,ok
diagnostic_run,within_job,,,,main-duffing-ganr-default-s47-5eefb1ceab,probe_nrmse,-0.04267495842572062,0.1723937781201803,1024,,1,ok
diagnostic_run,within_job,,,,main-duffing-ganr-default-s47-5eefb1ceab,probe_gap,-0.33253342799081514,7.343896255138162e-28,1024,,1,ok
diagnostic_run,within_job,,,,main-duffing-ganr-default-s47-757707f4b0,probe_nrmse,0.00958707914308671,0.759285743897284,1024,,1,ok
diagnostic_run,within_job,,,,main-duffing-ganr-default-s47-757707f4b0,probe_gap,-0.30951068165476436,3.58466663405564e-24,1024,,1,ok
diagnostic_run,within_job,main,duffing,ganr,main-duffing-ganr-default-s47-baac8fef83,probe_nrmse,-0.05126831726986624,0.1010757322852438,1024,,1,ok
diagnostic_run,within_job,main,duffing,ganr,main-duffing-ganr-default-s47-baac8fef83,probe_gap,-0.3343728542307417,3.608055159952747e-28,1024,,1,ok
diagnostic_run,within_job,,,,main-duffing-ganr-default-s47-c64e4582ad,probe_nrmse,0.00958707914308671,0.759285743897284,1024,,1,ok
diagnostic_run,within_job,,,,main-duffing-ganr-default-s47-c64e4582ad,probe_gap,-0.30951068165476436,3.58466663405564e-24,1024,,1,ok
diagnostic_run,within_job,main,duffing,gelu,main-duffing-gelu-default-s11-5def5d769e,probe_nrmse,-0.04050178590587225,0.19531831961060392,1024,,1,ok
diagnostic_run,within_job,main,duffing,gelu,main-duffing-gelu-default-s11-5def5d769e,probe_gap,-0.26522100305772117,6.042030012808784e-18,1024,,1,ok
diagnostic_run,within_job,,,,main-duffing-gelu-default-s11-7380205b27,probe_nrmse,-0.04099665394106287,0.18991125066049183,1024,,1,ok
diagnostic_run,within_job,,,,main-duffing-gelu-default-s11-7380205b27,probe_gap,-0.29762989727129674,2.160170368184172e-22,1024,,1,ok
diagnostic_run,within_job,,,,main-duffing-gelu-default-s29-5be2ff46cb,probe_nrmse,-0.04551842679350547,0.14551289046135563,1024,,1,ok
diagnostic_run,within_job,,,,main-duffing-gelu-default-s29-5be2ff46cb,probe_gap,-0.27414664321221655,4.1205738790343304e-19,1024,,1,ok
diagnostic_run,within_job,main,duffing,gelu,main-duffing-gelu-default-s29-b16a2425a5,probe_nrmse,-0.04125356510621558,0.18714796827059066,1024,,1,ok
diagnostic_run,within_job,main,duffing,gelu,main-duffing-gelu-default-s29-b16a2425a5,probe_gap,-0.20146084418138901,7.733855779788026e-11,1024,,1,ok
diagnostic_run,within_job,main,duffing,gelu,main-duffing-gelu-default-s47-14c46f50ec,probe_nrmse,-0.06714081834275087,0.031689415245548656,1024,,1,ok
diagnostic_run,within_job,main,duffing,gelu,main-duffing-gelu-default-s47-14c46f50ec,probe_gap,-0.24887407463700736,6.385182628435044e-16,1024,,1,ok
diagnostic_run,within_job,,,,main-duffing-gelu-default-s47-ef83cb64cb,probe_nrmse,-0.06978950227093912,0.02553181700301385,1024,,1,ok
diagnostic_run,within_job,,,,main-duffing-gelu-default-s47-ef83cb64cb,probe_gap,-0.2154491139761104,3.216142897729156e-12,1024,,1,ok
diagnostic_run,within_job,main,duffing,relu,main-duffing-relu-default-s11-1020c97ce6,probe_nrmse,0.0447273308418568,0.15264750837625807,1024,,1,ok
diagnostic_run,within_job,main,duffing,relu,main-duffing-relu-default-s11-1020c97ce6,probe_gap,-0.027731541914026176,0.3753503310130505,1024,,1,ok
diagnostic_run,within_job,,,,main-duffing-relu-default-s11-393ed51722,probe_nrmse,-0.01985071257420785,0.5257483901108013,1024,,1,ok
diagnostic_run,within_job,,,,main-duffing-relu-default-s11-393ed51722,probe_gap,-0.11262772915027536,0.00030480595509105914,1024,,1,ok
diagnostic_run,within_job,,,,main-duffing-relu-default-s29-6050ca1d9a,probe_nrmse,-0.03260599206065374,0.29722880490413894,1024,,1,ok
diagnostic_run,within_job,,,,main-duffing-relu-default-s29-6050ca1d9a,probe_gap,-0.06284569236821401,0.044368403737959125,1024,,1,ok
diagnostic_run,within_job,main,duffing,relu,main-duffing-relu-default-s29-89191b15ba,probe_nrmse,-0.032626030416279234,0.29693186145475814,1024,,1,ok
diagnostic_run,within_job,main,duffing,relu,main-duffing-relu-default-s29-89191b15ba,probe_gap,-0.02827351628996495,0.36608653190122953,1024,,1,ok
diagnostic_run,within_job,main,duffing,relu,main-duffing-relu-default-s47-bb7708bfb7,probe_nrmse,-0.02266639770045061,0.4687392477589538,1024,,1,ok
diagnostic_run,within_job,main,duffing,relu,main-duffing-relu-default-s47-bb7708bfb7,probe_gap,0.012300219941348972,0.6942152232939757,1024,,1,ok
diagnostic_run,within_job,,,,main-duffing-relu-default-s47-d631eaffb3,probe_nrmse,0.038170955224948136,0.2223043932437198,1024,,1,ok
diagnostic_run,within_job,,,,main-duffing-relu-default-s47-d631eaffb3,probe_gap,-0.015831563818754023,0.6128405132207552,1024,,1,ok
diagnostic_run,within_job,main,duffing,resmlp,main-duffing-resmlp-default-s11-a3368b8424,probe_nrmse,-0.09160018507259853,0.0033484476528684933,1024,,1,ok
diagnostic_run,within_job,main,duffing,resmlp,main-duffing-resmlp-default-s11-a3368b8424,probe_gap,-0.2707358759208926,1.1635046535378052e-18,1024,,1,ok
diagnostic_run,within_job,,,,main-duffing-resmlp-default-s11-fb74aca57a,probe_nrmse,-0.09160018507259853,0.0033484476528684933,1024,,1,ok
diagnostic_run,within_job,,,,main-duffing-resmlp-default-s11-fb74aca57a,probe_gap,-0.2707358759208926,1.1635046535378052e-18,1024,,1,ok
diagnostic_run,within_job,main,duffing,resmlp,main-duffing-resmlp-default-s29-b21cb5f73d,probe_nrmse,-0.09636536862527716,0.002021111217732318,1024,,1,ok
diagnostic_run,within_job,main,duffing,resmlp,main-duffing-resmlp-default-s29-b21cb5f73d,probe_gap,-0.3219500795722766,3.9933074451744805e-26,1024,,1,ok
diagnostic_run,within_job,,,,main-duffing-resmlp-default-s29-eb3096e3e1,probe_nrmse,-0.09636536862527716,0.002021111217732318,1024,,1,ok
diagnostic_run,within_job,,,,main-duffing-resmlp-default-s29-eb3096e3e1,probe_gap,-0.3219500795722766,3.9933074451744805e-26,1024,,1,ok
diagnostic_run,within_job,,,,main-duffing-resmlp-default-s47-347597eec2,probe_nrmse,-0.008436885326514555,0.7874253920204954,1024,,1,ok
diagnostic_run,within_job,,,,main-duffing-resmlp-default-s47-347597eec2,probe_gap,-0.31838150883341676,1.4829247535968075e-25,1024,,1,ok
diagnostic_run,within_job,main,duffing,resmlp,main-duffing-resmlp-default-s47-c1fa984c78,probe_nrmse,-0.008436885326514555,0.7874253920204954,1024,,1,ok
diagnostic_run,within_job,main,duffing,resmlp,main-duffing-resmlp-default-s47-c1fa984c78,probe_gap,-0.31838150883341676,1.4829247535968075e-25,1024,,1,ok
diagnostic_run,within_job,,,,main-duffing-silu-default-s11-1bc0754e27,probe_nrmse,-0.08769748900293255,0.004980315688910983,1024,,1,ok
diagnostic_run,within_job,,,,main-duffing-silu-default-s11-1bc0754e27,probe_gap,-0.28237029271868963,3.1732617730805506e-20,1024,,1,ok
diagnostic_run,within_job,main,duffing,silu,main-duffing-silu-default-s11-442fa02f50,probe_nrmse,-0.05571650827383063,0.07472720865881148,1024,,1,ok
diagnostic_run,within_job,main,duffing,silu,main-duffing-silu-default-s11-442fa02f50,probe_gap,-0.28767669707906235,5.793510025866009e-21,1024,,1,ok
diagnostic_run,within_job,main,duffing,silu,main-duffing-silu-default-s29-9f0067b489,probe_nrmse,-0.05042898621343252,0.10679170973143023,1024,,1,ok
diagnostic_run,within_job,main,duffing,silu,main-duffing-silu-default-s29-9f0067b489,probe_gap,-0.24031875849366993,6.4243028097315445e-15,1024,,1,ok
diagnostic_run,within_job,,,,main-duffing-silu-default-s29-dd31df34a1,probe_nrmse,-0.06569793380301837,0.035550002022973835,1024,,1,ok
diagnostic_run,within_job,,,,main-duffing-silu-default-s29-dd31df34a1,probe_gap,-0.23703844726772044,1.5209179931218576e-14,1024,,1,ok
diagnostic_run,within_job,,,,main-duffing-silu-default-s47-689277fa2d,probe_nrmse,-0.12399129845862239,6.942844356894626e-05,1024,,1,ok
diagnostic_run,within_job,,,,main-duffing-silu-default-s47-689277fa2d,probe_gap,-0.2149497755882984,3.6167222756659277e-12,1024,,1,ok
diagnostic_run,within_job,main,duffing,silu,main-duffing-silu-default-s47-f2f6783710,probe_nrmse,-0.0711905892125658,0.022714219467625526,1024,,1,ok
diagnostic_run,within_job,main,duffing,silu,main-duffing-silu-default-s47-f2f6783710,probe_gap,-0.20604788475779595,2.7940166340909547e-11,1024,,1,ok
diagnostic_run,within_job,main,duffing,swiglu,main-duffing-swiglu-default-s11-0e4e259d1c,probe_nrmse,0.011132787354266503,0.7219715484937098,1024,,1,ok
diagnostic_run,within_job,main,duffing,swiglu,main-duffing-swiglu-default-s11-0e4e259d1c,probe_gap,-0.2579387539339103,5.0181999863390646e-17,1024,,1,ok
diagnostic_run,within_job,,,,main-duffing-swiglu-default-s11-77626d5900,probe_nrmse,0.04922548905657678,0.11543056327290366,1024,,1,ok
diagnostic_run,within_job,,,,main-duffing-swiglu-default-s11-77626d5900,probe_gap,-0.30882613010514265,4.563063170101301e-24,1024,,1,ok
diagnostic_run,within_job,main,duffing,swiglu,main-duffing-swiglu-default-s29-569b3e3a59,probe_nrmse,0.004828640208139618,0.8773505993905346,1024,,1,ok
diagnostic_run,within_job,main,duffing,swiglu,main-duffing-swiglu-default-s29-569b3e3a59,probe_gap,-0.31953833550890487,9.710743542058586e-26,1024,,1,ok
diagnostic_run,within_job,,,,main-duffing-swiglu-default-s29-a7b93ab460,probe_nrmse,-0.01057691018167513,0.7353200915618303,1024,,1,ok
diagnostic_run,within_job,,,,main-duffing-swiglu-default-s29-a7b93ab460,probe_gap,-0.2927660977397897,1.0954724974877184e-21,1024,,1,ok
diagnostic_run,within_job,main,duffing,swiglu,main-duffing-swiglu-default-s47-a68e86753e,probe_nrmse,0.011292792450468492,0.718144678534522,1024,,1,ok
diagnostic_run,within_job,main,duffing,swiglu,main-duffing-swiglu-default-s47-a68e86753e,probe_gap,-0.2785733204885201,1.0478057838218647e-19,1024,,1,ok
diagnostic_run,within_job,,,,main-duffing-swiglu-default-s47-c21b2cd100,probe_nrmse,-0.054839279647378586,0.079424750265587,1024,,1,ok
diagnostic_run,within_job,,,,main-duffing-swiglu-default-s47-c21b2cd100,probe_gap,-0.30157973320935555,5.647222594861164e-23,1024,,1,ok
diagnostic_run,within_job,main,ieee118,fourier,main-ieee118-fourier-default-s11-5785c75e2e,probe_nrmse,-0.029132360435591156,0.3517012086593513,1024,,1,ok
diagnostic_run,within_job,main,ieee118,fourier,main-ieee118-fourier-default-s11-5785c75e2e,probe_gap,-0.11315820354409555,0.0002852943984016553,1024,,1,ok
diagnostic_run,within_job,,,,main-ieee118-fourier-default-s11-957f67998d,probe_nrmse,-0.029132360435591156,0.3517012086593513,1024,,1,ok
diagnostic_run,within_job,,,,main-ieee118-fourier-default-s11-957f67998d,probe_gap,-0.11315820354409555,0.0002852943984016553,1024,,1,ok
diagnostic_run,within_job,,,,main-ieee118-fourier-default-s29-149ab7be00,probe_nrmse,-0.052078054591946206,0.09579458312443273,1024,,1,ok
diagnostic_run,within_job,,,,main-ieee118-fourier-default-s29-149ab7be00,probe_gap,-0.17164669909162433,3.256512657683409e-08,1024,,1,ok
diagnostic_run,within_job,main,ieee118,fourier,main-ieee118-fourier-default-s29-5802133163,probe_nrmse,-0.052078054591946206,0.09579458312443273,1024,,1,ok
diagnostic_run,within_job,main,ieee118,fourier,main-ieee118-fourier-default-s29-5802133163,probe_gap,-0.17164669909162433,3.256512657683409e-08,1024,,1,ok
diagnostic_run,within_job,,,,main-ieee118-fourier-default-s47-4eb2f3690e,probe_nrmse,-0.03321692162577784,0.28826461778940343,1024,,1,ok
diagnostic_run,within_job,,,,main-ieee118-fourier-default-s47-4eb2f3690e,probe_gap,-0.13105952945068305,2.5885112948402035e-05,1024,,1,ok
diagnostic_run,within_job,main,ieee118,fourier,main-ieee118-fourier-default-s47-9b50777d8a,probe_nrmse,-0.03321692162577784,0.28826461778940343,1024,,1,ok
diagnostic_run,within_job,main,ieee118,fourier,main-ieee118-fourier-default-s47-9b50777d8a,probe_gap,-0.13105952945068305,2.5885112948402035e-05,1024,,1,ok
diagnostic_run,within_job,,,,main-ieee118-ganr-default-s11-1d9e12c8d5,probe_nrmse,0.08535679001859665,0.006274693384484015,1024,,1,ok
diagnostic_run,within_job,,,,main-ieee118-ganr-default-s11-1d9e12c8d5,probe_gap,-0.16131230553966094,2.106186221036699e-07,1024,,1,ok
diagnostic_run,within_job,,,,main-ieee118-ganr-default-s11-24ca038b88,probe_nrmse,0.08535679001859665,0.006274693384484015,1024,,1,ok
diagnostic_run,within_job,,,,main-ieee118-ganr-default-s11-24ca038b88,probe_gap,-0.16131230553966094,2.106186221036699e-07,1024,,1,ok
diagnostic_run,within_job,,,,main-ieee118-ganr-default-s11-25d3813942,probe_nrmse,0.08535679001859665,0.006274693384484015,1024,,1,ok
diagnostic_run,within_job,,,,main-ieee118-ganr-default-s11-25d3813942,probe_gap,-0.16131230553966094,2.106186221036699e-07,1024,,1,ok
diagnostic_run,within_job,main,ieee118,ganr,main-ieee118-ganr-default-s11-b0c8f76625,probe_nrmse,0.08535679001859665,0.006274693384484015,1024,,1,ok
diagnostic_run,within_job,main,ieee118,ganr,main-ieee118-ganr-default-s11-b0c8f76625,probe_gap,-0.16131230553966094,2.106186221036699e-07,1024,,1,ok
diagnostic_run,within_job,,,,main-ieee118-ganr-default-s11-db8afc27bb,probe_nrmse,-0.007088403458264786,0.8207700124266906,1024,,1,ok
diagnostic_run,within_job,,,,main-ieee118-ganr-default-s11-db8afc27bb,probe_gap,0.0035709847292754444,0.9091329136749315,1024,,1,ok
diagnostic_run,within_job,,,,main-ieee118-ganr-default-s29-230992fff5,probe_nrmse,0.36094910157353366,7.222590552990639e-33,1024,,1,ok
diagnostic_run,within_job,,,,main-ieee118-ganr-default-s29-230992fff5,probe_gap,-0.1458690928365647,2.76966034477346e-06,1024,,1,ok
diagnostic_run,within_job,main,ieee118,ganr,main-ieee118-ganr-default-s29-6950cc624f,probe_nrmse,0.36094910157353366,7.222590552990639e-33,1024,,1,ok
diagnostic_run,within_job,main,ieee118,ganr,main-ieee118-ganr-default-s29-6950cc624f,probe_gap,-0.1458690928365647,2.76966034477346e-06,1024,,1,ok
diagnostic_run,within_job,,,,main-ieee118-ganr-default-s29-7315554858,probe_nrmse,0.36094910157353366,7.222590552990639e-33,1024,,1,ok
diagnostic_run,within_job,,,,main-ieee118-ganr-default-s29-7315554858,probe_gap,-0.1458690928365647,2.76966034477346e-06,1024,,1,ok
diagnostic_run,within_job,,,,main-ieee118-ganr-default-s29-ac7c707b6b,probe_nrmse,0.019321959266146913,0.5368356403272126,1024,,1,ok
diagnostic_run,within_job,,,,main-ieee118-ganr-default-s29-ac7c707b6b,probe_gap,-0.01560819147414348,0.617862178649661,1024,,1,ok
diagnostic_run,within_job,,,,main-ieee118-ganr-default-s29-d2f1882195,probe_nrmse,0.36094910157353366,7.222590552990639e-33,1024,,1,ok
diagnostic_run,within_job,,,,main-ieee118-ganr-default-s29-d2f1882195,probe_gap,-0.1458690928365647,2.76966034477346e-06,1024,,1,ok
diagnostic_run,within_job,main,ieee118,ganr,main-ieee118-ganr-default-s47-1fbcce3242,probe_nrmse,0.39425392049924896,2.0335655317867175e-39,1024,,1,ok
diagnostic_run,within_job,main,ieee118,ganr,main-ieee118-ganr-default-s47-1fbcce3242,probe_gap,-0.17737480777483725,1.1007163694533152e-08,1024,,1,ok
diagnostic_run,within_job,,,,main-ieee118-ganr-default-s47-3c5db32932,probe_nrmse,-0.000908342125026822,0.9768395061466691,1024,,1,ok
diagnostic_run,within_job,,,,main-ieee118-ganr-default-s47-3c5db32932,probe_gap,-0.014074525248551606,0.6528135587984815,1024,,1,ok
diagnostic_run,within_job,,,,main-ieee118-ganr-default-s47-61df776370,probe_nrmse,0.39425392049924896,2.0335655317867175e-39,1024,,1,ok
diagnostic_run,within_job,,,,main-ieee118-ganr-default-s47-61df776370,probe_gap,-0.17737480777483725,1.1007163694533152e-08,1024,,1,ok
diagnostic_run,within_job,,,,main-ieee118-ganr-default-s47-9fc0d2a734,probe_nrmse,0.39425392049924896,2.0335655317867175e-39,1024,,1,ok
diagnostic_run,within_job,,,,main-ieee118-ganr-default-s47-9fc0d2a734,probe_gap,-0.17737480777483725,1.1007163694533152e-08,1024,,1,ok
diagnostic_run,within_job,,,,main-ieee118-ganr-default-s47-dfa6bae215,probe_nrmse,0.39425392049924896,2.0335655317867175e-39,1024,,1,ok
diagnostic_run,within_job,,,,main-ieee118-ganr-default-s47-dfa6bae215,probe_gap,-0.17737480777483725,1.1007163694533152e-08,1024,,1,ok
diagnostic_run,within_job,main,ieee118,gelu,main-ieee118-gelu-default-s11-85c61a84a8,probe_nrmse,0.03385081762749446,0.27915777189670293,1024,,1,ok
diagnostic_run,within_job,main,ieee118,gelu,main-ieee118-gelu-default-s11-85c61a84a8,probe_gap,-0.08707949628066661,0.0052962774915189595,1024,,1,ok
diagnostic_run,within_job,,,,main-ieee118-gelu-default-s11-b04e910ddb,probe_nrmse,-0.00030450924468922104,0.9922347952931586,1024,,1,ok
diagnostic_run,within_job,,,,main-ieee118-gelu-default-s11-b04e910ddb,probe_gap,-0.1265134490558615,4.911298850885082e-05,1024,,1,ok
diagnostic_run,within_job,main,ieee118,gelu,main-ieee118-gelu-default-s29-e79b16d25a,probe_nrmse,0.04325271797439381,0.16665146042046974,1024,,1,ok
diagnostic_run,within_job,main,ieee118,gelu,main-ieee118-gelu-default-s29-e79b16d25a,probe_gap,-0.11009110578642443,0.00041658899356361746,1024,,1,ok
diagnostic_run,within_job,,,,main-ieee118-gelu-default-s29-f2e8b1868a,probe_nrmse,0.03892477961161576,0.21329969023250217,1024,,1,ok
diagnostic_run,within_job,,,,main-ieee118-gelu-default-s29-f2e8b1868a,probe_gap,-0.11424059884843714,0.0002490517415485496,1024,,1,ok
diagnostic_run,within_job,main,ieee118,gelu,main-ieee118-gelu-default-s47-acb526af52,probe_nrmse,0.004454795794292253,0.8867798128425826,1024,,1,ok
diagnostic_run,within_job,main,ieee118,gelu,main-ieee118-gelu-default-s47-acb526af52,probe_gap,-0.10310555396609683,0.0009526232200628423,1024,,1,ok
diagnostic_run,within_job,,,,main-ieee118-gelu-default-s47-e1d45802bc,probe_nrmse,0.019417211304627705,0.5348296955028964,1024,,1,ok
diagnostic_run,within_job,,,,main-ieee118-gelu-default-s47-e1d45802bc,probe_gap,-0.08348137651097919,0.007521931098681321,1024,,1,ok
diagnostic_run,within_job,main,ieee118,relu,main-ieee118-relu-default-s11-0d5a7822d0,probe_nrmse,-0.01853649595880123,0.5535196455269094,1024,,1,ok
diagnostic_run,within_job,main,ieee118,relu,main-ieee118-relu-default-s11-0d5a7822d0,probe_gap,-0.07962038346578722,0.010809810654521542,1024,,1,ok
diagnostic_run,within_job,,,,main-ieee118-relu-default-s11-359a5fc081,probe_nrmse,0.009660242024890924,0.7575060891466567,1024,,1,ok
diagnostic_run,within_job,,,,main-ieee118-relu-default-s11-359a5fc081,probe_gap,-0.09430255793576996,0.0025216614429162862,1024,,1,ok
diagnostic_run,within_job,,,,main-ieee118-relu-default-s29-22de35339f,probe_nrmse,0.049060331878978604,0.11665773697259155,1024,,1,ok
diagnostic_run,within_job,,,,main-ieee118-relu-default-s29-22de35339f,probe_gap,-0.11880272780916958,0.00013865997165690724,1024,,1,ok
diagnostic_run,within_job,main,ieee118,relu,main-ieee118-relu-default-s29-f31e3288f6,probe_nrmse,-0.016518478202560614,0.5975120313474194,1024,,1,ok
diagnostic_run,within_job,main,ieee118,relu,main-ieee118-relu-default-s29-f31e3288f6,probe_gap,-0.06310851557470853,0.043485273903837496,1024,,1,ok
diagnostic_run,within_job,main,ieee118,relu,main-ieee118-relu-default-s47-3baf153a82,probe_nrmse,0.014868515753522637,0.6346175974262904,1024,,1,ok
diagnostic_run,within_job,main,ieee118,relu,main-ieee118-relu-default-s47-3baf153a82,probe_gap,-0.09644158813747226,0.002004494184902343,1024,,1,ok
diagnostic_run,within_job,,,,main-ieee118-relu-default-s47-b474a0deea,probe_nrmse,0.003042779039410628,0.9225276800640413,1024,,1,ok
diagnostic_run,within_job,,,,main-ieee118-relu-default-s47-b474a0deea,probe_gap,-0.059772112599241825,0.05586578098666763,1024,,1,ok
diagnostic_run,within_job,,,,main-ieee118-resmlp-default-s11-4cf2f8b6f3,probe_nrmse,0.048312844217151846,0.12234021776131672,1024,,1,ok
diagnostic_run,within_job,,,,main-ieee118-resmlp-default-s11-4cf2f8b6f3,probe_gap,-0.10687828570917672,0.0006131168286938953,1024,,1,ok
diagnostic_run,within_job,main,ieee118,resmlp,main-ieee118-resmlp-default-s11-db8d126587,probe_nrmse,0.048312844217151846,0.12234021776131672,1024,,1,ok
diagnostic_run,within_job,main,ieee118,resmlp,main-ieee118-resmlp-default-s11-db8d126587,probe_gap,-0.10687828570917672,0.0006131168286938953,1024,,1,ok
diagnostic_run,within_job,main,ieee118,resmlp,main-ieee118-resmlp-default-s29-626874f325,probe_nrmse,0.04300402108218296,0.16910539408374678,1024,,1,ok
diagnostic_run,within_job,main,ieee118,resmlp,main-ieee118-resmlp-default-s29-626874f325,probe_gap,-0.10462856957656819,0.0007987367426878039,1024,,1,ok
diagnostic_run,within_job,,,,main-ieee118-resmlp-default-s29-631f762368,probe_nrmse,0.04300402108218296,0.16910539408374678,1024,,1,ok
diagnostic_run,within_job,,,,main-ieee118-resmlp-default-s29-631f762368,probe_gap,-0.10462856957656819,0.0007987367426878039,1024,,1,ok
diagnostic_run,within_job,,,,main-ieee118-resmlp-default-s47-48f6e32c4d,probe_nrmse,0.057109917030255336,0.06773341021830338,1024,,1,ok
diagnostic_run,within_job,,,,main-ieee118-resmlp-default-s47-48f6e32c4d,probe_gap,-0.13316826183749372,1.9093653956900474e-05,1024,,1,ok
diagnostic_run,within_job,main,ieee118,resmlp,main-ieee118-resmlp-default-s47-51c0d32c60,probe_nrmse,0.057109917030255336,0.06773341021830338,1024,,1,ok
diagnostic_run,within_job,main,ieee118,resmlp,main-ieee118-resmlp-default-s47-51c0d32c60,probe_gap,-0.13316826183749372,1.9093653956900474e-05,1024,,1,ok
diagnostic_run,within_job,main,ieee118,silu,main-ieee118-silu-default-s11-0d089e088d,probe_nrmse,-0.008003596398683926,0.7981003584281079,1024,,1,ok
diagnostic_run,within_job,main,ieee118,silu,main-ieee118-silu-default-s11-0d089e088d,probe_gap,-0.12550606626850727,5.6439609094238465e-05,1024,,1,ok
diagnostic_run,within_job,,,,main-ieee118-silu-default-s11-24dbe56b62,probe_nrmse,0.034928373775123374,0.264129658350504,1024,,1,ok
diagnostic_run,within_job,,,,main-ieee118-silu-default-s11-24dbe56b62,probe_gap,-0.10940517488019454,0.00045281086098012074,1024,,1,ok
diagnostic_run,within_job,main,ieee118,silu,main-ieee118-silu-default-s29-03ddfee51f,probe_nrmse,0.03471330511050712,0.26708371517721263,1024,,1,ok
diagnostic_run,within_job,main,ieee118,silu,main-ieee118-silu-default-s29-03ddfee51f,probe_gap,-0.10874347328517274,0.0004905157761826806,1024,,1,ok
diagnostic_run,within_job,,,,main-ieee118-silu-default-s29-57ae57bfd4,probe_nrmse,0.034461423092053495,0.2705721653726322,1024,,1,ok
diagnostic_run,within_job,,,,main-ieee118-silu-default-s29-57ae57bfd4,probe_gap,-0.09189021037479435,0.00324918323651349,1024,,1,ok
diagnostic_run,within_job,main,ieee118,silu,main-ieee118-silu-default-s47-5046d72209,probe_nrmse,0.0017439292611401184,0.9555508310704037,1024,,1,ok
diagnostic_run,within_job,main,ieee118,silu,main-ieee118-silu-default-s47-5046d72209,probe_gap,-0.10722254756455188,0.0005885366628632268,1024,,1,ok
diagnostic_run,within_job,,,,main-ieee118-silu-default-s47-c7acf92507,probe_nrmse,0.03341343832701523,0.2854202216569212,1024,,1,ok
diagnostic_run,within_job,,,,main-ieee118-silu-default-s47-c7acf92507,probe_gap,-0.12967940866175523,3.1511382572856644e-05,1024,,1,ok
diagnostic_run,within_job,,,,main-ieee118-swiglu-default-s11-8cc574d4b6,probe_nrmse,0.026858035011801725,0.390582063991735,1024,,1,ok
diagnostic_run,within_job,,,,main-ieee118-swiglu-default-s11-8cc574d4b6,probe_gap,-0.040934873667834916,0.1905802003335437,1024,,1,ok
diagnostic_run,within_job,main,ieee118,swiglu,main-ieee118-swiglu-default-s11-941b8340a3,probe_nrmse,0.007329098419283311,0.8147925757981892,1024,,1,ok
diagnostic_run,within_job,main,ieee118,swiglu,main-ieee118-swiglu-default-s11-941b8340a3,probe_gap,-0.012201928063085614,0.6965370567333579,1024,,1,ok
diagnostic_run,within_job,main,ieee118,swiglu,main-ieee118-swiglu-default-s29-b2ea3416b3,probe_nrmse,0.027115169694585505,0.38605981253332666,1024,,1,ok
diagnostic_run,within_job,main,ieee118,swiglu,main-ieee118-swiglu-default-s29-b2ea3416b3,probe_gap,-0.047113772709391315,0.13190398613277413,1024,,1,ok
diagnostic_run,within_job,,,,main-ieee118-swiglu-default-s29-ee9a57715d,probe_nrmse,-0.002620353068450039,0.9332559762145023,1024,,1,ok
diagnostic_run,within_job,,,,main-ieee118-swiglu-default-s29-ee9a57715d,probe_gap,0.009529696552464058,0.7606824418156922,1024,,1,ok
diagnostic_run,within_job,,,,main-ieee118-swiglu-default-s47-7b8733a5f5,probe_nrmse,0.00408380123024104,0.8961529982437718,1024,,1,ok
diagnostic_run,within_job,,,,main-ieee118-swiglu-default-s47-7b8733a5f5,probe_gap,-0.04355179574064802,0.1637359271367887,1024,,1,ok
diagnostic_run,within_job,main,ieee118,swiglu,main-ieee118-swiglu-default-s47-dd3185c404,probe_nrmse,0.037065839353408195,0.23599159354298174,1024,,1,ok
diagnostic_run,within_job,main,ieee118,swiglu,main-ieee118-swiglu-default-s47-dd3185c404,probe_gap,-0.016643335151276733,0.5947446443451141,1024,,1,ok
diagnostic_run,within_job,,,,main-kuramoto-fourier-default-s11-557047fa13,probe_nrmse,-0.022051567752664328,0.4808886493970702,1024,,1,ok
diagnostic_run,within_job,,,,main-kuramoto-fourier-default-s11-557047fa13,probe_gap,-0.021159665349402758,0.4988133765078172,1024,,1,ok
diagnostic_run,within_job,,,,main-kuramoto-fourier-default-s11-65314d28ec,probe_nrmse,0.005532933087761962,0.8596348851250847,1024,,1,ok
diagnostic_run,within_job,,,,main-kuramoto-fourier-default-s11-65314d28ec,probe_gap,-0.018657977791288173,0.5509227576377408,1024,,1,ok
diagnostic_run,within_job,,,,main-kuramoto-fourier-default-s29-035232f94c,probe_nrmse,0.014104867806378039,0.6521143015917105,1024,,1,ok
diagnostic_run,within_job,,,,main-kuramoto-fourier-default-s29-035232f94c,probe_gap,-0.002329232529861955,0.9406566970377529,1024,,1,ok
diagnostic_run,within_job,,,,main-kuramoto-fourier-default-s29-501a9af330,probe_nrmse,-0.0454837815606895,0.14581990936784336,1024,,1,ok
diagnostic_run,within_job,,,,main-kuramoto-fourier-default-s29-501a9af330,probe_gap,0.007133766361490594,0.8196426603113314,1024,,1,ok
diagnostic_run,within_job,,,,main-kuramoto-fourier-default-s47-433cba62eb,probe_nrmse,-0.017612854051927616,0.5734576220978549,1024,,1,ok
diagnostic_run,within_job,,,,main-kuramoto-fourier-default-s47-433cba62eb,probe_gap,-0.01798733549102353,0.565333078033226,1024,,1,ok
diagnostic_run,within_job,,,,main-kuramoto-fourier-default-s47-ea961860a1,probe_nrmse,-0.017312558114584077,0.5800123506639496,1024,,1,ok
diagnostic_run,within_job,,,,main-kuramoto-fourier-default-s47-ea961860a1,probe_gap,-0.05950318736141907,0.05698014536362531,1024,,1,ok
diagnostic_run,within_job,,,,main-kuramoto-ganr-default-s11-02121b0d75,probe_nrmse,0.016538918889922035,0.5970585746217125,1024,,1,ok
diagnostic_run,within_job,,,,main-kuramoto-ganr-default-s11-02121b0d75,probe_gap,-0.026486537533080605,0.39717210085872734,1024,,1,ok
diagnostic_run,within_job,,,,main-kuramoto-ganr-default-s11-4262013f9c,probe_nrmse,0.05655766084328731,0.07043814059881515,1024,,1,ok
diagnostic_run,within_job,,,,main-kuramoto-ganr-default-s11-4262013f9c,probe_gap,0.013452620967741935,0.667211980169926,1024,,1,ok
diagnostic_run,within_job,,,,main-kuramoto-ganr-default-s11-619353b652,probe_nrmse,0.031961154870896215,0.3068903353453301,1024,,1,ok
diagnostic_run,within_job,,,,main-kuramoto-ganr-default-s11-619353b652,probe_gap,0.022360938505829337,0.4747539966631069,1024,,1,ok
diagnostic_run,within_job,,,,main-kuramoto-ganr-default-s11-9711809aae,probe_nrmse,0.024911442314569772,0.4258483411631555,1024,,1,ok
diagnostic_run,within_job,,,,main-kuramoto-ganr-default-s11-9711809aae,probe_gap,-0.012198564122738,0.6966165695568802,1024,,1,ok
diagnostic_run,within_job,,,,main-kuramoto-ganr-default-s11-ac95dacbb6,probe_nrmse,0.15997591597525213,2.658810183667979e-07,1024,,1,ok
diagnostic_run,within_job,,,,main-kuramoto-ganr-default-s11-ac95dacbb6,probe_gap,-0.2596582415420928,3.062313662842265e-17,1024,,1,ok
diagnostic_run,within_job,,,,main-kuramoto-ganr-default-s11-b016d48863,probe_nrmse,0.0536172752306702,0.08636524270200562,1024,,1,ok
diagnostic_run,within_job,,,,main-kuramoto-ganr-default-s11-b016d48863,probe_gap,-0.10931058221872542,0.00045803024094654104,1024,,1,ok
diagnostic_run,within_job,,,,main-kuramoto-ganr-default-s11-c7a994e2d4,probe_nrmse,0.036018782186538874,0.24949907950846714,1024,,1,ok
diagnostic_run,within_job,,,,main-kuramoto-ganr-default-s11-c7a994e2d4,probe_gap,-0.07677175720620841,0.013997677187235321,1024,,1,ok
diagnostic_run,within_job,,,,main-kuramoto-ganr-default-s11-d4f813b386,probe_nrmse,-0.06853113153565553,0.028314858847742607,1024,,1,ok
diagnostic_run,within_job,,,,main-kuramoto-ganr-default-s11-d4f813b386,probe_gap,0.018620281542808096,0.5517279405089452,1024,,1,ok
diagnostic_run,within_job,,,,main-kuramoto-ganr-default-s29-10795b9fe4,probe_nrmse,-0.014996379056276092,0.6317074699359434,1024,,1,ok
diagnostic_run,within_job,,,,main-kuramoto-ganr-default-s29-10795b9fe4,probe_gap,-0.0038647092698612696,0.9016952524650439,1024,,1,ok
diagnostic_run,within_job,,,,main-kuramoto-ganr-default-s29-1d7811c3b0,probe_nrmse,-0.02125449270438452,0.49689091624108517,1024,,1,ok
diagnostic_run,within_job,,,,main-kuramoto-ganr-default-s29-1d7811c3b0,probe_gap,0.009159629586581789,0.7697084415718718,1024,,1,ok
diagnostic_run,within_job,,,,main-kuramoto-ganr-default-s29-a44ae87ddd,probe_nrmse,0.14237417074958872,4.791237937799006e-06,1024,,1,ok
diagnostic_run,within_job,,,,main-kuramoto-ganr-default-s29-a44ae87ddd,probe_gap,-0.19473823850225305,3.2939866096652073e-10,1024,,1,ok
diagnostic_run,within_job,,,,main-kuramoto-ganr-default-s29-b5ee323554,probe_nrmse,0.01898108370288248,0.5440450640864312,1024,,1,ok
diagnostic_run,within_job,,,,main-kuramoto-ganr-default-s29-b5ee323554,probe_gap,-0.02242161236678349,0.4735559198489705,1024,,1,ok
diagnostic_run,within_job,,,,main-kuramoto-ganr-default-s29-c672bc90a5,probe_nrmse,-0.019716758457907158,0.5285461326918106,1024,,1,ok
diagnostic_run,within_job,,,,main-kuramoto-ganr-default-s29-c672bc90a5,probe_gap,-0.019907407821328944,0.5245665444735983,1024,,1,ok
diagnostic_run,within_job,,,,main-kuramoto-ganr-default-s29-efd7168009,probe_nrmse,0.0006544260961304627,0.9833126158559882,1024,,1,ok
diagnostic_run,within_job,,,,main-kuramoto-ganr-default-s29-efd7168009,probe_gap,0.009659716758457905,0.7575188614597319,1024,,1,ok
diagnostic_run,within_job,,,,main-kuramoto-ganr-default-s47-0ef4e0bc85,probe_nrmse,-0.018371349957084615,0.5570595071287386,1024,,1,ok
diagnostic_run,within_job,,,,main-kuramoto-ganr-default-s47-0ef4e0bc85,probe_gap,0.02286028806952292,0.46494333767511065,1024,,1,ok
diagnostic_run,within_job,,,,main-kuramoto-ganr-default-s47-4efa874719,probe_nrmse,-0.024038572437593875,0.4422461251860129,1024,,1,ok
diagnostic_run,within_job,,,,main-kuramoto-ganr-default-s47-4efa874719,probe_gap,0.03491917602460482,0.26425553091319753,1024,,1,ok
diagnostic_run,within_job,,,,main-kuramoto-ganr-default-s47-a2b9ac2dfe,probe_nrmse,0.02113749240040054,0.49926346336991856,1024,,1,ok
diagnostic_run,within_job,,,,main-kuramoto-ganr-default-s47-a2b9ac2dfe,probe_gap,0.0036474612867462976,0.9071955897664584,1024,,1,ok
diagnostic_run,within_job,,,,main-kuramoto-ganr-default-s47-b2dfe050a5,probe_nrmse,0.1718926243652099,3.1106235519060215e-08,1024,,1,ok
diagnostic_run,within_job,,,,main-kuramoto-ganr-default-s47-b2dfe050a5,probe_gap,-0.23793713343108502,1.2026067283399181e-14,1024,,1,ok
diagnostic_run,within_job,,,,main-kuramoto-ganr-default-s47-eb6f228bc1,probe_nrmse,0.06501861901866818,0.0375020566835506,1024,,1,ok
diagnostic_run,within_job,,,,main-kuramoto-ganr-default-s47-eb6f228bc1,probe_gap,-0.07849250232037146,0.0119855473170899,1024,,1,ok
diagnostic_run,within_job,,,,main-kuramoto-ganr-default-s47-f9df93fad6,probe_nrmse,-0.019353799352692935,0.5361646890819284,1024,,1,ok
diagnostic_run,within_job,,,,main-kuramoto-ganr-default-s47-f9df93fad6,probe_gap,-0.0223270085294328,0.4754247078247853,1024,,1,ok
diagnostic_run,within_job,,,,main-kuramoto-gelu-default-s11-7cb3ecf0de,probe_nrmse,-0.04833465953794436,0.12217136993048341,1024,,1,ok
diagnostic_run,within_job,,,,main-kuramoto-gelu-default-s11-7cb3ecf0de,probe_gap,-0.07836183928188255,0.012128818933084038,1024,,1,ok
diagnostic_run,within_job,,,,main-kuramoto-gelu-default-s11-f26b057347,probe_nrmse,-0.02360396475573993,0.4505433773899705,1024,,1,ok
diagnostic_run,within_job,,,,main-kuramoto-gelu-default-s11-f26b057347,probe_gap,0.04655285521421929,0.13657191628400941,1024,,1,ok
diagnostic_run,within_job,,,,main-kuramoto-gelu-default-s29-0f831bcb6e,probe_nrmse,-0.04619761864315857,0.13959337107453762,1024,,1,ok
diagnostic_run,within_job,,,,main-kuramoto-gelu-default-s29-0f831bcb6e,probe_gap,-0.09723372344610541,0.0018390588130680458,1024,,1,ok
diagnostic_run,within_job,,,,main-kuramoto-gelu-default-s29-def1e4a194,probe_nrmse,0.04593271685102973,0.14187972889388517,1024,,1,ok
diagnostic_run,within_job,,,,main-kuramoto-gelu-default-s29-def1e4a194,probe_gap,0.019654715606377392,0.5298445091781663,1024,,1,ok
diagnostic_run,within_job,,,,main-kuramoto-gelu-default-s47-c5825d3455,probe_nrmse,0.04340914678849867,0.16512170400738213,1024,,1,ok
diagnostic_run,within_job,,,,main-kuramoto-gelu-default-s47-c5825d3455,probe_gap,-0.022410592947571705,0.4737733877937558,1024,,1,ok
diagnostic_run,within_job,,,,main-kuramoto-gelu-default-s47-f6f82b40f5,probe_nrmse,-0.0007797971353980402,0.9801163543247973,1024,,1,ok
diagnostic_run,within_job,,,,main-kuramoto-gelu-default-s47-f6f82b40f5,probe_gap,-0.14597406748444317,2.7238990857482556e-06,1024,,1,ok
diagnostic_run,within_job,,,,main-kuramoto-relu-default-s11-42f011d6bc,probe_nrmse,0.01396224116658322,0.6554038395790291,1024,,1,ok
diagnostic_run,within_job,,,,main-kuramoto-relu-default-s11-42f011d6bc,probe_gap,-0.0017864087869251125,0.9544692756587396,1024,,1,ok
diagnostic_run,within_job,,,,main-kuramoto-relu-default-s11-83ef33fb72,probe_nrmse,-0.026086798601673695,0.40433740585352007,1024,,1,ok
diagnostic_run,within_job,,,,main-kuramoto-relu-default-s11-83ef33fb72,probe_gap,-0.028030116765610465,0.3702291293444844,1024,,1,ok
diagnostic_run,within_job,,,,main-kuramoto-relu-default-s29-52d18502a4,probe_nrmse,-0.023715477701881125,0.4484060874633322,1024,,1,ok
diagnostic_run,within_job,,,,main-kuramoto-relu-default-s29-52d18502a4,probe_gap,-0.021488716829983545,0.49215937528465903,1024,,1,ok
diagnostic_run,within_job,,,,main-kuramoto-relu-default-s29-b6458d6238,probe_nrmse,-0.051602017917173296,0.09887192243261887,1024,,1,ok
diagnostic_run,within_job,,,,main-kuramoto-relu-default-s29-b6458d6238,probe_gap,-0.022937781632215146,0.4634309869807379,1024,,1,ok
diagnostic_run,within_job,,,,main-kuramoto-relu-default-s47-18efc2ef90,probe_nrmse,0.024962571972677202,0.42489892926345074,1024,,1,ok
diagnostic_run,within_job,,,,main-kuramoto-relu-default-s47-18efc2ef90,probe_gap,0.031386893373149274,0.3156673922168566,1024,,1,ok
diagnostic_run,within_job,,,,main-kuramoto-relu-default-s47-a6ebd368f4,probe_nrmse,0.004651234264358772,0.881823101917391,1024,,1,ok
diagnostic_run,within_job,,,,main-kuramoto-relu-default-s47-a6ebd368f4,probe_gap,-0.04390228256204849,0.1603682802794943,1024,,1,ok
diagnostic_run,within_job,,,,main-kuramoto-resmlp-default-s11-7268691ffd,probe_nrmse,0.11356439095915885,0.0002711509889380956,1024,,1,ok
diagnostic_run,within_job,,,,main-kuramoto-resmlp-default-s11-7268691ffd,probe_gap,-0.17997581539231813,6.6468735190235544e-09,1024,,1,ok
diagnostic_run,within_job,,,,main-kuramoto-resmlp-default-s11-c6af58455c,probe_nrmse,-0.012406446695515341,0.691709172011245,1024,,1,ok
diagnostic_run,within_job,,,,main-kuramoto-resmlp-default-s11-c6af58455c,probe_gap,0.02342616765610471,0.45396297473125236,1024,,1,ok
diagnostic_run,within_job,,,,main-kuramoto-resmlp-default-s29-1b67e4a920,probe_nrmse,0.03268755373555951,0.29602140071302224,1024,,1,ok
diagnostic_run,within_job,,,,main-kuramoto-resmlp-default-s29-1b67e4a920,probe_gap,-0.024386304472326013,0.43567078675217874,1024,,1,ok
diagnostic_run,within_job,,,,main-kuramoto-resmlp-default-s29-68785def9c,probe_nrmse,0.06194442457621057,0.047512400084516085,1024,,1,ok
diagnostic_run,within_job,,,,main-kuramoto-resmlp-default-s29-68785def9c,probe_gap,-0.16736563237608182,7.156361548756941e-08,1024,,1,ok
diagnostic_run,within_job,,,,main-kuramoto-resmlp-default-s47-1e40413648,probe_nrmse,0.08560378817681137,0.006125098587971305,1024,,1,ok
diagnostic_run,within_job,,,,main-kuramoto-resmlp-default-s47-1e40413648,probe_gap,-0.2019444804556183,6.954497641943443e-11,1024,,1,ok
diagnostic_run,within_job,,,,main-kuramoto-resmlp-default-s47-edbe59cec5,probe_nrmse,0.04234917600881658,0.17569619994418814,1024,,1,ok
diagnostic_run,within_job,,,,main-kuramoto-resmlp-default-s47-edbe59cec5,probe_gap,0.02486735911926051,0.42666790080959305,1024,,1,ok
diagnostic_run,within_job,,,,main-kuramoto-silu-default-s11-4aba1a4589,probe_nrmse,0.009127353640655174,0.7704971566060929,1024,,1,ok
diagnostic_run,within_job,,,,main-kuramoto-silu-default-s11-4aba1a4589,probe_gap,0.0001436100779629497,0.9963377948561623,1024,,1,ok
diagnostic_run,within_job,,,,main-kuramoto-silu-default-s11-d824237114,probe_nrmse,-0.0025770241756669764,0.9343571124672612,1024,,1,ok
diagnostic_run,within_job,,,,main-kuramoto-silu-default-s11-d824237114,probe_gap,-0.07089160065445962,0.02329173753803426,1024,,1,ok
diagnostic_run,within_job,,,,main-kuramoto-silu-default-s29-320c75ba3c,probe_nrmse,0.05091600333408958,0.10344468842119453,1024,,1,ok
diagnostic_run,within_job,,,,main-kuramoto-silu-default-s29-320c75ba3c,probe_gap,-0.029589934719384422,0.3441850408370223,1024,,1,ok
diagnostic_run,within_job,,,,main-kuramoto-silu-default-s29-ccd114a06d,probe_nrmse,-0.04321392648952149,0.16703245302855346,1024,,1,ok
diagnostic_run,within_job,,,,main-kuramoto-silu-default-s29-ccd114a06d,probe_gap,-0.1453925863672126,2.9868057321039944e-06,1024,,1,ok
diagnostic_run,within_job,,,,main-kuramoto-silu-default-s47-6164ef2014,probe_nrmse,0.08824873936056075,0.00471294878131413,1024,,1,ok
diagnostic_run,within_job,,,,main-kuramoto-silu-default-s47-6164ef2014,probe_gap,-0.020205826210571487,0.5183683161567232,1024,,1,ok
diagnostic_run,within_job,,,,main-kuramoto-silu-default-s47-cef75f8898,probe_nrmse,-0.025812531292468344,0.409298008601091,1024,,1,ok
diagnostic_run,within_job,,,,main-kuramoto-silu-default-s47-cef75f8898,probe_gap,-0.08423525677705457,0.006996086100286163,1024,,1,ok
diagnostic_run,within_job,,,,main-kuramoto-swiglu-default-s11-4fac72f806,probe_nrmse,0.06745277072455474,0.030903676655489872,1024,,1,ok
diagnostic_run,within_job,,,,main-kuramoto-swiglu-default-s11-4fac72f806,probe_gap,-0.072024466239897,0.021168706013761522,1024,,1,ok
diagnostic_run,within_job,,,,main-kuramoto-swiglu-default-s11-c5f1b073a0,probe_nrmse,0.07428666583220084,0.017427817444829474,1024,,1,ok
diagnostic_run,within_job,,,,main-kuramoto-swiglu-default-s11-c5f1b073a0,probe_gap,0.0011622358021600744,0.970368488688188,1024,,1,ok
diagnostic_run,within_job,,,,main-kuramoto-swiglu-default-s29-30c50fad79,probe_nrmse,-0.004724637454402403,0.8799721018955542,1024,,1,ok
diagnostic_run,within_job,,,,main-kuramoto-swiglu-default-s29-30c50fad79,probe_gap,0.010366770080823975,0.7403874037889129,1024,,1,ok
diagnostic_run,within_job,,,,main-kuramoto-swiglu-default-s29-bcd0d7c6dd,probe_nrmse,-0.02554641120091553,0.41414564339534643,1024,,1,ok
diagnostic_run,within_job,,,,main-kuramoto-swiglu-default-s29-bcd0d7c6dd,probe_gap,-0.05792428116729846,0.06390115087045234,1024,,1,ok
diagnostic_run,within_job,,,,main-kuramoto-swiglu-default-s47-9e18e2efa8,probe_nrmse,0.04421519606966597,0.1574060633927192,1024,,1,ok
diagnostic_run,within_job,,,,main-kuramoto-swiglu-default-s47-9e18e2efa8,probe_gap,-0.08532718510836133,0.006292842289024034,1024,,1,ok
diagnostic_run,within_job,,,,main-kuramoto-swiglu-default-s47-df220c888f,probe_nrmse,0.02624041109362706,0.40157481768892755,1024,,1,ok
diagnostic_run,within_job,,,,main-kuramoto-swiglu-default-s47-df220c888f,probe_gap,0.028816027108218293,0.35695755515655436,1024,,1,ok
diagnostic_run,within_job,,,,main-shallow_water-fourier-default-s11-8021db542f,probe_nrmse,-0.002186181252084808,0.944295190903254,1024,,1,ok
diagnostic_run,within_job,,,,main-shallow_water-fourier-default-s11-8021db542f,probe_gap,-0.07588081592876045,0.015152120150480407,1024,,1,ok
diagnostic_run,within_job,main,shallow_water,fourier,main-shallow_water-fourier-default-s11-aa668b3f9b,probe_nrmse,-0.002186181252084808,0.944295190903254,1024,,1,ok
diagnostic_run,within_job,main,shallow_water,fourier,main-shallow_water-fourier-default-s11-aa668b3f9b,probe_gap,-0.07588081592876045,0.015152120150480407,1024,,1,ok
diagnostic_run,within_job,,,,main-shallow_water-fourier-default-s29-2fa593c044,probe_nrmse,0.07871714312816595,0.011742728619841167,1024,,1,ok
diagnostic_run,within_job,,,,main-shallow_water-fourier-default-s29-2fa593c044,probe_gap,-0.04489705908045142,0.15109481737550826,1024,,1,ok
diagnostic_run,within_job,main,shallow_water,fourier,main-shallow_water-fourier-default-s29-6874fe8260,probe_nrmse,0.07871714312816595,0.011742728619841167,1024,,1,ok
diagnostic_run,within_job,main,shallow_water,fourier,main-shallow_water-fourier-default-s29-6874fe8260,probe_gap,-0.04489705908045142,0.15109481737550826,1024,,1,ok
diagnostic_run,within_job,,,,main-shallow_water-fourier-default-s47-6c585160e6,probe_nrmse,0.02763674808668908,0.37698534510777415,1024,,1,ok
diagnostic_run,within_job,,,,main-shallow_water-fourier-default-s47-6c585160e6,probe_gap,-0.003245543058436449,0.9173829830204602,1024,,1,ok
diagnostic_run,within_job,main,shallow_water,fourier,main-shallow_water-fourier-default-s47-a6693d85ba,probe_nrmse,0.02763674808668908,0.37698534510777415,1024,,1,ok
diagnostic_run,within_job,main,shallow_water,fourier,main-shallow_water-fourier-default-s47-a6693d85ba,probe_gap,-0.003245543058436449,0.9173829830204602,1024,,1,ok
diagnostic_run,within_job,main,shallow_water,ganr,main-shallow_water-ganr-default-s11-6b62ed514a,probe_nrmse,-0.006871054913811601,0.8261766177096936,1024,,1,ok
diagnostic_run,within_job,main,shallow_water,ganr,main-shallow_water-ganr-default-s11-6b62ed514a,probe_gap,0.09863322321364708,0.0015770607901619646,1024,,1,ok
diagnostic_run,within_job,,,,main-shallow_water-ganr-default-s11-82cbdb4e6f,probe_nrmse,0.00939778762248766,0.763896066053997,1024,,1,ok
diagnostic_run,within_job,,,,main-shallow_water-ganr-default-s11-82cbdb4e6f,probe_gap,0.10577280103354551,0.000698647104681807,1024,,1,ok
diagnostic_run,within_job,,,,main-shallow_water-ganr-default-s11-86701198bd,probe_nrmse,0.018655317931478434,0.550979552676236,1024,,1,ok
diagnostic_run,within_job,,,,main-shallow_water-ganr-default-s11-86701198bd,probe_gap,0.11886142353908875,0.00013760023785166595,1024,,1,ok
diagnostic_run,within_job,,,,main-shallow_water-ganr-default-s11-e6cc7ea6e4,probe_nrmse,0.00939778762248766,0.763896066053997,1024,,1,ok
diagnostic_run,within_job,,,,main-shallow_water-ganr-default-s11-e6cc7ea6e4,probe_gap,0.10577280103354551,0.000698647104681807,1024,,1,ok
diagnostic_run,within_job,,,,main-shallow_water-ganr-default-s11-ed8171c82a,probe_nrmse,0.00939778762248766,0.763896066053997,1024,,1,ok
diagnostic_run,within_job,,,,main-shallow_water-ganr-default-s11-ed8171c82a,probe_gap,0.10577280103354551,0.000698647104681807,1024,,1,ok
diagnostic_run,within_job,,,,main-shallow_water-ganr-default-s29-019d212fde,probe_nrmse,-0.0009707705993848794,0.9752482269004719,1024,,1,ok
diagnostic_run,within_job,,,,main-shallow_water-ganr-default-s29-019d212fde,probe_gap,0.10602251493097774,0.0006784112582939369,1024,,1,ok
diagnostic_run,within_job,main,shallow_water,ganr,main-shallow_water-ganr-default-s29-0422016058,probe_nrmse,0.0027641196087547382,0.9296032988015439,1024,,1,ok
diagnostic_run,within_job,main,shallow_water,ganr,main-shallow_water-ganr-default-s29-0422016058,probe_gap,0.10621278431442671,0.000663359252067789,1024,,1,ok
diagnostic_run,within_job,,,,main-shallow_water-ganr-default-s29-21db054e85,probe_nrmse,0.0017774792575638366,0.9546966202031012,1024,,1,ok
diagnostic_run,within_job,,,,main-shallow_water-ganr-default-s29-21db054e85,probe_gap,0.09249548494385236,0.003050593034479885,1024,,1,ok
diagnostic_run,within_job,,,,main-shallow_water-ganr-default-s29-ac18d4f567,probe_nrmse,-0.0009707705993848794,0.9752482269004719,1024,,1,ok
diagnostic_run,within_job,,,,main-shallow_water-ganr-default-s29-ac18d4f567,probe_gap,0.10602251493097774,0.0006784112582939369,1024,,1,ok
diagnostic_run,within_job,,,,main-shallow_water-ganr-default-s29-cb4327379a,probe_nrmse,-0.0009707705993848794,0.9752482269004719,1024,,1,ok
diagnostic_run,within_job,,,,main-shallow_water-ganr-default-s29-cb4327379a,probe_gap,0.10602251493097774,0.0006784112582939369,1024,,1,ok
diagnostic_run,within_job,,,,main-shallow_water-ganr-default-s47-08b1e703ae,probe_nrmse,0.012695387937200486,0.6849097122579322,1024,,1,ok
diagnostic_run,within_job,,,,main-shallow_water-ganr-default-s47-08b1e703ae,probe_gap,0.0966262360524998,0.001964755822721164,1024,,1,ok
diagnostic_run,within_job,,,,main-shallow_water-ganr-default-s47-3de2b09a83,probe_nrmse,0.012695387937200486,0.6849097122579322,1024,,1,ok
diagnostic_run,within_job,,,,main-shallow_water-ganr-default-s47-3de2b09a83,probe_gap,0.0966262360524998,0.001964755822721164,1024,,1,ok
diagnostic_run,within_job,main,shallow_water,ganr,main-shallow_water-ganr-default-s47-6af56ed1d4,probe_nrmse,0.006279236106144052,0.8409393269187125,1024,,1,ok
diagnostic_run,within_job,main,shallow_water,ganr,main-shallow_water-ganr-default-s47-6af56ed1d4,probe_gap,0.09578896135827193,0.0021509217661436555,1024,,1,ok
diagnostic_run,within_job,,,,main-shallow_water-ganr-default-s47-8e0125ef8c,probe_nrmse,0.012695387937200486,0.6849097122579322,1024,,1,ok
diagnostic_run,within_job,,,,main-shallow_water-ganr-default-s47-8e0125ef8c,probe_gap,0.0966262360524998,0.001964755822721164,1024,,1,ok
diagnostic_run,within_job,,,,main-shallow_water-ganr-default-s47-f54288e813,probe_nrmse,0.027793735694871608,0.37427998620938996,1024,,1,ok
diagnostic_run,within_job,,,,main-shallow_water-ganr-default-s47-f54288e813,probe_gap,0.12773258127101067,4.144869410694444e-05,1024,,1,ok
diagnostic_run,within_job,main,shallow_water,gelu,main-shallow_water-gelu-default-s11-22d6b408e0,probe_nrmse,0.06282319531864673,0.04444469480619246,1024,,1,ok
diagnostic_run,within_job,main,shallow_water,gelu,main-shallow_water-gelu-default-s11-22d6b408e0,probe_gap,0.0776327471210929,0.012956427935035679,1024,,1,ok
diagnostic_run,within_job,,,,main-shallow_water-gelu-default-s11-336e895e5f,probe_nrmse,0.03163625531870332,0.3118361022450961,1024,,1,ok
diagnostic_run,within_job,,,,main-shallow_water-gelu-default-s11-336e895e5f,probe_gap,0.0954882072097847,0.002221643033582369,1024,,1,ok
diagnostic_run,within_job,main,shallow_water,gelu,main-shallow_water-gelu-default-s29-b1bd845415,probe_nrmse,0.04563863457549531,0.1444514654801992,1024,,1,ok
diagnostic_run,within_job,main,shallow_water,gelu,main-shallow_water-gelu-default-s29-b1bd845415,probe_gap,0.03864087869251127,0.21665962578730752,1024,,1,ok
diagnostic_run,within_job,,,,main-shallow_water-gelu-default-s29-ba26149fa8,probe_nrmse,0.004285844416881181,0.8910464926956077,1024,,1,ok
diagnostic_run,within_job,,,,main-shallow_water-gelu-default-s29-ba26149fa8,probe_gap,0.07402575390827773,0.017827478119701028,1024,,1,ok
diagnostic_run,within_job,main,shallow_water,gelu,main-shallow_water-gelu-default-s47-384ec228c7,probe_nrmse,0.06031475752807382,0.05367233354188999,1024,,1,ok
diagnostic_run,within_job,main,shallow_water,gelu,main-shallow_water-gelu-default-s47-384ec228c7,probe_gap,0.04701307801659394,0.13273274603580973,1024,,1,ok
diagnostic_run,within_job,,,,main-shallow_water-gelu-default-s47-4bfd4938e1,probe_nrmse,0.01817574967813461,0.5612663408016532,1024,,1,ok
diagnostic_run,within_job,,,,main-shallow_water-gelu-default-s47-4bfd4938e1,probe_gap,0.050716094610542876,0.10480834448026588,1024,,1,ok
diagnostic_run,within_job,main,shallow_water,relu,main-shallow_water-relu-default-s11-3c11fbfbff,probe_nrmse,0.013429861322480792,0.6677412841740324,1024,,1,ok
diagnostic_run,within_job,main,shallow_water,relu,main-shallow_water-relu-default-s11-3c11fbfbff,probe_gap,-0.003631418318922271,0.907601949070822,1024,,1,ok
diagnostic_run,within_job,,,,main-shallow_water-relu-default-s11-744efcc8b8,probe_nrmse,0.048051082719404906,0.12438044800917439,1024,,1,ok
diagnostic_run,within_job,,,,main-shallow_water-relu-default-s11-744efcc8b8,probe_gap,-0.006495439140886066,0.8355394523416324,1024,,1,ok
diagnostic_run,within_job,,,,main-shallow_water-relu-default-s29-28b9061b26,probe_nrmse,0.047845256642511644,0.1260032389233405,1024,,1,ok
diagnostic_run,within_job,,,,main-shallow_water-relu-default-s29-28b9061b26,probe_gap,-0.048513093798372264,0.12079713063150802,1024,,1,ok
diagnostic_run,within_job,main,shallow_water,relu,main-shallow_water-relu-default-s29-86ff550ca8,probe_nrmse,0.04458875562311339,0.15392417419171806,1024,,1,ok
diagnostic_run,within_job,main,shallow_water,relu,main-shallow_water-relu-default-s29-86ff550ca8,probe_gap,-0.01563751707472148,0.6172018811144244,1024,,1,ok
diagnostic_run,within_job,,,,main-shallow_water-relu-default-s47-46d0b9a9dc,probe_nrmse,0.045653476146198406,0.14432082761118864,1024,,1,ok
diagnostic_run,within_job,,,,main-shallow_water-relu-default-s47-46d0b9a9dc,probe_gap,-0.03153537613546956,0.3133823454402465,1024,,1,ok
diagnostic_run,within_job,main,shallow_water,relu,main-shallow_water-relu-default-s47-9d4e297ce2,probe_nrmse,0.05605733897789857,0.07296430285773459,1024,,1,ok
diagnostic_run,within_job,main,shallow_water,relu,main-shallow_water-relu-default-s47-9d4e297ce2,probe_gap,-0.05625018998998641,0.07198195253816783,1024,,1,ok
diagnostic_run,within_job,,,,main-shallow_water-resmlp-default-s11-424d72963f,probe_nrmse,-0.0008132689051953819,0.9792630628619992,1024,,1,ok
diagnostic_run,within_job,,,,main-shallow_water-resmlp-default-s11-424d72963f,probe_gap,-0.021798288870824068,0.4859429511655632,1024,,1,ok
diagnostic_run,within_job,main,shallow_water,resmlp,main-shallow_water-resmlp-default-s11-73f76cef60,probe_nrmse,-0.0008132689051953819,0.9792630628619992,1024,,1,ok
diagnostic_run,within_job,main,shallow_water,resmlp,main-shallow_water-resmlp-default-s11-73f76cef60,probe_gap,-0.021798288870824068,0.4859429511655632,1024,,1,ok
diagnostic_run,within_job,,,,main-shallow_water-resmlp-default-s29-28ad2ded1b,probe_nrmse,0.00893187629640226,0.7752790000250116,1024,,1,ok
diagnostic_run,within_job,,,,main-shallow_water-resmlp-default-s29-28ad2ded1b,probe_gap,0.06650369251126528,0.03334745767099967,1024,,1,ok
diagnostic_run,within_job,main,shallow_water,resmlp,main-shallow_water-resmlp-default-s29-5513248b2c,probe_nrmse,0.00893187629640226,0.7752790000250116,1024,,1,ok
diagnostic_run,within_job,main,shallow_water,resmlp,main-shallow_water-resmlp-default-s29-5513248b2c,probe_gap,0.06650369251126528,0.03334745767099967,1024,,1,ok
diagnostic_run,within_job,main,shallow_water,resmlp,main-shallow_water-resmlp-default-s47-13023deda1,probe_nrmse,0.000860989914884486,0.9780465585917657,1024,,1,ok
diagnostic_run,within_job,main,shallow_water,resmlp,main-shallow_water-resmlp-default-s47-13023deda1,probe_gap,0.06677811628281238,0.03262442966625583,1024,,1,ok
diagnostic_run,within_job,,,,main-shallow_water-resmlp-default-s47-2bf8ef050d,probe_nrmse,0.000860989914884486,0.9780465585917657,1024,,1,ok
diagnostic_run,within_job,,,,main-shallow_water-resmlp-default-s47-2bf8ef050d,probe_gap,0.06677811628281238,0.03262442966625583,1024,,1,ok
diagnostic_run,within_job,,,,main-shallow_water-silu-default-s11-6050eea41b,probe_nrmse,0.026584818235462413,0.39542220601168887,1024,,1,ok
diagnostic_run,within_job,,,,main-shallow_water-silu-default-s11-6050eea41b,probe_gap,0.010419419658822687,0.7391167470250164,1024,,1,ok
diagnostic_run,within_job,main,shallow_water,silu,main-shallow_water-silu-default-s11-e59db978a6,probe_nrmse,0.04633417673986123,0.1384258576734566,1024,,1,ok
diagnostic_run,within_job,main,shallow_water,silu,main-shallow_water-silu-default-s11-e59db978a6,probe_gap,0.030771761676561045,0.3252499414008072,1024,,1,ok
diagnostic_run,within_job,main,shallow_water,silu,main-shallow_water-silu-default-s29-66faf8230e,probe_nrmse,0.06587048941420498,0.035068167832969524,1024,,1,ok
diagnostic_run,within_job,main,shallow_water,silu,main-shallow_water-silu-default-s29-66faf8230e,probe_gap,0.050768632429726054,0.10444859034468157,1024,,1,ok
diagnostic_run,within_job,,,,main-shallow_water-silu-default-s29-ae112a55e0,probe_nrmse,-0.012020062942564908,0.7008405234067729,1024,,1,ok
diagnostic_run,within_job,,,,main-shallow_water-silu-default-s29-ae112a55e0,probe_gap,0.05485565231385451,0.07933492927225205,1024,,1,ok
diagnostic_run,within_job,,,,main-shallow_water-silu-default-s47-0404f0a1a1,probe_nrmse,0.008650054091266719,0.7821880044560594,1024,,1,ok
diagnostic_run,within_job,,,,main-shallow_water-silu-default-s47-0404f0a1a1,probe_gap,0.034877903494027605,0.26482085994736854,1024,,1,ok
diagnostic_run,within_job,main,shallow_water,silu,main-shallow_water-silu-default-s47-443b7cac3a,probe_nrmse,0.0497139813902405,0.11186016720775004,1024,,1,ok
diagnostic_run,within_job,main,shallow_water,silu,main-shallow_water-silu-default-s47-443b7cac3a,probe_gap,0.08932392113249633,0.0042284804212069545,1024,,1,ok
diagnostic_run,within_job,main,shallow_water,swiglu,main-shallow_water-swiglu-default-s11-15a33eba22,probe_nrmse,0.03486607970358834,0.26498296915051484,1024,,1,ok
diagnostic_run,within_job,main,shallow_water,swiglu,main-shallow_water-swiglu-default-s11-15a33eba22,probe_gap,-0.02458285483912476,0.43197921888201285,1024,,1,ok
diagnostic_run,within_job,,,,main-shallow_water-swiglu-default-s11-4823d74d06,probe_nrmse,0.04425411048923539,0.1570405911143332,1024,,1,ok
diagnostic_run,within_job,,,,main-shallow_water-swiglu-default-s11-4823d74d06,probe_gap,0.009256725645518918,0.7673371789863057,1024,,1,ok
diagnostic_run,within_job,main,shallow_water,swiglu,main-shallow_water-swiglu-default-s29-c0c6a0400d,probe_nrmse,0.019054894865841627,0.5424799091726217,1024,,1,ok
diagnostic_run,within_job,main,shallow_water,swiglu,main-shallow_water-swiglu-default-s29-c0c6a0400d,probe_gap,0.01367568601381922,0.6620331085099397,1024,,1,ok
diagnostic_run,within_job,,,,main-shallow_water-swiglu-default-s29-c4499df263,probe_nrmse,0.000327486857163293,0.9916488702684467,1024,,1,ok
diagnostic_run,within_job,,,,main-shallow_water-swiglu-default-s29-c4499df263,probe_gap,-0.012995337422215864,0.6778780763490381,1024,,1,ok
diagnostic_run,within_job,main,shallow_water,swiglu,main-shallow_water-swiglu-default-s47-4d9a3e4e34,probe_nrmse,0.021681377852084974,0.48828561013900584,1024,,1,ok
diagnostic_run,within_job,main,shallow_water,swiglu,main-shallow_water-swiglu-default-s47-4d9a3e4e34,probe_gap,-0.02252240764251484,0.471569273764466,1024,,1,ok
diagnostic_run,within_job,,,,main-shallow_water-swiglu-default-s47-c269c92a53,probe_nrmse,-0.024165061065016803,0.43984778857618534,1024,,1,ok
diagnostic_run,within_job,,,,main-shallow_water-swiglu-default-s47-c269c92a53,probe_gap,-0.01399058320220299,0.6547496250877736,1024,,1,ok
diagnostic_run,within_job,,,,mechanism_alpha-controlled-ganr-alpha_0_1-s11-2fd4fd3463,probe_nrmse,-0.10565628182900173,0.01677589696169909,512,,1,ok
diagnostic_run,within_job,,,,mechanism_alpha-controlled-ganr-alpha_0_1-s11-2fd4fd3463,probe_gap,-0.2895499486444421,2.399855419814777e-11,512,,1,ok
diagnostic_run,within_job,,,,mechanism_alpha-controlled-ganr-alpha_0_1-s11-a25ac0311c,probe_nrmse,-0.10565628182900173,0.01677589696169909,512,,1,ok
diagnostic_run,within_job,,,,mechanism_alpha-controlled-ganr-alpha_0_1-s11-a25ac0311c,probe_gap,-0.2895499486444421,2.399855419814777e-11,512,,1,ok
diagnostic_run,within_job,mechanism_alpha,controlled,ganr,mechanism_alpha-controlled-ganr-alpha_0_1-s11-d2e8fb85cd,probe_nrmse,-0.10565628182900173,0.01677589696169909,512,,1,ok
diagnostic_run,within_job,mechanism_alpha,controlled,ganr,mechanism_alpha-controlled-ganr-alpha_0_1-s11-d2e8fb85cd,probe_gap,-0.2895499486444421,2.399855419814777e-11,512,,1,ok
diagnostic_run,within_job,,,,mechanism_alpha-controlled-ganr-alpha_0_1-s11-d65358ef40,probe_nrmse,-0.10565628182900173,0.01677589696169909,512,,1,ok
diagnostic_run,within_job,,,,mechanism_alpha-controlled-ganr-alpha_0_1-s11-d65358ef40,probe_gap,-0.2895499486444421,2.399855419814777e-11,512,,1,ok
diagnostic_run,within_job,,,,mechanism_alpha-controlled-ganr-alpha_0_1-s11-e8268e89bc,probe_nrmse,-0.09627852808390841,0.029385779301255258,512,,1,ok
diagnostic_run,within_job,,,,mechanism_alpha-controlled-ganr-alpha_0_1-s11-e8268e89bc,probe_gap,-0.28688096167931243,3.7140768849741425e-11,512,,1,ok
diagnostic_run,within_job,mechanism_alpha,controlled,ganr,mechanism_alpha-controlled-ganr-alpha_0_25-s11-3927ee03bd,probe_nrmse,-0.054924429366795986,0.2147176823451167,512,,1,ok
diagnostic_run,within_job,mechanism_alpha,controlled,ganr,mechanism_alpha-controlled-ganr-alpha_0_25-s11-3927ee03bd,probe_gap,-0.46782248858447484,3.3193151363295614e-29,512,,1,ok
diagnostic_run,within_job,,,,mechanism_alpha-controlled-ganr-alpha_0_25-s11-469fae0454,probe_nrmse,-0.054924429366795986,0.2147176823451167,512,,1,ok
diagnostic_run,within_job,,,,mechanism_alpha-controlled-ganr-alpha_0_25-s11-469fae0454,probe_gap,-0.46782248858447484,3.3193151363295614e-29,512,,1,ok
diagnostic_run,within_job,,,,mechanism_alpha-controlled-ganr-alpha_0_25-s11-8dbb116cf8,probe_nrmse,-0.054924429366795986,0.2147176823451167,512,,1,ok
diagnostic_run,within_job,,,,mechanism_alpha-controlled-ganr-alpha_0_25-s11-8dbb116cf8,probe_gap,-0.46782248858447484,3.3193151363295614e-29,512,,1,ok
diagnostic_run,within_job,,,,mechanism_alpha-controlled-ganr-alpha_0_25-s11-d346fb9142,probe_nrmse,0.03753667487783386,0.39667148968823307,512,,1,ok
diagnostic_run,within_job,,,,mechanism_alpha-controlled-ganr-alpha_0_25-s11-d346fb9142,probe_gap,-0.41785328046142756,4.701669118883538e-23,512,,1,ok
diagnostic_run,within_job,,,,mechanism_alpha-controlled-ganr-alpha_0_25-s11-eb51bb9b58,probe_nrmse,-0.054924429366795986,0.2147176823451167,512,,1,ok
diagnostic_run,within_job,,,,mechanism_alpha-controlled-ganr-alpha_0_25-s11-eb51bb9b58,probe_gap,-0.46782248858447484,3.3193151363295614e-29,512,,1,ok
diagnostic_run,within_job,mechanism_alpha,controlled,ganr,mechanism_alpha-controlled-ganr-alpha_0_4-s11-4f44040862,probe_nrmse,-0.11671650490909836,0.008203468122136027,512,,1,ok
diagnostic_run,within_job,mechanism_alpha,controlled,ganr,mechanism_alpha-controlled-ganr-alpha_0_4-s11-4f44040862,probe_gap,-0.3725851169328036,2.6339072614828664e-18,512,,1,ok
diagnostic_run,within_job,,,,mechanism_alpha-controlled-ganr-alpha_0_4-s11-50843b8ad0,probe_nrmse,-0.11671650490909836,0.008203468122136027,512,,1,ok
diagnostic_run,within_job,,,,mechanism_alpha-controlled-ganr-alpha_0_4-s11-50843b8ad0,probe_gap,-0.3725851169328036,2.6339072614828664e-18,512,,1,ok
diagnostic_run,within_job,,,,mechanism_alpha-controlled-ganr-alpha_0_4-s11-b9d90f1a82,probe_nrmse,-0.11671650490909836,0.008203468122136027,512,,1,ok
diagnostic_run,within_job,,,,mechanism_alpha-controlled-ganr-alpha_0_4-s11-b9d90f1a82,probe_gap,-0.3725851169328036,2.6339072614828664e-18,512,,1,ok
diagnostic_run,within_job,,,,mechanism_alpha-controlled-ganr-alpha_0_4-s11-badcd0cd7b,probe_nrmse,-0.11671650490909836,0.008203468122136027,512,,1,ok
diagnostic_run,within_job,,,,mechanism_alpha-controlled-ganr-alpha_0_4-s11-badcd0cd7b,probe_gap,-0.3725851169328036,2.6339072614828664e-18,512,,1,ok
diagnostic_run,within_job,,,,mechanism_alpha-controlled-ganr-alpha_0_4-s11-d9f91b2da0,probe_nrmse,0.01960022773829551,0.6581556136175046,512,,1,ok
diagnostic_run,within_job,,,,mechanism_alpha-controlled-ganr-alpha_0_4-s11-d9f91b2da0,probe_gap,-0.39299375722411056,2.3459763208584014e-20,512,,1,ok
diagnostic_run,within_job,,,,mechanism_alpha-controlled-ganr-alpha_0_49-s11-1c099780ae,probe_nrmse,-0.07287339352948581,0.0995381294409678,512,,1,ok
diagnostic_run,within_job,,,,mechanism_alpha-controlled-ganr-alpha_0_49-s11-1c099780ae,probe_gap,-0.41636357589178424,6.924436774340219e-23,512,,1,ok
diagnostic_run,within_job,,,,mechanism_alpha-controlled-ganr-alpha_0_49-s11-21c0f7b62d,probe_nrmse,-0.07287339352948581,0.0995381294409678,512,,1,ok
diagnostic_run,within_job,,,,mechanism_alpha-controlled-ganr-alpha_0_49-s11-21c0f7b62d,probe_gap,-0.41636357589178424,6.924436774340219e-23,512,,1,ok
diagnostic_run,within_job,,,,mechanism_alpha-controlled-ganr-alpha_0_49-s11-7f5d0c919c,probe_nrmse,-0.036567768695957056,0.4089811264084744,512,,1,ok
diagnostic_run,within_job,,,,mechanism_alpha-controlled-ganr-alpha_0_49-s11-7f5d0c919c,probe_gap,-0.39406258569830394,1.8152616505822924e-20,512,,1,ok
diagnostic_run,within_job,mechanism_alpha,controlled,ganr,mechanism_alpha-controlled-ganr-alpha_0_49-s11-9f40d8b519,probe_nrmse,-0.07287339352948581,0.0995381294409678,512,,1,ok
diagnostic_run,within_job,mechanism_alpha,controlled,ganr,mechanism_alpha-controlled-ganr-alpha_0_49-s11-9f40d8b519,probe_gap,-0.41636357589178424,6.924436774340219e-23,512,,1,ok
diagnostic_run,within_job,,,,mechanism_alpha-controlled-ganr-alpha_0_49-s11-e860dee6d4,probe_nrmse,-0.07287339352948581,0.0995381294409678,512,,1,ok
diagnostic_run,within_job,,,,mechanism_alpha-controlled-ganr-alpha_0_49-s11-e860dee6d4,probe_gap,-0.41636357589178424,6.924436774340219e-23,512,,1,ok
diagnostic_run,within_job,mechanism_alpha,controlled,silu,mechanism_alpha-controlled-silu-alpha_0_1-s11-0cff098a65,probe_nrmse,-0.12017969438436271,0.0064773650044919655,512,,1,ok
diagnostic_run,within_job,mechanism_alpha,controlled,silu,mechanism_alpha-controlled-silu-alpha_0_1-s11-0cff098a65,probe_gap,-0.11804697245396598,0.007496932393816779,512,,1,ok
diagnostic_run,within_job,,,,mechanism_alpha-controlled-silu-alpha_0_1-s11-4b62da66fb,probe_nrmse,-0.12017969438436271,0.0064773650044919655,512,,1,ok
diagnostic_run,within_job,,,,mechanism_alpha-controlled-silu-alpha_0_1-s11-4b62da66fb,probe_gap,-0.11804697245396598,0.007496932393816779,512,,1,ok
diagnostic_run,within_job,,,,mechanism_alpha-controlled-silu-alpha_0_1-s11-b63464ce38,probe_nrmse,-0.18561109179913254,2.3744430665316317e-05,512,,1,ok
diagnostic_run,within_job,,,,mechanism_alpha-controlled-silu-alpha_0_1-s11-b63464ce38,probe_gap,-0.302673958011467,2.6193265947826354e-12,512,,1,ok
diagnostic_run,within_job,,,,mechanism_alpha-controlled-silu-alpha_0_25-s11-7792bd080a,probe_nrmse,-0.09833596906077981,0.026078171883973104,512,,1,ok
diagnostic_run,within_job,,,,mechanism_alpha-controlled-silu-alpha_0_25-s11-7792bd080a,probe_gap,-0.24070369631269953,3.498282844407106e-08,512,,1,ok
diagnostic_run,within_job,mechanism_alpha,controlled,silu,mechanism_alpha-controlled-silu-alpha_0_25-s11-aa421ef263,probe_nrmse,-0.0791774134251153,0.07345190440707548,512,,1,ok
diagnostic_run,within_job,mechanism_alpha,controlled,silu,mechanism_alpha-controlled-silu-alpha_0_25-s11-aa421ef263,probe_gap,-0.24383018047401608,2.292703733488802e-08,512,,1,ok
diagnostic_run,within_job,,,,mechanism_alpha-controlled-silu-alpha_0_25-s11-e47fcee2a9,probe_nrmse,-0.0791774134251153,0.07345190440707548,512,,1,ok
diagnostic_run,within_job,,,,mechanism_alpha-controlled-silu-alpha_0_25-s11-e47fcee2a9,probe_gap,-0.24383018047401608,2.292703733488802e-08,512,,1,ok
diagnostic_run,within_job,,,,mechanism_alpha-controlled-silu-alpha_0_4-s11-177bcbeed0,probe_nrmse,-0.018592965003833783,0.6746909083780653,512,,1,ok
diagnostic_run,within_job,,,,mechanism_alpha-controlled-silu-alpha_0_4-s11-177bcbeed0,probe_gap,-0.35042202037628317,3.077470179892822e-16,512,,1,ok
diagnostic_run,within_job,mechanism_alpha,controlled,silu,mechanism_alpha-controlled-silu-alpha_0_4-s11-7056bf9f7f,probe_nrmse,-0.018592965003833783,0.6746909083780653,512,,1,ok
diagnostic_run,within_job,mechanism_alpha,controlled,silu,mechanism_alpha-controlled-silu-alpha_0_4-s11-7056bf9f7f,probe_gap,-0.35042202037628317,3.077470179892822e-16,512,,1,ok
diagnostic_run,within_job,,,,mechanism_alpha-controlled-silu-alpha_0_4-s11-b5615ee619,probe_nrmse,-0.1639683541044392,0.00019426345240846054,512,,1,ok
diagnostic_run,within_job,,,,mechanism_alpha-controlled-silu-alpha_0_4-s11-b5615ee619,probe_gap,-0.41150393106052807,2.415710152089647e-22,512,,1,ok
diagnostic_run,within_job,mechanism_alpha,controlled,silu,mechanism_alpha-controlled-silu-alpha_0_49-s11-d172bbc526,probe_nrmse,-0.06886544271638,0.11963997846712683,512,,1,ok
diagnostic_run,within_job,mechanism_alpha,controlled,silu,mechanism_alpha-controlled-silu-alpha_0_49-s11-d172bbc526,probe_gap,-0.29609563649420356,8.063447442344652e-12,512,,1,ok
diagnostic_run,within_job,,,,mechanism_alpha-controlled-silu-alpha_0_49-s11-d6fe3519c4,probe_nrmse,-0.061791804711550574,0.1626826039499618,512,,1,ok
diagnostic_run,within_job,,,,mechanism_alpha-controlled-silu-alpha_0_49-s11-d6fe3519c4,probe_gap,-0.35410059466588845,1.4325822563223192e-16,512,,1,ok
diagnostic_run,within_job,,,,mechanism_alpha-controlled-silu-alpha_0_49-s11-fb4b773831,probe_nrmse,-0.12423579380984466,0.00487502086333404,512,,1,ok
diagnostic_run,within_job,,,,mechanism_alpha-controlled-silu-alpha_0_49-s11-fb4b773831,probe_gap,-0.36403907448145273,1.7258596348550574e-17,512,,1,ok
diagnostic_run,within_job,,,,mechanism_condition-controlled-ganr-condition_15_0-s11-120cfb6e57,probe_nrmse,-0.007576196484361589,0.8642133778397296,512,,1,ok
diagnostic_run,within_job,,,,mechanism_condition-controlled-ganr-condition_15_0-s11-120cfb6e57,probe_gap,-0.4505694709090077,5.7676417254113295e-27,512,,1,ok
diagnostic_run,within_job,mechanism_condition,controlled,ganr,mechanism_condition-controlled-ganr-condition_15_0-s11-2070f62ebf,probe_nrmse,-0.09721882474450967,0.027831952973436862,512,,1,ok
diagnostic_run,within_job,mechanism_condition,controlled,ganr,mechanism_condition-controlled-ganr-condition_15_0-s11-2070f62ebf,probe_gap,-0.38954469149471854,5.3333010932188205e-20,512,,1,ok
diagnostic_run,within_job,,,,mechanism_condition-controlled-ganr-condition_15_0-s11-650e4ebef0,probe_nrmse,-0.09721882474450967,0.027831952973436862,512,,1,ok
diagnostic_run,within_job,,,,mechanism_condition-controlled-ganr-condition_15_0-s11-650e4ebef0,probe_gap,-0.38954469149471854,5.3333010932188205e-20,512,,1,ok
diagnostic_run,within_job,,,,mechanism_condition-controlled-ganr-condition_15_0-s11-9a10e11058,probe_nrmse,-0.09721882474450967,0.027831952973436862,512,,1,ok
diagnostic_run,within_job,,,,mechanism_condition-controlled-ganr-condition_15_0-s11-9a10e11058,probe_gap,-0.38954469149471854,5.3333010932188205e-20,512,,1,ok
diagnostic_run,within_job,,,,mechanism_condition-controlled-ganr-condition_15_0-s11-ad72683448,probe_nrmse,-0.09721882474450967,0.027831952973436862,512,,1,ok
diagnostic_run,within_job,,,,mechanism_condition-controlled-ganr-condition_15_0-s11-ad72683448,probe_gap,-0.38954469149471854,5.3333010932188205e-20,512,,1,ok
diagnostic_run,within_job,,,,mechanism_condition-controlled-ganr-condition_1_0-s11-00fbb55acd,probe_nrmse,-0.043351636797473135,0.327580815792034,512,,1,ok
diagnostic_run,within_job,,,,mechanism_condition-controlled-ganr-condition_1_0-s11-00fbb55acd,probe_gap,-0.30790544783763063,1.0493613555591057e-12,512,,1,ok
diagnostic_run,within_job,mechanism_condition,controlled,ganr,mechanism_condition-controlled-ganr-condition_1_0-s11-5c1936a785,probe_nrmse,0.02680618855929779,0.5450587051905644,512,,1,ok
diagnostic_run,within_job,mechanism_condition,controlled,ganr,mechanism_condition-controlled-ganr-condition_1_0-s11-5c1936a785,probe_gap,-0.23871599303624358,4.562585470798381e-08,512,,1,ok
diagnostic_run,within_job,,,,mechanism_condition-controlled-ganr-condition_1_0-s11-70dbbad0ce,probe_nrmse,0.02680618855929779,0.5450587051905644,512,,1,ok
diagnostic_run,within_job,,,,mechanism_condition-controlled-ganr-condition_1_0-s11-70dbbad0ce,probe_gap,-0.23871599303624358,4.562585470798381e-08,512,,1,ok
diagnostic_run,within_job,,,,mechanism_condition-controlled-ganr-condition_1_0-s11-b3ae1f7a31,probe_nrmse,0.02680618855929779,0.5450587051905644,512,,1,ok
diagnostic_run,within_job,,,,mechanism_condition-controlled-ganr-condition_1_0-s11-b3ae1f7a31,probe_gap,-0.23871599303624358,4.562585470798381e-08,512,,1,ok
diagnostic_run,within_job,,,,mechanism_condition-controlled-ganr-condition_1_0-s11-f920e46778,probe_nrmse,0.02680618855929779,0.5450587051905644,512,,1,ok
diagnostic_run,within_job,,,,mechanism_condition-controlled-ganr-condition_1_0-s11-f920e46778,probe_gap,-0.23871599303624358,4.562585470798381e-08,512,,1,ok
diagnostic_run,within_job,,,,mechanism_condition-controlled-ganr-condition_40_0-s11-34e25020ff,probe_nrmse,-0.2395821710383264,4.0650646888888436e-08,512,,1,ok
diagnostic_run,within_job,,,,mechanism_condition-controlled-ganr-condition_40_0-s11-34e25020ff,probe_gap,-0.3683703586878154,6.703220654492371e-18,512,,1,ok
diagnostic_run,within_job,,,,mechanism_condition-controlled-ganr-condition_40_0-s11-451134361a,probe_nrmse,-0.24095654018035959,3.38149091597878e-08,512,,1,ok
diagnostic_run,within_job,,,,mechanism_condition-controlled-ganr-condition_40_0-s11-451134361a,probe_gap,-0.45012440132866416,6.563091680624754e-27,512,,1,ok
diagnostic_run,within_job,,,,mechanism_condition-controlled-ganr-condition_40_0-s11-457158a5a1,probe_nrmse,-0.2395821710383264,4.0650646888888436e-08,512,,1,ok
diagnostic_run,within_job,,,,mechanism_condition-controlled-ganr-condition_40_0-s11-457158a5a1,probe_gap,-0.3683703586878154,6.703220654492371e-18,512,,1,ok
diagnostic_run,within_job,mechanism_condition,controlled,ganr,mechanism_condition-controlled-ganr-condition_40_0-s11-6764bb32dc,probe_nrmse,-0.2395821710383264,4.0650646888888436e-08,512,,1,ok
diagnostic_run,within_job,mechanism_condition,controlled,ganr,mechanism_condition-controlled-ganr-condition_40_0-s11-6764bb32dc,probe_gap,-0.3683703586878154,6.703220654492371e-18,512,,1,ok
diagnostic_run,within_job,,,,mechanism_condition-controlled-ganr-condition_40_0-s11-d1d41bd4c4,probe_nrmse,-0.2395821710383264,4.0650646888888436e-08,512,,1,ok
diagnostic_run,within_job,,,,mechanism_condition-controlled-ganr-condition_40_0-s11-d1d41bd4c4,probe_gap,-0.3683703586878154,6.703220654492371e-18,512,,1,ok
diagnostic_run,within_job,,,,mechanism_condition-controlled-ganr-condition_5_0-s11-1f591c3f9b,probe_nrmse,0.01960022773829551,0.6581556136175046,512,,1,ok
diagnostic_run,within_job,,,,mechanism_condition-controlled-ganr-condition_5_0-s11-1f591c3f9b,probe_gap,-0.39299375722411056,2.3459763208584014e-20,512,,1,ok
diagnostic_run,within_job,,,,mechanism_condition-controlled-ganr-condition_5_0-s11-37217ecd09,probe_nrmse,-0.11671650490909836,0.008203468122136027,512,,1,ok
diagnostic_run,within_job,,,,mechanism_condition-controlled-ganr-condition_5_0-s11-37217ecd09,probe_gap,-0.3725851169328036,2.6339072614828664e-18,512,,1,ok
diagnostic_run,within_job,,,,mechanism_condition-controlled-ganr-condition_5_0-s11-74ff24286a,probe_nrmse,-0.11671650490909836,0.008203468122136027,512,,1,ok
diagnostic_run,within_job,,,,mechanism_condition-controlled-ganr-condition_5_0-s11-74ff24286a,probe_gap,-0.3725851169328036,2.6339072614828664e-18,512,,1,ok
diagnostic_run,within_job,,,,mechanism_condition-controlled-ganr-condition_5_0-s11-9ffa417d9a,probe_nrmse,-0.11671650490909836,0.008203468122136027,512,,1,ok
diagnostic_run,within_job,,,,mechanism_condition-controlled-ganr-condition_5_0-s11-9ffa417d9a,probe_gap,-0.3725851169328036,2.6339072614828664e-18,512,,1,ok
diagnostic_run,within_job,mechanism_condition,controlled,ganr,mechanism_condition-controlled-ganr-condition_5_0-s11-d4fc653982,probe_nrmse,-0.11671650490909836,0.008203468122136027,512,,1,ok
diagnostic_run,within_job,mechanism_condition,controlled,ganr,mechanism_condition-controlled-ganr-condition_5_0-s11-d4fc653982,probe_gap,-0.3725851169328036,2.6339072614828664e-18,512,,1,ok
diagnostic_run,within_job,mechanism_condition,controlled,silu,mechanism_condition-controlled-silu-condition_15_0-s11-397c455b63,probe_nrmse,-0.33576342397088615,5.872405110404422e-15,512,,1,ok
diagnostic_run,within_job,mechanism_condition,controlled,silu,mechanism_condition-controlled-silu-condition_15_0-s11-397c455b63,probe_gap,-0.18926811892745563,1.6236480312757546e-05,512,,1,ok
diagnostic_run,within_job,,,,mechanism_condition-controlled-silu-condition_15_0-s11-c0e04b584a,probe_nrmse,-0.2885364273984046,2.8342903275662706e-11,512,,1,ok
diagnostic_run,within_job,,,,mechanism_condition-controlled-silu-condition_15_0-s11-c0e04b584a,probe_gap,-0.1974267146175942,6.772658799241039e-06,512,,1,ok
diagnostic_run,within_job,,,,mechanism_condition-controlled-silu-condition_15_0-s11-f4e732715b,probe_nrmse,-0.3476201741511312,5.472893227576219e-16,512,,1,ok
diagnostic_run,within_job,,,,mechanism_condition-controlled-silu-condition_15_0-s11-f4e732715b,probe_gap,-0.39109412014625605,3.6922210634525863e-20,512,,1,ok
diagnostic_run,within_job,,,,mechanism_condition-controlled-silu-condition_1_0-s11-00ebcacfe4,probe_nrmse,-0.1240743661379476,0.0049312376971533175,512,,1,ok
diagnostic_run,within_job,,,,mechanism_condition-controlled-silu-condition_1_0-s11-00ebcacfe4,probe_gap,-0.27424466917865437,2.76003489883008e-10,512,,1,ok
diagnostic_run,within_job,,,,mechanism_condition-controlled-silu-condition_1_0-s11-9191cb804c,probe_nrmse,-0.02329561060184708,0.5989559468527133,512,,1,ok
diagnostic_run,within_job,,,,mechanism_condition-controlled-silu-condition_1_0-s11-9191cb804c,probe_gap,-0.19456621719824674,9.240802021452375e-06,512,,1,ok
diagnostic_run,within_job,mechanism_condition,controlled,silu,mechanism_condition-controlled-silu-condition_1_0-s11-95ebad641c,probe_nrmse,-0.062036601921470355,0.16102055148136166,512,,1,ok
diagnostic_run,within_job,mechanism_condition,controlled,silu,mechanism_condition-controlled-silu-condition_1_0-s11-95ebad641c,probe_gap,-0.1970816918151543,7.032999788671091e-06,512,,1,ok
diagnostic_run,within_job,,,,mechanism_condition-controlled-silu-condition_40_0-s11-47491e19dc,probe_nrmse,-0.26251523500532153,1.6231772725893425e-09,512,,1,ok
diagnostic_run,within_job,,,,mechanism_condition-controlled-silu-condition_40_0-s11-47491e19dc,probe_gap,-0.19852544102837003,6.0034618674307595e-06,512,,1,ok
diagnostic_run,within_job,,,,mechanism_condition-controlled-silu-condition_40_0-s11-8df097ec70,probe_nrmse,-0.21011513157894737,1.6155261869299242e-06,512,,1,ok
diagnostic_run,within_job,,,,mechanism_condition-controlled-silu-condition_40_0-s11-8df097ec70,probe_gap,-0.24445799859237133,2.1047165971271226e-08,512,,1,ok
diagnostic_run,within_job,mechanism_condition,controlled,silu,mechanism_condition-controlled-silu-condition_40_0-s11-fd5aa40700,probe_nrmse,-0.2479931635595839,1.294406067332902e-08,512,,1,ok
diagnostic_run,within_job,mechanism_condition,controlled,silu,mechanism_condition-controlled-silu-condition_40_0-s11-fd5aa40700,probe_gap,-0.2160982686453577,7.964401018783609e-07,512,,1,ok
diagnostic_run,within_job,,,,mechanism_condition-controlled-silu-condition_5_0-s11-011fea4d07,probe_nrmse,-0.13715841043819593,0.0018666447629814569,512,,1,ok
diagnostic_run,within_job,,,,mechanism_condition-controlled-silu-condition_5_0-s11-011fea4d07,probe_gap,-0.3625710430471155,2.3703086049730773e-17,512,,1,ok
diagnostic_run,within_job,mechanism_condition,controlled,silu,mechanism_condition-controlled-silu-condition_5_0-s11-278c7abb87,probe_nrmse,-0.018592965003833783,0.6746909083780653,512,,1,ok
diagnostic_run,within_job,mechanism_condition,controlled,silu,mechanism_condition-controlled-silu-condition_5_0-s11-278c7abb87,probe_gap,-0.35042202037628317,3.077470179892822e-16,512,,1,ok
diagnostic_run,within_job,,,,mechanism_condition-controlled-silu-condition_5_0-s11-5047b656cf,probe_nrmse,-0.0346955788443712,0.4333990809672016,512,,1,ok
diagnostic_run,within_job,,,,mechanism_condition-controlled-silu-condition_5_0-s11-5047b656cf,probe_gap,-0.3486302979194562,4.45007126575716e-16,512,,1,ok
diagnostic_run,within_job,,,,mechanism_coupling-controlled-ganr-coupling_0_0-s11-22eead42f2,probe_nrmse,0.07064160988054492,0.11037155485773956,512,,1,ok
diagnostic_run,within_job,,,,mechanism_coupling-controlled-ganr-coupling_0_0-s11-22eead42f2,probe_gap,-0.49408334831092054,7.199008699223417e-33,512,,1,ok
diagnostic_run,within_job,mechanism_coupling,controlled,ganr,mechanism_coupling-controlled-ganr-coupling_0_0-s11-249beca730,probe_nrmse,-0.09787185572378435,0.026794858628159165,512,,1,ok
diagnostic_run,within_job,mechanism_coupling,controlled,ganr,mechanism_coupling-controlled-ganr-coupling_0_0-s11-249beca730,probe_gap,-0.5263421646296106,7.929170590755136e-38,512,,1,ok
diagnostic_run,within_job,,,,mechanism_coupling-controlled-ganr-coupling_0_0-s11-2c54be8dfc,probe_nrmse,-0.09787185572378435,0.026794858628159165,512,,1,ok
diagnostic_run,within_job,,,,mechanism_coupling-controlled-ganr-coupling_0_0-s11-2c54be8dfc,probe_gap,-0.5263421646296106,7.929170590755136e-38,512,,1,ok
diagnostic_run,within_job,,,,mechanism_coupling-controlled-ganr-coupling_0_0-s11-338f70ec53,probe_nrmse,-0.09787185572378435,0.026794858628159165,512,,1,ok
diagnostic_run,within_job,,,,mechanism_coupling-controlled-ganr-coupling_0_0-s11-338f70ec53,probe_gap,-0.5263421646296106,7.929170590755136e-38,512,,1,ok
diagnostic_run,within_job,,,,mechanism_coupling-controlled-ganr-coupling_0_0-s11-7eca5b19d1,probe_nrmse,-0.09787185572378435,0.026794858628159165,512,,1,ok
diagnostic_run,within_job,,,,mechanism_coupling-controlled-ganr-coupling_0_0-s11-7eca5b19d1,probe_gap,-0.5263421646296106,7.929170590755136e-38,512,,1,ok
diagnostic_run,within_job,,,,mechanism_coupling-controlled-ganr-coupling_0_33-s11-6716b55449,probe_nrmse,-0.12052203496755588,0.006325829196072993,512,,1,ok
diagnostic_run,within_job,,,,mechanism_coupling-controlled-ganr-coupling_0_33-s11-6716b55449,probe_gap,-0.49839057904464357,1.6806431169911798e-33,512,,1,ok
diagnostic_run,within_job,mechanism_coupling,controlled,ganr,mechanism_coupling-controlled-ganr-coupling_0_33-s11-b8dbccebae,probe_nrmse,-0.12052203496755588,0.006325829196072993,512,,1,ok
diagnostic_run,within_job,mechanism_coupling,controlled,ganr,mechanism_coupling-controlled-ganr-coupling_0_33-s11-b8dbccebae,probe_gap,-0.49839057904464357,1.6806431169911798e-33,512,,1,ok
diagnostic_run,within_job,,,,mechanism_coupling-controlled-ganr-coupling_0_33-s11-d43acc2990,probe_nrmse,-0.04348056213593344,0.32614293418555984,512,,1,ok
diagnostic_run,within_job,,,,mechanism_coupling-controlled-ganr-coupling_0_33-s11-d43acc2990,probe_gap,-0.4569818524622058,8.777093246266274e-28,512,,1,ok
diagnostic_run,within_job,,,,mechanism_coupling-controlled-ganr-coupling_0_33-s11-f4fda1589e,probe_nrmse,-0.12052203496755588,0.006325829196072993,512,,1,ok
diagnostic_run,within_job,,,,mechanism_coupling-controlled-ganr-coupling_0_33-s11-f4fda1589e,probe_gap,-0.49839057904464357,1.6806431169911798e-33,512,,1,ok
diagnostic_run,within_job,,,,mechanism_coupling-controlled-ganr-coupling_0_33-s11-fa2fceed67,probe_nrmse,-0.12052203496755588,0.006325829196072993,512,,1,ok
diagnostic_run,within_job,,,,mechanism_coupling-controlled-ganr-coupling_0_33-s11-fa2fceed67,probe_gap,-0.49839057904464357,1.6806431169911798e-33,512,,1,ok
diagnostic_run,within_job,,,,mechanism_coupling-controlled-ganr-coupling_0_66-s11-39cd03eebc,probe_nrmse,-0.12516701285176413,0.004561864019063767,512,,1,ok
diagnostic_run,within_job,,,,mechanism_coupling-controlled-ganr-coupling_0_66-s11-39cd03eebc,probe_gap,-0.39229915184651126,2.7700786740553303e-20,512,,1,ok
diagnostic_run,within_job,,,,mechanism_coupling-controlled-ganr-coupling_0_66-s11-65c09c24c4,probe_nrmse,-0.12516701285176413,0.004561864019063767,512,,1,ok
diagnostic_run,within_job,,,,mechanism_coupling-controlled-ganr-coupling_0_66-s11-65c09c24c4,probe_gap,-0.39229915184651126,2.7700786740553303e-20,512,,1,ok
diagnostic_run,within_job,mechanism_coupling,controlled,ganr,mechanism_coupling-controlled-ganr-coupling_0_66-s11-7fc4259746,probe_nrmse,-0.12516701285176413,0.004561864019063767,512,,1,ok
diagnostic_run,within_job,mechanism_coupling,controlled,ganr,mechanism_coupling-controlled-ganr-coupling_0_66-s11-7fc4259746,probe_gap,-0.39229915184651126,2.7700786740553303e-20,512,,1,ok
diagnostic_run,within_job,,,,mechanism_coupling-controlled-ganr-coupling_0_66-s11-8df8f4320d,probe_nrmse,-0.12516701285176413,0.004561864019063767,512,,1,ok
diagnostic_run,within_job,,,,mechanism_coupling-controlled-ganr-coupling_0_66-s11-8df8f4320d,probe_gap,-0.39229915184651126,2.7700786740553303e-20,512,,1,ok
diagnostic_run,within_job,,,,mechanism_coupling-controlled-ganr-coupling_0_66-s11-a1e1c2ce9e,probe_nrmse,0.029738211825225163,0.5019639905557673,512,,1,ok
diagnostic_run,within_job,,,,mechanism_coupling-controlled-ganr-coupling_0_66-s11-a1e1c2ce9e,probe_gap,-0.3405936537977363,2.260929877562775e-15,512,,1,ok
diagnostic_run,within_job,,,,mechanism_coupling-controlled-ganr-coupling_1_0-s11-3c7dcc068f,probe_nrmse,-0.05378064167267483,0.2244339941075318,512,,1,ok
diagnostic_run,within_job,,,,mechanism_coupling-controlled-ganr-coupling_1_0-s11-3c7dcc068f,probe_gap,-0.4770584423387235,1.855669693958241e-30,512,,1,ok
diagnostic_run,within_job,,,,mechanism_coupling-controlled-ganr-coupling_1_0-s11-946d95c8c3,probe_nrmse,0.03172019303395475,0.4738851601300259,512,,1,ok
diagnostic_run,within_job,,,,mechanism_coupling-controlled-ganr-coupling_1_0-s11-946d95c8c3,probe_gap,-0.5272485759203946,5.650765373578731e-38,512,,1,ok
diagnostic_run,within_job,,,,mechanism_coupling-controlled-ganr-coupling_1_0-s11-a28cda03d1,probe_nrmse,-0.05378064167267483,0.2244339941075318,512,,1,ok
diagnostic_run,within_job,,,,mechanism_coupling-controlled-ganr-coupling_1_0-s11-a28cda03d1,probe_gap,-0.4770584423387235,1.855669693958241e-30,512,,1,ok
diagnostic_run,within_job,mechanism_coupling,controlled,ganr,mechanism_coupling-controlled-ganr-coupling_1_0-s11-c2be5efda2,probe_nrmse,-0.05378064167267483,0.2244339941075318,512,,1,ok
diagnostic_run,within_job,mechanism_coupling,controlled,ganr,mechanism_coupling-controlled-ganr-coupling_1_0-s11-c2be5efda2,probe_gap,-0.4770584423387235,1.855669693958241e-30,512,,1,ok
diagnostic_run,within_job,,,,mechanism_coupling-controlled-ganr-coupling_1_0-s11-d862cd9cdb,probe_nrmse,-0.05378064167267483,0.2244339941075318,512,,1,ok
diagnostic_run,within_job,,,,mechanism_coupling-controlled-ganr-coupling_1_0-s11-d862cd9cdb,probe_gap,-0.4770584423387235,1.855669693958241e-30,512,,1,ok
diagnostic_run,within_job,,,,mechanism_coupling-controlled-silu-coupling_0_0-s11-06d5b4c851,probe_nrmse,-0.13020636637255237,0.0031612464042162806,512,,1,ok
diagnostic_run,within_job,,,,mechanism_coupling-controlled-silu-coupling_0_0-s11-06d5b4c851,probe_gap,-0.3850926545816596,1.5177617572031022e-19,512,,1,ok
diagnostic_run,within_job,,,,mechanism_coupling-controlled-silu-coupling_0_0-s11-88b503cb93,probe_nrmse,-0.0023886056465364327,0.9570021277965446,512,,1,ok
diagnostic_run,within_job,,,,mechanism_coupling-controlled-silu-coupling_0_0-s11-88b503cb93,probe_gap,-0.3008621189102894,3.580376486225042e-12,512,,1,ok
diagnostic_run,within_job,mechanism_coupling,controlled,silu,mechanism_coupling-controlled-silu-coupling_0_0-s11-e918272468,probe_nrmse,-0.09194674400041197,0.037540241092188655,512,,1,ok
diagnostic_run,within_job,mechanism_coupling,controlled,silu,mechanism_coupling-controlled-silu-coupling_0_0-s11-e918272468,probe_gap,-0.3734429717272634,2.174190914649396e-18,512,,1,ok
diagnostic_run,within_job,,,,mechanism_coupling-controlled-silu-coupling_0_33-s11-1391e68fab,probe_nrmse,-0.12825442601938639,0.003649277633326024,512,,1,ok
diagnostic_run,within_job,,,,mechanism_coupling-controlled-silu-coupling_0_33-s11-1391e68fab,probe_gap,-0.4095031743170712,4.0169494748181543e-22,512,,1,ok
diagnostic_run,within_job,,,,mechanism_coupling-controlled-silu-coupling_0_33-s11-26d6e4c1e8,probe_nrmse,0.03385944169785193,0.4445703253319111,512,,1,ok
diagnostic_run,within_job,,,,mechanism_coupling-controlled-silu-coupling_0_33-s11-26d6e4c1e8,probe_gap,-0.3829457168892551,2.4990219191751683e-19,512,,1,ok
diagnostic_run,within_job,mechanism_coupling,controlled,silu,mechanism_coupling-controlled-silu-coupling_0_33-s11-2850027835,probe_nrmse,-0.08673876829631157,0.04981193042364792,512,,1,ok
diagnostic_run,within_job,mechanism_coupling,controlled,silu,mechanism_coupling-controlled-silu-coupling_0_33-s11-2850027835,probe_gap,-0.31468252180107803,3.121795884925652e-13,512,,1,ok
diagnostic_run,within_job,,,,mechanism_coupling-controlled-silu-coupling_0_66-s11-03e012b951,probe_nrmse,-0.2365849698447031,6.050028328470692e-08,512,,1,ok
diagnostic_run,within_job,,,,mechanism_coupling-controlled-silu-coupling_0_66-s11-03e012b951,probe_gap,-0.41385194578913037,1.324209885135033e-22,512,,1,ok
diagnostic_run,within_job,mechanism_coupling,controlled,silu,mechanism_coupling-controlled-silu-coupling_0_66-s11-28cddde0db,probe_nrmse,-0.19330217667456312,1.0585687749884437e-05,512,,1,ok
diagnostic_run,within_job,mechanism_coupling,controlled,silu,mechanism_coupling-controlled-silu-coupling_0_66-s11-28cddde0db,probe_gap,-0.2701726133255513,5.155417348307114e-10,512,,1,ok
diagnostic_run,within_job,,,,mechanism_coupling-controlled-silu-coupling_0_66-s11-d982d78bca,probe_nrmse,-0.17170861299939344,9.427803113918534e-05,512,,1,ok
diagnostic_run,within_job,,,,mechanism_coupling-controlled-silu-coupling_0_66-s11-d982d78bca,probe_gap,-0.2775724091907852,1.6436113019081535e-10,512,,1,ok
diagnostic_run,within_job,,,,mechanism_coupling-controlled-silu-coupling_1_0-s11-535c07b67c,probe_nrmse,-0.16621489525341288,0.00015800786458776796,512,,1,ok
diagnostic_run,within_job,,,,mechanism_coupling-controlled-silu-coupling_1_0-s11-535c07b67c,probe_gap,-0.3068667205897056,1.260189714688519e-12,512,,1,ok
diagnostic_run,within_job,mechanism_coupling,controlled,silu,mechanism_coupling-controlled-silu-coupling_1_0-s11-91bae4c8f0,probe_nrmse,-0.16239263970428353,0.00022419524581438553,512,,1,ok
diagnostic_run,within_job,mechanism_coupling,controlled,silu,mechanism_coupling-controlled-silu-coupling_1_0-s11-91bae4c8f0,probe_gap,-0.2701683217747565,5.158784954283388e-10,512,,1,ok
diagnostic_run,within_job,,,,mechanism_coupling-controlled-silu-coupling_1_0-s11-c52a52d564,probe_nrmse,-0.0798739857634955,0.07094792709331652,512,,1,ok
diagnostic_run,within_job,,,,mechanism_coupling-controlled-silu-coupling_1_0-s11-c52a52d564,probe_gap,-0.28100556041931307,9.557835298998983e-11,512,,1,ok
diagnostic_run,within_job,,,,mechanism_interaction-controlled-ganr-interaction_0_0-s11-1223dc3af9,probe_nrmse,0.0015610069328440012,0.9718921582497194,512,,1,ok
diagnostic_run,within_job,,,,mechanism_interaction-controlled-ganr-interaction_0_0-s11-1223dc3af9,probe_gap,-0.4198580252146944,2.783945130853216e-23,512,,1,ok
diagnostic_run,within_job,,,,mechanism_interaction-controlled-ganr-interaction_0_0-s11-650507b212,probe_nrmse,-0.1036982640967221,0.018924271930584765,512,,1,ok
diagnostic_run,within_job,,,,mechanism_interaction-controlled-ganr-interaction_0_0-s11-650507b212,probe_gap,-0.4088744265610701,4.709697977159871e-22,512,,1,ok
diagnostic_run,within_job,,,,mechanism_interaction-controlled-ganr-interaction_0_0-s11-7b53a3fbc1,probe_nrmse,-0.1036982640967221,0.018924271930584765,512,,1,ok
diagnostic_run,within_job,,,,mechanism_interaction-controlled-ganr-interaction_0_0-s11-7b53a3fbc1,probe_gap,-0.4088744265610701,4.709697977159871e-22,512,,1,ok
diagnostic_run,within_job,mechanism_interaction,controlled,ganr,mechanism_interaction-controlled-ganr-interaction_0_0-s11-8b78c90c63,probe_nrmse,-0.1036982640967221,0.018924271930584765,512,,1,ok
diagnostic_run,within_job,mechanism_interaction,controlled,ganr,mechanism_interaction-controlled-ganr-interaction_0_0-s11-8b78c90c63,probe_gap,-0.4088744265610701,4.709697977159871e-22,512,,1,ok
diagnostic_run,within_job,,,,mechanism_interaction-controlled-ganr-interaction_0_0-s11-b7f1e27249,probe_nrmse,-0.1036982640967221,0.018924271930584765,512,,1,ok
diagnostic_run,within_job,,,,mechanism_interaction-controlled-ganr-interaction_0_0-s11-b7f1e27249,probe_gap,-0.4088744265610701,4.709697977159871e-22,512,,1,ok
diagnostic_run,within_job,,,,mechanism_interaction-controlled-ganr-interaction_0_5-s11-6736d1c766,probe_nrmse,-0.11671650490909836,0.008203468122136027,512,,1,ok
diagnostic_run,within_job,,,,mechanism_interaction-controlled-ganr-interaction_0_5-s11-6736d1c766,probe_gap,-0.3725851169328036,2.6339072614828664e-18,512,,1,ok
diagnostic_run,within_job,,,,mechanism_interaction-controlled-ganr-interaction_0_5-s11-76187a7612,probe_nrmse,-0.11671650490909836,0.008203468122136027,512,,1,ok
diagnostic_run,within_job,,,,mechanism_interaction-controlled-ganr-interaction_0_5-s11-76187a7612,probe_gap,-0.3725851169328036,2.6339072614828664e-18,512,,1,ok
diagnostic_run,within_job,,,,mechanism_interaction-controlled-ganr-interaction_0_5-s11-b5fd98e52c,probe_nrmse,-0.11671650490909836,0.008203468122136027,512,,1,ok
diagnostic_run,within_job,,,,mechanism_interaction-controlled-ganr-interaction_0_5-s11-b5fd98e52c,probe_gap,-0.3725851169328036,2.6339072614828664e-18,512,,1,ok
diagnostic_run,within_job,,,,mechanism_interaction-controlled-ganr-interaction_0_5-s11-bcdcf105d8,probe_nrmse,0.01960022773829551,0.6581556136175046,512,,1,ok
diagnostic_run,within_job,,,,mechanism_interaction-controlled-ganr-interaction_0_5-s11-bcdcf105d8,probe_gap,-0.39299375722411056,2.3459763208584014e-20,512,,1,ok
diagnostic_run,within_job,mechanism_interaction,controlled,ganr,mechanism_interaction-controlled-ganr-interaction_0_5-s11-eb6dbfb463,probe_nrmse,-0.11671650490909836,0.008203468122136027,512,,1,ok
diagnostic_run,within_job,mechanism_interaction,controlled,ganr,mechanism_interaction-controlled-ganr-interaction_0_5-s11-eb6dbfb463,probe_gap,-0.3725851169328036,2.6339072614828664e-18,512,,1,ok
diagnostic_run,within_job,,,,mechanism_interaction-controlled-ganr-interaction_1_0-s11-0649f497ef,probe_nrmse,-0.0842093461393209,0.0568885583458777,512,,1,ok
diagnostic_run,within_job,,,,mechanism_interaction-controlled-ganr-interaction_1_0-s11-0649f497ef,probe_gap,-0.3609207629519003,3.379594277490833e-17,512,,1,ok
diagnostic_run,within_job,,,,mechanism_interaction-controlled-ganr-interaction_1_0-s11-4fa9a04d59,probe_nrmse,-0.0842093461393209,0.0568885583458777,512,,1,ok
diagnostic_run,within_job,,,,mechanism_interaction-controlled-ganr-interaction_1_0-s11-4fa9a04d59,probe_gap,-0.3609207629519003,3.379594277490833e-17,512,,1,ok
diagnostic_run,within_job,,,,mechanism_interaction-controlled-ganr-interaction_1_0-s11-980a610120,probe_nrmse,0.10104232828074752,0.022219562863500592,512,,1,ok
diagnostic_run,within_job,,,,mechanism_interaction-controlled-ganr-interaction_1_0-s11-980a610120,probe_gap,-0.33666071571623124,4.924467131212339e-15,512,,1,ok
diagnostic_run,within_job,,,,mechanism_interaction-controlled-ganr-interaction_1_0-s11-b072f59359,probe_nrmse,-0.0842093461393209,0.0568885583458777,512,,1,ok
diagnostic_run,within_job,,,,mechanism_interaction-controlled-ganr-interaction_1_0-s11-b072f59359,probe_gap,-0.3609207629519003,3.379594277490833e-17,512,,1,ok
diagnostic_run,within_job,mechanism_interaction,controlled,ganr,mechanism_interaction-controlled-ganr-interaction_1_0-s11-faeb67e7e0,probe_nrmse,-0.0842093461393209,0.0568885583458777,512,,1,ok
diagnostic_run,within_job,mechanism_interaction,controlled,ganr,mechanism_interaction-controlled-ganr-interaction_1_0-s11-faeb67e7e0,probe_gap,-0.3609207629519003,3.379594277490833e-17,512,,1,ok
diagnostic_run,within_job,,,,mechanism_interaction-controlled-gelu-interaction_0_0-s11-3b71be0b79,probe_nrmse,-0.015104470651514632,0.7331342543881038,512,,1,ok
diagnostic_run,within_job,,,,mechanism_interaction-controlled-gelu-interaction_0_0-s11-3b71be0b79,probe_gap,-0.34960260239640195,3.6439623313527053e-16,512,,1,ok
diagnostic_run,within_job,mechanism_interaction,controlled,gelu,mechanism_interaction-controlled-gelu-interaction_0_0-s11-9b6f6c1ff4,probe_nrmse,-0.03135058322175301,0.47905525584727693,512,,1,ok
diagnostic_run,within_job,mechanism_interaction,controlled,gelu,mechanism_interaction-controlled-gelu-interaction_0_0-s11-9b6f6c1ff4,probe_gap,-0.38061790821231156,4.273459079297585e-19,512,,1,ok
diagnostic_run,within_job,,,,mechanism_interaction-controlled-gelu-interaction_0_0-s11-bc180d5b04,probe_nrmse,-0.091023255913757,0.03950739055453983,512,,1,ok
diagnostic_run,within_job,,,,mechanism_interaction-controlled-gelu-interaction_0_0-s11-bc180d5b04,probe_gap,-0.31451023391812866,3.220752643802306e-13,512,,1,ok
diagnostic_run,within_job,,,,mechanism_interaction-controlled-gelu-interaction_0_5-s11-2e8e5fd7f3,probe_nrmse,-0.11522357906753183,0.009066507784989129,512,,1,ok
diagnostic_run,within_job,,,,mechanism_interaction-controlled-gelu-interaction_0_5-s11-2e8e5fd7f3,probe_gap,-0.3390235720579989,3.0890724704348646e-15,512,,1,ok
diagnostic_run,within_job,mechanism_interaction,controlled,gelu,mechanism_interaction-controlled-gelu-interaction_0_5-s11-3f9dff2c0d,probe_nrmse,-0.03740006051086621,0.39839350421847874,512,,1,ok
diagnostic_run,within_job,mechanism_interaction,controlled,gelu,mechanism_interaction-controlled-gelu-interaction_0_5-s11-3f9dff2c0d,probe_gap,-0.3698022167290372,4.887997461263018e-18,512,,1,ok
diagnostic_run,within_job,,,,mechanism_interaction-controlled-gelu-interaction_0_5-s11-c07f4e89a7,probe_nrmse,0.03618009779013744,0.4139691700050242,512,,1,ok
diagnostic_run,within_job,,,,mechanism_interaction-controlled-gelu-interaction_0_5-s11-c07f4e89a7,probe_gap,-0.384315615665877,1.8187373451190335e-19,512,,1,ok
diagnostic_run,within_job,mechanism_interaction,controlled,gelu,mechanism_interaction-controlled-gelu-interaction_1_0-s11-4150f64380,probe_nrmse,-0.02132900792687448,0.6301643518278184,512,,1,ok
diagnostic_run,within_job,mechanism_interaction,controlled,gelu,mechanism_interaction-controlled-gelu-interaction_1_0-s11-4150f64380,probe_gap,-0.3322280876149619,1.1685176955790428e-14,512,,1,ok
diagnostic_run,within_job,,,,mechanism_interaction-controlled-gelu-interaction_1_0-s11-d12e73c798,probe_nrmse,-0.0630731469591758,0.15412442983820965,512,,1,ok
diagnostic_run,within_job,,,,mechanism_interaction-controlled-gelu-interaction_1_0-s11-d12e73c798,probe_gap,-0.3595839082130249,4.497902066142077e-17,512,,1,ok
diagnostic_run,within_job,,,,mechanism_interaction-controlled-gelu-interaction_1_0-s11-f02e1bd1cd,probe_nrmse,-0.1491588381627585,0.000709739691130055,512,,1,ok
diagnostic_run,within_job,,,,mechanism_interaction-controlled-gelu-interaction_1_0-s11-f02e1bd1cd,probe_gap,-0.3506423199837493,2.9405535321497756e-16,512,,1,ok
diagnostic_run,within_job,mechanism_interaction,controlled,silu,mechanism_interaction-controlled-silu-interaction_0_0-s11-0e56339254,probe_nrmse,0.011932746392236298,0.7876550651575231,512,,1,ok
diagnostic_run,within_job,mechanism_interaction,controlled,silu,mechanism_interaction-controlled-silu-interaction_0_0-s11-0e56339254,probe_gap,-0.31694148685068835,2.0696230558908534e-13,512,,1,ok
diagnostic_run,within_job,,,,mechanism_interaction-controlled-silu-interaction_0_0-s11-5a0a61a66b,probe_nrmse,-0.10413000967029445,0.018430964240140877,512,,1,ok
diagnostic_run,within_job,,,,mechanism_interaction-controlled-silu-interaction_0_0-s11-5a0a61a66b,probe_gap,-0.32821163568166994,2.526173087236692e-14,512,,1,ok
diagnostic_run,within_job,,,,mechanism_interaction-controlled-silu-interaction_0_0-s11-c14bc37454,probe_nrmse,-0.01290603434957256,0.7708000249824866,512,,1,ok
diagnostic_run,within_job,,,,mechanism_interaction-controlled-silu-interaction_0_0-s11-c14bc37454,probe_gap,-0.37279843444227007,2.5113617969282592e-18,512,,1,ok
diagnostic_run,within_job,mechanism_interaction,controlled,silu,mechanism_interaction-controlled-silu-interaction_0_5-s11-03a471d542,probe_nrmse,-0.018592965003833783,0.6746909083780653,512,,1,ok
diagnostic_run,within_job,mechanism_interaction,controlled,silu,mechanism_interaction-controlled-silu-interaction_0_5-s11-03a471d542,probe_gap,-0.35042202037628317,3.077470179892822e-16,512,,1,ok
diagnostic_run,within_job,,,,mechanism_interaction-controlled-silu-interaction_0_5-s11-541ed8c6b1,probe_nrmse,-0.0346955788443712,0.4333990809672016,512,,1,ok
diagnostic_run,within_job,,,,mechanism_interaction-controlled-silu-interaction_0_5-s11-541ed8c6b1,probe_gap,-0.3486302979194562,4.45007126575716e-16,512,,1,ok
diagnostic_run,within_job,,,,mechanism_interaction-controlled-silu-interaction_0_5-s11-ef83454ae1,probe_nrmse,-0.13715841043819593,0.0018666447629814569,512,,1,ok
diagnostic_run,within_job,,,,mechanism_interaction-controlled-silu-interaction_0_5-s11-ef83454ae1,probe_gap,-0.3625710430471155,2.3703086049730773e-17,512,,1,ok
diagnostic_run,within_job,,,,mechanism_interaction-controlled-silu-interaction_1_0-s11-0c4f7401a5,probe_nrmse,-0.03946259770430643,0.3728748160588783,512,,1,ok
diagnostic_run,within_job,,,,mechanism_interaction-controlled-silu-interaction_1_0-s11-0c4f7401a5,probe_gap,-0.32215974439523465,7.901492782957667e-14,512,,1,ok
diagnostic_run,within_job,,,,mechanism_interaction-controlled-silu-interaction_1_0-s11-637f2403b8,probe_nrmse,-0.12109433114750347,0.006079596764081798,512,,1,ok
diagnostic_run,within_job,,,,mechanism_interaction-controlled-silu-interaction_1_0-s11-637f2403b8,probe_gap,-0.4058836982582026,9.992205820137627e-22,512,,1,ok
diagnostic_run,within_job,mechanism_interaction,controlled,silu,mechanism_interaction-controlled-silu-interaction_1_0-s11-9e2fe68ebb,probe_nrmse,-0.02353960314599284,0.5951331685161096,512,,1,ok
diagnostic_run,within_job,mechanism_interaction,controlled,silu,mechanism_interaction-controlled-silu-interaction_1_0-s11-9e2fe68ebb,probe_gap,-0.3189713903766265,1.4262161899130665e-13,512,,1,ok
diagnostic_run,within_job,mechanism_interaction,controlled,swiglu,mechanism_interaction-controlled-swiglu-interaction_0_0-s11-0644a23ef6,probe_nrmse,-0.0052683256371522415,0.9053402717116873,512,,1,ok
diagnostic_run,within_job,mechanism_interaction,controlled,swiglu,mechanism_interaction-controlled-swiglu-interaction_0_0-s11-0644a23ef6,probe_gap,-0.35030248280518644,3.1543652831205133e-16,512,,1,ok
diagnostic_run,within_job,,,,mechanism_interaction-controlled-swiglu-interaction_0_0-s11-0be736cf79,probe_nrmse,-0.0324812280415651,0.46333679003267536,512,,1,ok
diagnostic_run,within_job,,,,mechanism_interaction-controlled-swiglu-interaction_0_0-s11-0be736cf79,probe_gap,-0.35788037802840433,6.46189813730708e-17,512,,1,ok
diagnostic_run,within_job,,,,mechanism_interaction-controlled-swiglu-interaction_0_0-s11-a637fd9b94,probe_nrmse,0.059949388310960056,0.17560793723042784,512,,1,ok
diagnostic_run,within_job,,,,mechanism_interaction-controlled-swiglu-interaction_0_0-s11-a637fd9b94,probe_gap,-0.2785371140465319,1.412439352570843e-10,512,,1,ok
diagnostic_run,within_job,,,,mechanism_interaction-controlled-swiglu-interaction_0_5-s11-143b93aa17,probe_nrmse,-0.023566961782309655,0.5947052175406218,512,,1,ok
diagnostic_run,within_job,,,,mechanism_interaction-controlled-swiglu-interaction_0_5-s11-143b93aa17,probe_gap,-0.367697568693423,7.771255634647142e-18,512,,1,ok
diagnostic_run,within_job,,,,mechanism_interaction-controlled-swiglu-interaction_0_5-s11-29079d6f0c,probe_nrmse,-0.02604121963012554,0.556596035774878,512,,1,ok
diagnostic_run,within_job,,,,mechanism_interaction-controlled-swiglu-interaction_0_5-s11-29079d6f0c,probe_gap,-0.3217849489591559,8.472593753613548e-14,512,,1,ok
diagnostic_run,within_job,mechanism_interaction,controlled,swiglu,mechanism_interaction-controlled-swiglu-interaction_0_5-s11-3d2e3d5adb,probe_nrmse,-0.08355614008069466,0.05884581415687396,512,,1,ok
diagnostic_run,within_job,mechanism_interaction,controlled,swiglu,mechanism_interaction-controlled-swiglu-interaction_0_5-s11-3d2e3d5adb,probe_gap,-0.3756358815683924,1.3280715046530638e-18,512,,1,ok
diagnostic_run,within_job,mechanism_interaction,controlled,swiglu,mechanism_interaction-controlled-swiglu-interaction_1_0-s11-88a5753451,probe_nrmse,-0.04146558963046887,0.34908338612675394,512,,1,ok
diagnostic_run,within_job,mechanism_interaction,controlled,swiglu,mechanism_interaction-controlled-swiglu-interaction_1_0-s11-88a5753451,probe_gap,-0.3167021434865703,2.162105821598461e-13,512,,1,ok
diagnostic_run,within_job,,,,mechanism_interaction-controlled-swiglu-interaction_1_0-s11-bf64b1f9f3,probe_nrmse,-0.08765260039367825,0.04744331985238479,512,,1,ok
diagnostic_run,within_job,,,,mechanism_interaction-controlled-swiglu-interaction_1_0-s11-bf64b1f9f3,probe_gap,-0.36542572899142833,1.2769999930121617e-17,512,,1,ok
diagnostic_run,within_job,,,,mechanism_interaction-controlled-swiglu-interaction_1_0-s11-e825462641,probe_nrmse,0.0028844585779517285,0.9480876463228137,512,,1,ok
diagnostic_run,within_job,,,,mechanism_interaction-controlled-swiglu-interaction_1_0-s11-e825462641,probe_gap,-0.2608013863139584,2.087816210736815e-09,512,,1,ok
diagnostic_run,within_job,,,,mechanism_localization-controlled-ganr-localization_0_5-s11-46279a2753,probe_nrmse,-0.06413427618704294,0.14729897546399248,512,,1,ok
diagnostic_run,within_job,,,,mechanism_localization-controlled-ganr-localization_0_5-s11-46279a2753,probe_gap,-0.12006596828830066,0.006528421204670501,512,,1,ok
diagnostic_run,within_job,,,,mechanism_localization-controlled-ganr-localization_0_5-s11-84e370ab9f,probe_nrmse,-0.012653816333070117,0.7751578489438671,512,,1,ok
diagnostic_run,within_job,,,,mechanism_localization-controlled-ganr-localization_0_5-s11-84e370ab9f,probe_gap,-0.1513355484888019,0.0005908698813863998,512,,1,ok
diagnostic_run,within_job,mechanism_localization,controlled,ganr,mechanism_localization-controlled-ganr-localization_0_5-s11-abd614c013,probe_nrmse,-0.06413427618704294,0.14729897546399248,512,,1,ok
diagnostic_run,within_job,mechanism_localization,controlled,ganr,mechanism_localization-controlled-ganr-localization_0_5-s11-abd614c013,probe_gap,-0.12006596828830066,0.006528421204670501,512,,1,ok
diagnostic_run,within_job,,,,mechanism_localization-controlled-ganr-localization_0_5-s11-b9bf383d4e,probe_nrmse,-0.06413427618704294,0.14729897546399248,512,,1,ok
diagnostic_run,within_job,,,,mechanism_localization-controlled-ganr-localization_0_5-s11-b9bf383d4e,probe_gap,-0.12006596828830066,0.006528421204670501,512,,1,ok
diagnostic_run,within_job,,,,mechanism_localization-controlled-ganr-localization_0_5-s11-dd27bc921e,probe_nrmse,-0.06413427618704294,0.14729897546399248,512,,1,ok
diagnostic_run,within_job,,,,mechanism_localization-controlled-ganr-localization_0_5-s11-dd27bc921e,probe_gap,-0.12006596828830066,0.006528421204670501,512,,1,ok
diagnostic_run,within_job,,,,mechanism_localization-controlled-ganr-localization_1_0-s11-4ef57154f4,probe_nrmse,-0.013826035551206785,0.7549662418054555,512,,1,ok
diagnostic_run,within_job,,,,mechanism_localization-controlled-ganr-localization_1_0-s11-4ef57154f4,probe_gap,-0.24648343175289822,1.5945232515207227e-08,512,,1,ok
diagnostic_run,within_job,mechanism_localization,controlled,ganr,mechanism_localization-controlled-ganr-localization_1_0-s11-5d9406d541,probe_nrmse,-0.013826035551206785,0.7549662418054555,512,,1,ok
diagnostic_run,within_job,mechanism_localization,controlled,ganr,mechanism_localization-controlled-ganr-localization_1_0-s11-5d9406d541,probe_gap,-0.24648343175289822,1.5945232515207227e-08,512,,1,ok
diagnostic_run,within_job,,,,mechanism_localization-controlled-ganr-localization_1_0-s11-9ba4fb1c3c,probe_nrmse,0.04608088428834644,0.29801675993395355,512,,1,ok
diagnostic_run,within_job,,,,mechanism_localization-controlled-ganr-localization_1_0-s11-9ba4fb1c3c,probe_gap,-0.29330791662375116,1.2874549592185285e-11,512,,1,ok
diagnostic_run,within_job,,,,mechanism_localization-controlled-ganr-localization_1_0-s11-cdec577781,probe_nrmse,-0.013826035551206785,0.7549662418054555,512,,1,ok
diagnostic_run,within_job,,,,mechanism_localization-controlled-ganr-localization_1_0-s11-cdec577781,probe_gap,-0.24648343175289822,1.5945232515207227e-08,512,,1,ok
diagnostic_run,within_job,,,,mechanism_localization-controlled-ganr-localization_1_0-s11-d4badc1f9d,probe_nrmse,-0.013826035551206785,0.7549662418054555,512,,1,ok
diagnostic_run,within_job,,,,mechanism_localization-controlled-ganr-localization_1_0-s11-d4badc1f9d,probe_gap,-0.24648343175289822,1.5945232515207227e-08,512,,1,ok
diagnostic_run,within_job,,,,mechanism_localization-controlled-ganr-localization_1_5-s11-2a9c41c6cb,probe_nrmse,-0.010197350539590987,0.8179505621601746,512,,1,ok
diagnostic_run,within_job,,,,mechanism_localization-controlled-ganr-localization_1_5-s11-2a9c41c6cb,probe_gap,-0.3485951608473238,4.482268257702168e-16,512,,1,ok
diagnostic_run,within_job,,,,mechanism_localization-controlled-ganr-localization_1_5-s11-3c4e02920c,probe_nrmse,-0.07220865019283368,0.10267259108182832,512,,1,ok
diagnostic_run,within_job,,,,mechanism_localization-controlled-ganr-localization_1_5-s11-3c4e02920c,probe_gap,-0.433296783625731,7.567823638824761e-25,512,,1,ok
diagnostic_run,within_job,,,,mechanism_localization-controlled-ganr-localization_1_5-s11-58e0f08c6a,probe_nrmse,-0.07220865019283368,0.10267259108182832,512,,1,ok
diagnostic_run,within_job,,,,mechanism_localization-controlled-ganr-localization_1_5-s11-58e0f08c6a,probe_gap,-0.433296783625731,7.567823638824761e-25,512,,1,ok
diagnostic_run,within_job,,,,mechanism_localization-controlled-ganr-localization_1_5-s11-5aaff73824,probe_nrmse,-0.07220865019283368,0.10267259108182832,512,,1,ok
diagnostic_run,within_job,,,,mechanism_localization-controlled-ganr-localization_1_5-s11-5aaff73824,probe_gap,-0.433296783625731,7.567823638824761e-25,512,,1,ok
diagnostic_run,within_job,mechanism_localization,controlled,ganr,mechanism_localization-controlled-ganr-localization_1_5-s11-eefb5a19e2,probe_nrmse,-0.07220865019283368,0.10267259108182832,512,,1,ok
diagnostic_run,within_job,mechanism_localization,controlled,ganr,mechanism_localization-controlled-ganr-localization_1_5-s11-eefb5a19e2,probe_gap,-0.433296783625731,7.567823638824761e-25,512,,1,ok
diagnostic_run,within_job,,,,mechanism_localization-controlled-ganr-localization_2_0-s11-5f4df546b7,probe_nrmse,-0.11671650490909836,0.008203468122136027,512,,1,ok
diagnostic_run,within_job,,,,mechanism_localization-controlled-ganr-localization_2_0-s11-5f4df546b7,probe_gap,-0.3725851169328036,2.6339072614828664e-18,512,,1,ok
diagnostic_run,within_job,,,,mechanism_localization-controlled-ganr-localization_2_0-s11-85735e6607,probe_nrmse,-0.11671650490909836,0.008203468122136027,512,,1,ok
diagnostic_run,within_job,,,,mechanism_localization-controlled-ganr-localization_2_0-s11-85735e6607,probe_gap,-0.3725851169328036,2.6339072614828664e-18,512,,1,ok
diagnostic_run,within_job,,,,mechanism_localization-controlled-ganr-localization_2_0-s11-87c87eff50,probe_nrmse,0.01960022773829551,0.6581556136175046,512,,1,ok
diagnostic_run,within_job,,,,mechanism_localization-controlled-ganr-localization_2_0-s11-87c87eff50,probe_gap,-0.39299375722411056,2.3459763208584014e-20,512,,1,ok
diagnostic_run,within_job,mechanism_localization,controlled,ganr,mechanism_localization-controlled-ganr-localization_2_0-s11-9e67035640,probe_nrmse,-0.11671650490909836,0.008203468122136027,512,,1,ok
diagnostic_run,within_job,mechanism_localization,controlled,ganr,mechanism_localization-controlled-ganr-localization_2_0-s11-9e67035640,probe_gap,-0.3725851169328036,2.6339072614828664e-18,512,,1,ok
diagnostic_run,within_job,,,,mechanism_localization-controlled-ganr-localization_2_0-s11-dab852492f,probe_nrmse,-0.11671650490909836,0.008203468122136027,512,,1,ok
diagnostic_run,within_job,,,,mechanism_localization-controlled-ganr-localization_2_0-s11-dab852492f,probe_gap,-0.3725851169328036,2.6339072614828664e-18,512,,1,ok
diagnostic_run,within_job,,,,mechanism_localization-controlled-silu-localization_0_5-s11-b7acfc6f6b,probe_nrmse,0.02279287330769847,0.6068674130980112,512,,1,ok
diagnostic_run,within_job,,,,mechanism_localization-controlled-silu-localization_0_5-s11-b7acfc6f6b,probe_gap,-0.08978317654867762,0.04228557478498716,512,,1,ok
diagnostic_run,within_job,,,,mechanism_localization-controlled-silu-localization_0_5-s11-bad19921f3,probe_nrmse,-0.058267368621325,0.1880612469224431,512,,1,ok
diagnostic_run,within_job,,,,mechanism_localization-controlled-silu-localization_0_5-s11-bad19921f3,probe_gap,-0.17865815366040674,4.7940800394126463e-05,512,,1,ok
diagnostic_run,within_job,mechanism_localization,controlled,silu,mechanism_localization-controlled-silu-localization_0_5-s11-d0fc7c872e,probe_nrmse,-0.022481646467767593,0.6117883282705694,512,,1,ok
diagnostic_run,within_job,mechanism_localization,controlled,silu,mechanism_localization-controlled-silu-localization_0_5-s11-d0fc7c872e,probe_gap,-0.12603855529234043,0.004285355742184126,512,,1,ok
diagnostic_run,within_job,mechanism_localization,controlled,silu,mechanism_localization-controlled-silu-localization_1_0-s11-0c0bc35ea7,probe_nrmse,0.012889851626783855,0.7710794153056411,512,,1,ok
diagnostic_run,within_job,mechanism_localization,controlled,silu,mechanism_localization-controlled-silu-localization_1_0-s11-0c0bc35ea7,probe_gap,-0.23241161551138118,1.0432451470446079e-07,512,,1,ok
diagnostic_run,within_job,,,,mechanism_localization-controlled-silu-localization_1_0-s11-81e8085a55,probe_nrmse,-0.05954196053825079,0.17856663265468073,512,,1,ok
diagnostic_run,within_job,,,,mechanism_localization-controlled-silu-localization_1_0-s11-81e8085a55,probe_gap,-0.17622609606207298,6.0921126691164865e-05,512,,1,ok
diagnostic_run,within_job,,,,mechanism_localization-controlled-silu-localization_1_0-s11-f1e83f2fbe,probe_nrmse,-0.14337159250866893,0.0011418524076157342,512,,1,ok
diagnostic_run,within_job,,,,mechanism_localization-controlled-silu-localization_1_0-s11-f1e83f2fbe,probe_gap,-0.297256232762271,6.626229913530989e-12,512,,1,ok
diagnostic_run,within_job,,,,mechanism_localization-controlled-silu-localization_1_5-s11-29f935018a,probe_nrmse,-0.11284078489603003,0.010612053980939026,512,,1,ok
diagnostic_run,within_job,,,,mechanism_localization-controlled-silu-localization_1_5-s11-29f935018a,probe_gap,-0.3107658558496698,6.314536768874133e-13,512,,1,ok
diagnostic_run,within_job,,,,mechanism_localization-controlled-silu-localization_1_5-s11-47b1682c40,probe_nrmse,-0.08024001928336823,0.06966037431795886,512,,1,ok
diagnostic_run,within_job,,,,mechanism_localization-controlled-silu-localization_1_5-s11-47b1682c40,probe_gap,-0.27874990344010714,1.3658877856642262e-10,512,,1,ok
diagnostic_run,within_job,,,,mechanism_localization-controlled-silu-localization_1_5-s11-601d7bde8e,probe_nrmse,-0.09965079293553519,0.024136834865790765,512,,1,ok
diagnostic_run,within_job,,,,mechanism_localization-controlled-silu-localization_1_5-s11-601d7bde8e,probe_gap,-0.2880589923724837,3.0646661955040515e-11,512,,1,ok
diagnostic_run,within_job,mechanism_localization,controlled,silu,mechanism_localization-controlled-silu-localization_1_5-s11-f31e1b92d4,probe_nrmse,-0.05875106215882171,0.18441533471361696,512,,1,ok
diagnostic_run,within_job,mechanism_localization,controlled,silu,mechanism_localization-controlled-silu-localization_1_5-s11-f31e1b92d4,probe_gap,-0.2604411642691203,2.2007516701599842e-09,512,,1,ok
diagnostic_run,within_job,,,,mechanism_localization-controlled-silu-localization_2_0-s11-0815e79f57,probe_nrmse,-0.0346955788443712,0.4333990809672016,512,,1,ok
diagnostic_run,within_job,,,,mechanism_localization-controlled-silu-localization_2_0-s11-0815e79f57,probe_gap,-0.3486302979194562,4.45007126575716e-16,512,,1,ok
diagnostic_run,within_job,,,,mechanism_localization-controlled-silu-localization_2_0-s11-68ddad722c,probe_nrmse,-0.15806192850848583,0.00033018854023822566,512,,1,ok
diagnostic_run,within_job,,,,mechanism_localization-controlled-silu-localization_2_0-s11-68ddad722c,probe_gap,-0.41927736006683375,3.2414468148459e-23,512,,1,ok
diagnostic_run,within_job,mechanism_localization,controlled,silu,mechanism_localization-controlled-silu-localization_2_0-s11-97bccb545a,probe_nrmse,-0.018592965003833783,0.6746909083780653,512,,1,ok
diagnostic_run,within_job,mechanism_localization,controlled,silu,mechanism_localization-controlled-silu-localization_2_0-s11-97bccb545a,probe_gap,-0.35042202037628317,3.077470179892822e-16,512,,1,ok
diagnostic_run,within_job,,,,mechanism_localization-controlled-silu-localization_2_0-s11-e74d59321e,probe_nrmse,-0.13715841043819593,0.0018666447629814569,512,,1,ok
diagnostic_run,within_job,,,,mechanism_localization-controlled-silu-localization_2_0-s11-e74d59321e,probe_gap,-0.3625710430471155,2.3703086049730773e-17,512,,1,ok
diagnostic_run,within_job,,,,mechanism_rank-controlled-ganr-rank_1-s11-477d6319c2,probe_nrmse,-0.07933736309952964,0.07287064834765805,512,,1,ok
diagnostic_run,within_job,,,,mechanism_rank-controlled-ganr-rank_1-s11-477d6319c2,probe_gap,-0.4600080216236939,3.5597705553680903e-28,512,,1,ok
diagnostic_run,within_job,,,,mechanism_rank-controlled-ganr-rank_1-s11-4fcb89dc79,probe_nrmse,0.006857495990473294,0.8769868841726725,512,,1,ok
diagnostic_run,within_job,,,,mechanism_rank-controlled-ganr-rank_1-s11-4fcb89dc79,probe_gap,-0.4228668494256396,1.2595005347802153e-23,512,,1,ok
diagnostic_run,within_job,,,,mechanism_rank-controlled-ganr-rank_1-s11-500eb6d791,probe_nrmse,-0.07933736309952964,0.07287064834765805,512,,1,ok
diagnostic_run,within_job,,,,mechanism_rank-controlled-ganr-rank_1-s11-500eb6d791,probe_gap,-0.4600080216236939,3.5597705553680903e-28,512,,1,ok
diagnostic_run,within_job,,,,mechanism_rank-controlled-ganr-rank_1-s11-5cf8960a16,probe_nrmse,-0.07933736309952964,0.07287064834765805,512,,1,ok
diagnostic_run,within_job,,,,mechanism_rank-controlled-ganr-rank_1-s11-5cf8960a16,probe_gap,-0.4600080216236939,3.5597705553680903e-28,512,,1,ok
diagnostic_run,within_job,mechanism_rank,controlled,ganr,mechanism_rank-controlled-ganr-rank_1-s11-faef0b3e7c,probe_nrmse,-0.07933736309952964,0.07287064834765805,512,,1,ok
diagnostic_run,within_job,mechanism_rank,controlled,ganr,mechanism_rank-controlled-ganr-rank_1-s11-faef0b3e7c,probe_gap,-0.4600080216236939,3.5597705553680903e-28,512,,1,ok
diagnostic_run,within_job,,,,mechanism_rank-controlled-ganr-rank_2-s11-0a4b3d0f7a,probe_nrmse,-0.10124465701926048,0.021952090170173858,512,,1,ok
diagnostic_run,within_job,,,,mechanism_rank-controlled-ganr-rank_2-s11-0a4b3d0f7a,probe_gap,-0.40407686596628556,1.5682761688300636e-21,512,,1,ok
diagnostic_run,within_job,mechanism_rank,controlled,ganr,mechanism_rank-controlled-ganr-rank_2-s11-598f577473,probe_nrmse,-0.10124465701926048,0.021952090170173858,512,,1,ok
diagnostic_run,within_job,mechanism_rank,controlled,ganr,mechanism_rank-controlled-ganr-rank_2-s11-598f577473,probe_gap,-0.40407686596628556,1.5682761688300636e-21,512,,1,ok
diagnostic_run,within_job,,,,mechanism_rank-controlled-ganr-rank_2-s11-996cf2075f,probe_nrmse,-0.10124465701926048,0.021952090170173858,512,,1,ok
diagnostic_run,within_job,,,,mechanism_rank-controlled-ganr-rank_2-s11-996cf2075f,probe_gap,-0.40407686596628556,1.5682761688300636e-21,512,,1,ok
diagnostic_run,within_job,,,,mechanism_rank-controlled-ganr-rank_2-s11-d5c9a32122,probe_nrmse,-0.10124465701926048,0.021952090170173858,512,,1,ok
diagnostic_run,within_job,,,,mechanism_rank-controlled-ganr-rank_2-s11-d5c9a32122,probe_gap,-0.40407686596628556,1.5682761688300636e-21,512,,1,ok
diagnostic_run,within_job,,,,mechanism_rank-controlled-ganr-rank_2-s11-df2232c880,probe_nrmse,-0.06154539817008274,0.1643685803932181,512,,1,ok
diagnostic_run,within_job,,,,mechanism_rank-controlled-ganr-rank_2-s11-df2232c880,probe_gap,-0.41189401514631324,2.1868153858401937e-22,512,,1,ok
diagnostic_run,within_job,,,,mechanism_rank-controlled-ganr-rank_4-s11-0ef0214a8b,probe_nrmse,0.01960022773829551,0.6581556136175046,512,,1,ok
diagnostic_run,within_job,,,,mechanism_rank-controlled-ganr-rank_4-s11-0ef0214a8b,probe_gap,-0.39299375722411056,2.3459763208584014e-20,512,,1,ok
diagnostic_run,within_job,mechanism_rank,controlled,ganr,mechanism_rank-controlled-ganr-rank_4-s11-223c248bd0,probe_nrmse,-0.11671650490909836,0.008203468122136027,512,,1,ok
diagnostic_run,within_job,mechanism_rank,controlled,ganr,mechanism_rank-controlled-ganr-rank_4-s11-223c248bd0,probe_gap,-0.3725851169328036,2.6339072614828664e-18,512,,1,ok
diagnostic_run,within_job,,,,mechanism_rank-controlled-ganr-rank_4-s11-2ff4d13517,probe_nrmse,-0.11671650490909836,0.008203468122136027,512,,1,ok
diagnostic_run,within_job,,,,mechanism_rank-controlled-ganr-rank_4-s11-2ff4d13517,probe_gap,-0.3725851169328036,2.6339072614828664e-18,512,,1,ok
diagnostic_run,within_job,,,,mechanism_rank-controlled-ganr-rank_4-s11-620fd442c6,probe_nrmse,-0.11671650490909836,0.008203468122136027,512,,1,ok
diagnostic_run,within_job,,,,mechanism_rank-controlled-ganr-rank_4-s11-620fd442c6,probe_gap,-0.3725851169328036,2.6339072614828664e-18,512,,1,ok
diagnostic_run,within_job,,,,mechanism_rank-controlled-ganr-rank_4-s11-ff0ea202cb,probe_nrmse,-0.11671650490909836,0.008203468122136027,512,,1,ok
diagnostic_run,within_job,,,,mechanism_rank-controlled-ganr-rank_4-s11-ff0ea202cb,probe_gap,-0.3725851169328036,2.6339072614828664e-18,512,,1,ok
diagnostic_run,within_job,,,,mechanism_rank-controlled-ganr-rank_8-s11-93653a94a4,probe_nrmse,-0.09332147285758348,0.034766166025570644,512,,1,ok
diagnostic_run,within_job,,,,mechanism_rank-controlled-ganr-rank_8-s11-93653a94a4,probe_gap,-0.3520387358959689,2.2018324234060002e-16,512,,1,ok
diagnostic_run,within_job,,,,mechanism_rank-controlled-ganr-rank_8-s11-a5f080f9a9,probe_nrmse,-0.0004950482656412721,0.9910843955515226,512,,1,ok
diagnostic_run,within_job,,,,mechanism_rank-controlled-ganr-rank_8-s11-a5f080f9a9,probe_gap,-0.3534785880225679,1.6314562054956138e-16,512,,1,ok
diagnostic_run,within_job,,,,mechanism_rank-controlled-ganr-rank_8-s11-b0a0ef97c5,probe_nrmse,-0.09332147285758348,0.034766166025570644,512,,1,ok
diagnostic_run,within_job,,,,mechanism_rank-controlled-ganr-rank_8-s11-b0a0ef97c5,probe_gap,-0.3520387358959689,2.2018324234060002e-16,512,,1,ok
diagnostic_run,within_job,mechanism_rank,controlled,ganr,mechanism_rank-controlled-ganr-rank_8-s11-d536199b94,probe_nrmse,-0.09332147285758348,0.034766166025570644,512,,1,ok
diagnostic_run,within_job,mechanism_rank,controlled,ganr,mechanism_rank-controlled-ganr-rank_8-s11-d536199b94,probe_gap,-0.3520387358959689,2.2018324234060002e-16,512,,1,ok
diagnostic_run,within_job,,,,mechanism_rank-controlled-ganr-rank_8-s11-d9b94cb8ce,probe_nrmse,-0.09332147285758348,0.034766166025570644,512,,1,ok
diagnostic_run,within_job,,,,mechanism_rank-controlled-ganr-rank_8-s11-d9b94cb8ce,probe_gap,-0.3520387358959689,2.2018324234060002e-16,512,,1,ok
diagnostic_run,within_job,,,,mechanism_rank-controlled-silu-rank_1-s11-32f99a7234,probe_nrmse,-0.038542238873439306,0.38413476353468856,512,,1,ok
diagnostic_run,within_job,,,,mechanism_rank-controlled-silu-rank_1-s11-32f99a7234,probe_gap,-0.3330392726965816,9.986458673730642e-15,512,,1,ok
diagnostic_run,within_job,mechanism_rank,controlled,silu,mechanism_rank-controlled-silu-rank_1-s11-7cf8b83416,probe_nrmse,-0.037128351701170736,0.40183169069907865,512,,1,ok
diagnostic_run,within_job,mechanism_rank,controlled,silu,mechanism_rank-controlled-silu-rank_1-s11-7cf8b83416,probe_gap,-0.3212094341161122,9.429145687185406e-14,512,,1,ok
diagnostic_run,within_job,,,,mechanism_rank-controlled-silu-rank_1-s11-86c131d6d8,probe_nrmse,-0.19466715804923268,9.140731342959854e-06,512,,1,ok
diagnostic_run,within_job,,,,mechanism_rank-controlled-silu-rank_1-s11-86c131d6d8,probe_gap,-0.3298781879069821,1.837093456774243e-14,512,,1,ok
diagnostic_run,within_job,,,,mechanism_rank-controlled-silu-rank_2-s11-4f50e759e1,probe_nrmse,-0.022000188112976507,0.6194353042525005,512,,1,ok
diagnostic_run,within_job,,,,mechanism_rank-controlled-silu-rank_2-s11-4f50e759e1,probe_gap,-0.3169553449834632,2.0643885833059297e-13,512,,1,ok
diagnostic_run,within_job,mechanism_rank,controlled,silu,mechanism_rank-controlled-silu-rank_2-s11-8219e6cb01,probe_nrmse,-0.08352654252640734,0.058935803847719154,512,,1,ok
diagnostic_run,within_job,mechanism_rank,controlled,silu,mechanism_rank-controlled-silu-rank_2-s11-8219e6cb01,probe_gap,-0.3200345326787288,1.1722030697779202e-13,512,,1,ok
diagnostic_run,within_job,,,,mechanism_rank-controlled-silu-rank_2-s11-9bb12b061d,probe_nrmse,-0.20839582904178255,1.972203217202518e-06,512,,1,ok
diagnostic_run,within_job,,,,mechanism_rank-controlled-silu-rank_2-s11-9bb12b061d,probe_gap,-0.33856607486181206,3.3820333003375832e-15,512,,1,ok
diagnostic_run,within_job,,,,mechanism_rank-controlled-silu-rank_4-s11-7aad1833fe,probe_nrmse,-0.13715841043819593,0.0018666447629814569,512,,1,ok
diagnostic_run,within_job,,,,mechanism_rank-controlled-silu-rank_4-s11-7aad1833fe,probe_gap,-0.3625710430471155,2.3703086049730773e-17,512,,1,ok
diagnostic_run,within_job,mechanism_rank,controlled,silu,mechanism_rank-controlled-silu-rank_4-s11-8998e0a25f,probe_nrmse,-0.018592965003833783,0.6746909083780653,512,,1,ok
diagnostic_run,within_job,mechanism_rank,controlled,silu,mechanism_rank-controlled-silu-rank_4-s11-8998e0a25f,probe_gap,-0.35042202037628317,3.077470179892822e-16,512,,1,ok
diagnostic_run,within_job,,,,mechanism_rank-controlled-silu-rank_4-s11-a681d947d3,probe_nrmse,-0.0346955788443712,0.4333990809672016,512,,1,ok
diagnostic_run,within_job,,,,mechanism_rank-controlled-silu-rank_4-s11-a681d947d3,probe_gap,-0.3486302979194562,4.45007126575716e-16,512,,1,ok
diagnostic_run,within_job,,,,mechanism_rank-controlled-silu-rank_8-s11-189cc547df,probe_nrmse,-0.16462066982524806,0.00018300410898325096,512,,1,ok
diagnostic_run,within_job,,,,mechanism_rank-controlled-silu-rank_8-s11-189cc547df,probe_gap,-0.3448534649981117,9.608500689014954e-16,512,,1,ok
diagnostic_run,within_job,,,,mechanism_rank-controlled-silu-rank_8-s11-426940ab97,probe_nrmse,-0.11189905771849716,0.011284595956039607,512,,1,ok
diagnostic_run,within_job,,,,mechanism_rank-controlled-silu-rank_8-s11-426940ab97,probe_gap,-0.3513312927009304,2.5498566776589377e-16,512,,1,ok
diagnostic_run,within_job,mechanism_rank,controlled,silu,mechanism_rank-controlled-silu-rank_8-s11-e8ee43fdc5,probe_nrmse,-0.09163954048935123,0.038185191945511086,512,,1,ok
diagnostic_run,within_job,mechanism_rank,controlled,silu,mechanism_rank-controlled-silu-rank_8-s11-e8ee43fdc5,probe_gap,-0.37359737814856775,2.1002814690908987e-18,512,,1,ok
diagnostic_run,within_job,,,,physics_factorial-allen_cahn-ganr-no_physics-s11-2d8159da17,probe_nrmse,0.019636672090694512,0.5302224110688388,1024,,1,ok
diagnostic_run,within_job,,,,physics_factorial-allen_cahn-ganr-no_physics-s11-2d8159da17,probe_gap,-0.04091261131178027,0.19082167865738683,1024,,1,ok
diagnostic_run,within_job,physics_factorial,allen_cahn,ganr,physics_factorial-allen_cahn-ganr-no_physics-s11-66ba43503a,probe_nrmse,-0.012214467402188681,0.6962406960825059,1024,,1,ok
diagnostic_run,within_job,physics_factorial,allen_cahn,ganr,physics_factorial-allen_cahn-ganr-no_physics-s11-66ba43503a,probe_gap,-0.05896734854445318,0.059255619994641066,1024,,1,ok
diagnostic_run,within_job,,,,physics_factorial-allen_cahn-ganr-no_physics-s11-9d0b7298a8,probe_nrmse,0.03503652278091695,0.2626527197191827,1024,,1,ok
diagnostic_run,within_job,,,,physics_factorial-allen_cahn-ganr-no_physics-s11-9d0b7298a8,probe_gap,-0.0885980750661612,0.00455030122658701,1024,,1,ok
diagnostic_run,within_job,,,,physics_factorial-allen_cahn-ganr-no_physics-s11-b0c293a367,probe_nrmse,0.019636672090694512,0.5302224110688388,1024,,1,ok
diagnostic_run,within_job,,,,physics_factorial-allen_cahn-ganr-no_physics-s11-b0c293a367,probe_gap,-0.04091261131178027,0.19082167865738683,1024,,1,ok
diagnostic_run,within_job,,,,physics_factorial-allen_cahn-ganr-no_physics-s11-b1d82dd1b7,probe_nrmse,-0.005710719027471208,0.855173642655598,1024,,1,ok
diagnostic_run,within_job,,,,physics_factorial-allen_cahn-ganr-no_physics-s11-b1d82dd1b7,probe_gap,-0.031478110918389236,0.31426232632611645,1024,,1,ok
diagnostic_run,within_job,,,,physics_factorial-allen_cahn-ganr-no_physics-s29-0d05e6d38d,probe_nrmse,-0.05811511509513781,0.06302946589322705,1024,,1,ok
diagnostic_run,within_job,,,,physics_factorial-allen_cahn-ganr-no_physics-s29-0d05e6d38d,probe_gap,-0.06741727612474072,0.030992229352674417,1024,,1,ok
diagnostic_run,within_job,physics_factorial,allen_cahn,ganr,physics_factorial-allen_cahn-ganr-no_physics-s29-54871bf879,probe_nrmse,-0.03943480214219297,0.20735826982394898,1024,,1,ok
diagnostic_run,within_job,physics_factorial,allen_cahn,ganr,physics_factorial-allen_cahn-ganr-no_physics-s29-54871bf879,probe_gap,-0.034267499195336525,0.2732790817199009,1024,,1,ok
diagnostic_run,within_job,,,,physics_factorial-allen_cahn-ganr-no_physics-s29-5ddfe8e9d8,probe_nrmse,-0.05811511509513781,0.06302946589322705,1024,,1,ok
diagnostic_run,within_job,,,,physics_factorial-allen_cahn-ganr-no_physics-s29-5ddfe8e9d8,probe_gap,-0.06741727612474072,0.030992229352674417,1024,,1,ok
diagnostic_run,within_job,,,,physics_factorial-allen_cahn-ganr-no_physics-s29-edf776cf29,probe_nrmse,-0.006148020080823975,0.8442202354875411,1024,,1,ok
diagnostic_run,within_job,,,,physics_factorial-allen_cahn-ganr-no_physics-s29-edf776cf29,probe_gap,-0.034027117159001495,0.276660077854629,1024,,1,ok
diagnostic_run,within_job,,,,physics_factorial-allen_cahn-ganr-no_physics-s29-f5d23963e9,probe_nrmse,0.0014430186503111364,0.9632144289524875,1024,,1,ok
diagnostic_run,within_job,,,,physics_factorial-allen_cahn-ganr-no_physics-s29-f5d23963e9,probe_gap,-0.030881866461626488,0.3235209814551667,1024,,1,ok
diagnostic_run,within_job,,,,physics_factorial-allen_cahn-ganr-no_physics-s47-1721933b36,probe_nrmse,-0.035531077891424075,0.25597143543893913,1024,,1,ok
diagnostic_run,within_job,,,,physics_factorial-allen_cahn-ganr-no_physics-s47-1721933b36,probe_gap,-0.01186830564694943,0.704438908677367,1024,,1,ok
diagnostic_run,within_job,,,,physics_factorial-allen_cahn-ganr-no_physics-s47-35792db233,probe_nrmse,0.035479814122738,0.2566584643554196,1024,,1,ok
diagnostic_run,within_job,,,,physics_factorial-allen_cahn-ganr-no_physics-s47-35792db233,probe_gap,-0.054869666869322646,0.07925811048476274,1024,,1,ok
diagnostic_run,within_job,,,,physics_factorial-allen_cahn-ganr-no_physics-s47-5040ec3111,probe_nrmse,-0.035531077891424075,0.25597143543893913,1024,,1,ok
diagnostic_run,within_job,,,,physics_factorial-allen_cahn-ganr-no_physics-s47-5040ec3111,probe_gap,-0.01186830564694943,0.704438908677367,1024,,1,ok
diagnostic_run,within_job,,,,physics_factorial-allen_cahn-ganr-no_physics-s47-a7a8056a60,probe_nrmse,0.007255795812173663,0.8166118555532825,1024,,1,ok
diagnostic_run,within_job,,,,physics_factorial-allen_cahn-ganr-no_physics-s47-a7a8056a60,probe_gap,-0.030109702453329515,0.3357724490479729,1024,,1,ok
diagnostic_run,within_job,physics_factorial,allen_cahn,ganr,physics_factorial-allen_cahn-ganr-no_physics-s47-d7976a8fb1,probe_nrmse,-0.04080940204563335,0.19194412136513472,1024,,1,ok
diagnostic_run,within_job,physics_factorial,allen_cahn,ganr,physics_factorial-allen_cahn-ganr-no_physics-s47-d7976a8fb1,probe_gap,-0.04927835111400726,0.1150399288400615,1024,,1,ok
diagnostic_run,within_job,,,,physics_factorial-allen_cahn-ganr-physics-s11-0520fbb8fd,probe_nrmse,0.04019839424933838,0.19868851734013193,1024,,1,ok
diagnostic_run,within_job,,,,physics_factorial-allen_cahn-ganr-physics-s11-0520fbb8fd,probe_gap,0.0008249365209927758,0.9789656273728907,1024,,1,ok
diagnostic_run,within_job,,,,physics_factorial-allen_cahn-ganr-physics-s11-1107946392,probe_nrmse,0.053684665796438026,0.08597015277022654,1024,,1,ok
diagnostic_run,within_job,,,,physics_factorial-allen_cahn-ganr-physics-s11-1107946392,probe_gap,-0.007903393444674915,0.8005745204544501,1024,,1,ok
diagnostic_run,within_job,,,,physics_factorial-allen_cahn-ganr-physics-s11-a57d5d4f92,probe_nrmse,0.0762372259673843,0.014680616397395388,1024,,1,ok
diagnostic_run,within_job,,,,physics_factorial-allen_cahn-ganr-physics-s11-a57d5d4f92,probe_gap,-0.008690901938344896,0.7811855220007621,1024,,1,ok
diagnostic_run,within_job,,,,physics_factorial-allen_cahn-ganr-physics-s11-a9c6cbdb24,probe_nrmse,0.0762372259673843,0.014680616397395388,1024,,1,ok
diagnostic_run,within_job,,,,physics_factorial-allen_cahn-ganr-physics-s11-a9c6cbdb24,probe_gap,-0.008690901938344896,0.7811855220007621,1024,,1,ok
diagnostic_run,within_job,physics_factorial,allen_cahn,ganr,physics_factorial-allen_cahn-ganr-physics-s11-b3f30b4a95,probe_nrmse,0.08088861133214444,0.009611030962512325,1024,,1,ok
diagnostic_run,within_job,physics_factorial,allen_cahn,ganr,physics_factorial-allen_cahn-ganr-physics-s11-b3f30b4a95,probe_gap,0.002093689656089318,0.946648327356743,1024,,1,ok
diagnostic_run,within_job,,,,physics_factorial-allen_cahn-ganr-physics-s29-17efe69ba2,probe_nrmse,0.0708373417495172,0.023397896056574767,1024,,1,ok
diagnostic_run,within_job,,,,physics_factorial-allen_cahn-ganr-physics-s29-17efe69ba2,probe_gap,-0.024495811279593733,0.43361181582116015,1024,,1,ok
diagnostic_run,within_job,,,,physics_factorial-allen_cahn-ganr-physics-s29-71c645d3b9,probe_nrmse,0.042763035548244045,0.17150896206136365,1024,,1,ok
diagnostic_run,within_job,,,,physics_factorial-allen_cahn-ganr-physics-s29-71c645d3b9,probe_gap,0.005352051444817966,0.8641784045059289,1024,,1,ok
diagnostic_run,within_job,,,,physics_factorial-allen_cahn-ganr-physics-s29-b04f0f13b1,probe_nrmse,0.035801657159716754,0.2523663178801904,1024,,1,ok
diagnostic_run,within_job,,,,physics_factorial-allen_cahn-ganr-physics-s29-b04f0f13b1,probe_gap,-0.0014507858879908447,0.9630165670544761,1024,,1,ok
diagnostic_run,within_job,physics_factorial,allen_cahn,ganr,physics_factorial-allen_cahn-ganr-physics-s29-c865c31e8c,probe_nrmse,0.083190133037694,0.007734374500299498,1024,,1,ok
diagnostic_run,within_job,physics_factorial,allen_cahn,ganr,physics_factorial-allen_cahn-ganr-physics-s29-c865c31e8c,probe_gap,-0.005311393587726199,0.8652003018694594,1024,,1,ok
diagnostic_run,within_job,,,,physics_factorial-allen_cahn-ganr-physics-s29-f25ffb32a0,probe_nrmse,0.0708373417495172,0.023397896056574767,1024,,1,ok
diagnostic_run,within_job,,,,physics_factorial-allen_cahn-ganr-physics-s29-f25ffb32a0,probe_gap,-0.024495811279593733,0.43361181582116015,1024,,1,ok
diagnostic_run,within_job,,,,physics_factorial-allen_cahn-ganr-physics-s47-0c9b204622,probe_nrmse,0.07531456753808739,0.015928627117917905,1024,,1,ok
diagnostic_run,within_job,,,,physics_factorial-allen_cahn-ganr-physics-s47-0c9b204622,probe_gap,-0.00896322464415993,0.7745115660975044,1024,,1,ok
diagnostic_run,within_job,,,,physics_factorial-allen_cahn-ganr-physics-s47-10dafbe759,probe_nrmse,0.05804905988484371,0.06333007339343369,1024,,1,ok
diagnostic_run,within_job,,,,physics_factorial-allen_cahn-ganr-physics-s47-10dafbe759,probe_gap,-0.0036105920635890673,0.9081295023495684,1024,,1,ok
diagnostic_run,within_job,,,,physics_factorial-allen_cahn-ganr-physics-s47-242407194e,probe_nrmse,0.05795147208711823,0.06377634505918078,1024,,1,ok
diagnostic_run,within_job,,,,physics_factorial-allen_cahn-ganr-physics-s47-242407194e,probe_gap,-0.015521187236249194,0.619822986154546,1024,,1,ok
diagnostic_run,within_job,,,,physics_factorial-allen_cahn-ganr-physics-s47-90b0c67c50,probe_nrmse,0.07531456753808739,0.015928627117917905,1024,,1,ok
diagnostic_run,within_job,,,,physics_factorial-allen_cahn-ganr-physics-s47-90b0c67c50,probe_gap,-0.00896322464415993,0.7745115660975044,1024,,1,ok
diagnostic_run,within_job,physics_factorial,allen_cahn,ganr,physics_factorial-allen_cahn-ganr-physics-s47-b2274ef78d,probe_nrmse,0.07120699520778198,0.022682892869427814,1024,,1,ok
diagnostic_run,within_job,physics_factorial,allen_cahn,ganr,physics_factorial-allen_cahn-ganr-physics-s47-b2274ef78d,probe_gap,-0.010748314677061725,0.7311953374729201,1024,,1,ok
diagnostic_run,within_job,physics_factorial,allen_cahn,silu,physics_factorial-allen_cahn-silu-no_physics-s11-0898b4255a,probe_nrmse,-0.009507378317001646,0.7612258806048822,1024,,1,ok
diagnostic_run,within_job,physics_factorial,allen_cahn,silu,physics_factorial-allen_cahn-silu-no_physics-s11-0898b4255a,probe_gap,-0.003097183230813246,0.9211469649728653,1024,,1,ok
diagnostic_run,within_job,,,,physics_factorial-allen_cahn-silu-no_physics-s11-f71e78c0a1,probe_nrmse,0.0021027868178241896,0.9464168598403657,1024,,1,ok
diagnostic_run,within_job,,,,physics_factorial-allen_cahn-silu-no_physics-s11-f71e78c0a1,probe_gap,-0.04484310179886989,0.15158711569385303,1024,,1,ok
diagnostic_run,within_job,physics_factorial,allen_cahn,silu,physics_factorial-allen_cahn-silu-no_physics-s29-9a005da064,probe_nrmse,0.004063338191116515,0.8966704310590565,1024,,1,ok
diagnostic_run,within_job,physics_factorial,allen_cahn,silu,physics_factorial-allen_cahn-silu-no_physics-s29-9a005da064,probe_gap,-0.02130662819183177,0.4958356417969192,1024,,1,ok
diagnostic_run,within_job,,,,physics_factorial-allen_cahn-silu-no_physics-s29-ff7ba276bc,probe_nrmse,-0.005220410735998855,0.8674878841418332,1024,,1,ok
diagnostic_run,within_job,,,,physics_factorial-allen_cahn-silu-no_physics-s29-ff7ba276bc,probe_gap,-0.03580497639653816,0.25232231388630516,1024,,1,ok
diagnostic_run,within_job,physics_factorial,allen_cahn,silu,physics_factorial-allen_cahn-silu-no_physics-s47-12306f6399,probe_nrmse,-0.00026018569844789356,0.9933650493633961,1024,,1,ok
diagnostic_run,within_job,physics_factorial,allen_cahn,silu,physics_factorial-allen_cahn-silu-no_physics-s47-12306f6399,probe_gap,-0.034586850010728844,0.2688311807519977,1024,,1,ok
diagnostic_run,within_job,,,,physics_factorial-allen_cahn-silu-no_physics-s47-b4504b7b6a,probe_nrmse,-0.02583793407123954,0.4088370414667033,1024,,1,ok
diagnostic_run,within_job,,,,physics_factorial-allen_cahn-silu-no_physics-s47-b4504b7b6a,probe_gap,-0.041324308436449464,0.18639229962666726,1024,,1,ok
diagnostic_run,within_job,physics_factorial,allen_cahn,silu,physics_factorial-allen_cahn-silu-physics-s11-a24ec7d783,probe_nrmse,0.04544577251450007,0.14615730701602597,1024,,1,ok
diagnostic_run,within_job,physics_factorial,allen_cahn,silu,physics_factorial-allen_cahn-silu-physics-s11-a24ec7d783,probe_gap,-0.0275349246298548,0.3787464842238858,1024,,1,ok
diagnostic_run,within_job,,,,physics_factorial-allen_cahn-silu-physics-s11-a7746972f7,probe_nrmse,0.049173275337958657,0.11581742833114263,1024,,1,ok
diagnostic_run,within_job,,,,physics_factorial-allen_cahn-silu-physics-s11-a7746972f7,probe_gap,0.0006028382268793362,0.984627899096071,1024,,1,ok
diagnostic_run,within_job,physics_factorial,allen_cahn,silu,physics_factorial-allen_cahn-silu-physics-s29-9abdf7658a,probe_nrmse,0.062157682748015156,0.046752055654485855,1024,,1,ok
diagnostic_run,within_job,physics_factorial,allen_cahn,silu,physics_factorial-allen_cahn-silu-physics-s29-9abdf7658a,probe_gap,-0.0038580260818756986,0.9018643901845027,1024,,1,ok
diagnostic_run,within_job,,,,physics_factorial-allen_cahn-silu-physics-s29-f5d17ec69c,probe_nrmse,0.06866580090837565,0.028005051311604173,1024,,1,ok
diagnostic_run,within_job,,,,physics_factorial-allen_cahn-silu-physics-s29-f5d17ec69c,probe_gap,-0.011180474840855445,0.7208302664675423,1024,,1,ok
diagnostic_run,within_job,,,,physics_factorial-allen_cahn-silu-physics-s47-101fc909fe,probe_nrmse,0.05600500232458336,0.07323277844981496,1024,,1,ok
diagnostic_run,within_job,,,,physics_factorial-allen_cahn-silu-physics-s47-101fc909fe,probe_gap,0.012677439471425503,0.6853313465950743,1024,,1,ok
diagnostic_run,within_job,physics_factorial,allen_cahn,silu,physics_factorial-allen_cahn-silu-physics-s47-7f1bb06e91,probe_nrmse,0.06136143488641234,0.04964412630578061,1024,,1,ok
diagnostic_run,within_job,physics_factorial,allen_cahn,silu,physics_factorial-allen_cahn-silu-physics-s47-7f1bb06e91,probe_gap,-0.01347144677785769,0.6667742873275035,1024,,1,ok
diagnostic_run,within_job,,,,physics_factorial-ieee118-ganr-no_physics-s11-2065ea7c40,probe_nrmse,-0.023091897038838422,0.46043144809068504,1024,,1,ok
diagnostic_run,within_job,,,,physics_factorial-ieee118-ganr-no_physics-s11-2065ea7c40,probe_gap,-0.11582163963593449,0.00020378937309776352,1024,,1,ok
diagnostic_run,within_job,,,,physics_factorial-ieee118-ganr-no_physics-s11-898cbae324,probe_nrmse,-0.023091897038838422,0.46043144809068504,1024,,1,ok
diagnostic_run,within_job,,,,physics_factorial-ieee118-ganr-no_physics-s11-898cbae324,probe_gap,-0.11582163963593449,0.00020378937309776352,1024,,1,ok
diagnostic_run,within_job,,,,physics_factorial-ieee118-ganr-no_physics-s11-9aeb68a5f6,probe_nrmse,-0.023091897038838422,0.46043144809068504,1024,,1,ok
diagnostic_run,within_job,,,,physics_factorial-ieee118-ganr-no_physics-s11-9aeb68a5f6,probe_gap,-0.11582163963593449,0.00020378937309776352,1024,,1,ok
diagnostic_run,within_job,,,,physics_factorial-ieee118-ganr-no_physics-s11-b9a036ff72,probe_nrmse,0.0220879675988842,0.48016462987911457,1024,,1,ok
diagnostic_run,within_job,,,,physics_factorial-ieee118-ganr-no_physics-s11-b9a036ff72,probe_gap,-0.03249758600958443,0.2988386837024026,1024,,1,ok
diagnostic_run,within_job,physics_factorial,ieee118,ganr,physics_factorial-ieee118-ganr-no_physics-s11-e99704fa87,probe_nrmse,-0.023091897038838422,0.46043144809068504,1024,,1,ok
diagnostic_run,within_job,physics_factorial,ieee118,ganr,physics_factorial-ieee118-ganr-no_physics-s11-e99704fa87,probe_gap,-0.11582163963593449,0.00020378937309776352,1024,,1,ok
diagnostic_run,within_job,,,,physics_factorial-ieee118-ganr-no_physics-s29-159cf9330b,probe_nrmse,0.02624908357771261,0.4014191886227795,1024,,1,ok
diagnostic_run,within_job,,,,physics_factorial-ieee118-ganr-no_physics-s29-159cf9330b,probe_gap,-0.022946873275971832,0.46325373563347383,1024,,1,ok
diagnostic_run,within_job,,,,physics_factorial-ieee118-ganr-no_physics-s29-1ac47bb5d9,probe_nrmse,-0.02784295427723339,0.37343427995277134,1024,,1,ok
diagnostic_run,within_job,,,,physics_factorial-ieee118-ganr-no_physics-s29-1ac47bb5d9,probe_gap,-0.12806270563622058,3.9577083207235594e-05,1024,,1,ok
diagnostic_run,within_job,,,,physics_factorial-ieee118-ganr-no_physics-s29-3a5a1a4bc8,probe_nrmse,-0.02784295427723339,0.37343427995277134,1024,,1,ok
diagnostic_run,within_job,,,,physics_factorial-ieee118-ganr-no_physics-s29-3a5a1a4bc8,probe_gap,-0.12806270563622058,3.9577083207235594e-05,1024,,1,ok
diagnostic_run,within_job,,,,physics_factorial-ieee118-ganr-no_physics-s29-68b6c6b934,probe_nrmse,-0.02784295427723339,0.37343427995277134,1024,,1,ok
diagnostic_run,within_job,,,,physics_factorial-ieee118-ganr-no_physics-s29-68b6c6b934,probe_gap,-0.12806270563622058,3.9577083207235594e-05,1024,,1,ok
diagnostic_run,within_job,physics_factorial,ieee118,ganr,physics_factorial-ieee118-ganr-no_physics-s29-6eb3f3c12f,probe_nrmse,-0.02784295427723339,0.37343427995277134,1024,,1,ok
diagnostic_run,within_job,physics_factorial,ieee118,ganr,physics_factorial-ieee118-ganr-no_physics-s29-6eb3f3c12f,probe_gap,-0.12806270563622058,3.9577083207235594e-05,1024,,1,ok
diagnostic_run,within_job,,,,physics_factorial-ieee118-ganr-no_physics-s47-0b026815b6,probe_nrmse,0.0235492029361276,0.4515950641201396,1024,,1,ok
diagnostic_run,within_job,,,,physics_factorial-ieee118-ganr-no_physics-s47-0b026815b6,probe_gap,-0.07082176257063157,0.023428454385637485,1024,,1,ok
diagnostic_run,within_job,,,,physics_factorial-ieee118-ganr-no_physics-s47-17b0c667f0,probe_nrmse,0.0235492029361276,0.4515950641201396,1024,,1,ok
diagnostic_run,within_job,,,,physics_factorial-ieee118-ganr-no_physics-s47-17b0c667f0,probe_gap,-0.07082176257063157,0.023428454385637485,1024,,1,ok
diagnostic_run,within_job,,,,physics_factorial-ieee118-ganr-no_physics-s47-3bd8b92797,probe_nrmse,0.008921180977755523,0.7755408806161693,1024,,1,ok
diagnostic_run,within_job,,,,physics_factorial-ieee118-ganr-no_physics-s47-3bd8b92797,probe_gap,-0.03313389600171661,0.2894720517143481,1024,,1,ok
diagnostic_run,within_job,,,,physics_factorial-ieee118-ganr-no_physics-s47-b6af89a340,probe_nrmse,0.0235492029361276,0.4515950641201396,1024,,1,ok
diagnostic_run,within_job,,,,physics_factorial-ieee118-ganr-no_physics-s47-b6af89a340,probe_gap,-0.07082176257063157,0.023428454385637485,1024,,1,ok
diagnostic_run,within_job,physics_factorial,ieee118,ganr,physics_factorial-ieee118-ganr-no_physics-s47-d6ec341c90,probe_nrmse,0.0235492029361276,0.4515950641201396,1024,,1,ok
diagnostic_run,within_job,physics_factorial,ieee118,ganr,physics_factorial-ieee118-ganr-no_physics-s47-d6ec341c90,probe_gap,-0.07082176257063157,0.023428454385637485,1024,,1,ok
diagnostic_run,within_job,physics_factorial,ieee118,ganr,physics_factorial-ieee118-ganr-physics-s11-3afd646618,probe_nrmse,0.08535679001859665,0.006274693384484015,1024,,1,ok
diagnostic_run,within_job,physics_factorial,ieee118,ganr,physics_factorial-ieee118-ganr-physics-s11-3afd646618,probe_gap,-0.16131230553966094,2.106186221036699e-07,1024,,1,ok
diagnostic_run,within_job,,,,physics_factorial-ieee118-ganr-physics-s11-927cfa5031,probe_nrmse,0.08535679001859665,0.006274693384484015,1024,,1,ok
diagnostic_run,within_job,,,,physics_factorial-ieee118-ganr-physics-s11-927cfa5031,probe_gap,-0.16131230553966094,2.106186221036699e-07,1024,,1,ok
diagnostic_run,within_job,,,,physics_factorial-ieee118-ganr-physics-s11-9faebee16b,probe_nrmse,0.08535679001859665,0.006274693384484015,1024,,1,ok
diagnostic_run,within_job,,,,physics_factorial-ieee118-ganr-physics-s11-9faebee16b,probe_gap,-0.16131230553966094,2.106186221036699e-07,1024,,1,ok
diagnostic_run,within_job,,,,physics_factorial-ieee118-ganr-physics-s11-cc5e7930f3,probe_nrmse,0.08535679001859665,0.006274693384484015,1024,,1,ok
diagnostic_run,within_job,,,,physics_factorial-ieee118-ganr-physics-s11-cc5e7930f3,probe_gap,-0.16131230553966094,2.106186221036699e-07,1024,,1,ok
diagnostic_run,within_job,,,,physics_factorial-ieee118-ganr-physics-s11-e61f70eb99,probe_nrmse,-0.007088403458264786,0.8207700124266906,1024,,1,ok
diagnostic_run,within_job,,,,physics_factorial-ieee118-ganr-physics-s11-e61f70eb99,probe_gap,0.0035709847292754444,0.9091329136749315,1024,,1,ok
diagnostic_run,within_job,physics_factorial,ieee118,ganr,physics_factorial-ieee118-ganr-physics-s29-1198239c50,probe_nrmse,0.36094910157353366,7.222590552990639e-33,1024,,1,ok
diagnostic_run,within_job,physics_factorial,ieee118,ganr,physics_factorial-ieee118-ganr-physics-s29-1198239c50,probe_gap,-0.1458690928365647,2.76966034477346e-06,1024,,1,ok
diagnostic_run,within_job,,,,physics_factorial-ieee118-ganr-physics-s29-22d8b58e29,probe_nrmse,0.36094910157353366,7.222590552990639e-33,1024,,1,ok
diagnostic_run,within_job,,,,physics_factorial-ieee118-ganr-physics-s29-22d8b58e29,probe_gap,-0.1458690928365647,2.76966034477346e-06,1024,,1,ok
diagnostic_run,within_job,,,,physics_factorial-ieee118-ganr-physics-s29-270660089e,probe_nrmse,0.36094910157353366,7.222590552990639e-33,1024,,1,ok
diagnostic_run,within_job,,,,physics_factorial-ieee118-ganr-physics-s29-270660089e,probe_gap,-0.1458690928365647,2.76966034477346e-06,1024,,1,ok
diagnostic_run,within_job,,,,physics_factorial-ieee118-ganr-physics-s29-66dc3dfe4b,probe_nrmse,0.36094910157353366,7.222590552990639e-33,1024,,1,ok
diagnostic_run,within_job,,,,physics_factorial-ieee118-ganr-physics-s29-66dc3dfe4b,probe_gap,-0.1458690928365647,2.76966034477346e-06,1024,,1,ok
diagnostic_run,within_job,,,,physics_factorial-ieee118-ganr-physics-s29-d210311504,probe_nrmse,0.019321959266146913,0.5368356403272126,1024,,1,ok
diagnostic_run,within_job,,,,physics_factorial-ieee118-ganr-physics-s29-d210311504,probe_gap,-0.01560819147414348,0.617862178649661,1024,,1,ok
diagnostic_run,within_job,,,,physics_factorial-ieee118-ganr-physics-s47-2b5ace6b43,probe_nrmse,0.39425392049924896,2.0335655317867175e-39,1024,,1,ok
diagnostic_run,within_job,,,,physics_factorial-ieee118-ganr-physics-s47-2b5ace6b43,probe_gap,-0.17737480777483725,1.1007163694533152e-08,1024,,1,ok
diagnostic_run,within_job,,,,physics_factorial-ieee118-ganr-physics-s47-a272fcb264,probe_nrmse,0.39425392049924896,2.0335655317867175e-39,1024,,1,ok
diagnostic_run,within_job,,,,physics_factorial-ieee118-ganr-physics-s47-a272fcb264,probe_gap,-0.17737480777483725,1.1007163694533152e-08,1024,,1,ok
diagnostic_run,within_job,,,,physics_factorial-ieee118-ganr-physics-s47-a5b36b1274,probe_nrmse,-0.000908342125026822,0.9768395061466691,1024,,1,ok
diagnostic_run,within_job,,,,physics_factorial-ieee118-ganr-physics-s47-a5b36b1274,probe_gap,-0.014074525248551606,0.6528135587984815,1024,,1,ok
diagnostic_run,within_job,,,,physics_factorial-ieee118-ganr-physics-s47-a7feacb451,probe_nrmse,0.39425392049924896,2.0335655317867175e-39,1024,,1,ok
diagnostic_run,within_job,,,,physics_factorial-ieee118-ganr-physics-s47-a7feacb451,probe_gap,-0.17737480777483725,1.1007163694533152e-08,1024,,1,ok
diagnostic_run,within_job,physics_factorial,ieee118,ganr,physics_factorial-ieee118-ganr-physics-s47-e1da167db9,probe_nrmse,0.39425392049924896,2.0335655317867175e-39,1024,,1,ok
diagnostic_run,within_job,physics_factorial,ieee118,ganr,physics_factorial-ieee118-ganr-physics-s47-e1da167db9,probe_gap,-0.17737480777483725,1.1007163694533152e-08,1024,,1,ok
diagnostic_run,within_job,,,,physics_factorial-ieee118-silu-no_physics-s11-51b3a3d660,probe_nrmse,0.034928373775123374,0.264129658350504,1024,,1,ok
diagnostic_run,within_job,,,,physics_factorial-ieee118-silu-no_physics-s11-51b3a3d660,probe_gap,-0.10940517488019454,0.00045281086098012074,1024,,1,ok
diagnostic_run,within_job,physics_factorial,ieee118,silu,physics_factorial-ieee118-silu-no_physics-s11-c81279ce2d,probe_nrmse,-0.008003596398683926,0.7981003584281079,1024,,1,ok
diagnostic_run,within_job,physics_factorial,ieee118,silu,physics_factorial-ieee118-silu-no_physics-s11-c81279ce2d,probe_gap,-0.12550606626850727,5.6439609094238465e-05,1024,,1,ok
diagnostic_run,within_job,physics_factorial,ieee118,silu,physics_factorial-ieee118-silu-no_physics-s29-84efa60875,probe_nrmse,0.03471330511050712,0.26708371517721263,1024,,1,ok
diagnostic_run,within_job,physics_factorial,ieee118,silu,physics_factorial-ieee118-silu-no_physics-s29-84efa60875,probe_gap,-0.10874347328517274,0.0004905157761826806,1024,,1,ok
diagnostic_run,within_job,,,,physics_factorial-ieee118-silu-no_physics-s29-b080784ef9,probe_nrmse,0.034461423092053495,0.2705721653726322,1024,,1,ok
diagnostic_run,within_job,,,,physics_factorial-ieee118-silu-no_physics-s29-b080784ef9,probe_gap,-0.09189021037479435,0.00324918323651349,1024,,1,ok
diagnostic_run,within_job,,,,physics_factorial-ieee118-silu-no_physics-s47-c5dafe09ca,probe_nrmse,0.03341343832701523,0.2854202216569212,1024,,1,ok
diagnostic_run,within_job,,,,physics_factorial-ieee118-silu-no_physics-s47-c5dafe09ca,probe_gap,-0.12967940866175523,3.1511382572856644e-05,1024,,1,ok
diagnostic_run,within_job,physics_factorial,ieee118,silu,physics_factorial-ieee118-silu-no_physics-s47-cf70ae18d7,probe_nrmse,0.0017439292611401184,0.9555508310704037,1024,,1,ok
diagnostic_run,within_job,physics_factorial,ieee118,silu,physics_factorial-ieee118-silu-no_physics-s47-cf70ae18d7,probe_gap,-0.10722254756455188,0.0005885366628632268,1024,,1,ok
diagnostic_run,within_job,physics_factorial,ieee118,silu,physics_factorial-ieee118-silu-physics-s11-3fca082dd2,probe_nrmse,-0.0304199449252557,0.3308146218569411,1024,,1,ok
diagnostic_run,within_job,physics_factorial,ieee118,silu,physics_factorial-ieee118-silu-physics-s11-3fca082dd2,probe_gap,0.00874213217938631,0.7799287494691637,1024,,1,ok
diagnostic_run,within_job,,,,physics_factorial-ieee118-silu-physics-s11-b1c574bb34,probe_nrmse,-0.0002757648773335241,0.9929677773904491,1024,,1,ok
diagnostic_run,within_job,,,,physics_factorial-ieee118-silu-physics-s11-b1c574bb34,probe_gap,-0.004829612509834776,0.8773260977591214,1024,,1,ok
diagnostic_run,within_job,,,,physics_factorial-ieee118-silu-physics-s29-8aa1c54871,probe_nrmse,0.03057753603104213,0.32831444434263746,1024,,1,ok
diagnostic_run,within_job,,,,physics_factorial-ieee118-silu-physics-s29-8aa1c54871,probe_gap,-0.018683827605321505,0.5503709455998131,1024,,1,ok
diagnostic_run,within_job,physics_factorial,ieee118,silu,physics_factorial-ieee118-silu-physics-s29-c7ba2eaaa6,probe_nrmse,0.0170077247693298,0.5867017731135797,1024,,1,ok
diagnostic_run,within_job,physics_factorial,ieee118,silu,physics_factorial-ieee118-silu-physics-s29-c7ba2eaaa6,probe_gap,0.0014954782383234388,0.9618781227983627,1024,,1,ok
diagnostic_run,within_job,,,,physics_factorial-ieee118-silu-physics-s47-c7ad99ffee,probe_nrmse,0.0020286795472426863,0.9483025695334228,1024,,1,ok
diagnostic_run,within_job,,,,physics_factorial-ieee118-silu-physics-s47-c7ad99ffee,probe_gap,0.016561505346541733,0.596557697968424,1024,,1,ok
diagnostic_run,within_job,physics_factorial,ieee118,silu,physics_factorial-ieee118-silu-physics-s47-de6d7ca6a5,probe_nrmse,-0.011675141710178097,0.7090286682580619,1024,,1,ok
diagnostic_run,within_job,physics_factorial,ieee118,silu,physics_factorial-ieee118-silu-physics-s47-de6d7ca6a5,probe_gap,0.0023334458372076387,0.9405495503921772,1024,,1,ok
diagnostic_run,within_job,,,,physics_factorial-shallow_water-ganr-no_physics-s11-006574a470,probe_nrmse,0.032743868911379724,0.29518965057129976,1024,,1,ok
diagnostic_run,within_job,,,,physics_factorial-shallow_water-ganr-no_physics-s11-006574a470,probe_gap,0.03457562942564909,0.26898661422377124,1024,,1,ok
diagnostic_run,within_job,,,,physics_factorial-shallow_water-ganr-no_physics-s11-1372604dcc,probe_nrmse,0.032743868911379724,0.29518965057129976,1024,,1,ok
diagnostic_run,within_job,,,,physics_factorial-shallow_water-ganr-no_physics-s11-1372604dcc,probe_gap,0.03457562942564909,0.26898661422377124,1024,,1,ok
diagnostic_run,within_job,,,,physics_factorial-shallow_water-ganr-no_physics-s11-30a852d30c,probe_nrmse,0.0057147926363088535,0.8550714758020815,1024,,1,ok
diagnostic_run,within_job,,,,physics_factorial-shallow_water-ganr-no_physics-s11-30a852d30c,probe_gap,0.030010315422521847,0.33737075180487464,1024,,1,ok
diagnostic_run,within_job,,,,physics_factorial-shallow_water-ganr-no_physics-s11-3a41705b7b,probe_nrmse,0.032743868911379724,0.29518965057129976,1024,,1,ok
diagnostic_run,within_job,,,,physics_factorial-shallow_water-ganr-no_physics-s11-3a41705b7b,probe_gap,0.03457562942564909,0.26898661422377124,1024,,1,ok
diagnostic_run,within_job,physics_factorial,shallow_water,ganr,physics_factorial-shallow_water-ganr-no_physics-s11-9b779cf0ec,probe_nrmse,0.04786989932765896,0.12580808560526863,1024,,1,ok
diagnostic_run,within_job,physics_factorial,shallow_water,ganr,physics_factorial-shallow_water-ganr-no_physics-s11-9b779cf0ec,probe_gap,0.043526303554824404,0.1639829290292345,1024,,1,ok
diagnostic_run,within_job,,,,physics_factorial-shallow_water-ganr-no_physics-s29-03f4b987e1,probe_nrmse,0.03583312295434742,0.2519493822308048,1024,,1,ok
diagnostic_run,within_job,,,,physics_factorial-shallow_water-ganr-no_physics-s29-03f4b987e1,probe_gap,0.0614986914760956,0.04913516425051663,1024,,1,ok
diagnostic_run,within_job,,,,physics_factorial-shallow_water-ganr-no_physics-s29-56b27842ca,probe_nrmse,0.03583312295434742,0.2519493822308048,1024,,1,ok
diagnostic_run,within_job,,,,physics_factorial-shallow_water-ganr-no_physics-s29-56b27842ca,probe_gap,0.0614986914760956,0.04913516425051663,1024,,1,ok
diagnostic_run,within_job,,,,physics_factorial-shallow_water-ganr-no_physics-s29-666f587ab8,probe_nrmse,0.03583312295434742,0.2519493822308048,1024,,1,ok
diagnostic_run,within_job,,,,physics_factorial-shallow_water-ganr-no_physics-s29-666f587ab8,probe_gap,0.0614986914760956,0.04913516425051663,1024,,1,ok
diagnostic_run,within_job,physics_factorial,shallow_water,ganr,physics_factorial-shallow_water-ganr-no_physics-s29-8e97a2b2fc,probe_nrmse,0.04833681648308418,0.12215468533215076,1024,,1,ok
diagnostic_run,within_job,physics_factorial,shallow_water,ganr,physics_factorial-shallow_water-ganr-no_physics-s29-8e97a2b2fc,probe_gap,0.011655818610972033,0.7094883876842679,1024,,1,ok
diagnostic_run,within_job,,,,physics_factorial-shallow_water-ganr-no_physics-s29-cdf44fcad4,probe_nrmse,0.025663165635505324,0.4120146856510388,1024,,1,ok
diagnostic_run,within_job,,,,physics_factorial-shallow_water-ganr-no_physics-s29-cdf44fcad4,probe_gap,-0.017444075888706098,0.5771373228156294,1024,,1,ok
diagnostic_run,within_job,physics_factorial,shallow_water,ganr,physics_factorial-shallow_water-ganr-no_physics-s47-15a34dba79,probe_nrmse,0.06528366082005171,0.036729866927415165,1024,,1,ok
diagnostic_run,within_job,physics_factorial,shallow_water,ganr,physics_factorial-shallow_water-ganr-no_physics-s47-15a34dba79,probe_gap,0.04513070206086246,0.1489771223222171,1024,,1,ok
diagnostic_run,within_job,,,,physics_factorial-shallow_water-ganr-no_physics-s47-17ef21fdb1,probe_nrmse,0.04413088521922609,0.15820009224197087,1024,,1,ok
diagnostic_run,within_job,,,,physics_factorial-shallow_water-ganr-no_physics-s47-17ef21fdb1,probe_gap,0.030907079250411272,0.32312591167642335,1024,,1,ok
diagnostic_run,within_job,,,,physics_factorial-shallow_water-ganr-no_physics-s47-1df2016033,probe_nrmse,0.04413088521922609,0.15820009224197087,1024,,1,ok
diagnostic_run,within_job,,,,physics_factorial-shallow_water-ganr-no_physics-s47-1df2016033,probe_gap,0.030907079250411272,0.32312591167642335,1024,,1,ok
diagnostic_run,within_job,,,,physics_factorial-shallow_water-ganr-no_physics-s47-457319d2be,probe_nrmse,-0.007992185823617765,0.7983820010967134,1024,,1,ok
diagnostic_run,within_job,,,,physics_factorial-shallow_water-ganr-no_physics-s47-457319d2be,probe_gap,-0.009579988019454973,0.759458300199242,1024,,1,ok
diagnostic_run,within_job,,,,physics_factorial-shallow_water-ganr-no_physics-s47-b5193160ee,probe_nrmse,0.04413088521922609,0.15820009224197087,1024,,1,ok
diagnostic_run,within_job,,,,physics_factorial-shallow_water-ganr-no_physics-s47-b5193160ee,probe_gap,0.030907079250411272,0.32312591167642335,1024,,1,ok
diagnostic_run,within_job,physics_factorial,shallow_water,ganr,physics_factorial-shallow_water-ganr-physics-s11-62789bc33d,probe_nrmse,-0.006871054913811601,0.8261766177096936,1024,,1,ok
diagnostic_run,within_job,physics_factorial,shallow_water,ganr,physics_factorial-shallow_water-ganr-physics-s11-62789bc33d,probe_gap,0.09863322321364708,0.0015770607901619646,1024,,1,ok
diagnostic_run,within_job,,,,physics_factorial-shallow_water-ganr-physics-s11-664c6585ca,probe_nrmse,0.00939778762248766,0.763896066053997,1024,,1,ok
diagnostic_run,within_job,,,,physics_factorial-shallow_water-ganr-physics-s11-664c6585ca,probe_gap,0.10577280103354551,0.000698647104681807,1024,,1,ok
diagnostic_run,within_job,,,,physics_factorial-shallow_water-ganr-physics-s11-c9d19a81b5,probe_nrmse,0.00939778762248766,0.763896066053997,1024,,1,ok
diagnostic_run,within_job,,,,physics_factorial-shallow_water-ganr-physics-s11-c9d19a81b5,probe_gap,0.10577280103354551,0.000698647104681807,1024,,1,ok
diagnostic_run,within_job,,,,physics_factorial-shallow_water-ganr-physics-s11-e0b459aa71,probe_nrmse,0.00939778762248766,0.763896066053997,1024,,1,ok
diagnostic_run,within_job,,,,physics_factorial-shallow_water-ganr-physics-s11-e0b459aa71,probe_gap,0.10577280103354551,0.000698647104681807,1024,,1,ok
diagnostic_run,within_job,,,,physics_factorial-shallow_water-ganr-physics-s11-fa2847d762,probe_nrmse,0.018655317931478434,0.550979552676236,1024,,1,ok
diagnostic_run,within_job,,,,physics_factorial-shallow_water-ganr-physics-s11-fa2847d762,probe_gap,0.11886142353908875,0.00013760023785166595,1024,,1,ok
diagnostic_run,within_job,physics_factorial,shallow_water,ganr,physics_factorial-shallow_water-ganr-physics-s29-3b2f103890,probe_nrmse,0.0027641196087547382,0.9296032988015439,1024,,1,ok
diagnostic_run,within_job,physics_factorial,shallow_water,ganr,physics_factorial-shallow_water-ganr-physics-s29-3b2f103890,probe_gap,0.10621278431442671,0.000663359252067789,1024,,1,ok
diagnostic_run,within_job,,,,physics_factorial-shallow_water-ganr-physics-s29-52d4cd6bd7,probe_nrmse,-0.0009707705993848794,0.9752482269004719,1024,,1,ok
diagnostic_run,within_job,,,,physics_factorial-shallow_water-ganr-physics-s29-52d4cd6bd7,probe_gap,0.10602251493097774,0.0006784112582939369,1024,,1,ok
diagnostic_run,within_job,,,,physics_factorial-shallow_water-ganr-physics-s29-69e6852634,probe_nrmse,-0.0009707705993848794,0.9752482269004719,1024,,1,ok
diagnostic_run,within_job,,,,physics_factorial-shallow_water-ganr-physics-s29-69e6852634,probe_gap,0.10602251493097774,0.0006784112582939369,1024,,1,ok
diagnostic_run,within_job,,,,physics_factorial-shallow_water-ganr-physics-s29-7e68255ca2,probe_nrmse,0.0017774792575638366,0.9546966202031012,1024,,1,ok
diagnostic_run,within_job,,,,physics_factorial-shallow_water-ganr-physics-s29-7e68255ca2,probe_gap,0.09249548494385236,0.003050593034479885,1024,,1,ok
diagnostic_run,within_job,,,,physics_factorial-shallow_water-ganr-physics-s29-b1045f5abe,probe_nrmse,-0.0009707705993848794,0.9752482269004719,1024,,1,ok
diagnostic_run,within_job,,,,physics_factorial-shallow_water-ganr-physics-s29-b1045f5abe,probe_gap,0.10602251493097774,0.0006784112582939369,1024,,1,ok
diagnostic_run,within_job,physics_factorial,shallow_water,ganr,physics_factorial-shallow_water-ganr-physics-s47-1c4025fb41,probe_nrmse,0.006279236106144052,0.8409393269187125,1024,,1,ok
diagnostic_run,within_job,physics_factorial,shallow_water,ganr,physics_factorial-shallow_water-ganr-physics-s47-1c4025fb41,probe_gap,0.09578896135827193,0.0021509217661436555,1024,,1,ok
diagnostic_run,within_job,,,,physics_factorial-shallow_water-ganr-physics-s47-353ab46f4a,probe_nrmse,0.012695387937200486,0.6849097122579322,1024,,1,ok
diagnostic_run,within_job,,,,physics_factorial-shallow_water-ganr-physics-s47-353ab46f4a,probe_gap,0.0966262360524998,0.001964755822721164,1024,,1,ok
diagnostic_run,within_job,,,,physics_factorial-shallow_water-ganr-physics-s47-45dd6e1b13,probe_nrmse,0.012695387937200486,0.6849097122579322,1024,,1,ok
diagnostic_run,within_job,,,,physics_factorial-shallow_water-ganr-physics-s47-45dd6e1b13,probe_gap,0.0966262360524998,0.001964755822721164,1024,,1,ok
diagnostic_run,within_job,,,,physics_factorial-shallow_water-ganr-physics-s47-c09bde6c54,probe_nrmse,0.027793735694871608,0.37427998620938996,1024,,1,ok
diagnostic_run,within_job,,,,physics_factorial-shallow_water-ganr-physics-s47-c09bde6c54,probe_gap,0.12773258127101067,4.144869410694444e-05,1024,,1,ok
diagnostic_run,within_job,,,,physics_factorial-shallow_water-ganr-physics-s47-f927a5b392,probe_nrmse,0.012695387937200486,0.6849097122579322,1024,,1,ok
diagnostic_run,within_job,,,,physics_factorial-shallow_water-ganr-physics-s47-f927a5b392,probe_gap,0.0966262360524998,0.001964755822721164,1024,,1,ok
diagnostic_run,within_job,,,,physics_factorial-shallow_water-silu-no_physics-s11-1d02479dc7,probe_nrmse,0.026584818235462413,0.39542220601168887,1024,,1,ok
diagnostic_run,within_job,,,,physics_factorial-shallow_water-silu-no_physics-s11-1d02479dc7,probe_gap,0.010419419658822687,0.7391167470250164,1024,,1,ok
diagnostic_run,within_job,physics_factorial,shallow_water,silu,physics_factorial-shallow_water-silu-no_physics-s11-b131d18cef,probe_nrmse,0.04633417673986123,0.1384258576734566,1024,,1,ok
diagnostic_run,within_job,physics_factorial,shallow_water,silu,physics_factorial-shallow_water-silu-no_physics-s11-b131d18cef,probe_gap,0.030771761676561045,0.3252499414008072,1024,,1,ok
diagnostic_run,within_job,,,,physics_factorial-shallow_water-silu-no_physics-s29-69f8fbcb00,probe_nrmse,-0.012020062942564908,0.7008405234067729,1024,,1,ok
diagnostic_run,within_job,,,,physics_factorial-shallow_water-silu-no_physics-s29-69f8fbcb00,probe_gap,0.05485565231385451,0.07933492927225205,1024,,1,ok
diagnostic_run,within_job,physics_factorial,shallow_water,silu,physics_factorial-shallow_water-silu-no_physics-s29-8dc3ec76fe,probe_nrmse,0.06587048941420498,0.035068167832969524,1024,,1,ok
diagnostic_run,within_job,physics_factorial,shallow_water,silu,physics_factorial-shallow_water-silu-no_physics-s29-8dc3ec76fe,probe_gap,0.050768632429726054,0.10444859034468157,1024,,1,ok
diagnostic_run,within_job,,,,physics_factorial-shallow_water-silu-no_physics-s47-034bacdd52,probe_nrmse,0.008650054091266719,0.7821880044560594,1024,,1,ok
diagnostic_run,within_job,,,,physics_factorial-shallow_water-silu-no_physics-s47-034bacdd52,probe_gap,0.034877903494027605,0.26482085994736854,1024,,1,ok
diagnostic_run,within_job,physics_factorial,shallow_water,silu,physics_factorial-shallow_water-silu-no_physics-s47-0ab89073be,probe_nrmse,0.0497139813902405,0.11186016720775004,1024,,1,ok
diagnostic_run,within_job,physics_factorial,shallow_water,silu,physics_factorial-shallow_water-silu-no_physics-s47-0ab89073be,probe_gap,0.08932392113249633,0.0042284804212069545,1024,,1,ok
diagnostic_run,within_job,physics_factorial,shallow_water,silu,physics_factorial-shallow_water-silu-physics-s11-bb882638a2,probe_nrmse,0.019914068646734853,0.5244277849187,1024,,1,ok
diagnostic_run,within_job,physics_factorial,shallow_water,silu,physics_factorial-shallow_water-silu-physics-s11-bb882638a2,probe_gap,0.09824487250554324,0.0016460923063766515,1024,,1,ok
diagnostic_run,within_job,,,,physics_factorial-shallow_water-silu-physics-s11-e2e55ab674,probe_nrmse,0.024380174433159287,0.43578621126792183,1024,,1,ok
diagnostic_run,within_job,,,,physics_factorial-shallow_water-silu-physics-s11-e2e55ab674,probe_gap,0.07275805110507116,0.019885539258514627,1024,,1,ok
diagnostic_run,within_job,physics_factorial,shallow_water,silu,physics_factorial-shallow_water-silu-physics-s29-6bf8cf68a9,probe_nrmse,0.007080982672913239,0.8209544679368657,1024,,1,ok
diagnostic_run,within_job,physics_factorial,shallow_water,silu,physics_factorial-shallow_water-silu-physics-s29-6bf8cf68a9,probe_gap,0.09797938943923895,0.0016948695749448932,1024,,1,ok
diagnostic_run,within_job,,,,physics_factorial-shallow_water-silu-physics-s29-980cab7355,probe_nrmse,-0.028926243652099278,0.3551205618830888,1024,,1,ok
diagnostic_run,within_job,,,,physics_factorial-shallow_water-silu-physics-s29-980cab7355,probe_gap,0.10188419775051855,0.001095370502630341,1024,,1,ok
diagnostic_run,within_job,,,,physics_factorial-shallow_water-silu-physics-s47-325ea85e44,probe_nrmse,-0.042471635612617124,0.17444935633118955,1024,,1,ok
diagnostic_run,within_job,,,,physics_factorial-shallow_water-silu-physics-s47-325ea85e44,probe_gap,0.09328858137829911,0.002807114657178864,1024,,1,ok
diagnostic_run,within_job,physics_factorial,shallow_water,silu,physics_factorial-shallow_water-silu-physics-s47-e37bd9c5e2,probe_nrmse,0.0031622492132179383,0.9194959779765149,1024,,1,ok
diagnostic_run,within_job,physics_factorial,shallow_water,silu,physics_factorial-shallow_water-silu-physics-s47-e37bd9c5e2,probe_gap,0.11455334471783134,0.00023941185397882464,1024,,1,ok
diagnostic_run,within_job,,,,scale_depth-controlled-silu-depth_2-s11-2e9cabc7a4,probe_nrmse,-0.09602330841856803,0.002097251168831951,1024,,1,ok
diagnostic_run,within_job,,,,scale_depth-controlled-silu-depth_2-s11-2e9cabc7a4,probe_gap,-0.40812429591946214,2.2364441843517896e-42,1024,,1,ok
diagnostic_run,within_job,scale_depth,controlled,silu,scale_depth-controlled-silu-depth_2-s11-3bba68cd1d,probe_nrmse,-0.07749076356690979,0.01312327893914205,1024,,1,ok
diagnostic_run,within_job,scale_depth,controlled,silu,scale_depth-controlled-silu-depth_2-s11-3bba68cd1d,probe_gap,-0.34400294006152843,8.069021573674881e-30,1024,,1,ok
diagnostic_run,within_job,,,,scale_depth-controlled-silu-depth_2-s11-c1b5dd59b9,probe_nrmse,0.029953351870395533,0.338289014562574,1024,,1,ok
diagnostic_run,within_job,,,,scale_depth-controlled-silu-depth_2-s11-c1b5dd59b9,probe_gap,-0.27594448492597096,2.369994918083277e-19,1024,,1,ok
diagnostic_run,within_job,scale_depth,controlled,silu,scale_depth-controlled-silu-depth_4-s11-011955ddc1,probe_nrmse,-0.1036507246441599,0.0008946358471700278,1024,,1,ok
diagnostic_run,within_job,scale_depth,controlled,silu,scale_depth-controlled-silu-depth_4-s11-011955ddc1,probe_gap,-0.406043983799442,6.342990850342793e-42,1024,,1,ok
diagnostic_run,within_job,,,,scale_depth-controlled-silu-depth_4-s11-2fc1e3cc88,probe_nrmse,-0.22680633728480562,2.059736941234996e-13,1024,,1,ok
diagnostic_run,within_job,,,,scale_depth-controlled-silu-depth_4-s11-2fc1e3cc88,probe_gap,-0.38372771292061303,2.8930607196569565e-37,1024,,1,ok
diagnostic_run,within_job,,,,scale_depth-controlled-silu-depth_4-s11-8934f13e8b,probe_nrmse,-0.1050049285637651,0.0007644355290292441,1024,,1,ok
diagnostic_run,within_job,,,,scale_depth-controlled-silu-depth_4-s11-8934f13e8b,probe_gap,-0.35716462297045987,3.5941094688435765e-32,1024,,1,ok
diagnostic_run,within_job,,,,scale_depth-controlled-silu-depth_8-s11-62a6b8cb31,probe_nrmse,-0.12504261363636363,6.014701346427688e-05,1024,,1,ok
diagnostic_run,within_job,,,,scale_depth-controlled-silu-depth_8-s11-62a6b8cb31,probe_gap,-0.4172668152313854,2.096645374748337e-44,1024,,1,ok
diagnostic_run,within_job,scale_depth,controlled,silu,scale_depth-controlled-silu-depth_8-s11-97e76f19d1,probe_nrmse,-0.18107306953709795,5.36089185714961e-09,1024,,1,ok
diagnostic_run,within_job,scale_depth,controlled,silu,scale_depth-controlled-silu-depth_8-s11-97e76f19d1,probe_gap,-0.4170710584900936,2.320651193664157e-44,1024,,1,ok
diagnostic_run,within_job,,,,scale_depth-controlled-silu-depth_8-s11-c19a586304,probe_nrmse,-0.1198845866711966,0.00012030793061618337,1024,,1,ok
diagnostic_run,within_job,,,,scale_depth-controlled-silu-depth_8-s11-c19a586304,probe_gap,-0.3462355384092697,3.2796135310829106e-30,1024,,1,ok
diagnostic_run,within_job,,,,scale_samples-controlled-silu-samples_10000-s11-448ddf8a51,probe_nrmse,-0.19400036209856233,3.8499110565425483e-10,1024,,1,ok
diagnostic_run,within_job,,,,scale_samples-controlled-silu-samples_10000-s11-448ddf8a51,probe_gap,-0.37495116139761103,1.575449303258569e-35,1024,,1,ok
diagnostic_run,within_job,,,,scale_samples-controlled-silu-samples_10000-s11-e7e51a71e4,probe_nrmse,-0.11243992963664973,0.00031200754551067336,1024,,1,ok
diagnostic_run,within_job,,,,scale_samples-controlled-silu-samples_10000-s11-e7e51a71e4,probe_gap,-0.3676967290429869,3.914107861471562e-34,1024,,1,ok
diagnostic_run,within_job,scale_samples,controlled,silu,scale_samples-controlled-silu-samples_10000-s11-f48d2f51b4,probe_nrmse,-0.08493241944424575,0.006539397880288248,1024,,1,ok
diagnostic_run,within_job,scale_samples,controlled,silu,scale_samples-controlled-silu-samples_10000-s11-f48d2f51b4,probe_gap,-0.39710242918961447,5.152875400895268e-40,1024,,1,ok
diagnostic_run,within_job,,,,scale_samples-controlled-silu-samples_100000-s11-2991455de1,probe_nrmse,-0.22680633728480562,2.059736941234996e-13,1024,,1,ok
diagnostic_run,within_job,,,,scale_samples-controlled-silu-samples_100000-s11-2991455de1,probe_gap,-0.38372771292061303,2.8930607196569565e-37,1024,,1,ok
diagnostic_run,within_job,scale_samples,controlled,silu,scale_samples-controlled-silu-samples_100000-s11-d066b471ec,probe_nrmse,-0.1036507246441599,0.0008946358471700278,1024,,1,ok
diagnostic_run,within_job,scale_samples,controlled,silu,scale_samples-controlled-silu-samples_100000-s11-d066b471ec,probe_gap,-0.406043983799442,6.342990850342793e-42,1024,,1,ok
diagnostic_run,within_job,,,,scale_samples-controlled-silu-samples_100000-s11-d21f851cb6,probe_nrmse,-0.1050049285637651,0.0007644355290292441,1024,,1,ok
diagnostic_run,within_job,,,,scale_samples-controlled-silu-samples_100000-s11-d21f851cb6,probe_gap,-0.35716462297045987,3.5941094688435765e-32,1024,,1,ok
diagnostic_run,within_job,,,,scale_samples-controlled-silu-samples_1000000-s11-081218bff3,probe_nrmse,-0.08397718937742064,0.007172260343526711,1024,,1,ok
diagnostic_run,within_job,,,,scale_samples-controlled-silu-samples_1000000-s11-081218bff3,probe_gap,-0.3839572253412959,2.6016155677560097e-37,1024,,1,ok
diagnostic_run,within_job,,,,scale_samples-controlled-silu-samples_1000000-s11-55cd2d4550,probe_nrmse,-0.19437526822115725,3.5568998935173746e-10,1024,,1,ok
diagnostic_run,within_job,,,,scale_samples-controlled-silu-samples_1000000-s11-55cd2d4550,probe_gap,-0.4049367556862885,1.1014228507440257e-41,1024,,1,ok
diagnostic_run,within_job,scale_samples,controlled,silu,scale_samples-controlled-silu-samples_1000000-s11-baafb2dd4f,probe_nrmse,-0.0940903396467211,0.002579113033923078,1024,,1,ok
diagnostic_run,within_job,scale_samples,controlled,silu,scale_samples-controlled-silu-samples_1000000-s11-baafb2dd4f,probe_gap,-0.43233520845441586,6.906817454388393e-48,1024,,1,ok
diagnostic_run,within_job,,,,scale_width-controlled-silu-width_1024-s11-09ae2f1f5d,probe_nrmse,-0.13497903442333298,1.46489887259164e-05,1024,,1,ok
diagnostic_run,within_job,,,,scale_width-controlled-silu-width_1024-s11-09ae2f1f5d,probe_gap,-0.35966337227661466,1.248853767667696e-32,1024,,1,ok
diagnostic_run,within_job,,,,scale_width-controlled-silu-width_1024-s11-4d738e089a,probe_nrmse,-0.18222414724300065,4.272250054181604e-09,1024,,1,ok
diagnostic_run,within_job,,,,scale_width-controlled-silu-width_1024-s11-4d738e089a,probe_gap,-0.40903559749365986,1.4132561875276385e-42,1024,,1,ok
diagnostic_run,within_job,scale_width,controlled,silu,scale_width-controlled-silu-width_1024-s11-f023c9ec39,probe_nrmse,-0.1282121781805004,3.875626274366663e-05,1024,,1,ok
diagnostic_run,within_job,scale_width,controlled,silu,scale_width-controlled-silu-width_1024-s11-f023c9ec39,probe_gap,-0.3720310509130195,5.798373129497869e-35,1024,,1,ok
diagnostic_run,within_job,,,,scale_width-controlled-silu-width_128-s11-8c6f851a68,probe_nrmse,-0.09343269437093196,0.002764823649902611,1024,,1,ok
diagnostic_run,within_job,,,,scale_width-controlled-silu-width_128-s11-8c6f851a68,probe_gap,-0.3542848507413097,1.2011810694505341e-31,1024,,1,ok
diagnostic_run,within_job,,,,scale_width-controlled-silu-width_128-s11-d1988b9d0e,probe_nrmse,-0.14458752056362206,3.3912091523314482e-06,1024,,1,ok
diagnostic_run,within_job,,,,scale_width-controlled-silu-width_128-s11-d1988b9d0e,probe_gap,-0.32187896743795147,4.0997956823178277e-26,1024,,1,ok
diagnostic_run,within_job,scale_width,controlled,silu,scale_width-controlled-silu-width_128-s11-dcbad82970,probe_nrmse,-0.12046916350761748,0.00011136875576977399,1024,,1,ok
diagnostic_run,within_job,scale_width,controlled,silu,scale_width-controlled-silu-width_128-s11-dcbad82970,probe_gap,-0.3755673771547099,1.1946561541508429e-35,1024,,1,ok
diagnostic_run,within_job,,,,scale_width-controlled-silu-width_256-s11-0331673337,probe_nrmse,-0.1050049285637651,0.0007644355290292441,1024,,1,ok
diagnostic_run,within_job,,,,scale_width-controlled-silu-width_256-s11-0331673337,probe_gap,-0.35716462297045987,3.5941094688435765e-32,1024,,1,ok
diagnostic_run,within_job,,,,scale_width-controlled-silu-width_256-s11-0b9d051137,probe_nrmse,-0.22680633728480562,2.059736941234996e-13,1024,,1,ok
diagnostic_run,within_job,,,,scale_width-controlled-silu-width_256-s11-0b9d051137,probe_gap,-0.38372771292061303,2.8930607196569565e-37,1024,,1,ok
diagnostic_run,within_job,scale_width,controlled,silu,scale_width-controlled-silu-width_256-s11-ecc17c792e,probe_nrmse,-0.1036507246441599,0.0008946358471700278,1024,,1,ok
diagnostic_run,within_job,scale_width,controlled,silu,scale_width-controlled-silu-width_256-s11-ecc17c792e,probe_gap,-0.406043983799442,6.342990850342793e-42,1024,,1,ok
diagnostic_run,within_job,,,,scale_width-controlled-silu-width_512-s11-387f6f9c1a,probe_nrmse,-0.24593316375795718,1.4261972534946119e-15,1024,,1,ok
diagnostic_run,within_job,,,,scale_width-controlled-silu-width_512-s11-387f6f9c1a,probe_gap,-0.3972237545597596,4.858764843479971e-40,1024,,1,ok
diagnostic_run,within_job,scale_width,controlled,silu,scale_width-controlled-silu-width_512-s11-63ac5e1901,probe_nrmse,-0.07865600546795652,0.011808378182163175,1024,,1,ok
diagnostic_run,within_job,scale_width,controlled,silu,scale_width-controlled-silu-width_512-s11-63ac5e1901,probe_gap,-0.3289440645142963,2.8986112956630264e-27,1024,,1,ok
diagnostic_run,within_job,,,,scale_width-controlled-silu-width_512-s11-b9e8aee444,probe_nrmse,-0.10790084564515245,0.0005427646686956714,1024,,1,ok
diagnostic_run,within_job,,,,scale_width-controlled-silu-width_512-s11-b9e8aee444,probe_gap,-0.3555314700406228,7.135614253369483e-32,1024,,1,ok
diagnostic_group,mean_within_job,,,,,probe_gap,-0.18732605130622662,,1140736,0.1764704376501361,1190,ok
diagnostic_group,mean_within_job,,,,,probe_nrmse,-0.027176168074715942,,1140736,0.0966238158229139,1190,ok
diagnostic_group,mean_within_job,ablation,ac_power,ganr,,probe_gap,-0.14694300076890063,,5120,0.027077006672536808,5,ok
diagnostic_group,mean_within_job,ablation,ac_power,ganr,,probe_nrmse,-0.010414562620699518,,5120,0.021766520471226583,5,ok
diagnostic_group,mean_within_job,ablation,allen_cahn,ganr,,probe_gap,0.003876077916700692,,4096,0.002453436525507512,4,ok
diagnostic_group,mean_within_job,ablation,allen_cahn,ganr,,probe_nrmse,0.07156374622379341,,4096,0.01919883175457485,4,ok
diagnostic_group,mean_within_job,ablation,controlled,ganr,,probe_gap,-0.43204751588522206,,4096,0.05321068238645435,4,ok
diagnostic_group,mean_within_job,ablation,controlled,ganr,,probe_nrmse,-0.06386511179499316,,4096,0.04511670111443146,4,ok
diagnostic_group,mean_within_job,ablation,duffing,ganr,,probe_gap,-0.2935901180568106,,4096,0.05257208572763654,4,ok
diagnostic_group,mean_within_job,ablation,duffing,ganr,,probe_nrmse,-0.00958033446943567,,4096,0.027272490461544348,4,ok
diagnostic_group,mean_within_job,ablation,ieee118,ganr,,probe_gap,-0.12325145230580786,,4096,0.07612170646770616,4,ok
diagnostic_group,mean_within_job,ablation,ieee118,ganr,,probe_nrmse,0.0646696968206852,,4096,0.041374186395822896,4,ok
diagnostic_group,mean_within_job,ablation,shallow_water,ganr,,probe_gap,0.09863322321364708,,4096,0.0,4,ok
diagnostic_group,mean_within_job,ablation,shallow_water,ganr,,probe_nrmse,-0.006871054913811601,,4096,0.0,4,ok
diagnostic_group,mean_within_job,all_physics_factorial,ac_power,fourier,,probe_gap,-0.19216545476908867,,6144,0.04096342340405567,6,ok
diagnostic_group,mean_within_job,all_physics_factorial,ac_power,fourier,,probe_nrmse,-0.01702150930052767,,6144,0.022544580609497464,6,ok
diagnostic_group,mean_within_job,all_physics_factorial,ac_power,ganr,,probe_gap,-0.11493545376729125,,6144,0.044914148681845775,6,ok
diagnostic_group,mean_within_job,all_physics_factorial,ac_power,ganr,,probe_nrmse,-0.005325846800971105,,6144,0.028228241258034945,6,ok
diagnostic_group,mean_within_job,all_physics_factorial,ac_power,gelu,,probe_gap,-0.14249987433788874,,6144,0.019809472394299112,6,ok
diagnostic_group,mean_within_job,all_physics_factorial,ac_power,gelu,,probe_nrmse,0.020744177748364904,,6144,0.0219676229519665,6,ok
diagnostic_group,mean_within_job,all_physics_factorial,ac_power,relu,,probe_gap,-0.11123979088625231,,6144,0.019747565816590398,6,ok
diagnostic_group,mean_within_job,all_physics_factorial,ac_power,relu,,probe_nrmse,0.016219902406965272,,6144,0.04018466343217767,6,ok
diagnostic_group,mean_within_job,all_physics_factorial,ac_power,resmlp,,probe_gap,-0.13295091143039361,,6144,0.016525033457831725,6,ok
diagnostic_group,mean_within_job,all_physics_factorial,ac_power,resmlp,,probe_nrmse,-0.00988391611830341,,6144,0.023892280472379523,6,ok
diagnostic_group,mean_within_job,all_physics_factorial,ac_power,silu,,probe_gap,-0.1469926075268817,,6144,0.01620728823145154,6,ok
diagnostic_group,mean_within_job,all_physics_factorial,ac_power,silu,,probe_nrmse,0.027346057819540803,,6144,0.011484770936557009,6,ok
diagnostic_group,mean_within_job,all_physics_factorial,ac_power,swiglu,,probe_gap,-0.10201748232546283,,6144,0.04979840851476163,6,ok
diagnostic_group,mean_within_job,all_physics_factorial,ac_power,swiglu,,probe_nrmse,0.004842157453075194,,6144,0.028832963352013824,6,ok
diagnostic_group,mean_within_job,all_physics_factorial,allen_cahn,fourier,,probe_gap,-0.09282576673214615,,6144,0.01977561346237273,6,ok
diagnostic_group,mean_within_job,all_physics_factorial,allen_cahn,fourier,,probe_nrmse,0.037339395131487964,,6144,0.03279010979702327,6,ok
diagnostic_group,mean_within_job,all_physics_factorial,allen_cahn,ganr,,probe_gap,-0.018225974088861254,,6144,0.018579076579206318,6,ok
diagnostic_group,mean_within_job,all_physics_factorial,allen_cahn,ganr,,probe_nrmse,0.052964057098737714,,6144,0.029922351032652686,6,ok
diagnostic_group,mean_within_job,all_physics_factorial,allen_cahn,gelu,,probe_gap,-0.01842258951136065,,6144,0.02035711952820076,6,ok
diagnostic_group,mean_within_job,all_physics_factorial,allen_cahn,gelu,,probe_nrmse,0.037394281748444315,,6144,0.027480544133638332,6,ok
diagnostic_group,mean_within_job,all_physics_factorial,allen_cahn,relu,,probe_gap,-0.04767807463402712,,6144,0.018185945454431994,6,ok
diagnostic_group,mean_within_job,all_physics_factorial,allen_cahn,relu,,probe_nrmse,0.04166932093853563,,6144,0.042541630467615325,6,ok
diagnostic_group,mean_within_job,all_physics_factorial,allen_cahn,resmlp,,probe_gap,-0.021053976900197887,,6144,0.013556944834283144,6,ok
diagnostic_group,mean_within_job,all_physics_factorial,allen_cahn,resmlp,,probe_nrmse,0.03374473057184751,,6144,0.02690246876311555,6,ok
diagnostic_group,mean_within_job,all_physics_factorial,allen_cahn,silu,,probe_gap,-0.017309176487160342,,6144,0.012780500119022951,6,ok
diagnostic_group,mean_within_job,all_physics_factorial,allen_cahn,silu,,probe_nrmse,0.027210110720765752,,6144,0.032737591111930274,6,ok
diagnostic_group,mean_within_job,all_physics_factorial,allen_cahn,swiglu,,probe_gap,-0.019348353918277463,,6144,0.01665249845603207,6,ok
diagnostic_group,mean_within_job,all_physics_factorial,allen_cahn,swiglu,,probe_nrmse,0.02449841339734878,,6144,0.040570977425168686,6,ok
diagnostic_group,mean_within_job,all_physics_factorial,controlled,fourier,,probe_gap,-0.18643512305270651,,6144,0.021467794222509384,6,ok
diagnostic_group,mean_within_job,all_physics_factorial,controlled,fourier,,probe_nrmse,-0.0650985638518331,,6144,0.03599616008593961,6,ok
diagnostic_group,mean_within_job,all_physics_factorial,controlled,ganr,,probe_gap,-0.42779392292871293,,6144,0.05823474343718976,6,ok
diagnostic_group,mean_within_job,all_physics_factorial,controlled,ganr,,probe_nrmse,-0.062326917377801105,,6144,0.03407256731234682,6,ok
diagnostic_group,mean_within_job,all_physics_factorial,controlled,gelu,,probe_gap,-0.3816788506169578,,6144,0.021434967692296615,6,ok
diagnostic_group,mean_within_job,all_physics_factorial,controlled,gelu,,probe_nrmse,-0.11199319154659403,,6144,0.027819590756591163,6,ok
diagnostic_group,mean_within_job,all_physics_factorial,controlled,relu,,probe_gap,-0.03948367427222659,,6144,0.06069359168168068,6,ok
diagnostic_group,mean_within_job,all_physics_factorial,controlled,relu,,probe_nrmse,-0.030572765792265685,,6144,0.023330941498520115,6,ok
diagnostic_group,mean_within_job,all_physics_factorial,controlled,resmlp,,probe_gap,-0.3275787504814423,,6144,0.02396624716665199,6,ok
diagnostic_group,mean_within_job,all_physics_factorial,controlled,resmlp,,probe_nrmse,-0.05961280909068035,,6144,0.02479161141684191,6,ok
diagnostic_group,mean_within_job,all_physics_factorial,controlled,silu,,probe_gap,-0.38451688318304883,,6144,0.015063062266429679,6,ok
diagnostic_group,mean_within_job,all_physics_factorial,controlled,silu,,probe_nrmse,-0.14760435694015428,,6144,0.026664294061868408,6,ok
diagnostic_group,mean_within_job,all_physics_factorial,controlled,swiglu,,probe_gap,-0.3502899102921056,,6144,0.04126758962750958,6,ok
diagnostic_group,mean_within_job,all_physics_factorial,controlled,swiglu,,probe_nrmse,-0.011231248727907865,,6144,0.032521102274398576,6,ok
diagnostic_group,mean_within_job,all_physics_factorial,duffing,fourier,,probe_gap,-0.1563025239237121,,6144,0.025752694182746658,6,ok
diagnostic_group,mean_within_job,all_physics_factorial,duffing,fourier,,probe_nrmse,0.01600798257403137,,6144,0.0432304646510904,6,ok
diagnostic_group,mean_within_job,all_physics_factorial,duffing,ganr,,probe_gap,-0.3057087610046955,,6144,0.02940137140192009,6,ok
diagnostic_group,mean_within_job,all_physics_factorial,duffing,ganr,,probe_nrmse,-0.019167801031467778,,6144,0.014095617893764697,6,ok
diagnostic_group,mean_within_job,all_physics_factorial,duffing,gelu,,probe_gap,-0.25989004089431283,,6144,0.03332939469197939,6,ok
diagnostic_group,mean_within_job,all_physics_factorial,duffing,gelu,,probe_nrmse,-0.03932139958127335,,6144,0.017911522921318836,6,ok
diagnostic_group,mean_within_job,all_physics_factorial,duffing,relu,,probe_gap,0.013454682917888561,,6144,0.034362159097972696,6,ok
diagnostic_group,mean_within_job,all_physics_factorial,duffing,relu,,probe_nrmse,-0.01264643012540829,,6144,0.0327343784219679,6,ok
diagnostic_group,mean_within_job,all_physics_factorial,duffing,resmlp,,probe_gap,-0.2894777912283191,,6144,0.025696743093035636,6,ok
diagnostic_group,mean_within_job,all_physics_factorial,duffing,resmlp,,probe_nrmse,-0.045742696959043615,,6144,0.046954311466385394,6,ok
diagnostic_group,mean_within_job,all_physics_factorial,duffing,silu,,probe_gap,-0.2514423790610008,,6144,0.031189350171369142,6,ok
diagnostic_group,mean_within_job,all_physics_factorial,duffing,silu,,probe_nrmse,-0.051241860292030955,,6144,0.016134181404572543,6,ok
diagnostic_group,mean_within_job,all_physics_factorial,duffing,swiglu,,probe_gap,-0.2958224044041772,,6144,0.028582396852149222,6,ok
diagnostic_group,mean_within_job,all_physics_factorial,duffing,swiglu,,probe_nrmse,-0.006862962658597853,,6144,0.01816356180104769,6,ok
diagnostic_group,mean_within_job,all_physics_factorial,ieee118,fourier,,probe_gap,-0.11795125229478098,,6144,0.030049202547804684,6,ok
diagnostic_group,mean_within_job,all_physics_factorial,ieee118,fourier,,probe_nrmse,-0.021705150814796268,,6144,0.026112924359655426,6,ok
diagnostic_group,mean_within_job,all_physics_factorial,ieee118,ganr,,probe_gap,-0.13219510898061668,,6144,0.03376753777155129,6,ok
diagnostic_group,mean_within_job,all_physics_factorial,ieee118,ganr,,probe_nrmse,0.14292687227725215,,6144,0.1851616074197496,6,ok
diagnostic_group,mean_within_job,all_physics_factorial,ieee118,gelu,,probe_gap,-0.05582638938559473,,6144,0.04947913591194533,6,ok
diagnostic_group,mean_within_job,all_physics_factorial,ieee118,gelu,,probe_nrmse,-0.00553962371551868,,6144,0.040017403367667535,6,ok
diagnostic_group,mean_within_job,all_physics_factorial,ieee118,relu,,probe_gap,-0.035795605451431206,,6144,0.05208625376231965,6,ok
diagnostic_group,mean_within_job,all_physics_factorial,ieee118,relu,,probe_nrmse,-0.016747892978870454,,6144,0.018346806981566675,6,ok
diagnostic_group,mean_within_job,all_physics_factorial,ieee118,resmlp,,probe_gap,-0.06022493509843785,,6144,0.06276693984262344,6,ok
diagnostic_group,mean_within_job,all_physics_factorial,ieee118,resmlp,,probe_nrmse,0.028378210085711553,,6144,0.02585259063504073,6,ok
diagnostic_group,mean_within_job,all_physics_factorial,ieee118,silu,,probe_gap,-0.054816838477219076,,6144,0.06500520282931788,6,ok
diagnostic_group,mean_within_job,all_physics_factorial,ieee118,silu,,probe_nrmse,0.0005610460178098851,,6144,0.022896150093450425,6,ok
diagnostic_group,mean_within_job,all_physics_factorial,ieee118,swiglu,,probe_gap,-0.01205720971020194,,6144,0.02043894275739007,6,ok
diagnostic_group,mean_within_job,all_physics_factorial,ieee118,swiglu,,probe_nrmse,0.005523994245166058,,6144,0.023465402727505844,6,ok
diagnostic_group,mean_within_job,all_physics_factorial,shallow_water,fourier,,probe_gap,0.004617467279071616,,6144,0.05601781437536196,6,ok
diagnostic_group,mean_within_job,all_physics_factorial,shallow_water,fourier,,probe_nrmse,0.0502897981247676,,6144,0.031005338071315135,6,ok
diagnostic_group,mean_within_job,all_physics_factorial,shallow_water,ganr,,probe_gap,0.07251288770731491,,6144,0.03655138765461657,6,ok
diagnostic_group,mean_within_job,all_physics_factorial,shallow_water,ganr,,probe_nrmse,0.023425012853500352,,6144,0.026154435282590725,6,ok
diagnostic_group,mean_within_job,all_physics_factorial,shallow_water,gelu,,probe_gap,0.0727992882453568,,6144,0.025626124738382574,6,ok
diagnostic_group,mean_within_job,all_physics_factorial,shallow_water,gelu,,probe_nrmse,0.03168435808716591,,6144,0.02844410329018448,6,ok
diagnostic_group,mean_within_job,all_physics_factorial,shallow_water,relu,,probe_gap,0.030682993569184483,,6144,0.06428493377710608,6,ok
diagnostic_group,mean_within_job,all_physics_factorial,shallow_water,relu,,probe_nrmse,0.016920035095010205,,6144,0.028283115804551614,6,ok
diagnostic_group,mean_within_job,all_physics_factorial,shallow_water,resmlp,,probe_gap,0.07117197561090231,,6144,0.04978390535178282,6,ok
diagnostic_group,mean_within_job,all_physics_factorial,shallow_water,resmlp,,probe_nrmse,0.005464367191026671,,6144,0.010049438575238115,6,ok
diagnostic_group,mean_within_job,all_physics_factorial,shallow_water,silu,,probe_gap,0.08027365365023283,,6144,0.03229379486638785,6,ok
diagnostic_group,mean_within_job,all_physics_factorial,shallow_water,silu,,probe_nrmse,0.03201265801286213,,6144,0.02555427902709617,6,ok
diagnostic_group,mean_within_job,all_physics_factorial,shallow_water,swiglu,,probe_gap,0.04501169366942521,,6144,0.06445991974733287,6,ok
diagnostic_group,mean_within_job,all_physics_factorial,shallow_water,swiglu,,probe_nrmse,0.0284423494588513,,6144,0.007827807929559052,6,ok
diagnostic_group,mean_within_job,allocation,controlled,silu,,probe_gap,-0.32481707364619644,,4096,0.019640662631024545,4,ok
diagnostic_group,mean_within_job,allocation,controlled,silu,,probe_nrmse,-0.09875186372823261,,4096,0.012664737156765327,4,ok
diagnostic_group,mean_within_job,main,ac_power,fourier,,probe_gap,-0.2092378405218934,,3072,0.05485600114906027,3,ok
diagnostic_group,mean_within_job,main,ac_power,fourier,,probe_nrmse,-0.01654737719486122,,3072,0.022801851430568242,3,ok
diagnostic_group,mean_within_job,main,ac_power,ganr,,probe_gap,-0.15343880772054921,,3072,0.0017865887958519342,3,ok
diagnostic_group,mean_within_job,main,ac_power,ganr,,probe_nrmse,-0.02554411456610786,,3072,0.017669970931296047,3,ok
diagnostic_group,mean_within_job,main,ac_power,gelu,,probe_gap,-0.13861270629087416,,3072,0.016694563339620015,3,ok
diagnostic_group,mean_within_job,main,ac_power,gelu,,probe_nrmse,0.00663100444887916,,3072,0.01897181093797697,3,ok
diagnostic_group,mean_within_job,main,ac_power,relu,,probe_gap,-0.09954974991736792,,3072,0.02262711493436188,3,ok
diagnostic_group,mean_within_job,main,ac_power,relu,,probe_nrmse,-0.016654535272615484,,3072,0.02244140265044486,3,ok
diagnostic_group,mean_within_job,main,ac_power,resmlp,,probe_gap,-0.12482806651288653,,3072,0.021474274273299766,3,ok
diagnostic_group,mean_within_job,main,ac_power,resmlp,,probe_nrmse,0.003818683242734187,,3072,0.011516648474144119,3,ok
diagnostic_group,mean_within_job,main,ac_power,silu,,probe_gap,-0.1426468846112581,,3072,0.012775212952416827,3,ok
diagnostic_group,mean_within_job,main,ac_power,silu,,probe_nrmse,0.031555313908161076,,3072,0.007340120713053274,3,ok
diagnostic_group,mean_within_job,main,ac_power,swiglu,,probe_gap,-0.06035864523821629,,3072,0.03131077135666909,3,ok
diagnostic_group,mean_within_job,main,ac_power,swiglu,,probe_nrmse,-0.01766982870970229,,3072,0.01193887748349952,3,ok
diagnostic_group,mean_within_job,main,allen_cahn,fourier,,probe_gap,-0.10628621730682114,,3072,0.014378906743858564,3,ok
diagnostic_group,mean_within_job,main,allen_cahn,fourier,,probe_nrmse,0.014047732935173926,,3072,0.03149307989403135,3,ok
diagnostic_group,mean_within_job,main,allen_cahn,ganr,,probe_gap,-0.0046553395362328685,,3072,0.006446089823453296,3,ok
diagnostic_group,mean_within_job,main,allen_cahn,ganr,,probe_nrmse,0.0784285798592068,,3072,0.006359065512994019,3,ok
diagnostic_group,mean_within_job,main,allen_cahn,gelu,,probe_gap,-0.02390557572181293,,3072,0.030106126980829068,3,ok
diagnostic_group,mean_within_job,main,allen_cahn,gelu,,probe_nrmse,0.012879406277567174,,3072,0.008842939654137637,3,ok
diagnostic_group,mean_within_job,main,allen_cahn,relu,,probe_gap,-0.0600843779057292,,3072,0.008253627220939277,3,ok
diagnostic_group,mean_within_job,main,allen_cahn,relu,,probe_nrmse,0.004141826407267004,,3072,0.014588920670455679,3,ok
diagnostic_group,mean_within_job,main,allen_cahn,resmlp,,probe_gap,-0.02675782460720501,,3072,0.006103515284772786,3,ok
diagnostic_group,mean_within_job,main,allen_cahn,resmlp,,probe_nrmse,0.013242752813341916,,3072,0.007306950262945025,3,ok
diagnostic_group,mean_within_job,main,allen_cahn,silu,,probe_gap,-0.019663553811124623,,3072,0.01580900213621758,3,ok
diagnostic_group,mean_within_job,main,allen_cahn,silu,,probe_nrmse,-0.0019014086081110082,,3072,0.0069326254850042195,3,ok
diagnostic_group,mean_within_job,main,allen_cahn,swiglu,,probe_gap,-0.030002371164380055,,3072,0.013533716541260014,3,ok
diagnostic_group,mean_within_job,main,allen_cahn,swiglu,,probe_nrmse,-0.010518046813532647,,3072,0.019545502379361607,3,ok
diagnostic_group,mean_within_job,main,controlled,fourier,,probe_gap,-0.1853421570643492,,3072,0.01651028338621926,3,ok
diagnostic_group,mean_within_job,main,controlled,fourier,,probe_nrmse,-0.04652564939322414,,3072,0.03873994018579507,3,ok
diagnostic_group,mean_within_job,main,controlled,ganr,,probe_gap,-0.46093487150837514,,3072,0.007702842567989273,3,ok
diagnostic_group,mean_within_job,main,controlled,ganr,,probe_nrmse,-0.06914052494661989,,3072,0.02275187232686924,3,ok
diagnostic_group,mean_within_job,main,controlled,gelu,,probe_gap,-0.392668007780896,,3072,0.020654596153274928,3,ok
diagnostic_group,mean_within_job,main,controlled,gelu,,probe_nrmse,-0.08759433763864259,,3072,0.0031247462504185603,3,ok
diagnostic_group,mean_within_job,main,controlled,relu,,probe_gap,-0.09209187170684023,,3072,0.026980350063366156,3,ok
diagnostic_group,mean_within_job,main,controlled,relu,,probe_nrmse,-0.024627999606608966,,3072,0.03128442310113702,3,ok
diagnostic_group,mean_within_job,main,controlled,resmlp,,probe_gap,-0.33373774564813635,,3072,0.01282624649910922,3,ok
diagnostic_group,mean_within_job,main,controlled,resmlp,,probe_nrmse,-0.06254480445864478,,3072,0.026287055518131038,3,ok
diagnostic_group,mean_within_job,main,controlled,silu,,probe_gap,-0.392086982968114,,3072,0.017822591185161055,3,ok
diagnostic_group,mean_within_job,main,controlled,silu,,probe_nrmse,-0.12474882045484735,,3072,0.011377718669045505,3,ok
diagnostic_group,mean_within_job,main,controlled,swiglu,,probe_gap,-0.3747723048025881,,3072,0.048586301780219256,3,ok
diagnostic_group,mean_within_job,main,controlled,swiglu,,probe_nrmse,-0.009783675872284422,,3072,0.04619412181514723,3,ok
diagnostic_group,mean_within_job,main,duffing,fourier,,probe_gap,-0.15195821933934148,,3072,0.039269621600587536,3,ok
diagnostic_group,mean_within_job,main,duffing,fourier,,probe_nrmse,0.034013028097656335,,3072,0.04775608343968023,3,ok
diagnostic_group,mean_within_job,main,duffing,ganr,,probe_gap,-0.31628823670717593,,3072,0.0165363034131681,3,ok
diagnostic_group,mean_within_job,main,duffing,ganr,,probe_nrmse,-0.021791069126402985,,3072,0.027570198743716454,3,ok
diagnostic_group,mean_within_job,main,duffing,gelu,,probe_gap,-0.23851864062537254,,3072,0.033117453482427846,3,ok
diagnostic_group,mean_within_job,main,duffing,gelu,,probe_nrmse,-0.0496320564516129,,3072,0.015167690998037284,3,ok
diagnostic_group,mean_within_job,main,duffing,relu,,probe_gap,-0.014568279420880717,,3072,0.023270380906629924,3,ok
diagnostic_group,mean_within_job,main,duffing,relu,,probe_nrmse,-0.0035216990916243467,,3072,0.04208058029661688,3,ok
diagnostic_group,mean_within_job,main,duffing,resmlp,,probe_gap,-0.30368915477552866,,3072,0.02859410104782304,3,ok
diagnostic_group,mean_within_job,main,duffing,resmlp,,probe_nrmse,-0.06546747967479674,,3072,0.04944737872083228,3,ok
diagnostic_group,mean_within_job,main,duffing,silu,,probe_gap,-0.2446811134435094,,3072,0.040988880879775494,3,ok
diagnostic_group,mean_within_job,main,duffing,silu,,probe_nrmse,-0.059112027899942986,,3072,0.010789263409607286,3,ok
diagnostic_group,mean_within_job,main,duffing,swiglu,,probe_gap,-0.28535013664377845,,3072,0.031353963712028976,3,ok
diagnostic_group,mean_within_job,main,duffing,swiglu,,probe_nrmse,0.009084740004291538,,3072,0.0036867586731173445,3,ok
diagnostic_group,mean_within_job,main,ieee118,fourier,,probe_gap,-0.13862147736213432,,3072,0.02996853883683604,3,ok
diagnostic_group,mean_within_job,main,ieee118,fourier,,probe_nrmse,-0.03814244555110507,,3072,0.01224017195685889,3,ok
diagnostic_group,mean_within_job,main,ieee118,ganr,,probe_gap,-0.16151873538368763,,3072,0.01575387185435063,3,ok
diagnostic_group,mean_within_job,main,ieee118,ganr,,probe_nrmse,0.28018660403045975,,3072,0.169547323959541,3,ok
diagnostic_group,mean_within_job,main,ieee118,gelu,,probe_gap,-0.10009205201106262,,3072,0.011798069271542578,3,ok
diagnostic_group,mean_within_job,main,ieee118,gelu,,probe_nrmse,0.027186110465393504,,3072,0.0202394029689792,3,ok
diagnostic_group,mean_within_job,main,ieee118,relu,,probe_gap,-0.07972349572598934,,3072,0.016666775504646094,3,ok
diagnostic_group,mean_within_job,main,ieee118,relu,,probe_nrmse,-0.0067288194692797345,,3072,0.018731037490237978,3,ok
diagnostic_group,mean_within_job,main,ieee118,resmlp,,probe_gap,-0.1148917057077462,,3072,0.015867882141047944,3,ok
diagnostic_group,mean_within_job,main,ieee118,resmlp,,probe_nrmse,0.04947559410986338,,3072,0.007124469496686171,3,ok
diagnostic_group,mean_within_job,main,ieee118,silu,,probe_gap,-0.11382402903941062,,3072,0.010145481710023012,3,ok
diagnostic_group,mean_within_job,main,ieee118,silu,,probe_nrmse,0.00948454599098777,,3072,0.02238573829819513,3,ok
diagnostic_group,mean_within_job,main,ieee118,swiglu,,probe_gap,-0.02531967864125122,,3072,0.019004431757328685,3,ok
diagnostic_group,mean_within_job,main,ieee118,swiglu,,probe_nrmse,0.023836702489092337,,3072,0.015137030777498447,3,ok
diagnostic_group,mean_within_job,main,shallow_water,fourier,,probe_gap,-0.041341139355882774,,3072,0.036447964827302615,3,ok
diagnostic_group,mean_within_job,main,shallow_water,fourier,,probe_nrmse,0.034722569987590074,,3072,0.04091446722068473,3,ok
diagnostic_group,mean_within_job,main,shallow_water,ganr,,probe_gap,0.10021165629544858,,3072,0.005388191672593772,3,ok
diagnostic_group,mean_within_job,main,shallow_water,ganr,,probe_nrmse,0.0007241002670290633,,3072,0.006808362333435458,3,ok
diagnostic_group,mean_within_job,main,shallow_water,gelu,,probe_gap,0.0544289012767327,,3072,0.02052650181733767,3,ok
diagnostic_group,mean_within_job,main,shallow_water,gelu,,probe_nrmse,0.05625886247407195,,3072,0.009282510193938536,3,ok
diagnostic_group,mean_within_job,main,shallow_water,relu,,probe_gap,-0.025173041794543386,,3072,0.02757496068545967,3,ok
diagnostic_group,mean_within_job,main,shallow_water,relu,,probe_nrmse,0.038025318641164256,,3072,0.022058660239864948,3,ok
diagnostic_group,mean_within_job,main,shallow_water,resmlp,,probe_gap,0.0371611733077512,,3072,0.05106057640089596,3,ok
diagnostic_group,mean_within_job,main,shallow_water,resmlp,,probe_nrmse,0.002993199102030455,,3072,0.005210729388806105,3,ok
diagnostic_group,mean_within_job,main,shallow_water,silu,,probe_gap,0.056954771746261144,,3072,0.029762225789933858,3,ok
diagnostic_group,mean_within_job,main,shallow_water,silu,,probe_nrmse,0.0539728825147689,,3072,0.010441290979510773,3,ok
diagnostic_group,mean_within_job,main,shallow_water,swiglu,,probe_gap,-0.011143192155940127,,3072,0.02151845477413567,3,ok
diagnostic_group,mean_within_job,main,shallow_water,swiglu,,probe_nrmse,0.025200784140504983,,3072,0.008472783306598583,3,ok
diagnostic_group,mean_within_job,mechanism_alpha,controlled,ganr,,probe_gap,-0.3865802825133762,,2048,0.07549412993098126,4,ok
diagnostic_group,mean_within_job,mechanism_alpha,controlled,ganr,,probe_nrmse,-0.08754265240859548,,2048,0.028626053814475968,4,ok
diagnostic_group,mean_within_job,mechanism_alpha,controlled,silu,,probe_gap,-0.2520987024496172,,2048,0.09940060332466112,4,ok
diagnostic_group,mean_within_job,mechanism_alpha,controlled,silu,,probe_nrmse,-0.07170387888242295,,2048,0.0417715385560812,4,ok
diagnostic_group,mean_within_job,mechanism_condition,controlled,ganr,,probe_gap,-0.3423040400378953,,2048,0.0696624222412533,4,ok
diagnostic_group,mean_within_job,mechanism_condition,controlled,ganr,,probe_nrmse,-0.10667782803315916,,2048,0.10904401993678924,4,ok
diagnostic_group,mean_within_job,mechanism_condition,controlled,silu,,probe_gap,-0.23821752494106269,,2048,0.07564679198087877,4,ok
diagnostic_group,mean_within_job,mechanism_condition,controlled,silu,,probe_nrmse,-0.16609653861394355,,2048,0.15064271618237127,4,ok
diagnostic_group,mean_within_job,mechanism_coupling,controlled,ganr,,probe_gap,-0.4735225844648723,,2048,0.05778717706784744,4,ok
diagnostic_group,mean_within_job,mechanism_coupling,controlled,ganr,,probe_nrmse,-0.0993353863039448,,2048,0.03262679722702686,4,ok
diagnostic_group,mean_within_job,mechanism_coupling,controlled,silu,,probe_gap,-0.3071166071571623,,2048,0.048943723378368574,4,ok
diagnostic_group,mean_within_job,mechanism_coupling,controlled,silu,,probe_nrmse,-0.13359508216889254,,2048,0.052676163730967764,4,ok
diagnostic_group,mean_within_job,mechanism_interaction,controlled,ganr,,probe_gap,-0.3807934354819247,,1536,0.025008415252435284,3,ok
diagnostic_group,mean_within_job,mechanism_interaction,controlled,ganr,,probe_nrmse,-0.10154137171504712,,1536,0.016360561768486912,3,ok
diagnostic_group,mean_within_job,mechanism_interaction,controlled,gelu,,probe_gap,-0.3608827375187702,,1536,0.02539806127242214,3,ok
diagnostic_group,mean_within_job,mechanism_interaction,controlled,gelu,,probe_nrmse,-0.030026550553164565,,1536,0.008116925506001264,3,ok
diagnostic_group,mean_within_job,mechanism_interaction,controlled,silu,,probe_gap,-0.32877829920119933,,1536,0.018771471088056296,3,ok
diagnostic_group,mean_within_job,mechanism_interaction,controlled,silu,,probe_nrmse,-0.010066607252530108,,1536,0.019211870752687994,3,ok
diagnostic_group,mean_within_job,mechanism_interaction,controlled,swiglu,,probe_gap,-0.34754683595338304,,1536,0.029563348309234072,3,ok
diagnostic_group,mean_within_job,mechanism_interaction,controlled,swiglu,,probe_nrmse,-0.04343001844943859,,1536,0.039180858949558924,3,ok
diagnostic_group,mean_within_job,mechanism_localization,controlled,ganr,,probe_gap,-0.2931078251499334,,2048,0.13914848456886103,4,ok
diagnostic_group,mean_within_job,mechanism_localization,controlled,ganr,,probe_nrmse,-0.06672136671004544,,2048,0.04216725909731506,4,ok
diagnostic_group,mean_within_job,mechanism_localization,controlled,silu,,probe_gap,-0.24232833886228128,,2048,0.0924373185681899,4,ok
diagnostic_group,mean_within_job,mechanism_localization,controlled,silu,,probe_nrmse,-0.02173395550090981,,2048,0.02932290952153054,4,ok
diagnostic_group,mean_within_job,mechanism_rank,controlled,ganr,,probe_gap,-0.397177185104688,,2048,0.04703746388999824,4,ok
diagnostic_group,mean_within_job,mechanism_rank,controlled,ganr,,probe_nrmse,-0.09765499947136799,,2048,0.01560493389954002,4,ok
diagnostic_group,mean_within_job,mechanism_rank,controlled,silu,,probe_gap,-0.341315841329923,,2048,0.025704615831615815,4,ok
diagnostic_group,mean_within_job,mechanism_rank,controlled,silu,,probe_nrmse,-0.05772184993019078,,2048,0.035456328526517124,4,ok
diagnostic_group,mean_within_job,physics_factorial,allen_cahn,ganr,,probe_gap,-0.026079869577082596,,6144,0.02508756149031571,6,ok
diagnostic_group,mean_within_job,physics_factorial,allen_cahn,ganr,,probe_nrmse,0.02380451133126757,,6144,0.060833835018853685,6,ok
diagnostic_group,mean_within_job,physics_factorial,allen_cahn,silu,,probe_gap,-0.017309176487160342,,6144,0.012780500119022951,6,ok
diagnostic_group,mean_within_job,physics_factorial,allen_cahn,silu,,probe_nrmse,0.027210110720765752,,6144,0.032737591111930274,6,ok
diagnostic_group,mean_within_job,physics_factorial,ieee118,ganr,,probe_gap,-0.13321038566564158,,6144,0.03774033475724975,6,ok
diagnostic_group,mean_within_job,physics_factorial,ieee118,ganr,,probe_nrmse,0.1355290272852392,,6144,0.19217727061617496,6,ok
diagnostic_group,mean_within_job,physics_factorial,ieee118,silu,,probe_gap,-0.054816838477219076,,6144,0.06500520282931788,6,ok
diagnostic_group,mean_within_job,physics_factorial,ieee118,silu,,probe_nrmse,0.0005610460178098851,,6144,0.022896150093450425,6,ok
diagnostic_group,mean_within_job,physics_factorial,shallow_water,ganr,,probe_gap,0.06682463218550076,,6144,0.038624298228479736,6,ok
diagnostic_group,mean_within_job,physics_factorial,shallow_water,ganr,,probe_nrmse,0.027277112905313677,,6144,0.03006648196130887,6,ok
diagnostic_group,mean_within_job,physics_factorial,shallow_water,silu,,probe_gap,0.08027365365023283,,6144,0.03229379486638785,6,ok
diagnostic_group,mean_within_job,physics_factorial,shallow_water,silu,,probe_nrmse,0.03201265801286213,,6144,0.02555427902709617,6,ok
diagnostic_group,mean_within_job,scale_depth,controlled,silu,,probe_gap,-0.3890393274503547,,3072,0.03939043330347642,3,ok
diagnostic_group,mean_within_job,scale_depth,controlled,silu,,probe_nrmse,-0.12073818591605588,,3072,0.05386380535261437,3,ok
diagnostic_group,mean_within_job,scale_samples,controlled,silu,,probe_gap,-0.4118272071478241,,3072,0.018314514405342795,3,ok
diagnostic_group,mean_within_job,scale_samples,controlled,silu,,probe_nrmse,-0.09422449457837558,,3072,0.00935987369298052,3,ok
diagnostic_group,mean_within_job,scale_width,controlled,silu,,probe_gap,-0.37064661909536695,,4096,0.031718590752200786,4,ok
diagnostic_group,mean_within_job,scale_width,controlled,silu,,probe_nrmse,-0.10774701795005859,,4096,0.021937353205033202,4,ok
