count,family,job_id,kappa_mean,kappa_median,mae,model,nmae,nrmse,quintile,rmse,seed,system,variant
205,ablation,ablation-ac_power-ganr-no_gate-s11-986e622af0,0.04998694463028547,0.05106480277545421,4.9283812113064875e-05,ganr,0.001795967840115861,0.002348771632123173,Q1,7.331901061561193e-05,11,ac_power,no_gate
205,ablation,ablation-ac_power-ganr-no_gate-s11-986e622af0,0.05876694438574117,0.05904698479975996,4.888118201305356e-05,ganr,0.00181611009937664,0.002423229053566222,Q2,7.326269079889529e-05,11,ac_power,no_gate
205,ablation,ablation-ac_power-ganr-no_gate-s11-986e622af0,0.06436703070901958,0.06439416066375254,5.4145341983753765e-05,ganr,0.0019428540486614878,0.002712268897167908,Q3,8.921251736012857e-05,11,ac_power,no_gate
205,ablation,ablation-ac_power-ganr-no_gate-s11-986e622af0,0.07066484710459263,0.07052199071947982,5.13558867042436e-05,ganr,0.001858007301256907,0.0024842771033935745,Q4,7.845617512589108e-05,11,ac_power,no_gate
204,ablation,ablation-ac_power-ganr-no_gate-s11-986e622af0,0.08236888809339452,0.08064330781072213,5.2136219760261045e-05,ganr,0.0019281098292920165,0.0026572443828993255,Q5,8.207996496012064e-05,11,ac_power,no_gate
205,ablation,ablation-ac_power-ganr-no_geom-s11-191ccc0d7e,0.04998694463028547,0.05106480277545421,4.261088026320409e-05,ganr,0.0015070878305649938,0.002050040911479335,Q1,6.61135741322607e-05,11,ac_power,no_geom
205,ablation,ablation-ac_power-ganr-no_geom-s11-191ccc0d7e,0.05876694438574117,0.05904698479975996,4.2195735034412776e-05,ganr,0.001496934910986817,0.0020348215163294952,Q2,6.514520158888049e-05,11,ac_power,no_geom
205,ablation,ablation-ac_power-ganr-no_geom-s11-191ccc0d7e,0.06436703070901958,0.06439416066375254,4.4422163393284365e-05,ganr,0.0015597883725824583,0.002157140626383109,Q3,7.13313628712956e-05,11,ac_power,no_geom
205,ablation,ablation-ac_power-ganr-no_geom-s11-191ccc0d7e,0.07066484710459263,0.07052199071947982,4.50380762405655e-05,ganr,0.0015833983678087491,0.002155469210330535,Q4,7.13654817396636e-05,11,ac_power,no_geom
204,ablation,ablation-ac_power-ganr-no_geom-s11-191ccc0d7e,0.08236888809339452,0.08064330781072213,4.264342474570407e-05,ganr,0.0014970437649127434,0.002034325571522012,Q5,6.763872047420253e-05,11,ac_power,no_geom
205,ablation,ablation-ac_power-ganr-no_physics-s11-9a95470cb1,0.04998694463028547,0.05106480277545421,0.0001034869437400237,ganr,0.0036937027189381274,0.0048296543033017475,Q1,0.0001579183276318702,11,ac_power,no_physics
205,ablation,ablation-ac_power-ganr-no_physics-s11-9a95470cb1,0.05876694438574117,0.05904698479975996,0.00010232579351227587,ganr,0.0036475415526560245,0.0046794015258194484,Q2,0.0001524260727578968,11,ac_power,no_physics
205,ablation,ablation-ac_power-ganr-no_physics-s11-9a95470cb1,0.06436703070901958,0.06439416066375254,0.00011456114127580968,ganr,0.0040586375825254605,0.00572386659002754,Q3,0.00019592445659545523,11,ac_power,no_physics
205,ablation,ablation-ac_power-ganr-no_physics-s11-9a95470cb1,0.07066484710459263,0.07052199071947982,0.00010330885397073085,ganr,0.003659925610719618,0.004873218003559096,Q4,0.00016262003609809832,11,ac_power,no_physics
204,ablation,ablation-ac_power-ganr-no_physics-s11-9a95470cb1,0.08236888809339452,0.08064330781072213,0.0001030107332200118,ganr,0.003724259351389916,0.005067425419089305,Q5,0.00016407781824616133,11,ac_power,no_physics
205,ablation,ablation-ac_power-ganr-no_router-s11-ce77a6fb28,0.04998694463028547,0.05106480277545421,5.414657956583487e-05,ganr,0.002002439956945676,0.00270366941288327,Q1,8.083817039910523e-05,11,ac_power,no_router
205,ablation,ablation-ac_power-ganr-no_router-s11-ce77a6fb28,0.05876694438574117,0.05904698479975996,5.611029673831777e-05,ganr,0.0020038533580020125,0.002731339427567893,Q2,8.748811315925576e-05,11,ac_power,no_router
205,ablation,ablation-ac_power-ganr-no_router-s11-ce77a6fb28,0.06436703070901958,0.06439416066375254,5.316563011810284e-05,ganr,0.0019672283599409387,0.0027090560343064375,Q3,8.132989364199028e-05,11,ac_power,no_router
205,ablation,ablation-ac_power-ganr-no_router-s11-ce77a6fb28,0.07066484710459263,0.07052199071947982,5.6578292228249655e-05,ganr,0.0020597371990226172,0.002775458149074553,Q4,8.628691687264014e-05,11,ac_power,no_router
204,ablation,ablation-ac_power-ganr-no_router-s11-ce77a6fb28,0.08236888809339452,0.08064330781072213,5.229337321207906e-05,ganr,0.0019363781376650607,0.0026096130519849547,Q5,7.857940228004197e-05,11,ac_power,no_router
205,ablation,ablation-ac_power-ganr-with_router-s11-3f71a76602,0.04998694463028547,0.05106480277545421,5.2686131627559306e-05,ganr,0.0018826223469063197,0.002539794982657374,Q1,8.14124964769843e-05,11,ac_power,with_router
205,ablation,ablation-ac_power-ganr-with_router-s11-3f71a76602,0.05876694438574117,0.05904698479975996,5.265179774496795e-05,ganr,0.0018721447594739879,0.0025376334988546924,Q2,8.134395749955452e-05,11,ac_power,with_router
205,ablation,ablation-ac_power-ganr-with_router-s11-3f71a76602,0.06436703070901958,0.06439416066375254,5.464099091487833e-05,ganr,0.0019052133034058486,0.0026433599953773167,Q3,8.874882865492712e-05,11,ac_power,with_router
205,ablation,ablation-ac_power-ganr-with_router-s11-3f71a76602,0.07066484710459263,0.07052199071947982,5.640071253083871e-05,ganr,0.0019943186290086075,0.0027568550664502766,Q4,9.107825192548245e-05,11,ac_power,with_router
204,ablation,ablation-ac_power-ganr-with_router-s11-3f71a76602,0.08236888809339452,0.08064330781072213,5.4215588926783935e-05,ganr,0.001921024528039588,0.0026246816876305513,Q5,8.669703751640438e-05,11,ac_power,with_router
205,ablation,ablation-allen_cahn-ganr-no_gate-s11-943d6cf868,0.30358143570619117,0.30845486211904033,0.0005370472986607506,ganr,0.006742159323341534,0.008529923587134246,Q1,0.000716331564232638,11,allen_cahn,no_gate
205,ablation,ablation-allen_cahn-ganr-no_gate-s11-943d6cf868,0.3429892459569641,0.34419649948289655,0.0006002955968455786,ganr,0.007532256748265957,0.010057935631839668,Q2,0.00084964044395088,11,allen_cahn,no_gate
205,ablation,ablation-allen_cahn-ganr-no_gate-s11-943d6cf868,0.36596502725402436,0.36563316074781327,0.0006638180365670543,ganr,0.008320958143650862,0.01158104816679642,Q3,0.0009816047437653525,11,allen_cahn,no_gate
205,ablation,ablation-allen_cahn-ganr-no_gate-s11-943d6cf868,0.3892126106727607,0.38827709915981046,0.0007198415001423177,ganr,0.009028251705639609,0.012573236591167828,Q4,0.0010622499458334245,11,allen_cahn,no_gate
204,ablation,ablation-allen_cahn-ganr-no_gate-s11-943d6cf868,0.42512691570694505,0.41877152055575684,0.0008542957257108623,ganr,0.01069791147173895,0.015032045384329899,Q5,0.0012754278747774447,11,allen_cahn,no_gate
205,ablation,ablation-allen_cahn-ganr-no_geom-s11-67c9c55e73,0.30358143570619117,0.30845486211904033,0.0005370472986607506,ganr,0.006742159323341534,0.008529923587134246,Q1,0.000716331564232638,11,allen_cahn,no_geom
205,ablation,ablation-allen_cahn-ganr-no_geom-s11-67c9c55e73,0.3429892459569641,0.34419649948289655,0.0006002955968455786,ganr,0.007532256748265957,0.010057935631839668,Q2,0.00084964044395088,11,allen_cahn,no_geom
205,ablation,ablation-allen_cahn-ganr-no_geom-s11-67c9c55e73,0.36596502725402436,0.36563316074781327,0.0006638180365670543,ganr,0.008320958143650862,0.01158104816679642,Q3,0.0009816047437653525,11,allen_cahn,no_geom
205,ablation,ablation-allen_cahn-ganr-no_geom-s11-67c9c55e73,0.3892126106727607,0.38827709915981046,0.0007198415001423177,ganr,0.009028251705639609,0.012573236591167828,Q4,0.0010622499458334245,11,allen_cahn,no_geom
204,ablation,ablation-allen_cahn-ganr-no_geom-s11-67c9c55e73,0.42512691570694505,0.41877152055575684,0.0008542957257108623,ganr,0.01069791147173895,0.015032045384329899,Q5,0.0012754278747774447,11,allen_cahn,no_geom
205,ablation,ablation-allen_cahn-ganr-no_router-s11-82704658b1,0.30358143570619117,0.30845486211904033,0.0007783534683538662,ganr,0.00977602790468348,0.011873879140708763,Q1,0.0009946375847013226,11,allen_cahn,no_router
205,ablation,ablation-allen_cahn-ganr-no_router-s11-82704658b1,0.3429892459569641,0.34419649948289655,0.0008298234064697958,ganr,0.010394734830459525,0.012773644559036672,Q2,0.001075315636631215,11,allen_cahn,no_router
205,ablation,ablation-allen_cahn-ganr-no_router-s11-82704658b1,0.36596502725402436,0.36563316074781327,0.0008622645668298788,ganr,0.01079785393939315,0.013623720300049186,Q3,0.0011518626079286564,11,allen_cahn,no_router
205,ablation,ablation-allen_cahn-ganr-no_router-s11-82704658b1,0.3892126106727607,0.38827709915981046,0.0008946478523411428,ganr,0.011189784819625598,0.01422481234945697,Q4,0.0012025952959500805,11,allen_cahn,no_router
204,ablation,ablation-allen_cahn-ganr-no_router-s11-82704658b1,0.42512691570694505,0.41877152055575684,0.000963378167671656,ganr,0.012048471654014516,0.01611932986653373,Q5,0.0013680454259952582,11,allen_cahn,no_router
205,ablation,ablation-allen_cahn-ganr-with_router-s11-23101cb245,0.30358143570619117,0.30845486211904033,0.0005370279151861788,ganr,0.006742244751819052,0.008528955861111975,Q1,0.0007161958953600277,11,allen_cahn,with_router
205,ablation,ablation-allen_cahn-ganr-with_router-s11-23101cb245,0.3429892459569641,0.34419649948289655,0.0006001862833095821,ganr,0.007530960304021711,0.010056312139987417,Q2,0.0008494531319523669,11,allen_cahn,with_router
205,ablation,ablation-allen_cahn-ganr-with_router-s11-23101cb245,0.36596502725402436,0.36563316074781327,0.0006638306867429335,ganr,0.008321655404149784,0.011579836103266437,Q3,0.000981440307422573,11,allen_cahn,with_router
205,ablation,ablation-allen_cahn-ganr-with_router-s11-23101cb245,0.3892126106727607,0.38827709915981046,0.0007198133499485623,ganr,0.009028128659890403,0.012574098960590382,Q4,0.0010622887902790314,11,allen_cahn,with_router
204,ablation,ablation-allen_cahn-ganr-with_router-s11-23101cb245,0.42512691570694505,0.41877152055575684,0.0008543192573413975,ganr,0.010698024784756668,0.015031101898373152,Q5,0.0012753677257556864,11,allen_cahn,with_router
205,ablation,ablation-controlled-ganr-no_gate-s11-4dcae649b8,0.7700578222419104,0.8017735899517014,0.001338037793601227,ganr,0.005341884086987044,0.006882397080794901,Q1,0.0017511746392240685,11,controlled,no_gate
205,ablation,ablation-controlled-ganr-no_gate-s11-4dcae649b8,1.0593848836970348,1.0551692793439678,0.0013476202528691806,ganr,0.005439678747365438,0.006937370412355073,Q2,0.001725017463268073,11,controlled,no_gate
205,ablation,ablation-controlled-ganr-no_gate-s11-4dcae649b8,1.3328768292778945,1.3343169897485176,0.0013240771440062573,ganr,0.00534375043654668,0.006778478005683355,Q3,0.0016957640918912286,11,controlled,no_gate
205,ablation,ablation-controlled-ganr-no_gate-s11-4dcae649b8,1.6906455393104547,1.6867382874506176,0.0013932073881600135,ganr,0.005601338935244456,0.007195589391691787,Q4,0.0018025411370861228,11,controlled,no_gate
204,ablation,ablation-controlled-ganr-no_gate-s11-4dcae649b8,2.300043003095156,2.208956119630349,0.001326220814420077,ganr,0.005324847298351119,0.006783797087776854,Q5,0.001708013615960455,11,controlled,no_gate
205,ablation,ablation-controlled-ganr-no_geom-s11-6bb741a6b8,0.7700578222419104,0.8017735899517014,0.0012641575358518422,ganr,0.005064631203736531,0.006483201670799059,Q1,0.0016368946299355868,11,controlled,no_geom
205,ablation,ablation-controlled-ganr-no_geom-s11-6bb741a6b8,1.0593848836970348,1.0551692793439678,0.001304192441103823,ganr,0.005289324492976797,0.006766681675967988,Q2,0.0016635023346861931,11,controlled,no_geom
205,ablation,ablation-controlled-ganr-no_geom-s11-6bb741a6b8,1.3328768292778945,1.3343169897485176,0.0013066221295247953,ganr,0.005302740690152694,0.006845338838642623,Q3,0.0016767201756001408,11,controlled,no_geom
205,ablation,ablation-controlled-ganr-no_geom-s11-6bb741a6b8,1.6906455393104547,1.6867382874506176,0.0013631854083741483,ganr,0.005571853615900676,0.007210735116409855,Q4,0.001743463965215429,11,controlled,no_geom
204,ablation,ablation-controlled-ganr-no_geom-s11-6bb741a6b8,2.300043003095156,2.208956119630349,0.0013841026622627645,ganr,0.005658032175571392,0.0074612980123930014,Q5,0.0018188996168134628,11,controlled,no_geom
205,ablation,ablation-controlled-ganr-no_router-s11-e319379de0,0.7700578222419104,0.8017735899517014,0.001213789207466151,ganr,0.0048588507934075546,0.0061102075573038865,Q1,0.001546260422875298,11,controlled,no_router
205,ablation,ablation-controlled-ganr-no_router-s11-e319379de0,1.0593848836970348,1.0551692793439678,0.0012826979770091762,ganr,0.005077122148703189,0.00640241786338717,Q2,0.0016521377599868284,11,controlled,no_router
205,ablation,ablation-controlled-ganr-no_router-s11-e319379de0,1.3328768292778945,1.3343169897485176,0.0012717439645623415,ganr,0.005029744075821973,0.006264224038075299,Q3,0.0016090714781137605,11,controlled,no_router
205,ablation,ablation-controlled-ganr-no_router-s11-e319379de0,1.6906455393104547,1.6867382874506176,0.001283933484348115,ganr,0.00511019220446801,0.006388879942530977,Q4,0.0016278639834893408,11,controlled,no_router
204,ablation,ablation-controlled-ganr-no_router-s11-e319379de0,2.300043003095156,2.208956119630349,0.0012566883707940373,ganr,0.005011223208344637,0.006399740905958506,Q5,0.0016233780426596351,11,controlled,no_router
205,ablation,ablation-controlled-ganr-with_router-s11-17a718c923,0.7700578222419104,0.8017735899517014,0.0012704373465811198,ganr,0.005074660831123089,0.0065246726001744965,Q1,0.0016577848347187126,11,controlled,with_router
205,ablation,ablation-controlled-ganr-with_router-s11-17a718c923,1.0593848836970348,1.0551692793439678,0.0012139488797912213,ganr,0.0049346094728894355,0.00642177222587578,Q2,0.001579950768918221,11,controlled,with_router
205,ablation,ablation-controlled-ganr-with_router-s11-17a718c923,1.3328768292778945,1.3343169897485176,0.0011857207923928466,ganr,0.004768404359791474,0.006125845880307716,Q3,0.0015338964722703815,11,controlled,with_router
205,ablation,ablation-controlled-ganr-with_router-s11-17a718c923,1.6906455393104547,1.6867382874506176,0.0012219053494579672,ganr,0.004932932814227822,0.006310707373359628,Q4,0.0015691618577469363,11,controlled,with_router
204,ablation,ablation-controlled-ganr-with_router-s11-17a718c923,2.300043003095156,2.208956119630349,0.0012014007328612114,ganr,0.0048669818058200455,0.006213799137641122,Q5,0.0015425106656184453,11,controlled,with_router
205,ablation,ablation-duffing-ganr-no_gate-s11-922da7f38a,0.4260185429607537,0.43194158091429863,0.0012713723758612859,ganr,0.004305272436221441,0.00563878978194926,Q1,0.0016914540170680317,11,duffing,no_gate
205,ablation,ablation-duffing-ganr-no_gate-s11-922da7f38a,0.5198316481501641,0.5218364617863674,0.001223282307590835,ganr,0.004128456093599524,0.0052262897279125005,Q2,0.0015809554593987326,11,duffing,no_gate
205,ablation,ablation-duffing-ganr-no_gate-s11-922da7f38a,0.5839590772301672,0.5842454017593658,0.0013045683392281318,ganr,0.004444623600287227,0.005708729620667144,Q3,0.0017020885420047727,11,duffing,no_gate
205,ablation,ablation-duffing-ganr-no_gate-s11-922da7f38a,0.654854269528632,0.6574576393545056,0.0012839352816915446,ganr,0.004375919649892287,0.005651776389612593,Q4,0.0016869548524217762,11,duffing,no_gate
204,ablation,ablation-duffing-ganr-no_gate-s11-922da7f38a,0.7751503283244864,0.758356785130839,0.0012929665855760202,ganr,0.004411832200015654,0.005615750977060691,Q5,0.0016607502723004247,11,duffing,no_gate
205,ablation,ablation-duffing-ganr-no_geom-s11-32d002eb00,0.4260185429607537,0.43194158091429863,0.0010682246071332994,ganr,0.0035854739003383005,0.004672685041128577,Q1,0.001428029762626445,11,duffing,no_geom
205,ablation,ablation-duffing-ganr-no_geom-s11-32d002eb00,0.5198316481501641,0.5218364617863674,0.0009685548998964894,ganr,0.003268069084480941,0.004279787466146663,Q2,0.0012997101864287088,11,duffing,no_geom
205,ablation,ablation-duffing-ganr-no_geom-s11-32d002eb00,0.5839590772301672,0.5842454017593658,0.001030241859796927,ganr,0.0034807238897687272,0.004558786042285778,Q3,0.001364989373707244,11,duffing,no_geom
205,ablation,ablation-duffing-ganr-no_geom-s11-32d002eb00,0.654854269528632,0.6574576393545056,0.0009663090282496031,ganr,0.0032791680928147605,0.004291348054501239,Q4,0.0012828899046950103,11,duffing,no_geom
204,ablation,ablation-duffing-ganr-no_geom-s11-32d002eb00,0.7751503283244864,0.758356785130839,0.0009872259693824448,ganr,0.003372241759243792,0.004396524798144758,Q5,0.001293136926999739,11,duffing,no_geom
205,ablation,ablation-duffing-ganr-no_router-s11-f28dc4d0c2,0.4260185429607537,0.43194158091429863,0.0010754380527631417,ganr,0.0035569205427832106,0.004569040329520667,Q1,0.0014449561463085038,11,duffing,no_router
205,ablation,ablation-duffing-ganr-no_router-s11-f28dc4d0c2,0.5198316481501641,0.5218364617863674,0.0010297264169267003,ganr,0.0034509657879354394,0.004405589599953872,Q2,0.0013557628765237732,11,duffing,no_router
205,ablation,ablation-duffing-ganr-no_router-s11-f28dc4d0c2,0.5839590772301672,0.5842454017593658,0.001105285926611786,ganr,0.0037002871575433434,0.004935373789117919,Q3,0.0015368412470942513,11,duffing,no_router
205,ablation,ablation-duffing-ganr-no_router-s11-f28dc4d0c2,0.654854269528632,0.6574576393545056,0.0010775852852774976,ganr,0.00360659461829639,0.004737007465008108,Q4,0.001455445450089166,11,duffing,no_router
204,ablation,ablation-duffing-ganr-no_router-s11-f28dc4d0c2,0.7751503283244864,0.758356785130839,0.0010954609895045852,ganr,0.003673710480599117,0.004806796982660689,Q5,0.001476402579893943,11,duffing,no_router
205,ablation,ablation-duffing-ganr-with_router-s11-b50bfc7192,0.4260185429607537,0.43194158091429863,0.0010697755514917024,ganr,0.003595095274654793,0.004669232689140521,Q1,0.0014241852053215886,11,duffing,with_router
205,ablation,ablation-duffing-ganr-with_router-s11-b50bfc7192,0.5198316481501641,0.5218364617863674,0.0009910785047040696,ganr,0.003332983356194136,0.004362720238102524,Q2,0.001332458364232126,11,duffing,with_router
205,ablation,ablation-duffing-ganr-with_router-s11-b50bfc7192,0.5839590772301672,0.5842454017593658,0.0010314313527975706,ganr,0.003486552252992425,0.0045412264317894035,Q3,0.0013599299337001922,11,duffing,with_router
205,ablation,ablation-duffing-ganr-with_router-s11-b50bfc7192,0.654854269528632,0.6574576393545056,0.000985486831366249,ganr,0.003340399838891045,0.004333931560270743,Q4,0.0013073543239378268,11,duffing,with_router
204,ablation,ablation-duffing-ganr-with_router-s11-b50bfc7192,0.7751503283244864,0.758356785130839,0.0010077759347593967,ganr,0.0034346288409817715,0.004433292611201687,Q5,0.0013097571150140466,11,duffing,with_router
205,ablation,ablation-ieee118-ganr-no_gate-s11-b37280c9da,0.0012815212877709968,0.0013085881754753416,1.1007691777709037e-05,ganr,0.0002480264200663087,0.0004039152941261277,Q1,3.529275564889295e-05,11,ieee118,no_gate
205,ablation,ablation-ieee118-ganr-no_gate-s11-b37280c9da,0.0017006979806648034,0.0016946894934823438,1.0738819685407575e-05,ganr,0.0002435923129523553,0.0003992071925094796,Q2,3.542814107382445e-05,11,ieee118,no_gate
205,ablation,ablation-ieee118-ganr-no_gate-s11-b37280c9da,0.0021175907516254905,0.0021101348565217494,1.1107143382768866e-05,ganr,0.00025074995981291267,0.00042076776436196115,Q3,3.981660144807764e-05,11,ieee118,no_gate
205,ablation,ablation-ieee118-ganr-no_gate-s11-b37280c9da,0.0026864059221111576,0.0026763420563608916,1.118007809843031e-05,ganr,0.00025716558170003917,0.0004704553243238915,Q4,4.380557429490821e-05,11,ieee118,no_gate
204,ablation,ablation-ieee118-ganr-no_gate-s11-b37280c9da,0.004140207552341843,0.003753599137773711,1.416116768781056e-05,ganr,0.0002845159471371111,0.0006301566642148333,Q5,7.33000663965224e-05,11,ieee118,no_gate
205,ablation,ablation-ieee118-ganr-no_geom-s11-2da3781da1,0.0012815212877709968,0.0013085881754753416,6.324746293917597e-05,ganr,0.001725845701506094,0.002212723358481091,Q1,8.9378663627769e-05,11,ieee118,no_geom
205,ablation,ablation-ieee118-ganr-no_geom-s11-2da3781da1,0.0017006979806648034,0.0016946894934823438,6.311535163260064e-05,ganr,0.0017173112440203424,0.0022116559742790935,Q2,9.01163903072549e-05,11,ieee118,no_geom
205,ablation,ablation-ieee118-ganr-no_geom-s11-2da3781da1,0.0021175907516254905,0.0021101348565217494,6.150013619423402e-05,ganr,0.0016720475336271456,0.0021439668786312595,Q3,8.888146011369806e-05,11,ieee118,no_geom
205,ablation,ablation-ieee118-ganr-no_geom-s11-2da3781da1,0.0026864059221111576,0.0026763420563608916,6.244857763866308e-05,ganr,0.0016981625733154578,0.0021688646866076873,Q4,8.987450170260635e-05,11,ieee118,no_geom
204,ablation,ablation-ieee118-ganr-no_geom-s11-2da3781da1,0.004140207552341843,0.003753599137773711,6.392387752654072e-05,ganr,0.001724759108799372,0.0022215517407707173,Q5,9.856617222692472e-05,11,ieee118,no_geom
205,ablation,ablation-ieee118-ganr-no_router-s11-e26f7c15e7,0.0012815212877709968,0.0013085881754753416,1.1007691777709037e-05,ganr,0.0002480264200663087,0.0004039152941261277,Q1,3.529275564889295e-05,11,ieee118,no_router
205,ablation,ablation-ieee118-ganr-no_router-s11-e26f7c15e7,0.0017006979806648034,0.0016946894934823438,1.0738819685407575e-05,ganr,0.0002435923129523553,0.0003992071925094796,Q2,3.542814107382445e-05,11,ieee118,no_router
205,ablation,ablation-ieee118-ganr-no_router-s11-e26f7c15e7,0.0021175907516254905,0.0021101348565217494,1.1107143382768866e-05,ganr,0.00025074995981291267,0.00042076776436196115,Q3,3.981660144807764e-05,11,ieee118,no_router
205,ablation,ablation-ieee118-ganr-no_router-s11-e26f7c15e7,0.0026864059221111576,0.0026763420563608916,1.118007809843031e-05,ganr,0.00025716558170003917,0.0004704553243238915,Q4,4.380557429490821e-05,11,ieee118,no_router
204,ablation,ablation-ieee118-ganr-no_router-s11-e26f7c15e7,0.004140207552341843,0.003753599137773711,1.416116768781056e-05,ganr,0.0002845159471371111,0.0006301566642148333,Q5,7.33000663965224e-05,11,ieee118,no_router
205,ablation,ablation-ieee118-ganr-with_router-s11-2d385ad241,0.0012815212877709968,0.0013085881754753416,1.1007691777709037e-05,ganr,0.0002480264200663087,0.0004039152941261277,Q1,3.529275564889295e-05,11,ieee118,with_router
205,ablation,ablation-ieee118-ganr-with_router-s11-2d385ad241,0.0017006979806648034,0.0016946894934823438,1.0738819685407575e-05,ganr,0.0002435923129523553,0.0003992071925094796,Q2,3.542814107382445e-05,11,ieee118,with_router
205,ablation,ablation-ieee118-ganr-with_router-s11-2d385ad241,0.0021175907516254905,0.0021101348565217494,1.1107143382768866e-05,ganr,0.00025074995981291267,0.00042076776436196115,Q3,3.981660144807764e-05,11,ieee118,with_router
205,ablation,ablation-ieee118-ganr-with_router-s11-2d385ad241,0.0026864059221111576,0.0026763420563608916,1.118007809843031e-05,ganr,0.00025716558170003917,0.0004704553243238915,Q4,4.380557429490821e-05,11,ieee118,with_router
204,ablation,ablation-ieee118-ganr-with_router-s11-2d385ad241,0.004140207552341843,0.003753599137773711,1.416116768781056e-05,ganr,0.0002845159471371111,0.0006301566642148333,Q5,7.33000663965224e-05,11,ieee118,with_router
205,ablation,ablation-shallow_water-ganr-no_gate-s11-cabfb4fcfa,0.2562744330627637,0.25688720201974835,0.00013996860315995267,ganr,0.0046184953327467184,0.005861427416034848,Q1,0.00018388841335383567,11,shallow_water,no_gate
205,ablation,ablation-shallow_water-ganr-no_gate-s11-cabfb4fcfa,0.2614559025628887,0.261565787691725,0.00014050938641620232,ganr,0.004641349880506041,0.005902445354722224,Q2,0.0001847755674954635,11,shallow_water,no_gate
205,ablation,ablation-shallow_water-ganr-no_gate-s11-cabfb4fcfa,0.26453743697912835,0.2645718363319691,0.00014203749308451657,ganr,0.004684539721821583,0.005959471469303894,Q3,0.00018713550571840991,11,shallow_water,no_gate
205,ablation,ablation-shallow_water-ganr-no_gate-s11-cabfb4fcfa,0.26789858341959866,0.26787509952338057,0.00013991690941435745,ganr,0.004616618032810214,0.0058508276392826375,Q4,0.00018340894322241147,11,shallow_water,no_gate
204,ablation,ablation-shallow_water-ganr-no_gate-s11-cabfb4fcfa,0.2735198895747848,0.2728809760975131,0.00013735566912639722,ganr,0.0045332788916742995,0.005746077270973821,Q5,0.00018023961964451043,11,shallow_water,no_gate
205,ablation,ablation-shallow_water-ganr-no_geom-s11-71ee75a39f,0.2562744330627637,0.25688720201974835,0.00013996860315995267,ganr,0.0046184953327467184,0.005861427416034848,Q1,0.00018388841335383567,11,shallow_water,no_geom
205,ablation,ablation-shallow_water-ganr-no_geom-s11-71ee75a39f,0.2614559025628887,0.261565787691725,0.00014050938641620232,ganr,0.004641349880506041,0.005902445354722224,Q2,0.0001847755674954635,11,shallow_water,no_geom
205,ablation,ablation-shallow_water-ganr-no_geom-s11-71ee75a39f,0.26453743697912835,0.2645718363319691,0.00014203749308451657,ganr,0.004684539721821583,0.005959471469303894,Q3,0.00018713550571840991,11,shallow_water,no_geom
205,ablation,ablation-shallow_water-ganr-no_geom-s11-71ee75a39f,0.26789858341959866,0.26787509952338057,0.00013991690941435745,ganr,0.004616618032810214,0.0058508276392826375,Q4,0.00018340894322241147,11,shallow_water,no_geom
204,ablation,ablation-shallow_water-ganr-no_geom-s11-71ee75a39f,0.2735198895747848,0.2728809760975131,0.00013735566912639722,ganr,0.0045332788916742995,0.005746077270973821,Q5,0.00018023961964451043,11,shallow_water,no_geom
205,ablation,ablation-shallow_water-ganr-no_router-s11-11c6e051c2,0.2562744330627637,0.25688720201974835,0.00013996860315995267,ganr,0.0046184953327467184,0.005861427416034848,Q1,0.00018388841335383567,11,shallow_water,no_router
205,ablation,ablation-shallow_water-ganr-no_router-s11-11c6e051c2,0.2614559025628887,0.261565787691725,0.00014050938641620232,ganr,0.004641349880506041,0.005902445354722224,Q2,0.0001847755674954635,11,shallow_water,no_router
205,ablation,ablation-shallow_water-ganr-no_router-s11-11c6e051c2,0.26453743697912835,0.2645718363319691,0.00014203749308451657,ganr,0.004684539721821583,0.005959471469303894,Q3,0.00018713550571840991,11,shallow_water,no_router
205,ablation,ablation-shallow_water-ganr-no_router-s11-11c6e051c2,0.26789858341959866,0.26787509952338057,0.00013991690941435745,ganr,0.004616618032810214,0.0058508276392826375,Q4,0.00018340894322241147,11,shallow_water,no_router
204,ablation,ablation-shallow_water-ganr-no_router-s11-11c6e051c2,0.2735198895747848,0.2728809760975131,0.00013735566912639722,ganr,0.0045332788916742995,0.005746077270973821,Q5,0.00018023961964451043,11,shallow_water,no_router
205,ablation,ablation-shallow_water-ganr-with_router-s11-414e12e608,0.2562744330627637,0.25688720201974835,0.00013996860315995267,ganr,0.0046184953327467184,0.005861427416034848,Q1,0.00018388841335383567,11,shallow_water,with_router
205,ablation,ablation-shallow_water-ganr-with_router-s11-414e12e608,0.2614559025628887,0.261565787691725,0.00014050938641620232,ganr,0.004641349880506041,0.005902445354722224,Q2,0.0001847755674954635,11,shallow_water,with_router
205,ablation,ablation-shallow_water-ganr-with_router-s11-414e12e608,0.26453743697912835,0.2645718363319691,0.00014203749308451657,ganr,0.004684539721821583,0.005959471469303894,Q3,0.00018713550571840991,11,shallow_water,with_router
205,ablation,ablation-shallow_water-ganr-with_router-s11-414e12e608,0.26789858341959866,0.26787509952338057,0.00013991690941435745,ganr,0.004616618032810214,0.0058508276392826375,Q4,0.00018340894322241147,11,shallow_water,with_router
204,ablation,ablation-shallow_water-ganr-with_router-s11-414e12e608,0.2735198895747848,0.2728809760975131,0.00013735566912639722,ganr,0.0045332788916742995,0.005746077270973821,Q5,0.00018023961964451043,11,shallow_water,with_router
205,all_physics_factorial,all_physics_factorial-ac_power-fourier-no_physics-s11-c6e6e0e2e4,0.04998694463028547,0.05106480277545421,0.0002561595848866354,fourier,0.009490879897303408,0.012459762709311824,Q1,0.0003816000229805774,11,ac_power,no_physics
205,all_physics_factorial,all_physics_factorial-ac_power-fourier-no_physics-s11-c6e6e0e2e4,0.05876694438574117,0.05904698479975996,0.00025177908124716935,fourier,0.009242478765161198,0.012188442899694648,Q2,0.0003718123729389115,11,ac_power,no_physics
205,all_physics_factorial,all_physics_factorial-ac_power-fourier-no_physics-s11-c6e6e0e2e4,0.06436703070901958,0.06439416066375254,0.0002606045340530806,fourier,0.009572810184470421,0.01255865087046324,Q3,0.0003904544876934251,11,ac_power,no_physics
205,all_physics_factorial,all_physics_factorial-ac_power-fourier-no_physics-s11-c6e6e0e2e4,0.07066484710459263,0.07052199071947982,0.0002637302205417046,fourier,0.009762868525215443,0.012723619794564494,Q4,0.0003851491983166418,11,ac_power,no_physics
204,all_physics_factorial,all_physics_factorial-ac_power-fourier-no_physics-s11-c6e6e0e2e4,0.08236888809339452,0.08064330781072213,0.0002631763694892595,fourier,0.00961890354947249,0.012550677491085545,Q5,0.0003947957796457568,11,ac_power,no_physics
205,all_physics_factorial,all_physics_factorial-ac_power-fourier-no_physics-s29-34fce254f2,0.04998694463028547,0.05106480277545421,0.00024271174903643862,fourier,0.008840138786661782,0.011410203400698603,Q1,0.00035159907085106126,29,ac_power,no_physics
205,all_physics_factorial,all_physics_factorial-ac_power-fourier-no_physics-s29-34fce254f2,0.05876694438574117,0.05904698479975996,0.0002389212741511663,fourier,0.008538895087900253,0.011296138124108922,Q2,0.0003674776054304853,29,ac_power,no_physics
205,all_physics_factorial,all_physics_factorial-ac_power-fourier-no_physics-s29-34fce254f2,0.06436703070901958,0.06439416066375254,0.00023832263291692963,fourier,0.008676233927416168,0.011410835363826512,Q3,0.00035976784932721624,29,ac_power,no_physics
205,all_physics_factorial,all_physics_factorial-ac_power-fourier-no_physics-s29-34fce254f2,0.07066484710459263,0.07052199071947982,0.0002285263011051666,fourier,0.008450636346791598,0.010720758721599373,Q4,0.0003285294710738291,29,ac_power,no_physics
204,all_physics_factorial,all_physics_factorial-ac_power-fourier-no_physics-s29-34fce254f2,0.08236888809339452,0.08064330781072213,0.00024711181135128444,fourier,0.008961624876361948,0.011550264759191834,Q5,0.0003665271807604238,29,ac_power,no_physics
205,all_physics_factorial,all_physics_factorial-ac_power-fourier-no_physics-s47-1c27ae9e00,0.04998694463028547,0.05106480277545421,0.0002544575830653208,fourier,0.00934789197376077,0.012317993953692659,Q1,0.00038876128882210686,47,ac_power,no_physics
205,all_physics_factorial,all_physics_factorial-ac_power-fourier-no_physics-s47-1c27ae9e00,0.05876694438574117,0.05904698479975996,0.00025304296422662143,fourier,0.00938741943496945,0.012652729979019848,Q2,0.00037932167537231396,47,ac_power,no_physics
205,all_physics_factorial,all_physics_factorial-ac_power-fourier-no_physics-s47-1c27ae9e00,0.06436703070901958,0.06439416066375254,0.00023016865059312754,fourier,0.008516367036951196,0.01093483957671871,Q3,0.00033281644579362114,47,ac_power,no_physics
205,all_physics_factorial,all_physics_factorial-ac_power-fourier-no_physics-s47-1c27ae9e00,0.07066484710459263,0.07052199071947982,0.0002412871642241598,fourier,0.008751742119786103,0.011340035594767615,Q4,0.0003652601253221945,47,ac_power,no_physics
204,all_physics_factorial,all_physics_factorial-ac_power-fourier-no_physics-s47-1c27ae9e00,0.08236888809339452,0.08064330781072213,0.0002422597353128525,fourier,0.008983160878413228,0.011540805975530775,Q5,0.000355694109368039,47,ac_power,no_physics
205,all_physics_factorial,all_physics_factorial-ac_power-fourier-physics-s11-18bf67a8e1,0.04998694463028547,0.05106480277545421,0.00013960467410695297,fourier,0.005442591763148001,0.007151680045656778,Q1,0.00020113675817321703,11,ac_power,physics
205,all_physics_factorial,all_physics_factorial-ac_power-fourier-physics-s11-18bf67a8e1,0.05876694438574117,0.05904698479975996,0.00013306005993770365,fourier,0.005138766068895714,0.006789862661221101,Q2,0.00019605265258453293,11,ac_power,physics
205,all_physics_factorial,all_physics_factorial-ac_power-fourier-physics-s11-18bf67a8e1,0.06436703070901958,0.06439416066375254,0.00013599387543810975,fourier,0.005340682637768822,0.007086597037965834,Q3,0.0001949096682776313,11,ac_power,physics
205,all_physics_factorial,all_physics_factorial-ac_power-fourier-physics-s11-18bf67a8e1,0.07066484710459263,0.07052199071947982,0.00013773307469971084,fourier,0.005437043331879664,0.007099292181012626,Q4,0.00019491301088594225,11,ac_power,physics
204,all_physics_factorial,all_physics_factorial-ac_power-fourier-physics-s11-18bf67a8e1,0.08236888809339452,0.08064330781072213,0.0001412185069167343,fourier,0.005456191326314528,0.007143997627692947,Q5,0.00020264184712098782,11,ac_power,physics
205,all_physics_factorial,all_physics_factorial-ac_power-fourier-physics-s29-883020e124,0.04998694463028547,0.05106480277545421,0.00013559754162477993,fourier,0.0052585566560461325,0.006881131978276729,Q1,0.00019457437756808082,29,ac_power,physics
205,all_physics_factorial,all_physics_factorial-ac_power-fourier-physics-s29-883020e124,0.05876694438574117,0.05904698479975996,0.00013350732740134857,fourier,0.0050830353745083216,0.006590540186633109,Q2,0.00019150061807952869,29,ac_power,physics
205,all_physics_factorial,all_physics_factorial-ac_power-fourier-physics-s29-883020e124,0.06436703070901958,0.06439416066375254,0.0001352178575348341,fourier,0.005244116985184471,0.006790843061155472,Q3,0.00019278035677396203,29,ac_power,physics
205,all_physics_factorial,all_physics_factorial-ac_power-fourier-physics-s29-883020e124,0.07066484710459263,0.07052199071947982,0.00013178514812317802,fourier,0.0051774326256569456,0.006899941348292689,Q4,0.0001923414317680005,29,ac_power,physics
204,all_physics_factorial,all_physics_factorial-ac_power-fourier-physics-s29-883020e124,0.08236888809339452,0.08064330781072213,0.00013701019976711644,fourier,0.005310396089915737,0.0069519127025343165,Q5,0.00019557353020835147,29,ac_power,physics
205,all_physics_factorial,all_physics_factorial-ac_power-fourier-physics-s47-ef74748d7f,0.04998694463028547,0.05106480277545421,0.000134143094759445,fourier,0.005275872934366992,0.006998147515140044,Q1,0.00019336023286780778,47,ac_power,physics
205,all_physics_factorial,all_physics_factorial-ac_power-fourier-physics-s47-ef74748d7f,0.05876694438574117,0.05904698479975996,0.00013548592492882875,fourier,0.00520659157959539,0.006954742031887792,Q2,0.00020047420341236548,47,ac_power,physics
205,all_physics_factorial,all_physics_factorial-ac_power-fourier-physics-s47-ef74748d7f,0.06436703070901958,0.06439416066375254,0.0001306010565114287,fourier,0.005079906651698694,0.006611647473158883,Q3,0.00018437399231784865,47,ac_power,physics
205,all_physics_factorial,all_physics_factorial-ac_power-fourier-physics-s47-ef74748d7f,0.07066484710459263,0.07052199071947982,0.00013486863042790024,fourier,0.005257218276961135,0.006860634043667202,Q4,0.00019214587029028915,47,ac_power,physics
204,all_physics_factorial,all_physics_factorial-ac_power-fourier-physics-s47-ef74748d7f,0.08236888809339452,0.08064330781072213,0.00013638282043712917,fourier,0.005389848832959774,0.007236083003822267,Q5,0.00019493188926924046,47,ac_power,physics
205,all_physics_factorial,all_physics_factorial-ac_power-ganr-no_physics-s11-39bf997b2d,0.04998694463028547,0.05106480277545421,4.929911537359157e-05,ganr,0.001806765569152227,0.002392902445388886,Q1,7.326672018656358e-05,11,ac_power,no_physics
205,all_physics_factorial,all_physics_factorial-ac_power-ganr-no_physics-s11-39bf997b2d,0.05876694438574117,0.05904698479975996,5.1839501764917365e-05,ganr,0.001862991691487107,0.0024572832176129895,Q2,7.694531417771434e-05,11,ac_power,no_physics
205,all_physics_factorial,all_physics_factorial-ac_power-ganr-no_physics-s11-39bf997b2d,0.06436703070901958,0.06439416066375254,5.7541377134503514e-05,ganr,0.002065471504334514,0.00320421735423946,Q3,0.00010763709616071344,11,ac_power,no_physics
205,all_physics_factorial,all_physics_factorial-ac_power-ganr-no_physics-s11-39bf997b2d,0.07066484710459263,0.07052199071947982,5.244228248855076e-05,ganr,0.0019039328318347071,0.002587709809401207,Q4,8.014976627402555e-05,11,ac_power,no_physics
204,all_physics_factorial,all_physics_factorial-ac_power-ganr-no_physics-s11-39bf997b2d,0.08236888809339452,0.08064330781072213,5.1850427688631973e-05,ganr,0.001910832204867588,0.0026850500106186228,Q5,8.299041805167263e-05,11,ac_power,no_physics
205,all_physics_factorial,all_physics_factorial-ac_power-ganr-no_physics-s29-a5ff7eabc7,0.04998694463028547,0.05106480277545421,5.125793328888809e-05,ganr,0.0018517190685323412,0.0024206522696744674,Q1,7.592141254427307e-05,29,ac_power,no_physics
205,all_physics_factorial,all_physics_factorial-ac_power-ganr-no_physics-s29-a5ff7eabc7,0.05876694438574117,0.05904698479975996,5.2506375010530965e-05,ganr,0.0018689910336710913,0.0024204390919444056,Q2,7.834693447680616e-05,29,ac_power,no_physics
205,all_physics_factorial,all_physics_factorial-ac_power-ganr-no_physics-s29-a5ff7eabc7,0.06436703070901958,0.06439416066375254,5.8557527700665434e-05,ganr,0.002084243172516621,0.0032513853926157323,Q3,0.00011057194516178125,29,ac_power,no_physics
205,all_physics_factorial,all_physics_factorial-ac_power-ganr-no_physics-s29-a5ff7eabc7,0.07066484710459263,0.07052199071947982,5.376334757888783e-05,ganr,0.0019277369729218384,0.0025852168321456206,Q4,8.205878197912207e-05,29,ac_power,no_physics
204,all_physics_factorial,all_physics_factorial-ac_power-ganr-no_physics-s29-a5ff7eabc7,0.08236888809339452,0.08064330781072213,5.2813911218752164e-05,ganr,0.0018928055704706028,0.0026269419001828448,Q5,8.463554098535224e-05,29,ac_power,no_physics
205,all_physics_factorial,all_physics_factorial-ac_power-ganr-no_physics-s47-814597eab2,0.04998694463028547,0.05106480277545421,5.272812182288568e-05,ganr,0.0019169231968093057,0.002519944428626033,Q1,7.861703596550675e-05,47,ac_power,no_physics
205,all_physics_factorial,all_physics_factorial-ac_power-ganr-no_physics-s47-814597eab2,0.05876694438574117,0.05904698479975996,5.331422826551057e-05,ganr,0.0019268322939944166,0.002509836807749019,Q2,7.921395686930843e-05,47,ac_power,no_physics
205,all_physics_factorial,all_physics_factorial-ac_power-ganr-no_physics-s47-814597eab2,0.06436703070901958,0.06439416066375254,5.87651817259283e-05,ganr,0.002122155943559572,0.0033845112894806827,Q3,0.00011421703865355142,47,ac_power,no_physics
205,all_physics_factorial,all_physics_factorial-ac_power-ganr-no_physics-s47-814597eab2,0.07066484710459263,0.07052199071947982,5.381321974050717e-05,ganr,0.0019296636134781896,0.002618804442781406,Q4,8.274606396158272e-05,47,ac_power,no_physics
204,all_physics_factorial,all_physics_factorial-ac_power-ganr-no_physics-s47-814597eab2,0.08236888809339452,0.08064330781072213,5.209786291158837e-05,ganr,0.0019179224486012107,0.002697172565943554,Q5,8.370438811866425e-05,47,ac_power,no_physics
205,all_physics_factorial,all_physics_factorial-ac_power-ganr-physics-s11-3a24c56a12,0.04998694463028547,0.05106480277545421,5.10318859672792e-05,ganr,0.001837365437823155,0.002496215355864224,Q1,7.957080741210882e-05,11,ac_power,physics
205,all_physics_factorial,all_physics_factorial-ac_power-ganr-physics-s11-3a24c56a12,0.05876694438574117,0.05904698479975996,5.1280056456597166e-05,ganr,0.0018303260758230182,0.0024858657605736777,Q2,7.98558817488734e-05,11,ac_power,physics
205,all_physics_factorial,all_physics_factorial-ac_power-ganr-physics-s11-3a24c56a12,0.06436703070901958,0.06439416066375254,5.415448190480915e-05,ganr,0.001891668920940752,0.0026209095587865286,Q3,8.842250966680345e-05,11,ac_power,physics
205,all_physics_factorial,all_physics_factorial-ac_power-ganr-physics-s11-3a24c56a12,0.07066484710459263,0.07052199071947982,5.543411960211304e-05,ganr,0.0019633734524175223,0.0027168840173060166,Q4,9.008025309741307e-05,11,ac_power,physics
204,all_physics_factorial,all_physics_factorial-ac_power-ganr-physics-s11-3a24c56a12,0.08236888809339452,0.08064330781072213,5.302220620983755e-05,ganr,0.001895198895448079,0.002588141833557019,Q5,8.455616758291615e-05,11,ac_power,physics
205,all_physics_factorial,all_physics_factorial-ac_power-ganr-physics-s29-e730659110,0.04998694463028547,0.05106480277545421,4.7118262003377915e-05,ganr,0.001703815393551485,0.0022372052632880068,Q1,6.96181300742957e-05,29,ac_power,physics
205,all_physics_factorial,all_physics_factorial-ac_power-ganr-physics-s29-e730659110,0.05876694438574117,0.05904698479975996,4.736746806174335e-05,ganr,0.0017269774827068608,0.0023017516446024737,Q2,7.1417669342866e-05,29,ac_power,physics
205,all_physics_factorial,all_physics_factorial-ac_power-ganr-physics-s29-e730659110,0.06436703070901958,0.06439416066375254,5.1081329684007675e-05,ganr,0.0018503090447543242,0.002606625421881592,Q3,7.933881091914744e-05,29,ac_power,physics
205,all_physics_factorial,all_physics_factorial-ac_power-ganr-physics-s29-e730659110,0.07066484710459263,0.07052199071947982,5.040976548211374e-05,ganr,0.0018224222753295554,0.0024312497316451515,Q4,7.657153730435321e-05,29,ac_power,physics
204,all_physics_factorial,all_physics_factorial-ac_power-ganr-physics-s29-e730659110,0.08236888809339452,0.08064330781072213,5.0014787956677214e-05,ganr,0.0017668819487058974,0.0023404748884422763,Q5,7.62932262668646e-05,29,ac_power,physics
205,all_physics_factorial,all_physics_factorial-ac_power-ganr-physics-s47-181637cf81,0.04998694463028547,0.05106480277545421,5.1918754884782525e-05,ganr,0.0018159230880552837,0.0023554573441262492,Q1,7.78486553752198e-05,47,ac_power,physics
205,all_physics_factorial,all_physics_factorial-ac_power-ganr-physics-s47-181637cf81,0.05876694438574117,0.05904698479975996,5.090122838433222e-05,ganr,0.0017891396933909377,0.002339654902807004,Q2,7.530837083781509e-05,47,ac_power,physics
205,all_physics_factorial,all_physics_factorial-ac_power-ganr-physics-s47-181637cf81,0.06436703070901958,0.06439416066375254,5.122429870694911e-05,ganr,0.0018296607685885158,0.002457475176304353,Q3,7.771499630703364e-05,47,ac_power,physics
205,all_physics_factorial,all_physics_factorial-ac_power-ganr-physics-s47-181637cf81,0.07066484710459263,0.07052199071947982,5.2965167312801104e-05,ganr,0.001874479461911265,0.00252209171130863,Q4,8.249206467272752e-05,47,ac_power,physics
204,all_physics_factorial,all_physics_factorial-ac_power-ganr-physics-s47-181637cf81,0.08236888809339452,0.08064330781072213,5.2772474861780955e-05,ganr,0.0018344624751778357,0.002460034144923304,Q5,8.218154098870618e-05,47,ac_power,physics
205,all_physics_factorial,all_physics_factorial-ac_power-gelu-no_physics-s11-4cafb81d49,0.04998694463028547,0.05106480277545421,0.00013142572660865148,gelu,0.004715027083599451,0.006066293667212482,Q1,0.0001953415827130329,11,ac_power,no_physics
205,all_physics_factorial,all_physics_factorial-ac_power-gelu-no_physics-s11-4cafb81d49,0.05876694438574117,0.05904698479975996,0.00013388170926013915,gelu,0.00487615905837772,0.006368617479933055,Q2,0.00019829201636914866,11,ac_power,no_physics
205,all_physics_factorial,all_physics_factorial-ac_power-gelu-no_physics-s11-4cafb81d49,0.06436703070901958,0.06439416066375254,0.0001361450599602834,gelu,0.004897597067836421,0.006419594873043806,Q3,0.00020412712883472467,11,ac_power,no_physics
205,all_physics_factorial,all_physics_factorial-ac_power-gelu-no_physics-s11-4cafb81d49,0.07066484710459263,0.07052199071947982,0.00013802537960019097,gelu,0.00495430871809149,0.006535109538862529,Q4,0.00021165773847326566,11,ac_power,no_physics
204,all_physics_factorial,all_physics_factorial-ac_power-gelu-no_physics-s11-4cafb81d49,0.08236888809339452,0.08064330781072213,0.00013265828061892034,gelu,0.004766039348143022,0.006225043713217968,Q5,0.00020024683663094777,11,ac_power,no_physics
205,all_physics_factorial,all_physics_factorial-ac_power-gelu-no_physics-s29-3bb47ec3bb,0.04998694463028547,0.05106480277545421,0.0001300213026719043,gelu,0.004683121440802087,0.00599657573971112,Q1,0.0001921871136755237,29,ac_power,no_physics
205,all_physics_factorial,all_physics_factorial-ac_power-gelu-no_physics-s29-3bb47ec3bb,0.05876694438574117,0.05904698479975996,0.00013144532624609405,gelu,0.004799251048806663,0.006263134320282814,Q2,0.00019484997295172716,29,ac_power,no_physics
205,all_physics_factorial,all_physics_factorial-ac_power-gelu-no_physics-s29-3bb47ec3bb,0.06436703070901958,0.06439416066375254,0.00013417225257395798,gelu,0.004861868193716157,0.0063564278548010385,Q3,0.00020009525846143882,29,ac_power,no_physics
205,all_physics_factorial,all_physics_factorial-ac_power-gelu-no_physics-s29-3bb47ec3bb,0.07066484710459263,0.07052199071947982,0.00013521322366566652,gelu,0.004881022561993005,0.006415778778769918,Q4,0.00020538716980413125,29,ac_power,no_physics
204,all_physics_factorial,all_physics_factorial-ac_power-gelu-no_physics-s29-3bb47ec3bb,0.08236888809339452,0.08064330781072213,0.0001315664888168266,gelu,0.0047116515896086205,0.006144717303621327,Q5,0.0001975729059853994,29,ac_power,no_physics
205,all_physics_factorial,all_physics_factorial-ac_power-gelu-no_physics-s47-b451d6f0e9,0.04998694463028547,0.05106480277545421,0.00013094480489516544,gelu,0.004719764127283492,0.006050537316607026,Q1,0.000193872678133233,47,ac_power,no_physics
205,all_physics_factorial,all_physics_factorial-ac_power-gelu-no_physics-s47-b451d6f0e9,0.05876694438574117,0.05904698479975996,0.00013374787853066955,gelu,0.00487557267754277,0.006360042349216404,Q2,0.00019850786730957182,47,ac_power,no_physics
205,all_physics_factorial,all_physics_factorial-ac_power-gelu-no_physics-s47-b451d6f0e9,0.06436703070901958,0.06439416066375254,0.00013586223911717517,gelu,0.004888066723962245,0.006387372120060825,Q3,0.0002030337627647219,47,ac_power,no_physics
205,all_physics_factorial,all_physics_factorial-ac_power-gelu-no_physics-s47-b451d6f0e9,0.07066484710459263,0.07052199071947982,0.00013783554084080728,gelu,0.004931631045720866,0.006492487178669929,Q4,0.00021039532816797982,47,ac_power,no_physics
204,all_physics_factorial,all_physics_factorial-ac_power-gelu-no_physics-s47-b451d6f0e9,0.08236888809339452,0.08064330781072213,0.00013346208174402628,gelu,0.004769201626217528,0.006203258746436623,Q5,0.00020166465030534882,47,ac_power,no_physics
205,all_physics_factorial,all_physics_factorial-ac_power-gelu-physics-s11-044c75605d,0.04998694463028547,0.05106480277545421,8.306691927508003e-05,gelu,0.0030639700176211923,0.0040234730547631424,Q1,0.00012293178511745218,11,ac_power,physics
205,all_physics_factorial,all_physics_factorial-ac_power-gelu-physics-s11-044c75605d,0.05876694438574117,0.05904698479975996,8.430475698060352e-05,gelu,0.0030637875785741045,0.00396363212777017,Q2,0.00012324932130835525,11,ac_power,physics
205,all_physics_factorial,all_physics_factorial-ac_power-gelu-physics-s11-044c75605d,0.06436703070901958,0.06439416066375254,8.952675590026744e-05,gelu,0.0033318596326970982,0.004364520678316004,Q3,0.000131156059666076,11,ac_power,physics
205,all_physics_factorial,all_physics_factorial-ac_power-gelu-physics-s11-044c75605d,0.07066484710459263,0.07052199071947982,8.63918594537919e-05,gelu,0.0031883357378746035,0.004126178522602723,Q4,0.00012575050160711884,11,ac_power,physics
204,all_physics_factorial,all_physics_factorial-ac_power-gelu-physics-s11-044c75605d,0.08236888809339452,0.08064330781072213,8.893220373400774e-05,gelu,0.003299903232267149,0.004414217369115597,Q5,0.00013372180601808732,11,ac_power,physics
205,all_physics_factorial,all_physics_factorial-ac_power-gelu-physics-s29-c6288ae228,0.04998694463028547,0.05106480277545421,8.316803668560346e-05,gelu,0.0030541211813975193,0.003987528317796489,Q1,0.00012223622857712745,29,ac_power,physics
205,all_physics_factorial,all_physics_factorial-ac_power-gelu-physics-s29-c6288ae228,0.05876694438574117,0.05904698479975996,8.311363548374627e-05,gelu,0.0030156229658317183,0.0039031949967234217,Q2,0.00012117272917910681,29,ac_power,physics
205,all_physics_factorial,all_physics_factorial-ac_power-gelu-physics-s29-c6288ae228,0.06436703070901958,0.06439416066375254,8.797226794895989e-05,gelu,0.0032804772819250796,0.004284644306918683,Q3,0.00012736777698182879,29,ac_power,physics
205,all_physics_factorial,all_physics_factorial-ac_power-gelu-physics-s29-c6288ae228,0.07066484710459263,0.07052199071947982,8.526290406329287e-05,gelu,0.0031574784164006314,0.004078449424459284,Q4,0.0001234522490668081,29,ac_power,physics
204,all_physics_factorial,all_physics_factorial-ac_power-gelu-physics-s29-c6288ae228,0.08236888809339452,0.08064330781072213,8.697239793325868e-05,gelu,0.003225434160505476,0.004305534314875249,Q5,0.00012919612547323457,29,ac_power,physics
205,all_physics_factorial,all_physics_factorial-ac_power-gelu-physics-s47-0179587964,0.04998694463028547,0.05106480277545421,8.280553787008483e-05,gelu,0.00302919419729668,0.0039739761590620185,Q1,0.00012233528963784293,47,ac_power,physics
205,all_physics_factorial,all_physics_factorial-ac_power-gelu-physics-s47-0179587964,0.05876694438574117,0.05904698479975996,8.217875611682776e-05,gelu,0.002982882399689192,0.003876187374742604,Q2,0.0001199758454150735,47,ac_power,physics
205,all_physics_factorial,all_physics_factorial-ac_power-gelu-physics-s47-0179587964,0.06436703070901958,0.06439416066375254,8.703389636576355e-05,gelu,0.003248779762499292,0.0042683094871735815,Q3,0.00012655961298662657,47,ac_power,physics
205,all_physics_factorial,all_physics_factorial-ac_power-gelu-physics-s47-0179587964,0.07066484710459263,0.07052199071947982,8.436575737651109e-05,gelu,0.0031036264480043077,0.0040002899918438846,Q4,0.00012225412220111611,47,ac_power,physics
204,all_physics_factorial,all_physics_factorial-ac_power-gelu-physics-s47-0179587964,0.08236888809339452,0.08064330781072213,8.600053559785367e-05,gelu,0.0031943292554279376,0.004267812183223657,Q5,0.0001286012174157026,47,ac_power,physics
205,all_physics_factorial,all_physics_factorial-ac_power-relu-no_physics-s11-63b98a86b6,0.04998694463028547,0.05106480277545421,0.00015189304916366192,relu,0.0054943881086246165,0.006983572356226591,Q1,0.0002221408764446328,11,ac_power,no_physics
205,all_physics_factorial,all_physics_factorial-ac_power-relu-no_physics-s11-63b98a86b6,0.05876694438574117,0.05904698479975996,0.00014789993844306558,relu,0.005463721430237886,0.00698150237182296,Q2,0.0002123009936590439,11,ac_power,no_physics
205,all_physics_factorial,all_physics_factorial-ac_power-relu-no_physics-s11-63b98a86b6,0.06436703070901958,0.06439416066375254,0.00015033519652561377,relu,0.005470743317990422,0.007108003734619338,Q3,0.00022218744924783706,11,ac_power,no_physics
205,all_physics_factorial,all_physics_factorial-ac_power-relu-no_physics-s11-63b98a86b6,0.07066484710459263,0.07052199071947982,0.0001481952751051557,relu,0.005531475958501648,0.007145251141200772,Q4,0.00021808252778306655,11,ac_power,no_physics
204,all_physics_factorial,all_physics_factorial-ac_power-relu-no_physics-s11-63b98a86b6,0.08236888809339452,0.08064330781072213,0.00014678507279220648,relu,0.005387249260754999,0.006954391453733744,Q5,0.00021285050220987717,11,ac_power,no_physics
205,all_physics_factorial,all_physics_factorial-ac_power-relu-no_physics-s29-a93d7cbd14,0.04998694463028547,0.05106480277545421,0.00014996278735892994,relu,0.005472912230552771,0.0069586722959450445,Q1,0.00021846255270169512,29,ac_power,no_physics
205,all_physics_factorial,all_physics_factorial-ac_power-relu-no_physics-s29-a93d7cbd14,0.05876694438574117,0.05904698479975996,0.00014938538983701128,relu,0.0054838197882128336,0.0070384342681256325,Q2,0.00021659590246691165,29,ac_power,no_physics
205,all_physics_factorial,all_physics_factorial-ac_power-relu-no_physics-s29-a93d7cbd14,0.06436703070901958,0.06439416066375254,0.0001500420412672351,relu,0.005494277610268149,0.007119268484977007,Q3,0.00022085391723213372,29,ac_power,no_physics
205,all_physics_factorial,all_physics_factorial-ac_power-relu-no_physics-s29-a93d7cbd14,0.07066484710459263,0.07052199071947982,0.00014869566839669513,relu,0.0055367602608178915,0.007156853873635226,Q4,0.00021847146560556184,29,ac_power,no_physics
204,all_physics_factorial,all_physics_factorial-ac_power-relu-no_physics-s29-a93d7cbd14,0.08236888809339452,0.08064330781072213,0.00014798733556066056,relu,0.0053643861740638515,0.006909220200156022,Q5,0.00021576862003760418,29,ac_power,no_physics
205,all_physics_factorial,all_physics_factorial-ac_power-relu-no_physics-s47-af78357f2e,0.04998694463028547,0.05106480277545421,0.00015059999514114393,relu,0.005503153107061902,0.00701043830765916,Q1,0.0002201321262717259,47,ac_power,no_physics
205,all_physics_factorial,all_physics_factorial-ac_power-relu-no_physics-s47-af78357f2e,0.05876694438574117,0.05904698479975996,0.0001495541818318272,relu,0.00554917467287996,0.007103299919400769,Q2,0.00021428130639765131,47,ac_power,no_physics
205,all_physics_factorial,all_physics_factorial-ac_power-relu-no_physics-s47-af78357f2e,0.06436703070901958,0.06439416066375254,0.0001495636080428009,relu,0.005448289055637517,0.007103539187106065,Q3,0.00022249068813282917,47,ac_power,no_physics
205,all_physics_factorial,all_physics_factorial-ac_power-relu-no_physics-s47-af78357f2e,0.07066484710459263,0.07052199071947982,0.0001505404018114967,relu,0.0055680053816560835,0.00717783811677131,Q4,0.00022052437868812818,47,ac_power,no_physics
204,all_physics_factorial,all_physics_factorial-ac_power-relu-no_physics-s47-af78357f2e,0.08236888809339452,0.08064330781072213,0.00014747689399479007,relu,0.0054022161264652944,0.006957107934274947,Q5,0.00021434394288607928,47,ac_power,no_physics
205,all_physics_factorial,all_physics_factorial-ac_power-relu-physics-s11-a21ca048f2,0.04998694463028547,0.05106480277545421,0.00011406338983124126,relu,0.004138475833700201,0.0053257938596768615,Q1,0.0001666058013775254,11,ac_power,physics
205,all_physics_factorial,all_physics_factorial-ac_power-relu-physics-s11-a21ca048f2,0.05876694438574117,0.05904698479975996,0.00011080041893219205,relu,0.004001352618654732,0.005121608945551081,Q2,0.00015804876534336598,11,ac_power,physics
205,all_physics_factorial,all_physics_factorial-ac_power-relu-physics-s11-a21ca048f2,0.06436703070901958,0.06439416066375254,0.00011847132751959513,relu,0.004388070845386572,0.005749233794871055,Q3,0.00017157707777678717,11,ac_power,physics
205,all_physics_factorial,all_physics_factorial-ac_power-relu-physics-s11-a21ca048f2,0.07066484710459263,0.07052199071947982,0.00011287965287552487,relu,0.004192257187256518,0.005370584644264598,Q4,0.0001609243666893466,11,ac_power,physics
204,all_physics_factorial,all_physics_factorial-ac_power-relu-physics-s11-a21ca048f2,0.08236888809339452,0.08064330781072213,0.00011395809365819564,relu,0.004191498802040029,0.005479432646395526,Q5,0.00016747399083565293,11,ac_power,physics
205,all_physics_factorial,all_physics_factorial-ac_power-relu-physics-s29-8faecce951,0.04998694463028547,0.05106480277545421,0.0001127115876075385,relu,0.004104472085116196,0.005276381898858663,Q1,0.00016410133189985495,29,ac_power,physics
205,all_physics_factorial,all_physics_factorial-ac_power-relu-physics-s29-8faecce951,0.05876694438574117,0.05904698479975996,0.00010888765240331482,relu,0.003941682377513012,0.005026534151372318,Q2,0.00015521282040439275,29,ac_power,physics
205,all_physics_factorial,all_physics_factorial-ac_power-relu-physics-s29-8faecce951,0.06436703070901958,0.06439416066375254,0.00011708352101314894,relu,0.0043573495513508365,0.00569881354804116,Q3,0.00016964373634259833,29,ac_power,physics
205,all_physics_factorial,all_physics_factorial-ac_power-relu-physics-s29-8faecce951,0.07066484710459263,0.07052199071947982,0.00011175579777413242,relu,0.004159644468458289,0.005312050756291891,Q4,0.0001586243680919233,29,ac_power,physics
204,all_physics_factorial,all_physics_factorial-ac_power-relu-physics-s29-8faecce951,0.08236888809339452,0.08064330781072213,0.00011168758755122901,relu,0.004102353388488721,0.005341743265371705,Q5,0.00016378816111308855,29,ac_power,physics
205,all_physics_factorial,all_physics_factorial-ac_power-relu-physics-s47-ffda141014,0.04998694463028547,0.05106480277545421,0.00011139108861205558,relu,0.004046481788148182,0.005204288090856906,Q1,0.00016239131409657884,47,ac_power,physics
205,all_physics_factorial,all_physics_factorial-ac_power-relu-physics-s47-ffda141014,0.05876694438574117,0.05904698479975996,0.00010820957980092731,relu,0.0039081952817620275,0.005009006874446497,Q2,0.00015495539861699032,47,ac_power,physics
205,all_physics_factorial,all_physics_factorial-ac_power-relu-physics-s47-ffda141014,0.06436703070901958,0.06439416066375254,0.00011666732843434324,relu,0.004327849414404676,0.005687088942529837,Q3,0.0001693654606880666,47,ac_power,physics
205,all_physics_factorial,all_physics_factorial-ac_power-relu-physics-s47-ffda141014,0.07066484710459263,0.07052199071947982,0.00011067750040951931,relu,0.004102147318755508,0.005246779987292981,Q4,0.0001575847307431274,47,ac_power,physics
204,all_physics_factorial,all_physics_factorial-ac_power-relu-physics-s47-ffda141014,0.08236888809339452,0.08064330781072213,0.0001115231359088549,relu,0.004088151341345363,0.005312640891411011,Q5,0.00016331307390957776,47,ac_power,physics
205,all_physics_factorial,all_physics_factorial-ac_power-resmlp-no_physics-s11-402f8dffe0,0.04998694463028547,0.05106480277545421,7.287865288980315e-05,resmlp,0.0026718969672197995,0.003515529692679425,Q1,0.00011023178671293321,11,ac_power,no_physics
205,all_physics_factorial,all_physics_factorial-ac_power-resmlp-no_physics-s11-402f8dffe0,0.05876694438574117,0.05904698479975996,7.320629838020103e-05,resmlp,0.0026934330532947057,0.0035570367926269168,Q2,0.00010923622651695867,11,ac_power,no_physics
205,all_physics_factorial,all_physics_factorial-ac_power-resmlp-no_physics-s11-402f8dffe0,0.06436703070901958,0.06439416066375254,7.370955380783513e-05,resmlp,0.002663861752431623,0.003501153408598862,Q3,0.00011257262138949079,11,ac_power,no_physics
205,all_physics_factorial,all_physics_factorial-ac_power-resmlp-no_physics-s11-402f8dffe0,0.07066484710459263,0.07052199071947982,6.958213162802437e-05,resmlp,0.0025284618323346895,0.003349203233786839,Q4,0.00010527290317216197,11,ac_power,no_physics
204,all_physics_factorial,all_physics_factorial-ac_power-resmlp-no_physics-s11-402f8dffe0,0.08236888809339452,0.08064330781072213,6.827765438430572e-05,resmlp,0.002501710212244132,0.0032798415715819197,Q5,0.0001042001054637287,11,ac_power,no_physics
205,all_physics_factorial,all_physics_factorial-ac_power-resmlp-no_physics-s29-22f1c9224e,0.04998694463028547,0.05106480277545421,7.04850938400531e-05,resmlp,0.002563125967838993,0.00337985714851246,Q1,0.0001058319580045933,29,ac_power,no_physics
205,all_physics_factorial,all_physics_factorial-ac_power-resmlp-no_physics-s29-22f1c9224e,0.05876694438574117,0.05904698479975996,7.202777691519713e-05,resmlp,0.002636532058372585,0.003475588029691235,Q2,0.00010620392997650864,29,ac_power,no_physics
205,all_physics_factorial,all_physics_factorial-ac_power-resmlp-no_physics-s29-22f1c9224e,0.06436703070901958,0.06439416066375254,7.496669739478702e-05,resmlp,0.0027581056970846763,0.00360118269838214,Q3,0.00011143114680961715,29,ac_power,no_physics
205,all_physics_factorial,all_physics_factorial-ac_power-resmlp-no_physics-s29-22f1c9224e,0.07066484710459263,0.07052199071947982,7.001315483306547e-05,resmlp,0.0025842381257814616,0.0034102798054312174,Q4,0.00010411737462491114,29,ac_power,no_physics
204,all_physics_factorial,all_physics_factorial-ac_power-resmlp-no_physics-s29-22f1c9224e,0.08236888809339452,0.08064330781072213,6.949237314126934e-05,resmlp,0.002565290579853803,0.0033967234096717626,Q5,0.00010339435491054555,29,ac_power,no_physics
205,all_physics_factorial,all_physics_factorial-ac_power-resmlp-no_physics-s47-a40bdc2fa6,0.04998694463028547,0.05106480277545421,7.476338255797182e-05,resmlp,0.0027279050070476065,0.0036680627972368375,Q1,0.00011586669601949363,47,ac_power,no_physics
205,all_physics_factorial,all_physics_factorial-ac_power-resmlp-no_physics-s47-a40bdc2fa6,0.05876694438574117,0.05904698479975996,7.526987012822947e-05,resmlp,0.0027510961791969725,0.0036052027089729546,Q2,0.00011108354450419116,47,ac_power,no_physics
205,all_physics_factorial,all_physics_factorial-ac_power-resmlp-no_physics-s47-a40bdc2fa6,0.06436703070901958,0.06439416066375254,7.839792417733483e-05,resmlp,0.0028297873678688277,0.0036871004009803683,Q3,0.00011792732643392001,47,ac_power,no_physics
205,all_physics_factorial,all_physics_factorial-ac_power-resmlp-no_physics-s47-a40bdc2fa6,0.07066484710459263,0.07052199071947982,7.413010260957567e-05,resmlp,0.0026544371131888085,0.0034266929140263484,Q4,0.00010849521698389237,47,ac_power,no_physics
204,all_physics_factorial,all_physics_factorial-ac_power-resmlp-no_physics-s47-a40bdc2fa6,0.08236888809339452,0.08064330781072213,7.518014281861976e-05,resmlp,0.0027458869692111323,0.003686568426418618,Q5,0.00011555481165748546,47,ac_power,no_physics
205,all_physics_factorial,all_physics_factorial-ac_power-resmlp-physics-s11-04fe45bcb6,0.04998694463028547,0.05106480277545421,4.549752700052107e-05,resmlp,0.001635677959524859,0.0021690821232811567,Q1,6.883905577891307e-05,11,ac_power,physics
205,all_physics_factorial,all_physics_factorial-ac_power-resmlp-physics-s11-04fe45bcb6,0.05876694438574117,0.05904698479975996,4.4386860495108705e-05,resmlp,0.0015851204438106182,0.0020673397921925677,Q2,6.620524687905261e-05,11,ac_power,physics
205,all_physics_factorial,all_physics_factorial-ac_power-resmlp-physics-s11-04fe45bcb6,0.06436703070901958,0.06439416066375254,4.56631903437036e-05,resmlp,0.0016449665114547623,0.0022366413975601733,Q3,6.89491316820756e-05,11,ac_power,physics
205,all_physics_factorial,all_physics_factorial-ac_power-resmlp-physics-s11-04fe45bcb6,0.07066484710459263,0.07052199071947982,4.492589700534572e-05,resmlp,0.001605159685128074,0.0021233407137660728,Q4,6.879573531040395e-05,11,ac_power,physics
204,all_physics_factorial,all_physics_factorial-ac_power-resmlp-physics-s11-04fe45bcb6,0.08236888809339452,0.08064330781072213,4.235168600984207e-05,resmlp,0.0015226867291425418,0.002026736669600297,Q5,6.451538986413386e-05,11,ac_power,physics
205,all_physics_factorial,all_physics_factorial-ac_power-resmlp-physics-s29-d115a863a9,0.04998694463028547,0.05106480277545421,3.78960975337707e-05,resmlp,0.0013852757821624974,0.001864552138590048,Q1,5.6709079264077536e-05,29,ac_power,physics
205,all_physics_factorial,all_physics_factorial-ac_power-resmlp-physics-s29-d115a863a9,0.05876694438574117,0.05904698479975996,3.786115959458676e-05,resmlp,0.0013680138199268696,0.0017725466763857216,Q2,5.552540355985366e-05,29,ac_power,physics
205,all_physics_factorial,all_physics_factorial-ac_power-resmlp-physics-s29-d115a863a9,0.06436703070901958,0.06439416066375254,3.892447517684641e-05,resmlp,0.0014212109860972206,0.0019218347563748834,Q3,5.933668280725433e-05,29,ac_power,physics
205,all_physics_factorial,all_physics_factorial-ac_power-resmlp-physics-s29-d115a863a9,0.07066484710459263,0.07052199071947982,3.741220920384705e-05,resmlp,0.0013740716118554484,0.001830746404952303,Q4,5.604904835178726e-05,29,ac_power,physics
204,all_physics_factorial,all_physics_factorial-ac_power-resmlp-physics-s29-d115a863a9,0.08236888809339452,0.08064330781072213,3.816592579244339e-05,resmlp,0.0013777599345765707,0.0018205018164423187,Q5,5.628693215462431e-05,29,ac_power,physics
205,all_physics_factorial,all_physics_factorial-ac_power-resmlp-physics-s47-1b187b7856,0.04998694463028547,0.05106480277545421,4.785295864816622e-05,resmlp,0.0017687897279981555,0.0024293381956467038,Q1,7.197752240350663e-05,47,ac_power,physics
205,all_physics_factorial,all_physics_factorial-ac_power-resmlp-physics-s47-1b187b7856,0.05876694438574117,0.05904698479975996,4.659842122557089e-05,resmlp,0.0016880385779438165,0.0022380067991771653,Q2,7.079867697758388e-05,47,ac_power,physics
205,all_physics_factorial,all_physics_factorial-ac_power-resmlp-physics-s47-1b187b7856,0.06436703070901958,0.06439416066375254,5.0815877038478457e-05,resmlp,0.0018468801022759967,0.00254454879648825,Q3,7.746652155144905e-05,47,ac_power,physics
205,all_physics_factorial,all_physics_factorial-ac_power-resmlp-physics-s47-1b187b7856,0.07066484710459263,0.07052199071947982,4.915029171142684e-05,resmlp,0.001758184888291408,0.002299542436083588,Q4,7.393579963459606e-05,47,ac_power,physics
204,all_physics_factorial,all_physics_factorial-ac_power-resmlp-physics-s47-1b187b7856,0.08236888809339452,0.08064330781072213,4.504335440462343e-05,resmlp,0.0016284670862404158,0.0022176356333302753,Q5,6.907295169729815e-05,47,ac_power,physics
205,all_physics_factorial,all_physics_factorial-ac_power-silu-no_physics-s11-b32df5883d,0.04998694463028547,0.05106480277545421,0.00013960306311360047,silu,0.004944201762829983,0.006543649238087759,Q1,0.0002156115531306291,11,ac_power,no_physics
205,all_physics_factorial,all_physics_factorial-ac_power-silu-no_physics-s11-b32df5883d,0.05876694438574117,0.05904698479975996,0.0001392101461127829,silu,0.005050958151495514,0.0067825532264886605,Q2,0.00021396286875711702,11,ac_power,no_physics
205,all_physics_factorial,all_physics_factorial-ac_power-silu-no_physics-s11-b32df5883d,0.06436703070901958,0.06439416066375254,0.00014536023687906742,silu,0.005229637701663821,0.0069764198585009485,Q3,0.0002211633824792758,11,ac_power,no_physics
205,all_physics_factorial,all_physics_factorial-ac_power-silu-no_physics-s11-b32df5883d,0.07066484710459263,0.07052199071947982,0.00014475358794453956,silu,0.005163815103881773,0.007031044557009948,Q4,0.00022974007016756434,11,ac_power,no_physics
204,all_physics_factorial,all_physics_factorial-ac_power-silu-no_physics-s11-b32df5883d,0.08236888809339452,0.08064330781072213,0.00013095265642316023,silu,0.004829451464867948,0.006578814213412737,Q5,0.00020277379455062552,11,ac_power,no_physics
205,all_physics_factorial,all_physics_factorial-ac_power-silu-no_physics-s29-948ad156d9,0.04998694463028547,0.05106480277545421,0.00013644220702703442,silu,0.004885586375912485,0.006453939007155865,Q1,0.00020961711351659686,29,ac_power,no_physics
205,all_physics_factorial,all_physics_factorial-ac_power-silu-no_physics-s29-948ad156d9,0.05876694438574117,0.05904698479975996,0.0001363998966718268,silu,0.004978812562256808,0.006685034851581479,Q2,0.00020948022925560683,29,ac_power,no_physics
205,all_physics_factorial,all_physics_factorial-ac_power-silu-no_physics-s29-948ad156d9,0.06436703070901958,0.06439416066375254,0.00014356380406974406,silu,0.00517773147604996,0.006921504666280795,Q3,0.00021843647698075727,29,ac_power,no_physics
205,all_physics_factorial,all_physics_factorial-ac_power-silu-no_physics-s29-948ad156d9,0.07066484710459263,0.07052199071947982,0.00014166214264800406,silu,0.005084570370855232,0.006928400877568318,Q4,0.0002239147901649286,29,ac_power,no_physics
204,all_physics_factorial,all_physics_factorial-ac_power-silu-no_physics-s29-948ad156d9,0.08236888809339452,0.08064330781072213,0.00013009280356248635,silu,0.0047848556147382865,0.006494593738840144,Q5,0.00020073209383978977,29,ac_power,no_physics
205,all_physics_factorial,all_physics_factorial-ac_power-silu-no_physics-s47-d9d07af477,0.04998694463028547,0.05106480277545421,0.00013764077318231542,silu,0.004925933710922803,0.006511579887531994,Q1,0.00021226430938384646,47,ac_power,no_physics
205,all_physics_factorial,all_physics_factorial-ac_power-silu-no_physics-s47-d9d07af477,0.05876694438574117,0.05904698479975996,0.00013956951031393212,silu,0.005056278000853897,0.006791926951131637,Q2,0.0002140576866418104,47,ac_power,no_physics
205,all_physics_factorial,all_physics_factorial-ac_power-silu-no_physics-s47-d9d07af477,0.06436703070901958,0.06439416066375254,0.00014494311907732265,silu,0.005219439772655799,0.006979820205484045,Q3,0.00022121305072623286,47,ac_power,no_physics
205,all_physics_factorial,all_physics_factorial-ac_power-silu-no_physics-s47-d9d07af477,0.07066484710459263,0.07052199071947982,0.0001432589733261927,silu,0.005133007267888287,0.006986227707792127,Q4,0.00022660320850024506,47,ac_power,no_physics
204,all_physics_factorial,all_physics_factorial-ac_power-silu-no_physics-s47-d9d07af477,0.08236888809339452,0.08064330781072213,0.00013236568566704025,silu,0.00485511841141443,0.006566296140069313,Q5,0.00020301722215206096,47,ac_power,no_physics
205,all_physics_factorial,all_physics_factorial-ac_power-silu-physics-s11-c951d8cd54,0.04998694463028547,0.05106480277545421,8.917777453626682e-05,silu,0.003207534230860851,0.004326617627879277,Q1,0.00013571316443097367,11,ac_power,physics
205,all_physics_factorial,all_physics_factorial-ac_power-silu-physics-s11-c951d8cd54,0.05876694438574117,0.05904698479975996,8.675900390550157e-05,silu,0.0031655041979741297,0.004265449407464521,Q2,0.0001328080438133347,11,ac_power,physics
205,all_physics_factorial,all_physics_factorial-ac_power-silu-physics-s11-c951d8cd54,0.06436703070901958,0.06439416066375254,9.215612582591012e-05,silu,0.003413423148507565,0.0046891085624266365,Q3,0.00014126576796380215,11,ac_power,physics
205,all_physics_factorial,all_physics_factorial-ac_power-silu-physics-s11-c951d8cd54,0.07066484710459263,0.07052199071947982,8.923964397432644e-05,silu,0.003287161825888072,0.004320601765353552,Q4,0.00013181338627881654,11,ac_power,physics
204,all_physics_factorial,all_physics_factorial-ac_power-silu-physics-s11-c951d8cd54,0.08236888809339452,0.08064330781072213,9.375613320681121e-05,silu,0.0034364980284370917,0.004775071908391914,Q5,0.00014901895993947806,11,ac_power,physics
205,all_physics_factorial,all_physics_factorial-ac_power-silu-physics-s29-3cff6adeb3,0.04998694463028547,0.05106480277545421,8.702397333364366e-05,silu,0.003159634765582436,0.004214714148912119,Q1,0.00013128808610983215,29,ac_power,physics
205,all_physics_factorial,all_physics_factorial-ac_power-silu-physics-s29-3cff6adeb3,0.05876694438574117,0.05904698479975996,8.45342720591038e-05,silu,0.003091938994237909,0.004122246902310512,Q2,0.00012840346851718617,29,ac_power,physics
205,all_physics_factorial,all_physics_factorial-ac_power-silu-physics-s29-3cff6adeb3,0.06436703070901958,0.06439416066375254,9.123424692710177e-05,silu,0.003389549344811671,0.00463821600242142,Q3,0.00013822351543395762,29,ac_power,physics
205,all_physics_factorial,all_physics_factorial-ac_power-silu-physics-s29-3cff6adeb3,0.07066484710459263,0.07052199071947982,8.701467039247626e-05,silu,0.0032353048181138298,0.004227217353869029,Q4,0.00012726406833948165,29,ac_power,physics
204,all_physics_factorial,all_physics_factorial-ac_power-silu-physics-s29-3cff6adeb3,0.08236888809339452,0.08064330781072213,9.172447021171115e-05,silu,0.003377620431512308,0.004682577155615021,Q5,0.000144417670186869,29,ac_power,physics
205,all_physics_factorial,all_physics_factorial-ac_power-silu-physics-s47-80845e59ef,0.04998694463028547,0.05106480277545421,8.8762278111959e-05,silu,0.003204586400339096,0.0042827542504882245,Q1,0.00013427846498548308,47,ac_power,physics
205,all_physics_factorial,all_physics_factorial-ac_power-silu-physics-s47-80845e59ef,0.05876694438574117,0.05904698479975996,8.536424629393485e-05,silu,0.0031021058070072748,0.004166290779266566,Q2,0.00013035790530714576,47,ac_power,physics
205,all_physics_factorial,all_physics_factorial-ac_power-silu-physics-s47-80845e59ef,0.06436703070901958,0.06439416066375254,9.147370845768585e-05,silu,0.0033945230638678736,0.0046333383743202665,Q3,0.00013875510897855479,47,ac_power,physics
205,all_physics_factorial,all_physics_factorial-ac_power-silu-physics-s47-80845e59ef,0.07066484710459263,0.07052199071947982,8.77473005499516e-05,silu,0.0032413350519233646,0.004224041492285044,Q4,0.00012807085726818248,47,ac_power,physics
204,all_physics_factorial,all_physics_factorial-ac_power-silu-physics-s47-80845e59ef,0.08236888809339452,0.08064330781072213,9.295975808301683e-05,silu,0.003402201542882552,0.004701814420245182,Q5,0.00014655535447198655,47,ac_power,physics
205,all_physics_factorial,all_physics_factorial-ac_power-swiglu-no_physics-s11-3feec2d947,0.04998694463028547,0.05106480277545421,7.730453688225819e-05,swiglu,0.002719254759765742,0.0037231673696755643,Q1,0.00012592243442937116,11,ac_power,no_physics
205,all_physics_factorial,all_physics_factorial-ac_power-swiglu-no_physics-s11-3feec2d947,0.05876694438574117,0.05904698479975996,7.670014017287525e-05,swiglu,0.002778620961486046,0.0036010092933114854,Q2,0.0001134088348220057,11,ac_power,no_physics
205,all_physics_factorial,all_physics_factorial-ac_power-swiglu-no_physics-s11-3feec2d947,0.06436703070901958,0.06439416066375254,8.189271258984089e-05,swiglu,0.0029087609817979687,0.0040259888536493885,Q3,0.000133724340553192,11,ac_power,no_physics
205,all_physics_factorial,all_physics_factorial-ac_power-swiglu-no_physics-s11-3feec2d947,0.07066484710459263,0.07052199071947982,7.957100086008951e-05,swiglu,0.00280859285036209,0.003875683793457639,Q4,0.00013284357119057937,11,ac_power,no_physics
204,all_physics_factorial,all_physics_factorial-ac_power-swiglu-no_physics-s11-3feec2d947,0.08236888809339452,0.08064330781072213,7.769986449843332e-05,swiglu,0.0027820976350211458,0.003886530940263594,Q5,0.00013334937469421112,11,ac_power,no_physics
205,all_physics_factorial,all_physics_factorial-ac_power-swiglu-no_physics-s29-c013e6d81c,0.04998694463028547,0.05106480277545421,7.857156579310921e-05,swiglu,0.002754068901432548,0.0037245845108597386,Q1,0.00012596889181943466,29,ac_power,no_physics
205,all_physics_factorial,all_physics_factorial-ac_power-swiglu-no_physics-s29-c013e6d81c,0.05876694438574117,0.05904698479975996,7.618529775231842e-05,swiglu,0.00271348478052196,0.003518737010681801,Q2,0.00011385183384292162,29,ac_power,no_physics
205,all_physics_factorial,all_physics_factorial-ac_power-swiglu-no_physics-s29-c013e6d81c,0.06436703070901958,0.06439416066375254,8.096843517033743e-05,swiglu,0.0028785237752139503,0.003966230145646312,Q3,0.0001306005167277209,29,ac_power,no_physics
205,all_physics_factorial,all_physics_factorial-ac_power-swiglu-no_physics-s29-c013e6d81c,0.07066484710459263,0.07052199071947982,7.884403707770178e-05,swiglu,0.002757467219161014,0.0037965635437202595,Q4,0.0001315347181230025,29,ac_power,no_physics
204,all_physics_factorial,all_physics_factorial-ac_power-swiglu-no_physics-s29-c013e6d81c,0.08236888809339452,0.08064330781072213,7.574832424412888e-05,swiglu,0.002713242555809127,0.00378628604159125,Q5,0.00012744934189623107,29,ac_power,no_physics
205,all_physics_factorial,all_physics_factorial-ac_power-swiglu-no_physics-s47-0ee59be5d1,0.04998694463028547,0.05106480277545421,7.976921733770153e-05,swiglu,0.0028318156370464795,0.003909972416370313,Q1,0.00013261274354042123,47,ac_power,no_physics
205,all_physics_factorial,all_physics_factorial-ac_power-swiglu-no_physics-s47-0ee59be5d1,0.05876694438574117,0.05904698479975996,7.779821037567944e-05,swiglu,0.002808711232847931,0.003708154491544089,Q2,0.00011847063626607461,47,ac_power,no_physics
205,all_physics_factorial,all_physics_factorial-ac_power-swiglu-no_physics-s47-0ee59be5d1,0.06436703070901958,0.06439416066375254,8.215947736686222e-05,swiglu,0.002938160800506206,0.004130634517386867,Q3,0.00013449861346756983,47,ac_power,no_physics
205,all_physics_factorial,all_physics_factorial-ac_power-swiglu-no_physics-s47-0ee59be5d1,0.07066484710459263,0.07052199071947982,8.209495505888258e-05,swiglu,0.002907799093976634,0.004079035813117486,Q4,0.00014153608688866837,47,ac_power,no_physics
204,all_physics_factorial,all_physics_factorial-ac_power-swiglu-no_physics-s47-0ee59be5d1,0.08236888809339452,0.08064330781072213,7.73421556134196e-05,swiglu,0.002791817355271515,0.004010140604692494,Q5,0.0001340860670719356,47,ac_power,no_physics
205,all_physics_factorial,all_physics_factorial-ac_power-swiglu-physics-s11-49ba1a5b42,0.04998694463028547,0.05106480277545421,3.810035795606559e-05,swiglu,0.0014004865884906725,0.001922986569306209,Q1,5.8169861166258846e-05,11,ac_power,physics
205,all_physics_factorial,all_physics_factorial-ac_power-swiglu-physics-s11-49ba1a5b42,0.05876694438574117,0.05904698479975996,4.115251823042873e-05,swiglu,0.001495879168792638,0.0020737047631797785,Q2,6.393865346184432e-05,11,ac_power,physics
205,all_physics_factorial,all_physics_factorial-ac_power-swiglu-physics-s11-49ba1a5b42,0.06436703070901958,0.06439416066375254,4.136648715564167e-05,swiglu,0.0015572094059972928,0.00226104137594644,Q3,6.246243354500996e-05,11,ac_power,physics
205,all_physics_factorial,all_physics_factorial-ac_power-swiglu-physics-s11-49ba1a5b42,0.07066484710459263,0.07052199071947982,3.9848820738735135e-05,swiglu,0.0014666081793045442,0.002039156758974245,Q4,6.169685423321054e-05,11,ac_power,physics
204,all_physics_factorial,all_physics_factorial-ac_power-swiglu-physics-s11-49ba1a5b42,0.08236888809339452,0.08064330781072213,3.9118208484510065e-05,swiglu,0.001435068433163076,0.0019219268069304845,Q5,5.7311880229503456e-05,11,ac_power,physics
205,all_physics_factorial,all_physics_factorial-ac_power-swiglu-physics-s29-125393ee91,0.04998694463028547,0.05106480277545421,3.8362860426412996e-05,swiglu,0.001402123352500078,0.0018733670513829113,Q1,5.821748255279642e-05,29,ac_power,physics
205,all_physics_factorial,all_physics_factorial-ac_power-swiglu-physics-s29-125393ee91,0.05876694438574117,0.05904698479975996,4.072141120103204e-05,swiglu,0.0014720450794139586,0.001998450617506783,Q2,6.236687792463322e-05,29,ac_power,physics
205,all_physics_factorial,all_physics_factorial-ac_power-swiglu-physics-s29-125393ee91,0.06436703070901958,0.06439416066375254,4.067821989721417e-05,swiglu,0.0015192075772785514,0.0021446002828373755,Q3,6.173161491963838e-05,29,ac_power,physics
205,all_physics_factorial,all_physics_factorial-ac_power-swiglu-physics-s29-125393ee91,0.07066484710459263,0.07052199071947982,4.0007043013304356e-05,swiglu,0.0014582837501188153,0.002004955459877214,Q4,6.185947665425043e-05,29,ac_power,physics
204,all_physics_factorial,all_physics_factorial-ac_power-swiglu-physics-s29-125393ee91,0.08236888809339452,0.08064330781072213,3.918507887610198e-05,swiglu,0.0014370077707162954,0.0018945002654230413,Q5,5.8014182662181656e-05,29,ac_power,physics
205,all_physics_factorial,all_physics_factorial-ac_power-swiglu-physics-s47-bd5fe6b405,0.04998694463028547,0.05106480277545421,3.9258207259306244e-05,swiglu,0.00143793042138807,0.00194331693153481,Q1,5.900943035731687e-05,47,ac_power,physics
205,all_physics_factorial,all_physics_factorial-ac_power-swiglu-physics-s47-bd5fe6b405,0.05876694438574117,0.05904698479975996,4.198120321627408e-05,swiglu,0.0015181519013646827,0.0020924397834614556,Q2,6.47683689200755e-05,47,ac_power,physics
205,all_physics_factorial,all_physics_factorial-ac_power-swiglu-physics-s47-bd5fe6b405,0.06436703070901958,0.06439416066375254,4.216398289481921e-05,swiglu,0.0015808345867502043,0.002287238048449553,Q3,6.37573079078007e-05,47,ac_power,physics
205,all_physics_factorial,all_physics_factorial-ac_power-swiglu-physics-s47-bd5fe6b405,0.07066484710459263,0.07052199071947982,4.191726885003525e-05,swiglu,0.0015186080515756702,0.002100484148200903,Q4,6.479253930666824e-05,47,ac_power,physics
204,all_physics_factorial,all_physics_factorial-ac_power-swiglu-physics-s47-bd5fe6b405,0.08236888809339452,0.08064330781072213,4.1028939581618144e-05,swiglu,0.0014915325283278186,0.0019883053001465817,Q5,6.0694724733475305e-05,47,ac_power,physics
205,all_physics_factorial,all_physics_factorial-allen_cahn-fourier-no_physics-s11-d2839085c9,0.30358143570619117,0.30845486211904033,0.0009479381647666196,fourier,0.01216623273373719,0.01528625270541725,Q1,0.0012359395862687203,11,allen_cahn,no_physics
205,all_physics_factorial,all_physics_factorial-allen_cahn-fourier-no_physics-s11-d2839085c9,0.3429892459569641,0.34419649948289655,0.0009292112496542084,fourier,0.011923680249245538,0.015241810181351843,Q2,0.0012366130795807553,11,allen_cahn,no_physics
205,all_physics_factorial,all_physics_factorial-allen_cahn-fourier-no_physics-s11-d2839085c9,0.36596502725402436,0.36563316074781327,0.0009547410960898985,fourier,0.012263035313863956,0.016120409689417886,Q3,0.0013086305558348867,11,allen_cahn,no_physics
205,all_physics_factorial,all_physics_factorial-allen_cahn-fourier-no_physics-s11-d2839085c9,0.3892126106727607,0.38827709915981046,0.0009912297901605548,fourier,0.012711308487919746,0.016934926464867578,Q4,0.0013784943226077503,11,allen_cahn,no_physics
204,all_physics_factorial,all_physics_factorial-allen_cahn-fourier-no_physics-s11-d2839085c9,0.42512691570694505,0.41877152055575684,0.0010706066743833053,fourier,0.013703504439311554,0.018642323129405655,Q5,0.0015312192295250857,11,allen_cahn,no_physics
205,all_physics_factorial,all_physics_factorial-allen_cahn-fourier-no_physics-s29-97342205e2,0.30358143570619117,0.30845486211904033,0.0009552502149896655,fourier,0.012242151848737864,0.015444189296264023,Q1,0.0012531295729270985,29,allen_cahn,no_physics
205,all_physics_factorial,all_physics_factorial-allen_cahn-fourier-no_physics-s29-97342205e2,0.3429892459569641,0.34419649948289655,0.0009167221703669208,fourier,0.011772623204811695,0.015139099741491422,Q2,0.0012264435701467922,29,allen_cahn,no_physics
205,all_physics_factorial,all_physics_factorial-allen_cahn-fourier-no_physics-s29-97342205e2,0.36596502725402436,0.36563316074781327,0.0009531284818559588,fourier,0.01222506907074413,0.01600556257550092,Q3,0.0013041022746771826,29,allen_cahn,no_physics
205,all_physics_factorial,all_physics_factorial-allen_cahn-fourier-no_physics-s29-97342205e2,0.3892126106727607,0.38827709915981046,0.0009885038237980503,fourier,0.01266449848749043,0.0166676421054169,Q4,0.0013604539443408613,29,allen_cahn,no_physics
204,all_physics_factorial,all_physics_factorial-allen_cahn-fourier-no_physics-s29-97342205e2,0.42512691570694505,0.41877152055575684,0.0010676429736097956,fourier,0.013658399860947346,0.018469159497856012,Q5,0.0015171634428106477,29,allen_cahn,no_physics
205,all_physics_factorial,all_physics_factorial-allen_cahn-fourier-no_physics-s47-d48b235af1,0.30358143570619117,0.30845486211904033,0.0009614418935575889,fourier,0.012334039341602055,0.015484815693266324,Q1,0.001253412530865581,47,allen_cahn,no_physics
205,all_physics_factorial,all_physics_factorial-allen_cahn-fourier-no_physics-s47-d48b235af1,0.3429892459569641,0.34419649948289655,0.0009258831882147058,fourier,0.011897030659521123,0.015259088446808467,Q2,0.0012345537113432898,47,allen_cahn,no_physics
205,all_physics_factorial,all_physics_factorial-allen_cahn-fourier-no_physics-s47-d48b235af1,0.36596502725402436,0.36563316074781327,0.0009654461026509774,fourier,0.012423811086230903,0.016288572829124527,Q3,0.001319423278673272,47,allen_cahn,no_physics
205,all_physics_factorial,all_physics_factorial-allen_cahn-fourier-no_physics-s47-d48b235af1,0.3892126106727607,0.38827709915981046,0.0009905090962603503,fourier,0.01273532329072629,0.016990184611478883,Q4,0.0013770644819106627,47,allen_cahn,no_physics
204,all_physics_factorial,all_physics_factorial-allen_cahn-fourier-no_physics-s47-d48b235af1,0.42512691570694505,0.41877152055575684,0.0010747538233622522,fourier,0.013769298092109961,0.018785537049166464,Q5,0.0015386937624393235,47,allen_cahn,no_physics
205,all_physics_factorial,all_physics_factorial-allen_cahn-fourier-physics-s11-a71bade925,0.30358143570619117,0.30845486211904033,0.0008390696415539756,fourier,0.010557406855797735,0.012930466362977743,Q1,0.0010805181475895469,11,allen_cahn,physics
205,all_physics_factorial,all_physics_factorial-allen_cahn-fourier-physics-s11-a71bade925,0.3429892459569641,0.34419649948289655,0.0008849002113837407,fourier,0.011116918855439353,0.013750499732286637,Q2,0.001153108136462891,11,allen_cahn,physics
205,all_physics_factorial,all_physics_factorial-allen_cahn-fourier-physics-s11-a71bade925,0.36596502725402436,0.36563316074781327,0.0009010057083850433,fourier,0.011325806103133287,0.014366262468020289,Q3,0.0012074445572460514,11,allen_cahn,physics
205,all_physics_factorial,all_physics_factorial-allen_cahn-fourier-physics-s11-a71bade925,0.3892126106727607,0.38827709915981046,0.0009251462439969793,fourier,0.011608735607901962,0.014850937772419484,Q4,0.0012495868838116723,11,allen_cahn,physics
204,all_physics_factorial,all_physics_factorial-allen_cahn-fourier-physics-s11-a71bade925,0.42512691570694505,0.41877152055575684,0.0010181167942120472,fourier,0.012772740802843055,0.017151511906665428,Q5,0.0014497553759387687,11,allen_cahn,physics
205,all_physics_factorial,all_physics_factorial-allen_cahn-fourier-physics-s29-b35f790a0f,0.30358143570619117,0.30845486211904033,0.0008381876267713343,fourier,0.01054642915116218,0.012936673631627208,Q1,0.0010808757501415103,29,allen_cahn,physics
205,all_physics_factorial,all_physics_factorial-allen_cahn-fourier-physics-s29-b35f790a0f,0.3429892459569641,0.34419649948289655,0.0008902538723219399,fourier,0.011191488700227459,0.01383163631355244,Q2,0.0011585235188722178,29,allen_cahn,physics
205,all_physics_factorial,all_physics_factorial-allen_cahn-fourier-physics-s29-b35f790a0f,0.36596502725402436,0.36563316074781327,0.0008979444180053264,fourier,0.01128141052735191,0.014365767337244432,Q3,0.0012085463477518193,29,allen_cahn,physics
205,all_physics_factorial,all_physics_factorial-allen_cahn-fourier-physics-s29-b35f790a0f,0.3892126106727607,0.38827709915981046,0.0009288855959879258,fourier,0.011657698329904882,0.014940041760445987,Q4,0.0012565930521867923,29,allen_cahn,physics
204,all_physics_factorial,all_physics_factorial-allen_cahn-fourier-physics-s29-b35f790a0f,0.42512691570694505,0.41877152055575684,0.0010098425375003757,fourier,0.012667216616724581,0.017027289068904824,Q5,0.0014385359536414814,29,allen_cahn,physics
205,all_physics_factorial,all_physics_factorial-allen_cahn-fourier-physics-s47-9c2db71e80,0.30358143570619117,0.30845486211904033,0.0008268500791435975,fourier,0.01040489126209101,0.01272574269878219,Q1,0.0010640010186866726,47,allen_cahn,physics
205,all_physics_factorial,all_physics_factorial-allen_cahn-fourier-physics-s47-9c2db71e80,0.3429892459569641,0.34419649948289655,0.0008794078556097497,fourier,0.011048873957660294,0.013646939248356369,Q2,0.0011442539354880104,47,allen_cahn,physics
205,all_physics_factorial,all_physics_factorial-allen_cahn-fourier-physics-s47-9c2db71e80,0.36596502725402436,0.36563316074781327,0.0008865924532127661,fourier,0.011146453038924347,0.014178921985582653,Q3,0.0011922375116236014,47,allen_cahn,physics
205,all_physics_factorial,all_physics_factorial-allen_cahn-fourier-physics-s47-9c2db71e80,0.3892126106727607,0.38827709915981046,0.000916925969183487,fourier,0.011496987616970001,0.014712303054296116,Q4,0.001239369672767271,47,allen_cahn,physics
204,all_physics_factorial,all_physics_factorial-allen_cahn-fourier-physics-s47-9c2db71e80,0.42512691570694505,0.41877152055575684,0.0010089108718623787,fourier,0.012652128011303871,0.01701180038736362,Q5,0.0014387922442293947,47,allen_cahn,physics
205,all_physics_factorial,all_physics_factorial-allen_cahn-ganr-no_physics-s11-e37851e5c8,0.30358143570619117,0.30845486211904033,0.0006556699389958826,ganr,0.008446146859381373,0.01089885553373848,Q1,0.0008761402340192527,11,allen_cahn,no_physics
205,all_physics_factorial,all_physics_factorial-allen_cahn-ganr-no_physics-s11-e37851e5c8,0.3429892459569641,0.34419649948289655,0.0006488014199467397,ganr,0.00828426950782809,0.010930514052343914,Q2,0.0008965188348555703,11,allen_cahn,no_physics
205,all_physics_factorial,all_physics_factorial-allen_cahn-ganr-no_physics-s11-e37851e5c8,0.36596502725402436,0.36563316074781327,0.0007015599690032996,ganr,0.00891227023654385,0.01207125819854789,Q3,0.0010003179153437692,11,allen_cahn,no_physics
205,all_physics_factorial,all_physics_factorial-allen_cahn-ganr-no_physics-s11-e37851e5c8,0.3892126106727607,0.38827709915981046,0.0007448009694467681,ganr,0.009436420451295556,0.012788336663321286,Q4,0.0010627385472305874,11,allen_cahn,no_physics
204,all_physics_factorial,all_physics_factorial-allen_cahn-ganr-no_physics-s11-e37851e5c8,0.42512691570694505,0.41877152055575684,0.0008562027316208312,ganr,0.010826662178908953,0.0148722245824132,Q5,0.0012442385212962069,11,allen_cahn,no_physics
205,all_physics_factorial,all_physics_factorial-allen_cahn-ganr-no_physics-s29-d3b739e940,0.30358143570619117,0.30845486211904033,0.0006554269995368764,ganr,0.008443522459545572,0.010893463442465836,Q1,0.0008756393711140591,29,allen_cahn,no_physics
205,all_physics_factorial,all_physics_factorial-allen_cahn-ganr-no_physics-s29-d3b739e940,0.3429892459569641,0.34419649948289655,0.0006487568015977718,ganr,0.008282448875061197,0.010922219487050066,Q2,0.0008962306362075748,29,allen_cahn,no_physics
205,all_physics_factorial,all_physics_factorial-allen_cahn-ganr-no_physics-s29-d3b739e940,0.36596502725402436,0.36563316074781327,0.0007027344524568552,ganr,0.008927201973201359,0.012085861274157167,Q3,0.0010015528359570587,29,allen_cahn,no_physics
205,all_physics_factorial,all_physics_factorial-allen_cahn-ganr-no_physics-s29-d3b739e940,0.3892126106727607,0.38827709915981046,0.0007453525968355479,ganr,0.009443178309998811,0.012806755404401326,Q4,0.001064397250909339,29,allen_cahn,no_physics
204,all_physics_factorial,all_physics_factorial-allen_cahn-ganr-no_physics-s29-d3b739e940,0.42512691570694505,0.41877152055575684,0.0008564714402089349,ganr,0.010828756114664375,0.014889049858591845,Q5,0.001246544806457656,29,allen_cahn,no_physics
205,all_physics_factorial,all_physics_factorial-allen_cahn-ganr-no_physics-s47-876e69793d,0.30358143570619117,0.30845486211904033,0.0006587031049044312,ganr,0.008489005236673603,0.010943537521475064,Q1,0.0008792192709039132,47,allen_cahn,no_physics
205,all_physics_factorial,all_physics_factorial-allen_cahn-ganr-no_physics-s47-876e69793d,0.3429892459569641,0.34419649948289655,0.0006510946383581144,ganr,0.008313424754304858,0.010959608475622062,Q2,0.000898775296929676,47,allen_cahn,no_physics
205,all_physics_factorial,all_physics_factorial-allen_cahn-ganr-no_physics-s47-876e69793d,0.36596502725402436,0.36563316074781327,0.0007035057631192929,ganr,0.00893632988221908,0.012078634697083633,Q3,0.0010008565548011057,47,allen_cahn,no_physics
205,all_physics_factorial,all_physics_factorial-allen_cahn-ganr-no_physics-s47-876e69793d,0.3892126106727607,0.38827709915981046,0.0007481313106352564,ganr,0.009476567376273061,0.012808419511700305,Q4,0.0010645744614078921,47,allen_cahn,no_physics
204,all_physics_factorial,all_physics_factorial-allen_cahn-ganr-no_physics-s47-876e69793d,0.42512691570694505,0.41877152055575684,0.0008591238071944309,ganr,0.01086274761078479,0.01493076866589538,Q5,0.0012492149804214643,47,allen_cahn,no_physics
205,all_physics_factorial,all_physics_factorial-allen_cahn-ganr-physics-s11-f36d395226,0.30358143570619117,0.30845486211904033,0.0005370472986607506,ganr,0.006742159323341534,0.008529923587134246,Q1,0.000716331564232638,11,allen_cahn,physics
205,all_physics_factorial,all_physics_factorial-allen_cahn-ganr-physics-s11-f36d395226,0.3429892459569641,0.34419649948289655,0.0006002955968455786,ganr,0.007532256748265957,0.010057935631839668,Q2,0.00084964044395088,11,allen_cahn,physics
205,all_physics_factorial,all_physics_factorial-allen_cahn-ganr-physics-s11-f36d395226,0.36596502725402436,0.36563316074781327,0.0006638180365670543,ganr,0.008320958143650862,0.01158104816679642,Q3,0.0009816047437653525,11,allen_cahn,physics
205,all_physics_factorial,all_physics_factorial-allen_cahn-ganr-physics-s11-f36d395226,0.3892126106727607,0.38827709915981046,0.0007198415001423177,ganr,0.009028251705639609,0.012573236591167828,Q4,0.0010622499458334245,11,allen_cahn,physics
204,all_physics_factorial,all_physics_factorial-allen_cahn-ganr-physics-s11-f36d395226,0.42512691570694505,0.41877152055575684,0.0008542957257108623,ganr,0.01069791147173895,0.015032045384329899,Q5,0.0012754278747774447,11,allen_cahn,physics
205,all_physics_factorial,all_physics_factorial-allen_cahn-ganr-physics-s29-2a3225e8b3,0.30358143570619117,0.30845486211904033,0.0005377553015659729,ganr,0.006750392720323772,0.00854752379135567,Q1,0.0007179627510546299,29,allen_cahn,physics
205,all_physics_factorial,all_physics_factorial-allen_cahn-ganr-physics-s29-2a3225e8b3,0.3429892459569641,0.34419649948289655,0.0006000262235265632,ganr,0.007528309998843684,0.010058910724656756,Q2,0.0008498897840158251,29,allen_cahn,physics
205,all_physics_factorial,all_physics_factorial-allen_cahn-ganr-physics-s29-2a3225e8b3,0.36596502725402436,0.36563316074781327,0.0006647734958889914,ganr,0.00833175292794205,0.011607039531981353,Q3,0.000984220451906482,29,allen_cahn,physics
205,all_physics_factorial,all_physics_factorial-allen_cahn-ganr-physics-s29-2a3225e8b3,0.3892126106727607,0.38827709915981046,0.0007207868962122996,ganr,0.009041553202472595,0.01258918315452868,Q4,0.0010636585135948258,29,allen_cahn,physics
204,all_physics_factorial,all_physics_factorial-allen_cahn-ganr-physics-s29-2a3225e8b3,0.42512691570694505,0.41877152055575684,0.000854269269957231,ganr,0.010696919367918003,0.015042752621339505,Q5,0.0012767085207337036,29,allen_cahn,physics
205,all_physics_factorial,all_physics_factorial-allen_cahn-ganr-physics-s47-08858678bf,0.30358143570619117,0.30845486211904033,0.000538543372084916,ganr,0.006760545773691707,0.00855179407124244,Q1,0.0007181250639523628,47,allen_cahn,physics
205,all_physics_factorial,all_physics_factorial-allen_cahn-ganr-physics-s47-08858678bf,0.3429892459569641,0.34419649948289655,0.0006010484193469829,ganr,0.007541788097095336,0.010068800104659565,Q2,0.0008503808539217658,47,allen_cahn,physics
205,all_physics_factorial,all_physics_factorial-allen_cahn-ganr-physics-s47-08858678bf,0.36596502725402436,0.36563316074781327,0.0006644430793752256,ganr,0.00832906052728224,0.011591547109703268,Q3,0.0009821809294044265,47,allen_cahn,physics
205,all_physics_factorial,all_physics_factorial-allen_cahn-ganr-physics-s47-08858678bf,0.3892126106727607,0.38827709915981046,0.000720230899563886,ganr,0.009032632116528367,0.012576021610694939,Q4,0.0010625046079073214,47,allen_cahn,physics
204,all_physics_factorial,all_physics_factorial-allen_cahn-ganr-physics-s47-08858678bf,0.42512691570694505,0.41877152055575684,0.0008548385587765059,ganr,0.010703644479668371,0.015036176138884184,Q5,0.0012757297507239556,47,allen_cahn,physics
205,all_physics_factorial,all_physics_factorial-allen_cahn-gelu-no_physics-s11-eb8e5711c9,0.30358143570619117,0.30845486211904033,0.000977779528282295,gelu,0.012532063774804474,0.015655360238709167,Q1,0.001263342100540437,11,allen_cahn,no_physics
205,all_physics_factorial,all_physics_factorial-allen_cahn-gelu-no_physics-s11-eb8e5711c9,0.3429892459569641,0.34419649948289655,0.0007964223950373726,gelu,0.010154581798729722,0.013023853995000162,Q2,0.0010676544642910042,11,allen_cahn,no_physics
205,all_physics_factorial,all_physics_factorial-allen_cahn-gelu-no_physics-s11-eb8e5711c9,0.36596502725402436,0.36563316074781327,0.0007921524934202807,gelu,0.010075819954623923,0.013480163462946249,Q3,0.0011132848357540655,11,allen_cahn,no_physics
205,all_physics_factorial,all_physics_factorial-allen_cahn-gelu-no_physics-s11-eb8e5711c9,0.3892126106727607,0.38827709915981046,0.0007904336564044859,gelu,0.010039023498724984,0.01377240840492082,Q4,0.001141894618272743,11,allen_cahn,no_physics
204,all_physics_factorial,all_physics_factorial-allen_cahn-gelu-no_physics-s11-eb8e5711c9,0.42512691570694505,0.41877152055575684,0.0008871216796376898,gelu,0.011232021905451523,0.015783999943516102,Q5,0.0013187255871732837,11,allen_cahn,no_physics
205,all_physics_factorial,all_physics_factorial-allen_cahn-gelu-no_physics-s29-343e1b4d2b,0.30358143570619117,0.30845486211904033,0.0009700128555991076,gelu,0.012433321044085609,0.015550355150852775,Q1,0.0012547495630165608,29,allen_cahn,no_physics
205,all_physics_factorial,all_physics_factorial-allen_cahn-gelu-no_physics-s29-343e1b4d2b,0.3429892459569641,0.34419649948289655,0.0007914594657698929,gelu,0.010092748783559622,0.012980956605681238,Q2,0.0010642299374558717,29,allen_cahn,no_physics
205,all_physics_factorial,all_physics_factorial-allen_cahn-gelu-no_physics-s29-343e1b4d2b,0.36596502725402436,0.36563316074781327,0.0007907595076226848,gelu,0.010060210592367648,0.013503474487577164,Q3,0.00111514362065547,29,allen_cahn,no_physics
205,all_physics_factorial,all_physics_factorial-allen_cahn-gelu-no_physics-s29-343e1b4d2b,0.3892126106727607,0.38827709915981046,0.0007871706896334919,gelu,0.01000258244881295,0.013784532079234696,Q4,0.0011421914738436077,29,allen_cahn,no_physics
204,all_physics_factorial,all_physics_factorial-allen_cahn-gelu-no_physics-s29-343e1b4d2b,0.42512691570694505,0.41877152055575684,0.0008836679596929883,gelu,0.011192124121531177,0.015803649031267648,Q5,0.0013195741381464628,29,allen_cahn,no_physics
205,all_physics_factorial,all_physics_factorial-allen_cahn-gelu-no_physics-s47-3f7a29be2d,0.30358143570619117,0.30845486211904033,0.0009671374962048561,gelu,0.01239391230974259,0.015482051302350013,Q1,0.0012503994155904855,47,allen_cahn,no_physics
205,all_physics_factorial,all_physics_factorial-allen_cahn-gelu-no_physics-s47-3f7a29be2d,0.3429892459569641,0.34419649948289655,0.0007886982160704987,gelu,0.01005599956340586,0.012921378522104515,Q2,0.0010598568602421786,47,allen_cahn,no_physics
205,all_physics_factorial,all_physics_factorial-allen_cahn-gelu-no_physics-s47-3f7a29be2d,0.36596502725402436,0.36563316074781327,0.0007868037673405395,gelu,0.010012448319958268,0.013431370843718782,Q3,0.0011088013062038376,47,allen_cahn,no_physics
205,all_physics_factorial,all_physics_factorial-allen_cahn-gelu-no_physics-s47-3f7a29be2d,0.3892126106727607,0.38827709915981046,0.0007837673487593837,gelu,0.009960347161260676,0.013724829466888244,Q4,0.0011371329234827424,47,allen_cahn,no_physics
204,all_physics_factorial,all_physics_factorial-allen_cahn-gelu-no_physics-s47-3f7a29be2d,0.42512691570694505,0.41877152055575684,0.0008821749081851657,gelu,0.01117149649864465,0.015763339992717534,Q5,0.0013164322092053715,47,allen_cahn,no_physics
205,all_physics_factorial,all_physics_factorial-allen_cahn-gelu-physics-s11-2f04f7fa9f,0.30358143570619117,0.30845486211904033,0.0005796471344081493,gelu,0.007359112109941306,0.009346296993826247,Q1,0.0007718279584014525,11,allen_cahn,physics
205,all_physics_factorial,all_physics_factorial-allen_cahn-gelu-physics-s11-2f04f7fa9f,0.3429892459569641,0.34419649948289655,0.0006608981840935233,gelu,0.008351377834093005,0.010768372247760406,Q2,0.000897843134934339,11,allen_cahn,physics
205,all_physics_factorial,all_physics_factorial-allen_cahn-gelu-physics-s11-2f04f7fa9f,0.36596502725402436,0.36563316074781327,0.0007177352802934855,gelu,0.00904583379077935,0.011863834535555354,Q3,0.000995055616287241,11,allen_cahn,physics
205,all_physics_factorial,all_physics_factorial-allen_cahn-gelu-physics-s11-2f04f7fa9f,0.3892126106727607,0.38827709915981046,0.000765296982651622,gelu,0.009630739633778493,0.012702529557338034,Q4,0.0010655822238815273,11,allen_cahn,physics
204,all_physics_factorial,all_physics_factorial-allen_cahn-gelu-physics-s11-2f04f7fa9f,0.42512691570694505,0.41877152055575684,0.0008638178576260691,gelu,0.01084762804308662,0.01476746182171405,Q5,0.0012475619696982849,11,allen_cahn,physics
205,all_physics_factorial,all_physics_factorial-allen_cahn-gelu-physics-s29-ba20c308b7,0.30358143570619117,0.30845486211904033,0.0005793393029468328,gelu,0.007354405518613309,0.009354510153665726,Q1,0.0007728374775000004,29,allen_cahn,physics
205,all_physics_factorial,all_physics_factorial-allen_cahn-gelu-physics-s29-ba20c308b7,0.3429892459569641,0.34419649948289655,0.0006597371583105967,gelu,0.008337908341175993,0.010759821196888073,Q2,0.0008973203231371423,29,allen_cahn,physics
205,all_physics_factorial,all_physics_factorial-allen_cahn-gelu-physics-s29-ba20c308b7,0.36596502725402436,0.36563316074781327,0.0007179223629758395,gelu,0.009050308569032297,0.011888438718251381,Q3,0.0009972764132288724,29,allen_cahn,physics
205,all_physics_factorial,all_physics_factorial-allen_cahn-gelu-physics-s29-ba20c308b7,0.3892126106727607,0.38827709915981046,0.0007630578155741752,gelu,0.009603625928274465,0.012672994299242681,Q4,0.0010628687789387109,29,allen_cahn,physics
204,all_physics_factorial,all_physics_factorial-allen_cahn-gelu-physics-s29-ba20c308b7,0.42512691570694505,0.41877152055575684,0.0008621997793615778,gelu,0.010830059522130453,0.014772350510594777,Q5,0.0012477334300529733,29,allen_cahn,physics
205,all_physics_factorial,all_physics_factorial-allen_cahn-gelu-physics-s47-5a860ac46d,0.30358143570619117,0.30845486211904033,0.0005788068911567479,gelu,0.007344580211777997,0.00933970334689659,Q1,0.0007725379920976463,47,allen_cahn,physics
205,all_physics_factorial,all_physics_factorial-allen_cahn-gelu-physics-s47-5a860ac46d,0.3429892459569641,0.34419649948289655,0.0006612069265512824,gelu,0.008354993347382246,0.01077177456687442,Q2,0.0008982273070267163,47,allen_cahn,physics
205,all_physics_factorial,all_physics_factorial-allen_cahn-gelu-physics-s47-5a860ac46d,0.36596502725402436,0.36563316074781327,0.0007165641049082859,gelu,0.00903257396866687,0.011853942453603036,Q3,0.0009942193473633598,47,allen_cahn,physics
205,all_physics_factorial,all_physics_factorial-allen_cahn-gelu-physics-s47-5a860ac46d,0.3892126106727607,0.38827709915981046,0.000763355422767759,gelu,0.009607645639580713,0.012675527904006535,Q4,0.0010628999423660582,47,allen_cahn,physics
204,all_physics_factorial,all_physics_factorial-allen_cahn-gelu-physics-s47-5a860ac46d,0.42512691570694505,0.41877152055575684,0.0008615061372938026,gelu,0.010821844080544755,0.01475184368035133,Q5,0.001245604629321474,47,allen_cahn,physics
205,all_physics_factorial,all_physics_factorial-allen_cahn-relu-no_physics-s11-269f6280e2,0.30358143570619117,0.30845486211904033,0.001043936911223937,relu,0.013389729138383702,0.016806221077764198,Q1,0.0013560133588164365,11,allen_cahn,no_physics
205,all_physics_factorial,all_physics_factorial-allen_cahn-relu-no_physics-s11-269f6280e2,0.3429892459569641,0.34419649948289655,0.0008561274866856097,relu,0.010950752393658445,0.014097175890777303,Q2,0.0011492992401834928,11,allen_cahn,no_physics
205,all_physics_factorial,all_physics_factorial-allen_cahn-relu-no_physics-s11-269f6280e2,0.36596502725402436,0.36563316074781327,0.000856672735622339,relu,0.01093615296096095,0.014421415455625164,Q3,0.001183575995011687,11,allen_cahn,no_physics
205,all_physics_factorial,all_physics_factorial-allen_cahn-relu-no_physics-s11-269f6280e2,0.3892126106727607,0.38827709915981046,0.0008521974332373417,relu,0.010872691654427322,0.014789324760502386,Q4,0.0012169439366849658,11,allen_cahn,no_physics
204,all_physics_factorial,all_physics_factorial-allen_cahn-relu-no_physics-s11-269f6280e2,0.42512691570694505,0.41877152055575684,0.000945363293220661,relu,0.012023949430581108,0.016751723079590664,Q5,0.0013908833398698806,11,allen_cahn,no_physics
205,all_physics_factorial,all_physics_factorial-allen_cahn-relu-no_physics-s29-242c1ba3e1,0.30358143570619117,0.30845486211904033,0.0010399494737460162,relu,0.013339088797644363,0.01674036405438675,Q1,0.001351345991801097,29,allen_cahn,no_physics
205,all_physics_factorial,all_physics_factorial-allen_cahn-relu-no_physics-s29-242c1ba3e1,0.3429892459569641,0.34419649948289655,0.0008526665764994652,relu,0.010899300670271856,0.014032128731153663,Q2,0.0011451193554015743,29,allen_cahn,no_physics
205,all_physics_factorial,all_physics_factorial-allen_cahn-relu-no_physics-s29-242c1ba3e1,0.36596502725402436,0.36563316074781327,0.0008578782699012591,relu,0.010952223550444852,0.014456579356357867,Q3,0.0011865066263352024,29,allen_cahn,no_physics
205,all_physics_factorial,all_physics_factorial-allen_cahn-relu-no_physics-s29-242c1ba3e1,0.3892126106727607,0.38827709915981046,0.0008496335755089048,relu,0.010843185062874868,0.014756673746842737,Q4,0.0012138693657548312,29,allen_cahn,no_physics
204,all_physics_factorial,all_physics_factorial-allen_cahn-relu-no_physics-s29-242c1ba3e1,0.42512691570694505,0.41877152055575684,0.0009418928466888724,relu,0.011985869234333636,0.016717633292856967,Q5,0.0013867008501023946,29,allen_cahn,no_physics
205,all_physics_factorial,all_physics_factorial-allen_cahn-relu-no_physics-s47-a397a87154,0.30358143570619117,0.30845486211904033,0.0010365040363486413,relu,0.013291166293049208,0.01670444868861867,Q1,0.0013490941545747424,47,allen_cahn,no_physics
205,all_physics_factorial,all_physics_factorial-allen_cahn-relu-no_physics-s47-a397a87154,0.3429892459569641,0.34419649948289655,0.0008492130728090519,relu,0.010861090115241478,0.01401501478101115,Q2,0.0011432559398027425,47,allen_cahn,no_physics
205,all_physics_factorial,all_physics_factorial-allen_cahn-relu-no_physics-s47-a397a87154,0.36596502725402436,0.36563316074781327,0.0008550660601630919,relu,0.010921653919290305,0.014414649840332146,Q3,0.001182347672117259,47,allen_cahn,no_physics
205,all_physics_factorial,all_physics_factorial-allen_cahn-relu-no_physics-s47-a397a87154,0.3892126106727607,0.38827709915981046,0.0008487897089168168,relu,0.010836628079371852,0.014745396434970902,Q4,0.001211902345142513,47,allen_cahn,no_physics
204,all_physics_factorial,all_physics_factorial-allen_cahn-relu-no_physics-s47-a397a87154,0.42512691570694505,0.41877152055575684,0.0009403072372637803,relu,0.011961485693831432,0.016742170455244627,Q5,0.0013899172547370828,47,allen_cahn,no_physics
205,all_physics_factorial,all_physics_factorial-allen_cahn-relu-physics-s11-9ee15bddcc,0.30358143570619117,0.30845486211904033,0.0006945005000707968,relu,0.008765687204081411,0.01090778351046966,Q1,0.0009079196760364999,11,allen_cahn,physics
205,all_physics_factorial,all_physics_factorial-allen_cahn-relu-physics-s11-9ee15bddcc,0.3429892459569641,0.34419649948289655,0.0007581580594991775,relu,0.009547711520653115,0.011988183012364095,Q2,0.0010024735284132878,11,allen_cahn,physics
205,all_physics_factorial,all_physics_factorial-allen_cahn-relu-physics-s11-9ee15bddcc,0.36596502725402436,0.36563316074781327,0.0008023372595892865,relu,0.010094954015860622,0.01290685914827071,Q3,0.0010831705633277805,11,allen_cahn,physics
205,all_physics_factorial,all_physics_factorial-allen_cahn-relu-physics-s11-9ee15bddcc,0.3892126106727607,0.38827709915981046,0.0008358357777341895,relu,0.010499831982143994,0.013539622681890325,Q4,0.0011379686171821132,11,allen_cahn,physics
204,all_physics_factorial,all_physics_factorial-allen_cahn-relu-physics-s11-9ee15bddcc,0.42512691570694505,0.41877152055575684,0.0009149757508989365,relu,0.011481937650841273,0.01545135405512833,Q5,0.001306492743929331,11,allen_cahn,physics
205,all_physics_factorial,all_physics_factorial-allen_cahn-relu-physics-s29-52b4d1e497,0.30358143570619117,0.30845486211904033,0.0006938622525003945,relu,0.008756872970787768,0.010909566088760302,Q1,0.0009083369160933042,29,allen_cahn,physics
205,all_physics_factorial,all_physics_factorial-allen_cahn-relu-physics-s29-52b4d1e497,0.3429892459569641,0.34419649948289655,0.0007563196199758253,relu,0.009526519435102007,0.011972804324041889,Q2,0.0010012588817716484,29,allen_cahn,physics
205,all_physics_factorial,all_physics_factorial-allen_cahn-relu-physics-s29-52b4d1e497,0.36596502725402436,0.36563316074781327,0.000802634475904057,relu,0.010099496596321466,0.012931340036952182,Q3,0.001085684400544851,29,allen_cahn,physics
205,all_physics_factorial,all_physics_factorial-allen_cahn-relu-physics-s29-52b4d1e497,0.3892126106727607,0.38827709915981046,0.0008345517144565423,relu,0.010484750801436314,0.013523970784898084,Q4,0.0011364206866677133,29,allen_cahn,physics
204,all_physics_factorial,all_physics_factorial-allen_cahn-relu-physics-s29-52b4d1e497,0.42512691570694505,0.41877152055575684,0.0009143823459695418,relu,0.011476401149749547,0.015456233995313876,Q5,0.0013068749383471456,29,allen_cahn,physics
205,all_physics_factorial,all_physics_factorial-allen_cahn-relu-physics-s47-4d407c85cf,0.30358143570619117,0.30845486211904033,0.0006928195429918304,relu,0.008743289781162804,0.010888748250026363,Q1,0.0009069092925112029,47,allen_cahn,physics
205,all_physics_factorial,all_physics_factorial-allen_cahn-relu-physics-s47-4d407c85cf,0.3429892459569641,0.34419649948289655,0.0007571020905945782,relu,0.009535992755340932,0.011985089534868645,Q2,0.0010021346560263502,47,allen_cahn,physics
205,all_physics_factorial,all_physics_factorial-allen_cahn-relu-physics-s47-4d407c85cf,0.36596502725402436,0.36563316074781327,0.0008004223030816452,relu,0.010072455271697514,0.01288947545330322,Q3,0.001081694052360335,47,allen_cahn,physics
205,all_physics_factorial,all_physics_factorial-allen_cahn-relu-physics-s47-4d407c85cf,0.3892126106727607,0.38827709915981046,0.0008336835833453926,relu,0.010474548314882759,0.01351404949761231,Q4,0.0011355982705402315,47,allen_cahn,physics
204,all_physics_factorial,all_physics_factorial-allen_cahn-relu-physics-s47-4d407c85cf,0.42512691570694505,0.41877152055575684,0.0009121536767450701,relu,0.01144942503164775,0.015431534132147179,Q5,0.0013043199629356299,47,allen_cahn,physics
205,all_physics_factorial,all_physics_factorial-allen_cahn-resmlp-no_physics-s11-87f5060a6c,0.30358143570619117,0.30845486211904033,0.0006254314339789198,resmlp,0.008106220255433979,0.010600569099665304,Q1,0.0008430251202179431,11,allen_cahn,no_physics
205,all_physics_factorial,all_physics_factorial-allen_cahn-resmlp-no_physics-s11-87f5060a6c,0.3429892459569641,0.34419649948289655,0.0006225784241576476,resmlp,0.007981876663921151,0.010640813516386894,Q2,0.0008671452140798415,11,allen_cahn,no_physics
205,all_physics_factorial,all_physics_factorial-allen_cahn-resmlp-no_physics-s11-87f5060a6c,0.36596502725402436,0.36563316074781327,0.0006780501337303734,resmlp,0.008628514143546437,0.01170010903031029,Q3,0.0009675064311506919,11,allen_cahn,no_physics
205,all_physics_factorial,all_physics_factorial-allen_cahn-resmlp-no_physics-s11-87f5060a6c,0.3892126106727607,0.38827709915981046,0.0007259299086734567,resmlp,0.009203050378724407,0.012407218049882927,Q4,0.0010308627700662566,11,allen_cahn,no_physics
204,all_physics_factorial,all_physics_factorial-allen_cahn-resmlp-no_physics-s11-87f5060a6c,0.42512691570694505,0.41877152055575684,0.0008322532077098021,resmlp,0.010537922188780269,0.014481954135751915,Q5,0.0012095745568713667,11,allen_cahn,no_physics
205,all_physics_factorial,all_physics_factorial-allen_cahn-resmlp-no_physics-s29-da9349b91c,0.30358143570619117,0.30845486211904033,0.0006429179998170701,resmlp,0.008316597455458501,0.010849836027313289,Q1,0.0008660073556793633,29,allen_cahn,no_physics
205,all_physics_factorial,all_physics_factorial-allen_cahn-resmlp-no_physics-s29-da9349b91c,0.3429892459569641,0.34419649948289655,0.0006366517933776747,resmlp,0.008148876905887448,0.010822368835199955,Q2,0.000883266225753246,29,allen_cahn,no_physics
205,all_physics_factorial,all_physics_factorial-allen_cahn-resmlp-no_physics-s29-da9349b91c,0.36596502725402436,0.36563316074781327,0.0006850705294475658,resmlp,0.008719685136957306,0.011777413810612047,Q3,0.0009736345013642374,29,allen_cahn,no_physics
205,all_physics_factorial,all_physics_factorial-allen_cahn-resmlp-no_physics-s29-da9349b91c,0.3892126106727607,0.38827709915981046,0.0007310887174684636,resmlp,0.009280517160698658,0.012512750011709721,Q4,0.001037660279633477,29,allen_cahn,no_physics
204,all_physics_factorial,all_physics_factorial-allen_cahn-resmlp-no_physics-s29-da9349b91c,0.42512691570694505,0.41877152055575684,0.0008357096278261107,resmlp,0.010578465288143622,0.014589467572308055,Q5,0.0012192360464942193,29,allen_cahn,no_physics
205,all_physics_factorial,all_physics_factorial-allen_cahn-resmlp-no_physics-s47-4a625fa53f,0.30358143570619117,0.30845486211904033,0.0006494797659516216,resmlp,0.008422388124717763,0.010993278558710169,Q1,0.000872423378425275,47,allen_cahn,no_physics
205,all_physics_factorial,all_physics_factorial-allen_cahn-resmlp-no_physics-s47-4a625fa53f,0.3429892459569641,0.34419649948289655,0.0006300269765707155,resmlp,0.008063932694275529,0.010677545418905825,Q2,0.0008720995250476924,47,allen_cahn,no_physics
205,all_physics_factorial,all_physics_factorial-allen_cahn-resmlp-no_physics-s47-4a625fa53f,0.36596502725402436,0.36563316074781327,0.0006819911258485581,resmlp,0.00867961568594843,0.011697856967557459,Q3,0.0009671812195867413,47,allen_cahn,no_physics
205,all_physics_factorial,all_physics_factorial-allen_cahn-resmlp-no_physics-s47-4a625fa53f,0.3892126106727607,0.38827709915981046,0.0007226943447396048,resmlp,0.009167156417227016,0.012359261983161385,Q4,0.001025995893672385,47,allen_cahn,no_physics
204,all_physics_factorial,all_physics_factorial-allen_cahn-resmlp-no_physics-s47-4a625fa53f,0.42512691570694505,0.41877152055575684,0.0008317677191055558,resmlp,0.010524934003712355,0.01451392517915819,Q5,0.001213200795387296,47,allen_cahn,no_physics
205,all_physics_factorial,all_physics_factorial-allen_cahn-resmlp-physics-s11-c6b4777293,0.30358143570619117,0.30845486211904033,0.0006190422909156095,resmlp,0.0078782159519608,0.009725589458759933,Q1,0.0007954708373444842,11,allen_cahn,physics
205,all_physics_factorial,all_physics_factorial-allen_cahn-resmlp-physics-s11-c6b4777293,0.3429892459569641,0.34419649948289655,0.0006852812265372415,resmlp,0.008695719006449379,0.010963423139440731,Q2,0.0009041843016867085,11,allen_cahn,physics
205,all_physics_factorial,all_physics_factorial-allen_cahn-resmlp-physics-s11-c6b4777293,0.36596502725402436,0.36563316074781327,0.000737676060722685,resmlp,0.009343499519703615,0.012035702868728368,Q3,0.00099695803115432,11,allen_cahn,physics
205,all_physics_factorial,all_physics_factorial-allen_cahn-resmlp-physics-s11-c6b4777293,0.3892126106727607,0.38827709915981046,0.0007819201369142877,resmlp,0.009882914165834497,0.012811810183882218,Q4,0.0010648251157996242,11,allen_cahn,physics
204,all_physics_factorial,all_physics_factorial-allen_cahn-resmlp-physics-s11-c6b4777293,0.42512691570694505,0.41877152055575684,0.0008693011272995444,resmlp,0.01098140945359345,0.014741334842096561,Q5,0.0012299375650444916,11,allen_cahn,physics
205,all_physics_factorial,all_physics_factorial-allen_cahn-resmlp-physics-s29-70db6c09cb,0.30358143570619117,0.30845486211904033,0.0006107090460754137,resmlp,0.007769374286632121,0.009642320246240439,Q1,0.0007898191854241076,29,allen_cahn,physics
205,all_physics_factorial,all_physics_factorial-allen_cahn-resmlp-physics-s29-70db6c09cb,0.3429892459569641,0.34419649948289655,0.0006836542445163068,resmlp,0.008656798663235328,0.010984977858399792,Q2,0.0009103655456915398,29,allen_cahn,physics
205,all_physics_factorial,all_physics_factorial-allen_cahn-resmlp-physics-s29-70db6c09cb,0.36596502725402436,0.36563316074781327,0.0007382830883903744,resmlp,0.009334189752739018,0.012054442532234678,Q3,0.0010034765306066698,29,allen_cahn,physics
205,all_physics_factorial,all_physics_factorial-allen_cahn-resmlp-physics-s29-70db6c09cb,0.3892126106727607,0.38827709915981046,0.0007790391687035398,resmlp,0.009832050900851926,0.012844524384106997,Q4,0.0010705306293118748,29,allen_cahn,physics
204,all_physics_factorial,all_physics_factorial-allen_cahn-resmlp-physics-s29-70db6c09cb,0.42512691570694505,0.41877152055575684,0.0008693939489576863,resmlp,0.010966070802974742,0.014828736469066702,Q5,0.0012405250638806578,29,allen_cahn,physics
205,all_physics_factorial,all_physics_factorial-allen_cahn-resmlp-physics-s47-0f4cb6f9aa,0.30358143570619117,0.30845486211904033,0.000591627400868071,resmlp,0.007524740219223402,0.009366189449691434,Q1,0.0007686193964150552,47,allen_cahn,physics
205,all_physics_factorial,all_physics_factorial-allen_cahn-resmlp-physics-s47-0f4cb6f9aa,0.3429892459569641,0.34419649948289655,0.0006670554706941196,resmlp,0.008452915273613125,0.010709927441012318,Q2,0.0008850911629795905,47,allen_cahn,physics
205,all_physics_factorial,all_physics_factorial-allen_cahn-resmlp-physics-s47-0f4cb6f9aa,0.36596502725402436,0.36563316074781327,0.0007170577864321571,resmlp,0.009082084952873319,0.01176059832627961,Q3,0.0009749942431345756,47,allen_cahn,physics
205,all_physics_factorial,all_physics_factorial-allen_cahn-resmlp-physics-s47-0f4cb6f9aa,0.3892126106727607,0.38827709915981046,0.0007606926693746824,resmlp,0.009617563069716,0.012575697450217867,Q4,0.0010442898014972391,47,allen_cahn,physics
204,all_physics_factorial,all_physics_factorial-allen_cahn-resmlp-physics-s47-0f4cb6f9aa,0.42512691570694505,0.41877152055575684,0.0008480326736748542,resmlp,0.010712054409401425,0.014488656220847254,Q5,0.0012075855994814803,47,allen_cahn,physics
205,all_physics_factorial,all_physics_factorial-allen_cahn-silu-no_physics-s11-1067da8b90,0.30358143570619117,0.30845486211904033,0.001027036655626552,silu,0.013161887738316015,0.016411341167891152,Q1,0.0013228451216715053,11,allen_cahn,no_physics
205,all_physics_factorial,all_physics_factorial-allen_cahn-silu-no_physics-s11-1067da8b90,0.3429892459569641,0.34419649948289655,0.0008131583134515723,silu,0.010340652068978799,0.013263748329543959,Q2,0.0010909998282864185,11,allen_cahn,no_physics
205,all_physics_factorial,all_physics_factorial-allen_cahn-silu-no_physics-s11-1067da8b90,0.36596502725402436,0.36563316074781327,0.0007914391192397574,silu,0.010030872771660253,0.0135689675527648,Q3,0.0011265717345940696,11,allen_cahn,no_physics
205,all_physics_factorial,all_physics_factorial-allen_cahn-silu-no_physics-s11-1067da8b90,0.3892126106727607,0.38827709915981046,0.0007849913906235178,silu,0.009926303769265774,0.013779379495533912,Q4,0.0011502255685198258,11,allen_cahn,no_physics
204,all_physics_factorial,all_physics_factorial-allen_cahn-silu-no_physics-s11-1067da8b90,0.42512691570694505,0.41877152055575684,0.00088663670758745,silu,0.011182103240793365,0.015967924692828366,Q5,0.0013419244150795712,11,allen_cahn,no_physics
205,all_physics_factorial,all_physics_factorial-allen_cahn-silu-no_physics-s29-ec042c3bb0,0.30358143570619117,0.30845486211904033,0.0010172625509010246,silu,0.01302873277316028,0.016277608561992278,Q1,0.0013138291102717803,29,allen_cahn,no_physics
205,all_physics_factorial,all_physics_factorial-allen_cahn-silu-no_physics-s29-ec042c3bb0,0.3429892459569641,0.34419649948289655,0.0008050350844049887,silu,0.010237693647934512,0.013197757717119335,Q2,0.0010859204123857612,29,allen_cahn,no_physics
205,all_physics_factorial,all_physics_factorial-allen_cahn-silu-no_physics-s29-ec042c3bb0,0.36596502725402436,0.36563316074781327,0.000787624722929287,silu,0.009984594833472906,0.013583627072566856,Q3,0.0011279286213916255,29,allen_cahn,no_physics
205,all_physics_factorial,all_physics_factorial-allen_cahn-silu-no_physics-s29-ec042c3bb0,0.3892126106727607,0.38827709915981046,0.0007817863630997839,silu,0.009893065021591726,0.013822056921502455,Q4,0.0011527056459111886,29,allen_cahn,no_physics
204,all_physics_factorial,all_physics_factorial-allen_cahn-silu-no_physics-s29-ec042c3bb0,0.42512691570694505,0.41877152055575684,0.000882548758866776,silu,0.011139508541414793,0.016034826475989496,Q5,0.0013461721833318274,29,allen_cahn,no_physics
205,all_physics_factorial,all_physics_factorial-allen_cahn-silu-no_physics-s47-678ac72b25,0.30358143570619117,0.30845486211904033,0.001010515516507614,silu,0.012945010300400427,0.016156690419165863,Q1,0.001303387639813383,47,allen_cahn,no_physics
205,all_physics_factorial,all_physics_factorial-allen_cahn-silu-no_physics-s47-678ac72b25,0.3429892459569641,0.34419649948289655,0.0008003391516672485,silu,0.010173142027890736,0.013105366715994963,Q2,0.0010790599527213313,47,allen_cahn,no_physics
205,all_physics_factorial,all_physics_factorial-allen_cahn-silu-no_physics-s47-678ac72b25,0.36596502725402436,0.36563316074781327,0.0007854599472716937,silu,0.00995630834054514,0.013533205963028108,Q3,0.0011235316836525353,47,allen_cahn,no_physics
205,all_physics_factorial,all_physics_factorial-allen_cahn-silu-no_physics-s47-678ac72b25,0.3892126106727607,0.38827709915981046,0.00077890361161385,silu,0.009852013178739672,0.013751905850767486,Q4,0.0011476903456599382,47,allen_cahn,no_physics
204,all_physics_factorial,all_physics_factorial-allen_cahn-silu-no_physics-s47-678ac72b25,0.42512691570694505,0.41877152055575684,0.0008827334760326964,silu,0.011134627375287977,0.01596236123081801,Q5,0.0013413836507810508,47,allen_cahn,no_physics
205,all_physics_factorial,all_physics_factorial-allen_cahn-silu-physics-s11-2c1a1cdc58,0.30358143570619117,0.30845486211904033,0.0005905823162554824,silu,0.0074608182228967845,0.009497736365357204,Q1,0.0007920416706668548,11,allen_cahn,physics
205,all_physics_factorial,all_physics_factorial-allen_cahn-silu-physics-s11-2c1a1cdc58,0.3429892459569641,0.34419649948289655,0.0006838304996499993,silu,0.00860031848784188,0.011090178785774767,Q2,0.0009321953991771571,11,allen_cahn,physics
205,all_physics_factorial,all_physics_factorial-allen_cahn-silu-physics-s11-2c1a1cdc58,0.36596502725402436,0.36563316074781327,0.0007415656679389817,silu,0.009310402179754642,0.0122980047885169,Q3,0.0010383199558868462,11,allen_cahn,physics
205,all_physics_factorial,all_physics_factorial-allen_cahn-silu-physics-s11-2c1a1cdc58,0.3892126106727607,0.38827709915981046,0.0007938620477697152,silu,0.009952606309844684,0.01318480652897809,Q4,0.0011133805369089019,11,allen_cahn,physics
204,all_physics_factorial,all_physics_factorial-allen_cahn-silu-physics-s11-2c1a1cdc58,0.42512691570694505,0.41877152055575684,0.0008941278241322967,silu,0.01119455263779404,0.015437218284552873,Q5,0.001310807311869619,11,allen_cahn,physics
205,all_physics_factorial,all_physics_factorial-allen_cahn-silu-physics-s29-4c17cc5ffc,0.30358143570619117,0.30845486211904033,0.0005931076782704927,silu,0.007489518318106811,0.00953667303010855,Q1,0.0007956215617128314,29,allen_cahn,physics
205,all_physics_factorial,all_physics_factorial-allen_cahn-silu-physics-s29-4c17cc5ffc,0.3429892459569641,0.34419649948289655,0.0006830818498113698,silu,0.008590930328865721,0.011077348767288274,Q2,0.0009314288713597135,29,allen_cahn,physics
205,all_physics_factorial,all_physics_factorial-allen_cahn-silu-physics-s29-4c17cc5ffc,0.36596502725402436,0.36563316074781327,0.0007451795759242932,silu,0.009354070697650993,0.012349928865727201,Q3,0.0010433689906986067,29,allen_cahn,physics
205,all_physics_factorial,all_physics_factorial-allen_cahn-silu-physics-s29-4c17cc5ffc,0.3892126106727607,0.38827709915981046,0.0007954889722467138,silu,0.009969086910182381,0.013190196663360118,Q4,0.0011141142908757539,29,allen_cahn,physics
204,all_physics_factorial,all_physics_factorial-allen_cahn-silu-physics-s29-4c17cc5ffc,0.42512691570694505,0.41877152055575684,0.0008955746847606493,silu,0.011211326027441341,0.0154425737593021,Q5,0.0013113731273863812,29,allen_cahn,physics
205,all_physics_factorial,all_physics_factorial-allen_cahn-silu-physics-s47-fbb5d90d31,0.30358143570619117,0.30845486211904033,0.0005917312279334553,silu,0.007470333953058231,0.009516965010574537,Q1,0.0007947672358418021,47,allen_cahn,physics
205,all_physics_factorial,all_physics_factorial-allen_cahn-silu-physics-s47-fbb5d90d31,0.3429892459569641,0.34419649948289655,0.000683879076509564,silu,0.008600426025536987,0.01108605891464839,Q2,0.0009319534373308028,47,allen_cahn,physics
205,all_physics_factorial,all_physics_factorial-allen_cahn-silu-physics-s47-fbb5d90d31,0.36596502725402436,0.36563316074781327,0.0007424854581150251,silu,0.009321687764025907,0.012303152026363276,Q3,0.0010390095921719862,47,allen_cahn,physics
205,all_physics_factorial,all_physics_factorial-allen_cahn-silu-physics-s47-fbb5d90d31,0.3892126106727607,0.38827709915981046,0.0007947983329459687,silu,0.00996184030862576,0.013180741675404572,Q4,0.0011131269470685224,47,allen_cahn,physics
204,all_physics_factorial,all_physics_factorial-allen_cahn-silu-physics-s47-fbb5d90d31,0.42512691570694505,0.41877152055575684,0.0008946760316090264,silu,0.011201930586748583,0.015415300131925923,Q5,0.0013085038129781554,47,allen_cahn,physics
205,all_physics_factorial,all_physics_factorial-allen_cahn-swiglu-no_physics-s11-9246322fbe,0.30358143570619117,0.30845486211904033,0.0006824647284689463,swiglu,0.008823216349462397,0.012034819554268626,Q1,0.0009625236641342323,11,allen_cahn,no_physics
205,all_physics_factorial,all_physics_factorial-allen_cahn-swiglu-no_physics-s11-9246322fbe,0.3429892459569641,0.34419649948289655,0.0006002107600039359,swiglu,0.007713585461742253,0.010487124382831368,Q2,0.0008514831757328635,11,allen_cahn,no_physics
205,all_physics_factorial,all_physics_factorial-allen_cahn-swiglu-no_physics-s11-9246322fbe,0.36596502725402436,0.36563316074781327,0.0006578588362102387,swiglu,0.00838483481624785,0.011536608660035934,Q3,0.000950465044958187,11,allen_cahn,no_physics
205,all_physics_factorial,all_physics_factorial-allen_cahn-swiglu-no_physics-s11-9246322fbe,0.3892126106727607,0.38827709915981046,0.0007049886381585562,swiglu,0.008945866712626753,0.012195928033608382,Q4,0.0010107244342659903,11,allen_cahn,no_physics
204,all_physics_factorial,all_physics_factorial-allen_cahn-swiglu-no_physics-s11-9246322fbe,0.42512691570694505,0.41877152055575684,0.0008212827734677871,swiglu,0.010391990779971534,0.01429020823300807,Q5,0.0011921472925439185,11,allen_cahn,no_physics
205,all_physics_factorial,all_physics_factorial-allen_cahn-swiglu-no_physics-s29-db166b3594,0.30358143570619117,0.30845486211904033,0.0006798350765980869,swiglu,0.008784874661028839,0.01192156129893156,Q1,0.0009534028764078837,29,allen_cahn,no_physics
205,all_physics_factorial,all_physics_factorial-allen_cahn-swiglu-no_physics-s29-db166b3594,0.3429892459569641,0.34419649948289655,0.0005998598554820582,swiglu,0.00769987460219291,0.010458285714855204,Q2,0.0008505050989439161,29,allen_cahn,no_physics
205,all_physics_factorial,all_physics_factorial-allen_cahn-swiglu-no_physics-s29-db166b3594,0.36596502725402436,0.36563316074781327,0.0006597816719441791,swiglu,0.008404594915224217,0.011535286894702288,Q3,0.000950870457231251,29,allen_cahn,no_physics
205,all_physics_factorial,all_physics_factorial-allen_cahn-swiglu-no_physics-s29-db166b3594,0.3892126106727607,0.38827709915981046,0.0007087482312399413,swiglu,0.008987516279089012,0.012212819267312196,Q4,0.0010130941168247558,29,allen_cahn,no_physics
204,all_physics_factorial,all_physics_factorial-allen_cahn-swiglu-no_physics-s29-db166b3594,0.42512691570694505,0.41877152055575684,0.0008241593203005875,swiglu,0.010424371652923444,0.014301577622765337,Q5,0.0011937346123859745,29,allen_cahn,no_physics
205,all_physics_factorial,all_physics_factorial-allen_cahn-swiglu-no_physics-s47-f605b66dd8,0.30358143570619117,0.30845486211904033,0.000672334455198338,swiglu,0.008689065357014324,0.011794374451872855,Q1,0.0009430173857003071,47,allen_cahn,no_physics
205,all_physics_factorial,all_physics_factorial-allen_cahn-swiglu-no_physics-s47-f605b66dd8,0.3429892459569641,0.34419649948289655,0.0005971226197098318,swiglu,0.007670291862611414,0.010433065083265195,Q2,0.0008474798608018046,47,allen_cahn,no_physics
205,all_physics_factorial,all_physics_factorial-allen_cahn-swiglu-no_physics-s47-f605b66dd8,0.36596502725402436,0.36563316074781327,0.0006558759883365985,swiglu,0.008357274042843714,0.011516951672954709,Q3,0.0009494967537887217,47,allen_cahn,no_physics
205,all_physics_factorial,all_physics_factorial-allen_cahn-swiglu-no_physics-s47-f605b66dd8,0.3892126106727607,0.38827709915981046,0.0007015774096870716,swiglu,0.00890149923922429,0.012183212410916678,Q4,0.0010096714112440704,47,allen_cahn,no_physics
204,all_physics_factorial,all_physics_factorial-allen_cahn-swiglu-no_physics-s47-f605b66dd8,0.42512691570694505,0.41877152055575684,0.0008171761778507157,swiglu,0.010341317728163263,0.014284646462354713,Q5,0.0011915160853322344,47,allen_cahn,no_physics
205,all_physics_factorial,all_physics_factorial-allen_cahn-swiglu-physics-s11-f7eb42e62b,0.30358143570619117,0.30845486211904033,0.00042152646124218375,swiglu,0.005354359320656927,0.007089548306263887,Q1,0.0005843209947876542,11,allen_cahn,physics
205,all_physics_factorial,all_physics_factorial-allen_cahn-swiglu-physics-s11-f7eb42e62b,0.3429892459569641,0.34419649948289655,0.000515205825474549,swiglu,0.006542097960735689,0.008946857704537094,Q2,0.0007402713156801353,11,allen_cahn,physics
205,all_physics_factorial,all_physics_factorial-allen_cahn-swiglu-physics-s11-f7eb42e62b,0.36596502725402436,0.36563316074781327,0.000587594298759708,swiglu,0.007449018859173125,0.010425595369522807,Q3,0.0008660183485725027,11,allen_cahn,physics
205,all_physics_factorial,all_physics_factorial-allen_cahn-swiglu-physics-s11-f7eb42e62b,0.3892126106727607,0.38827709915981046,0.0006500733365959954,swiglu,0.008238101923369039,0.011438669406962244,Q4,0.0009479983935942815,11,allen_cahn,physics
204,all_physics_factorial,all_physics_factorial-allen_cahn-swiglu-physics-s11-f7eb42e62b,0.42512691570694505,0.41877152055575684,0.0007621248877491347,swiglu,0.009656366331546332,0.01350014972926463,Q5,0.0011216771371985884,11,allen_cahn,physics
205,all_physics_factorial,all_physics_factorial-allen_cahn-swiglu-physics-s29-62758f59a5,0.30358143570619117,0.30845486211904033,0.00042416091050649375,swiglu,0.005386707047065592,0.007122252219483684,Q1,0.0005870251327246734,29,allen_cahn,physics
205,all_physics_factorial,all_physics_factorial-allen_cahn-swiglu-physics-s29-62758f59a5,0.3429892459569641,0.34419649948289655,0.0005178094614065289,swiglu,0.0065716306655682274,0.008983737857205668,Q2,0.0007434050697938079,29,allen_cahn,physics
205,all_physics_factorial,all_physics_factorial-allen_cahn-swiglu-physics-s29-62758f59a5,0.36596502725402436,0.36563316074781327,0.0005897019654085186,swiglu,0.007472903203709921,0.010460831394719037,Q3,0.0008690592397921909,29,allen_cahn,physics
205,all_physics_factorial,all_physics_factorial-allen_cahn-swiglu-physics-s29-62758f59a5,0.3892126106727607,0.38827709915981046,0.000652841787120804,swiglu,0.0082720491468066,0.011502116499906314,Q4,0.0009530214809893337,29,allen_cahn,physics
204,all_physics_factorial,all_physics_factorial-allen_cahn-swiglu-physics-s29-62758f59a5,0.42512691570694505,0.41877152055575684,0.0007625584902238096,swiglu,0.009657534238656805,0.013548860455307194,Q5,0.0011264484251842619,29,allen_cahn,physics
205,all_physics_factorial,all_physics_factorial-allen_cahn-swiglu-physics-s47-aea997a05e,0.30358143570619117,0.30845486211904033,0.0004203542260754922,swiglu,0.005332983576258219,0.007082124795706904,Q1,0.0005849915797353718,47,allen_cahn,physics
205,all_physics_factorial,all_physics_factorial-allen_cahn-swiglu-physics-s47-aea997a05e,0.3429892459569641,0.34419649948289655,0.0005154527473585249,swiglu,0.006539619782962608,0.008972605836906523,Q2,0.000743437384823602,47,allen_cahn,physics
205,all_physics_factorial,all_physics_factorial-allen_cahn-swiglu-physics-s47-aea997a05e,0.36596502725402436,0.36563316074781327,0.0005895783994364951,swiglu,0.007466481799976624,0.010469389373110101,Q3,0.0008708995736203711,47,allen_cahn,physics
205,all_physics_factorial,all_physics_factorial-allen_cahn-swiglu-physics-s47-aea997a05e,0.3892126106727607,0.38827709915981046,0.0006528722263232688,swiglu,0.00826719597714625,0.011508791028638376,Q4,0.0009545754514542007,47,allen_cahn,physics
204,all_physics_factorial,all_physics_factorial-allen_cahn-swiglu-physics-s47-aea997a05e,0.42512691570694505,0.41877152055575684,0.000764996613428106,swiglu,0.00968506041836363,0.013570788658179631,Q5,0.0011286730497476064,47,allen_cahn,physics
205,all_physics_factorial,all_physics_factorial-controlled-fourier-no_physics-s11-6df90430b6,0.7700578222419104,0.8017735899517014,0.004497916715875518,fourier,0.01794365900226678,0.022954904606811807,Q1,0.005872007104253218,11,controlled,no_physics
205,all_physics_factorial,all_physics_factorial-controlled-fourier-no_physics-s11-6df90430b6,1.0593848836970348,1.0551692793439678,0.004622548814331378,fourier,0.01838777148923174,0.02359752195509667,Q2,0.0060375281125431505,11,controlled,no_physics
205,all_physics_factorial,all_physics_factorial-controlled-fourier-no_physics-s11-6df90430b6,1.3328768292778945,1.3343169897485176,0.004729248033489545,fourier,0.019056833006416567,0.0244325361490967,Q3,0.006096835327687818,11,controlled,no_physics
205,all_physics_factorial,all_physics_factorial-controlled-fourier-no_physics-s11-6df90430b6,1.6906455393104547,1.6867382874506176,0.004692957059803409,fourier,0.018814336533446576,0.023919928160468812,Q4,0.0060566937357330024,11,controlled,no_physics
204,all_physics_factorial,all_physics_factorial-controlled-fourier-no_physics-s11-6df90430b6,2.300043003095156,2.208956119630349,0.004881042307330045,fourier,0.019800136409826297,0.0255937001886106,Q5,0.006297707521192817,11,controlled,no_physics
205,all_physics_factorial,all_physics_factorial-controlled-fourier-no_physics-s29-1319f6aff1,0.7700578222419104,0.8017735899517014,0.0046052143500873634,fourier,0.018337341016689008,0.023367565293357522,Q1,0.005982254981822364,29,controlled,no_physics
205,all_physics_factorial,all_physics_factorial-controlled-fourier-no_physics-s29-1319f6aff1,1.0593848836970348,1.0551692793439678,0.004618710755682803,fourier,0.018492030878155048,0.023802847169037116,Q2,0.006010042581048622,29,controlled,no_physics
205,all_physics_factorial,all_physics_factorial-controlled-fourier-no_physics-s29-1319f6aff1,1.3328768292778945,1.3343169897485176,0.004928411622255758,fourier,0.019797234408887632,0.025430023754814735,Q3,0.0063895127042789745,29,controlled,no_physics
205,all_physics_factorial,all_physics_factorial-controlled-fourier-no_physics-s29-1319f6aff1,1.6906455393104547,1.6867382874506176,0.004677565503494052,fourier,0.018768763795642716,0.02368343816983589,Q4,0.005972819498703534,29,controlled,no_physics
204,all_physics_factorial,all_physics_factorial-controlled-fourier-no_physics-s29-1319f6aff1,2.300043003095156,2.208956119630349,0.004946312504682514,fourier,0.020052027408963936,0.025667569833632557,Q5,0.006322401832538192,29,controlled,no_physics
205,all_physics_factorial,all_physics_factorial-controlled-fourier-no_physics-s47-4341237c90,0.7700578222419104,0.8017735899517014,0.004218039827111813,fourier,0.016865637064985527,0.021661076480858067,Q1,0.005481600749824752,47,controlled,no_physics
205,all_physics_factorial,all_physics_factorial-controlled-fourier-no_physics-s47-4341237c90,1.0593848836970348,1.0551692793439678,0.004372003148883533,fourier,0.017630083728336722,0.02219589917102567,Q2,0.005537592616487154,47,controlled,no_physics
205,all_physics_factorial,all_physics_factorial-controlled-fourier-no_physics-s47-4341237c90,1.3328768292778945,1.3343169897485176,0.004561536075717169,fourier,0.018276106105178467,0.02310287125573692,Q3,0.005834350209909752,47,controlled,no_physics
205,all_physics_factorial,all_physics_factorial-controlled-fourier-no_physics-s47-4341237c90,1.6906455393104547,1.6867382874506176,0.004399590706146605,fourier,0.017660619743502394,0.023095468114350304,Q4,0.005750614041934133,47,controlled,no_physics
204,all_physics_factorial,all_physics_factorial-controlled-fourier-no_physics-s47-4341237c90,2.300043003095156,2.208956119630349,0.004681181264795758,fourier,0.01891413375165275,0.024120941039586875,Q5,0.005971495307279937,47,controlled,no_physics
205,all_physics_factorial,all_physics_factorial-controlled-fourier-physics-s11-2a4f096c61,0.7700578222419104,0.8017735899517014,0.0038830597361793925,fourier,0.015624016345035994,0.020236760811601508,Q1,0.005108041187994287,11,controlled,physics
205,all_physics_factorial,all_physics_factorial-controlled-fourier-physics-s11-2a4f096c61,1.0593848836970348,1.0551692793439678,0.003932973418458704,fourier,0.015759115128286656,0.02003630994480452,Q2,0.005088337205639436,11,controlled,physics
205,all_physics_factorial,all_physics_factorial-controlled-fourier-physics-s11-2a4f096c61,1.3328768292778945,1.3343169897485176,0.0036445886182530267,fourier,0.014735519872363882,0.01886501173165162,Q3,0.004692031189343047,11,controlled,physics
205,all_physics_factorial,all_physics_factorial-controlled-fourier-physics-s11-2a4f096c61,1.6906455393104547,1.6867382874506176,0.003719391462787249,fourier,0.014957762609301227,0.019280325015913317,Q4,0.004841297445478971,11,controlled,physics
204,all_physics_factorial,all_physics_factorial-controlled-fourier-physics-s11-2a4f096c61,2.300043003095156,2.208956119630349,0.0038545800199962484,fourier,0.015716122963072607,0.020264518513329437,Q5,0.004922851805851459,11,controlled,physics
205,all_physics_factorial,all_physics_factorial-controlled-fourier-physics-s29-9c8123895d,0.7700578222419104,0.8017735899517014,0.004083636496712954,fourier,0.01641480879125968,0.021109783871273984,Q1,0.005329521322245051,29,controlled,physics
205,all_physics_factorial,all_physics_factorial-controlled-fourier-physics-s29-9c8123895d,1.0593848836970348,1.0551692793439678,0.004008346675341383,fourier,0.01618743817466344,0.02079120043552802,Q2,0.005183532947501981,29,controlled,physics
205,all_physics_factorial,all_physics_factorial-controlled-fourier-physics-s29-9c8123895d,1.3328768292778945,1.3343169897485176,0.0039024252030441593,fourier,0.015707661320086264,0.02028010424234251,Q3,0.005084096068404839,29,controlled,physics
205,all_physics_factorial,all_physics_factorial-controlled-fourier-physics-s29-9c8123895d,1.6906455393104547,1.6867382874506176,0.00395517670629754,fourier,0.01585508011789478,0.02039056352816071,Q4,0.005148657010910693,29,controlled,physics
204,all_physics_factorial,all_physics_factorial-controlled-fourier-physics-s29-9c8123895d,2.300043003095156,2.208956119630349,0.003990680990274514,fourier,0.01624722996359065,0.021155840349630188,Q5,0.005155921891597873,29,controlled,physics
205,all_physics_factorial,all_physics_factorial-controlled-fourier-physics-s47-5dc129dadc,0.7700578222419104,0.8017735899517014,0.004045980777690846,fourier,0.016421808950031928,0.02127866385965666,Q1,0.005269999889316591,47,controlled,physics
205,all_physics_factorial,all_physics_factorial-controlled-fourier-physics-s47-5dc129dadc,1.0593848836970348,1.0551692793439678,0.004197366223753506,fourier,0.016987381689868287,0.021798449471964576,Q2,0.005399295812775038,47,controlled,physics
205,all_physics_factorial,all_physics_factorial-controlled-fourier-physics-s47-5dc129dadc,1.3328768292778945,1.3343169897485176,0.004094947348853677,fourier,0.016572802163794226,0.02112037018616035,Q3,0.005233953429920688,47,controlled,physics
205,all_physics_factorial,all_physics_factorial-controlled-fourier-physics-s47-5dc129dadc,1.6906455393104547,1.6867382874506176,0.003848895502521439,fourier,0.015624917525484245,0.020327950392966764,Q4,0.004986130577782568,47,controlled,physics
204,all_physics_factorial,all_physics_factorial-controlled-fourier-physics-s47-5dc129dadc,2.300043003095156,2.208956119630349,0.0040372541102286445,fourier,0.016438991629841134,0.021152941332362927,Q5,0.0051681036951792885,47,controlled,physics
205,all_physics_factorial,all_physics_factorial-controlled-ganr-no_physics-s11-cf115e7eec,0.7700578222419104,0.8017735899517014,0.0009278774673897182,ganr,0.003746691872212174,0.00475052935553672,Q1,0.0011862008979079631,11,controlled,no_physics
205,all_physics_factorial,all_physics_factorial-controlled-ganr-no_physics-s11-cf115e7eec,1.0593848836970348,1.0551692793439678,0.0009410819220980423,ganr,0.003821867108967793,0.004953689063200314,Q2,0.0012145459740271795,11,controlled,no_physics
205,all_physics_factorial,all_physics_factorial-controlled-ganr-no_physics-s11-cf115e7eec,1.3328768292778945,1.3343169897485176,0.0009631027378595829,ganr,0.003934509143003044,0.005108192621453366,Q3,0.0012373735613776062,11,controlled,no_physics
205,all_physics_factorial,all_physics_factorial-controlled-ganr-no_physics-s11-cf115e7eec,1.6906455393104547,1.6867382874506176,0.0010314199160835946,ganr,0.0042071714380502254,0.005415881937950454,Q4,0.0013190979512999646,11,controlled,no_physics
204,all_physics_factorial,all_physics_factorial-controlled-ganr-no_physics-s11-cf115e7eec,2.300043003095156,2.208956119630349,0.001057327057297056,ganr,0.0043364394065873516,0.005661391668095837,Q5,0.0013749744012982925,11,controlled,no_physics
205,all_physics_factorial,all_physics_factorial-controlled-ganr-no_physics-s29-3be5d40358,0.7700578222419104,0.8017735899517014,0.0009617775406762276,ganr,0.003878040727632901,0.004984552624809573,Q1,0.0012431825006199348,29,controlled,no_physics
205,all_physics_factorial,all_physics_factorial-controlled-ganr-no_physics-s29-3be5d40358,1.0593848836970348,1.0551692793439678,0.0009813521515198084,ganr,0.003966855359324583,0.005105997695155924,Q2,0.0012680370579094449,29,controlled,no_physics
205,all_physics_factorial,all_physics_factorial-controlled-ganr-no_physics-s29-3be5d40358,1.3328768292778945,1.3343169897485176,0.0009674670975206338,ganr,0.003917288057735602,0.005014369699404835,Q3,0.0012370742835972563,29,controlled,no_physics
205,all_physics_factorial,all_physics_factorial-controlled-ganr-no_physics-s29-3be5d40358,1.6906455393104547,1.6867382874506176,0.00101937910135237,ganr,0.004181663347657779,0.005415357326379051,Q4,0.0012984376063410491,29,controlled,no_physics
204,all_physics_factorial,all_physics_factorial-controlled-ganr-no_physics-s29-3be5d40358,2.300043003095156,2.208956119630349,0.0010715655270533877,ganr,0.004370198310383908,0.005605102890880271,Q5,0.0013605791674616802,29,controlled,no_physics
205,all_physics_factorial,all_physics_factorial-controlled-ganr-no_physics-s47-b3c5f566cf,0.7700578222419104,0.8017735899517014,0.0009536814895066682,ganr,0.0038409883432608347,0.004879228197139981,Q1,0.0012215076088805646,47,controlled,no_physics
205,all_physics_factorial,all_physics_factorial-controlled-ganr-no_physics-s47-b3c5f566cf,1.0593848836970348,1.0551692793439678,0.0009527961139100648,ganr,0.0038497814887623314,0.0049484365630327815,Q2,0.001223322000343569,47,controlled,no_physics
205,all_physics_factorial,all_physics_factorial-controlled-ganr-no_physics-s47-b3c5f566cf,1.3328768292778945,1.3343169897485176,0.0009817809285090245,ganr,0.004002504698853478,0.0051478749009772305,Q3,0.0012444642673506683,47,controlled,no_physics
205,all_physics_factorial,all_physics_factorial-controlled-ganr-no_physics-s47-b3c5f566cf,1.6906455393104547,1.6867382874506176,0.0009968904683463312,ganr,0.00405748229132377,0.005322579644367671,Q4,0.0012943287066921043,47,controlled,no_physics
204,all_physics_factorial,all_physics_factorial-controlled-ganr-no_physics-s47-b3c5f566cf,2.300043003095156,2.208956119630349,0.0010747424443337092,ganr,0.004389633961738077,0.005724992086777668,Q5,0.0013779182767158522,47,controlled,no_physics
205,all_physics_factorial,all_physics_factorial-controlled-ganr-physics-s11-81af9b4553,0.7700578222419104,0.8017735899517014,0.001078024014572204,ganr,0.00437806265844451,0.005771873859776347,Q1,0.0014174838998995993,11,controlled,physics
205,all_physics_factorial,all_physics_factorial-controlled-ganr-physics-s11-81af9b4553,1.0593848836970348,1.0551692793439678,0.0010500240819011396,ganr,0.004280868013875358,0.00561000055527473,Q2,0.00136158211692959,11,controlled,physics
205,all_physics_factorial,all_physics_factorial-controlled-ganr-physics-s11-81af9b4553,1.3328768292778945,1.3343169897485176,0.0010346765269565457,ganr,0.00422066707965936,0.005411797849050084,Q3,0.0013166254705445355,11,controlled,physics
205,all_physics_factorial,all_physics_factorial-controlled-ganr-physics-s11-81af9b4553,1.6906455393104547,1.6867382874506176,0.0010285434328956976,ganr,0.0042286902360696285,0.005496586396560042,Q4,0.0013219400675938196,11,controlled,physics
204,all_physics_factorial,all_physics_factorial-controlled-ganr-physics-s11-81af9b4553,2.300043003095156,2.208956119630349,0.0010181688903083555,ganr,0.004152657842346849,0.0053105088796238506,Q5,0.0012967304047020367,11,controlled,physics
205,all_physics_factorial,all_physics_factorial-controlled-ganr-physics-s29-fc72ad83cb,0.7700578222419104,0.8017735899517014,0.0010947147627764313,ganr,0.004451525688719669,0.005740571073130985,Q1,0.001407270138992939,29,controlled,physics
205,all_physics_factorial,all_physics_factorial-controlled-ganr-physics-s29-fc72ad83cb,1.0593848836970348,1.0551692793439678,0.001085662917131874,ganr,0.004401997900560049,0.005649925364936247,Q2,0.0013979926951330293,29,controlled,physics
205,all_physics_factorial,all_physics_factorial-controlled-ganr-physics-s29-fc72ad83cb,1.3328768292778945,1.3343169897485176,0.001033457361606962,ganr,0.0042122116649095835,0.00534291397044363,Q3,0.0013059142853489225,29,controlled,physics
205,all_physics_factorial,all_physics_factorial-controlled-ganr-physics-s29-fc72ad83cb,1.6906455393104547,1.6867382874506176,0.0010263365287844464,ganr,0.004163587125236231,0.0054009239094786774,Q4,0.0013228366729104912,29,controlled,physics
204,all_physics_factorial,all_physics_factorial-controlled-ganr-physics-s29-fc72ad83cb,2.300043003095156,2.208956119630349,0.0010217031806293972,ganr,0.0041170258609000195,0.005213504708493802,Q5,0.001296293620395501,29,controlled,physics
205,all_physics_factorial,all_physics_factorial-controlled-ganr-physics-s47-86bb7fc230,0.7700578222419104,0.8017735899517014,0.0011422239971579985,ganr,0.0047214357229145056,0.0062526186350547516,Q1,0.0014791710306984508,47,controlled,physics
205,all_physics_factorial,all_physics_factorial-controlled-ganr-physics-s47-86bb7fc230,1.0593848836970348,1.0551692793439678,0.001141761074703071,ganr,0.0046698153875944755,0.006123401794864309,Q2,0.0014851734283749154,47,controlled,physics
205,all_physics_factorial,all_physics_factorial-controlled-ganr-physics-s47-86bb7fc230,1.3328768292778945,1.3343169897485176,0.0010641761983983665,ganr,0.004359807441607986,0.005640860030594828,Q3,0.0013641798833806458,47,controlled,physics
205,all_physics_factorial,all_physics_factorial-controlled-ganr-physics-s47-86bb7fc230,1.6906455393104547,1.6867382874506176,0.0010391636742142288,ganr,0.00428712860287657,0.0056265266393576005,Q4,0.0013413328298647622,47,controlled,physics
204,all_physics_factorial,all_physics_factorial-controlled-ganr-physics-s47-86bb7fc230,2.300043003095156,2.208956119630349,0.0009923913117839166,ganr,0.004015695226928312,0.005191157204871655,Q5,0.001282981771394239,47,controlled,physics
205,all_physics_factorial,all_physics_factorial-controlled-gelu-no_physics-s11-52d2dee6d4,0.7700578222419104,0.8017735899517014,0.001781455737541475,gelu,0.007279001411413047,0.009301392303323473,Q1,0.002258567191657865,11,controlled,no_physics
205,all_physics_factorial,all_physics_factorial-controlled-gelu-no_physics-s11-52d2dee6d4,1.0593848836970348,1.0551692793439678,0.0019007593210694832,gelu,0.007834806604700331,0.01009165055646864,Q2,0.002396672060787926,11,controlled,no_physics
205,all_physics_factorial,all_physics_factorial-controlled-gelu-no_physics-s11-52d2dee6d4,1.3328768292778945,1.3343169897485176,0.0019160215945415008,gelu,0.007871342660696605,0.010078838219433423,Q3,0.002421416704873269,11,controlled,no_physics
205,all_physics_factorial,all_physics_factorial-controlled-gelu-no_physics-s11-52d2dee6d4,1.6906455393104547,1.6867382874506176,0.0019088043092113634,gelu,0.007780660943191911,0.01009713026273812,Q4,0.0024556659043105376,11,controlled,no_physics
204,all_physics_factorial,all_physics_factorial-controlled-gelu-no_physics-s11-52d2dee6d4,2.300043003095156,2.208956119630349,0.0019380186592512722,gelu,0.0079423838820464,0.010121915957874362,Q5,0.0024531966543076453,11,controlled,no_physics
205,all_physics_factorial,all_physics_factorial-controlled-gelu-no_physics-s29-5c679aafeb,0.7700578222419104,0.8017735899517014,0.0017664685840406114,gelu,0.00719303212862273,0.009187398274697034,Q1,0.0022477357856205927,29,controlled,no_physics
205,all_physics_factorial,all_physics_factorial-controlled-gelu-no_physics-s29-5c679aafeb,1.0593848836970348,1.0551692793439678,0.0018503351870826808,gelu,0.007585862074733672,0.00980179961150933,Q2,0.002352897738455924,29,controlled,no_physics
205,all_physics_factorial,all_physics_factorial-controlled-gelu-no_physics-s29-5c679aafeb,1.3328768292778945,1.3343169897485176,0.001878711857241841,gelu,0.007654309112462099,0.009891112739370303,Q3,0.0023962441213235537,29,controlled,no_physics
205,all_physics_factorial,all_physics_factorial-controlled-gelu-no_physics-s29-5c679aafeb,1.6906455393104547,1.6867382874506176,0.001856051474324642,gelu,0.007515684808621799,0.009798407755073008,Q4,0.00241358070383672,29,controlled,no_physics
204,all_physics_factorial,all_physics_factorial-controlled-gelu-no_physics-s29-5c679aafeb,2.300043003095156,2.208956119630349,0.0019215432689433703,gelu,0.007846220920346238,0.01000617239582456,Q5,0.0024401892506026794,29,controlled,no_physics
205,all_physics_factorial,all_physics_factorial-controlled-gelu-no_physics-s47-5c7581031e,0.7700578222419104,0.8017735899517014,0.0018150832770227614,gelu,0.00737460615957771,0.009351927463119277,Q1,0.0022939245211429167,47,controlled,no_physics
205,all_physics_factorial,all_physics_factorial-controlled-gelu-no_physics-s47-5c7581031e,1.0593848836970348,1.0551692793439678,0.0018943776563746057,gelu,0.007759658804747504,0.00995982448651997,Q2,0.002389903477625942,47,controlled,no_physics
205,all_physics_factorial,all_physics_factorial-controlled-gelu-no_physics-s47-5c7581031e,1.3328768292778945,1.3343169897485176,0.0018837452932374862,gelu,0.0077000434710526745,0.009893552580237965,Q3,0.0023841179527048775,47,controlled,no_physics
205,all_physics_factorial,all_physics_factorial-controlled-gelu-no_physics-s47-5c7581031e,1.6906455393104547,1.6867382874506176,0.0018856216530610522,gelu,0.007674701487647459,0.009972827474190331,Q4,0.0024416311310294656,47,controlled,no_physics
204,all_physics_factorial,all_physics_factorial-controlled-gelu-no_physics-s47-5c7581031e,2.300043003095156,2.208956119630349,0.001929296370732635,gelu,0.007867817169119972,0.010067339903462584,Q5,0.0024632097053588226,47,controlled,no_physics
205,all_physics_factorial,all_physics_factorial-controlled-gelu-physics-s11-d576a2f3d0,0.7700578222419104,0.8017735899517014,0.001609642136197469,gelu,0.006636508789350194,0.008691711266165046,Q1,0.0020607107614533326,11,controlled,physics
205,all_physics_factorial,all_physics_factorial-controlled-gelu-physics-s11-d576a2f3d0,1.0593848836970348,1.0551692793439678,0.0016764199320721495,gelu,0.007026625569486601,0.009359264061878834,Q2,0.0021413869406173014,11,controlled,physics
205,all_physics_factorial,all_physics_factorial-controlled-gelu-physics-s11-d576a2f3d0,1.3328768292778945,1.3343169897485176,0.00166336790740255,gelu,0.006894357795331724,0.009089150683851894,Q3,0.002134519425475999,11,controlled,physics
205,all_physics_factorial,all_physics_factorial-controlled-gelu-physics-s11-d576a2f3d0,1.6906455393104547,1.6867382874506176,0.001718335691178409,gelu,0.0071076739612099885,0.00938561123435516,Q4,0.0022117020825510605,11,controlled,physics
204,all_physics_factorial,all_physics_factorial-controlled-gelu-physics-s11-d576a2f3d0,2.300043003095156,2.208956119630349,0.0016694505805224824,gelu,0.006857905688422578,0.008998702964101298,Q5,0.0021512107487969083,11,controlled,physics
205,all_physics_factorial,all_physics_factorial-controlled-gelu-physics-s29-11eb652692,0.7700578222419104,0.8017735899517014,0.00160549046882008,gelu,0.006655075120967799,0.008701773828747308,Q1,0.0020504508907346953,29,controlled,physics
205,all_physics_factorial,all_physics_factorial-controlled-gelu-physics-s29-11eb652692,1.0593848836970348,1.0551692793439678,0.0016947878533157075,gelu,0.007115312540359337,0.009461049943811915,Q2,0.0021638329891783678,29,controlled,physics
205,all_physics_factorial,all_physics_factorial-controlled-gelu-physics-s29-11eb652692,1.3328768292778945,1.3343169897485176,0.0016628434697228908,gelu,0.006916031245147179,0.009164380626749145,Q3,0.0021460444070376603,29,controlled,physics
205,all_physics_factorial,all_physics_factorial-controlled-gelu-physics-s29-11eb652692,1.6906455393104547,1.6867382874506176,0.0017201008324618891,gelu,0.0071487707851298505,0.009441330729259248,Q4,0.002210706717255014,29,controlled,physics
204,all_physics_factorial,all_physics_factorial-controlled-gelu-physics-s29-11eb652692,2.300043003095156,2.208956119630349,0.0016817923902417355,gelu,0.006921156120904387,0.009059128344953206,Q5,0.0021666959756979575,29,controlled,physics
205,all_physics_factorial,all_physics_factorial-controlled-gelu-physics-s47-8316d506d7,0.7700578222419104,0.8017735899517014,0.0016222778911469504,gelu,0.006726766329682266,0.008799068695443307,Q1,0.002064200583942487,47,controlled,physics
205,all_physics_factorial,all_physics_factorial-controlled-gelu-physics-s47-8316d506d7,1.0593848836970348,1.0551692793439678,0.001706805564858436,gelu,0.00714965243921899,0.009487969047633014,Q2,0.002172630021578625,47,controlled,physics
205,all_physics_factorial,all_physics_factorial-controlled-gelu-physics-s47-8316d506d7,1.3328768292778945,1.3343169897485176,0.001655335809415946,gelu,0.006884700995714924,0.009150389353415306,Q3,0.002133255954915172,47,controlled,physics
205,all_physics_factorial,all_physics_factorial-controlled-gelu-physics-s47-8316d506d7,1.6906455393104547,1.6867382874506176,0.0017070789690611802,gelu,0.007103722983249871,0.009408408983388057,Q4,0.0021986413615039317,47,controlled,physics
204,all_physics_factorial,all_physics_factorial-controlled-gelu-physics-s47-8316d506d7,2.300043003095156,2.208956119630349,0.0016825945123530035,gelu,0.006941211440862089,0.009141821342472134,Q5,0.0021618500491800622,47,controlled,physics
205,all_physics_factorial,all_physics_factorial-controlled-relu-no_physics-s11-bc5fa8c504,0.7700578222419104,0.8017735899517014,0.0024271003397255456,relu,0.009761989724688655,0.01233019157294116,Q1,0.0030877525939491256,11,controlled,no_physics
205,all_physics_factorial,all_physics_factorial-controlled-relu-no_physics-s11-bc5fa8c504,1.0593848836970348,1.0551692793439678,0.0024107433141402797,relu,0.009769998910072901,0.012631306388985778,Q2,0.0030934656678132527,11,controlled,no_physics
205,all_physics_factorial,all_physics_factorial-controlled-relu-no_physics-s11-bc5fa8c504,1.3328768292778945,1.3343169897485176,0.002417739465139365,relu,0.009776315569354687,0.012476395425255936,Q3,0.003081876653088162,11,controlled,no_physics
205,all_physics_factorial,all_physics_factorial-controlled-relu-no_physics-s11-bc5fa8c504,1.6906455393104547,1.6867382874506176,0.0025584638468477885,relu,0.01040198312353934,0.013289970898381525,Q4,0.003244966085243266,11,controlled,no_physics
204,all_physics_factorial,all_physics_factorial-controlled-relu-no_physics-s11-bc5fa8c504,2.300043003095156,2.208956119630349,0.002502890416960826,relu,0.01013253717886216,0.01285328979286238,Q5,0.0031779878423154554,11,controlled,no_physics
205,all_physics_factorial,all_physics_factorial-controlled-relu-no_physics-s29-baf940d734,0.7700578222419104,0.8017735899517014,0.002434040944265179,relu,0.0097847481197644,0.012415840111661216,Q1,0.0031062484481976568,29,controlled,no_physics
205,all_physics_factorial,all_physics_factorial-controlled-relu-no_physics-s29-baf940d734,1.0593848836970348,1.0551692793439678,0.002411226310165902,relu,0.009747086657016983,0.012585674785739865,Q2,0.0030924926937077163,29,controlled,no_physics
205,all_physics_factorial,all_physics_factorial-controlled-relu-no_physics-s29-baf940d734,1.3328768292778945,1.3343169897485176,0.002368525714669753,relu,0.009598963767085624,0.01232093591196765,Q3,0.003030548413882956,29,controlled,no_physics
205,all_physics_factorial,all_physics_factorial-controlled-relu-no_physics-s29-baf940d734,1.6906455393104547,1.6867382874506176,0.0025197143283615486,relu,0.010260258743187036,0.01308913140211741,Q4,0.003190165057491996,29,controlled,no_physics
204,all_physics_factorial,all_physics_factorial-controlled-relu-no_physics-s29-baf940d734,2.300043003095156,2.208956119630349,0.0024939502231415877,relu,0.010144147052381144,0.012842842351591284,Q5,0.003147685454390272,29,controlled,no_physics
205,all_physics_factorial,all_physics_factorial-controlled-relu-no_physics-s47-525aea2d61,0.7700578222419104,0.8017735899517014,0.0024468379910813826,relu,0.009868723260972096,0.012528591540340603,Q1,0.0031248567472621494,47,controlled,no_physics
205,all_physics_factorial,all_physics_factorial-controlled-relu-no_physics-s47-525aea2d61,1.0593848836970348,1.0551692793439678,0.0024197355287758067,relu,0.009834284773627328,0.01270468160240981,Q2,0.0030973872519982717,47,controlled,no_physics
205,all_physics_factorial,all_physics_factorial-controlled-relu-no_physics-s47-525aea2d61,1.3328768292778945,1.3343169897485176,0.0023409277997371845,relu,0.009507662763369505,0.012260466957907997,Q3,0.003003798536901715,47,controlled,no_physics
205,all_physics_factorial,all_physics_factorial-controlled-relu-no_physics-s47-525aea2d61,1.6906455393104547,1.6867382874506176,0.0025691114117385376,relu,0.010448613270879011,0.0133553448869885,Q4,0.003267461589076186,47,controlled,no_physics
204,all_physics_factorial,all_physics_factorial-controlled-relu-no_physics-s47-525aea2d61,2.300043003095156,2.208956119630349,0.0024745294626324953,relu,0.010055855808861633,0.012869608349416665,Q5,0.0031512531835347895,47,controlled,no_physics
205,all_physics_factorial,all_physics_factorial-controlled-relu-physics-s11-e61c3e5ad1,0.7700578222419104,0.8017735899517014,0.0022187047364706993,relu,0.009033380055055776,0.011616213613635322,Q1,0.0028532802042701526,11,controlled,physics
205,all_physics_factorial,all_physics_factorial-controlled-relu-physics-s11-e61c3e5ad1,1.0593848836970348,1.0551692793439678,0.0022780805043200927,relu,0.00935463865751439,0.01212068120723473,Q2,0.00290590063044592,11,controlled,physics
205,all_physics_factorial,all_physics_factorial-controlled-relu-physics-s11-e61c3e5ad1,1.3328768292778945,1.3343169897485176,0.0021705781324937294,relu,0.008904345890963703,0.011522428061394453,Q3,0.002780760636439461,11,controlled,physics
205,all_physics_factorial,all_physics_factorial-controlled-relu-physics-s11-e61c3e5ad1,1.6906455393104547,1.6867382874506176,0.0023136738482385337,relu,0.009430616429718474,0.012144425653008563,Q4,0.002955642928601577,11,controlled,physics
204,all_physics_factorial,all_physics_factorial-controlled-relu-physics-s11-e61c3e5ad1,2.300043003095156,2.208956119630349,0.0023001078264952395,relu,0.009457404749749859,0.01223125331775337,Q5,0.0029245161445176525,11,controlled,physics
205,all_physics_factorial,all_physics_factorial-controlled-relu-physics-s29-623216160f,0.7700578222419104,0.8017735899517014,0.002228528239676252,relu,0.009012870162761403,0.011644504821976893,Q1,0.002882970654401062,29,controlled,physics
205,all_physics_factorial,all_physics_factorial-controlled-relu-physics-s29-623216160f,1.0593848836970348,1.0551692793439678,0.0022752233765281635,relu,0.00934802116317005,0.012037010892718634,Q2,0.002888255208918643,29,controlled,physics
205,all_physics_factorial,all_physics_factorial-controlled-relu-physics-s29-623216160f,1.3328768292778945,1.3343169897485176,0.002127910364177341,relu,0.00872839858897353,0.011351942162980607,Q3,0.002746162900279803,29,controlled,physics
205,all_physics_factorial,all_physics_factorial-controlled-relu-physics-s29-623216160f,1.6906455393104547,1.6867382874506176,0.0022776955445983843,relu,0.009282705956837124,0.01198787300643772,Q4,0.0029158240952256386,29,controlled,physics
204,all_physics_factorial,all_physics_factorial-controlled-relu-physics-s29-623216160f,2.300043003095156,2.208956119630349,0.002270418228521539,relu,0.009336847180870305,0.0121897809172446,Q5,0.0029150413911869376,29,controlled,physics
205,all_physics_factorial,all_physics_factorial-controlled-relu-physics-s47-0be6c06b3a,0.7700578222419104,0.8017735899517014,0.0022492502562605162,relu,0.009111706965916237,0.01176812197835624,Q1,0.002910608313172184,47,controlled,physics
205,all_physics_factorial,all_physics_factorial-controlled-relu-physics-s47-0be6c06b3a,1.0593848836970348,1.0551692793439678,0.002276095939817801,relu,0.009302688219139377,0.012001522720754658,Q2,0.002896381810853006,47,controlled,physics
205,all_physics_factorial,all_physics_factorial-controlled-relu-physics-s47-0be6c06b3a,1.3328768292778945,1.3343169897485176,0.0021742119248922723,relu,0.008915317383547429,0.011502710919108428,Q3,0.002778754499502081,47,controlled,physics
205,all_physics_factorial,all_physics_factorial-controlled-relu-physics-s47-0be6c06b3a,1.6906455393104547,1.6867382874506176,0.0022923060160237804,relu,0.0093503155798579,0.0120364053192947,Q4,0.0029268578126047033,47,controlled,physics
204,all_physics_factorial,all_physics_factorial-controlled-relu-physics-s47-0be6c06b3a,2.300043003095156,2.208956119630349,0.0022565875639915535,relu,0.009297538297040622,0.012192170065637999,Q5,0.002900910835652186,47,controlled,physics
205,all_physics_factorial,all_physics_factorial-controlled-resmlp-no_physics-s11-c1d9af7cb8,0.7700578222419104,0.8017735899517014,0.0012714602146865572,resmlp,0.005190757978706762,0.00677081360728984,Q1,0.0016520420839367916,11,controlled,no_physics
205,all_physics_factorial,all_physics_factorial-controlled-resmlp-no_physics-s11-c1d9af7cb8,1.0593848836970348,1.0551692793439678,0.00137489755038254,resmlp,0.00563606150999704,0.007327475626619257,Q2,0.0017588413712817605,11,controlled,no_physics
205,all_physics_factorial,all_physics_factorial-controlled-resmlp-no_physics-s11-c1d9af7cb8,1.3328768292778945,1.3343169897485176,0.0013749111686748375,resmlp,0.005666836165144277,0.007485195153698708,Q3,0.001781910677105078,11,controlled,no_physics
205,all_physics_factorial,all_physics_factorial-controlled-resmlp-no_physics-s11-c1d9af7cb8,1.6906455393104547,1.6867382874506176,0.0014517010762219575,resmlp,0.006063084806609782,0.008288322951147212,Q4,0.0019076810743036026,11,controlled,no_physics
204,all_physics_factorial,all_physics_factorial-controlled-resmlp-no_physics-s11-c1d9af7cb8,2.300043003095156,2.208956119630349,0.0014896010808610406,resmlp,0.006183114812749362,0.008206721565612465,Q5,0.0019216931225656934,11,controlled,no_physics
205,all_physics_factorial,all_physics_factorial-controlled-resmlp-no_physics-s29-45ce25e1ca,0.7700578222419104,0.8017735899517014,0.0014316282471465856,resmlp,0.005739202054855431,0.0074501196306110355,Q1,0.0018791111644449157,29,controlled,no_physics
205,all_physics_factorial,all_physics_factorial-controlled-resmlp-no_physics-s29-45ce25e1ca,1.0593848836970348,1.0551692793439678,0.001517846323859863,resmlp,0.006090860272991402,0.007957176135074816,Q2,0.0019935320953434867,29,controlled,no_physics
205,all_physics_factorial,all_physics_factorial-controlled-resmlp-no_physics-s29-45ce25e1ca,1.3328768292778945,1.3343169897485176,0.0015856334340974062,resmlp,0.006430168534127695,0.008285469039557682,Q3,0.0020464323645856424,29,controlled,no_physics
205,all_physics_factorial,all_physics_factorial-controlled-resmlp-no_physics-s29-45ce25e1ca,1.6906455393104547,1.6867382874506176,0.0016381426800030677,resmlp,0.006570898810394582,0.00857416658023412,Q4,0.0021491411142178286,29,controlled,no_physics
204,all_physics_factorial,all_physics_factorial-controlled-resmlp-no_physics-s29-45ce25e1ca,2.300043003095156,2.208956119630349,0.0016791370644858605,resmlp,0.006764422733306106,0.008635278880796342,Q5,0.0021527180509981533,29,controlled,no_physics
205,all_physics_factorial,all_physics_factorial-controlled-resmlp-no_physics-s47-0bd65f64b8,0.7700578222419104,0.8017735899517014,0.001265663142591465,resmlp,0.0050111663118175,0.006489612614890081,Q1,0.0016728017898774616,47,controlled,no_physics
205,all_physics_factorial,all_physics_factorial-controlled-resmlp-no_physics-s47-0bd65f64b8,1.0593848836970348,1.0551692793439678,0.0013687503243534416,resmlp,0.0054451884216828355,0.006968371076777828,Q2,0.0017696505471692856,47,controlled,no_physics
205,all_physics_factorial,all_physics_factorial-controlled-resmlp-no_physics-s47-0bd65f64b8,1.3328768292778945,1.3343169897485176,0.0013327405331083134,resmlp,0.0053104349102868,0.0068444312060131655,Q3,0.001738001237873997,47,controlled,no_physics
205,all_physics_factorial,all_physics_factorial-controlled-resmlp-no_physics-s47-0bd65f64b8,1.6906455393104547,1.6867382874506176,0.0014354792959970727,resmlp,0.0057341574528945545,0.007383076976789211,Q4,0.0018636401089877383,47,controlled,no_physics
204,all_physics_factorial,all_physics_factorial-controlled-resmlp-no_physics-s47-0bd65f64b8,2.300043003095156,2.208956119630349,0.0014115712625207201,resmlp,0.0056401939964958545,0.007297377375537648,Q5,0.0018396207845172072,47,controlled,no_physics
205,all_physics_factorial,all_physics_factorial-controlled-resmlp-physics-s11-51e0764487,0.7700578222419104,0.8017735899517014,0.0012146694939895873,resmlp,0.005059619328918542,0.006704304478560085,Q1,0.0015600010044261774,11,controlled,physics
205,all_physics_factorial,all_physics_factorial-controlled-resmlp-physics-s11-51e0764487,1.0593848836970348,1.0551692793439678,0.0012868682094848759,resmlp,0.005411820049284658,0.00749665837369291,Q2,0.0016952652610865515,11,controlled,physics
205,all_physics_factorial,all_physics_factorial-controlled-resmlp-physics-s11-51e0764487,1.3328768292778945,1.3343169897485176,0.001355961367166523,resmlp,0.005742043528070481,0.007746561514365278,Q3,0.001734499296100363,11,controlled,physics
205,all_physics_factorial,all_physics_factorial-controlled-resmlp-physics-s11-51e0764487,1.6906455393104547,1.6867382874506176,0.0014338606955256758,resmlp,0.006063648820179627,0.00865609768133472,Q4,0.0019089822573606311,11,controlled,physics
204,all_physics_factorial,all_physics_factorial-controlled-resmlp-physics-s11-51e0764487,2.300043003095156,2.208956119630349,0.0014379226558712973,resmlp,0.006066588552433005,0.008262771966544253,Q5,0.0018715470148711504,11,controlled,physics
205,all_physics_factorial,all_physics_factorial-controlled-resmlp-physics-s29-65d5037c9d,0.7700578222419104,0.8017735899517014,0.0011563499962837186,resmlp,0.004760168983948297,0.00625294225909658,Q1,0.0014931147368561603,29,controlled,physics
205,all_physics_factorial,all_physics_factorial-controlled-resmlp-physics-s29-65d5037c9d,1.0593848836970348,1.0551692793439678,0.001247487561462682,resmlp,0.005126500445136807,0.006783480497657349,Q2,0.0016060194475796836,29,controlled,physics
205,all_physics_factorial,all_physics_factorial-controlled-resmlp-physics-s29-65d5037c9d,1.3328768292778945,1.3343169897485176,0.0012595634207350596,resmlp,0.005256115533300667,0.007235273464302652,Q3,0.0016550550898977456,29,controlled,physics
205,all_physics_factorial,all_physics_factorial-controlled-resmlp-physics-s29-65d5037c9d,1.6906455393104547,1.6867382874506176,0.0013093566483448518,resmlp,0.005448685692347302,0.007683447044909863,Q4,0.0017453472735101437,29,controlled,physics
204,all_physics_factorial,all_physics_factorial-controlled-resmlp-physics-s29-65d5037c9d,2.300043003095156,2.208956119630349,0.0013757943908950777,resmlp,0.00580011926866384,0.008020206657371026,Q5,0.001797043968869218,29,controlled,physics
205,all_physics_factorial,all_physics_factorial-controlled-resmlp-physics-s47-dca6d071fb,0.7700578222419104,0.8017735899517014,0.0012051182791232927,resmlp,0.005014022339275733,0.0067393546210119835,Q1,0.0015632337909294153,47,controlled,physics
205,all_physics_factorial,all_physics_factorial-controlled-resmlp-physics-s47-dca6d071fb,1.0593848836970348,1.0551692793439678,0.0013710611180613342,resmlp,0.0057880276087487765,0.008056718386658382,Q2,0.0017990319800329163,47,controlled,physics
205,all_physics_factorial,all_physics_factorial-controlled-resmlp-physics-s47-dca6d071fb,1.3328768292778945,1.3343169897485176,0.0013486155109093511,resmlp,0.005753652182109277,0.008054724489055535,Q3,0.0017704818074284747,47,controlled,physics
205,all_physics_factorial,all_physics_factorial-controlled-resmlp-physics-s47-dca6d071fb,1.6906455393104547,1.6867382874506176,0.001425430357262596,resmlp,0.006032315612545907,0.008784952125108296,Q4,0.0019167136328028835,47,controlled,physics
204,all_physics_factorial,all_physics_factorial-controlled-resmlp-physics-s47-dca6d071fb,2.300043003095156,2.208956119630349,0.0015065290323754393,resmlp,0.006411280148550494,0.008965706182226345,Q5,0.0019674538625526227,47,controlled,physics
205,all_physics_factorial,all_physics_factorial-controlled-silu-no_physics-s11-80f2ac140a,0.7700578222419104,0.8017735899517014,0.0022124884327129665,silu,0.008990148017361583,0.011608618232905939,Q1,0.002856542413293012,11,controlled,no_physics
205,all_physics_factorial,all_physics_factorial-controlled-silu-no_physics-s11-80f2ac140a,1.0593848836970348,1.0551692793439678,0.002333332457497241,silu,0.00956032619726934,0.012485219704921776,Q2,0.0029869876432247595,11,controlled,no_physics
205,all_physics_factorial,all_physics_factorial-controlled-silu-no_physics-s11-80f2ac140a,1.3328768292778945,1.3343169897485176,0.002324013911400071,silu,0.009451206272326765,0.01222585696264267,Q3,0.002979583112229664,11,controlled,no_physics
205,all_physics_factorial,all_physics_factorial-controlled-silu-no_physics-s11-80f2ac140a,1.6906455393104547,1.6867382874506176,0.002387275833049299,silu,0.009648771351262112,0.012649288104924624,Q4,0.0031049850753896114,11,controlled,no_physics
204,all_physics_factorial,all_physics_factorial-controlled-silu-no_physics-s11-80f2ac140a,2.300043003095156,2.208956119630349,0.0024394838101282883,silu,0.009909152789626901,0.012567086611978216,Q5,0.0030745875684719598,11,controlled,no_physics
205,all_physics_factorial,all_physics_factorial-controlled-silu-no_physics-s29-617dd3e5ba,0.7700578222419104,0.8017735899517014,0.002227732814669541,silu,0.009018371948596846,0.011722652736976275,Q1,0.0029185265241928166,29,controlled,no_physics
205,all_physics_factorial,all_physics_factorial-controlled-silu-no_physics-s29-617dd3e5ba,1.0593848836970348,1.0551692793439678,0.0023720049279934135,silu,0.00967273329072222,0.012599214376988988,Q2,0.0030417923532115292,29,controlled,no_physics
205,all_physics_factorial,all_physics_factorial-controlled-silu-no_physics-s29-617dd3e5ba,1.3328768292778945,1.3343169897485176,0.002373290312762703,silu,0.00963659226425572,0.012512237280810592,Q3,0.003058859393726766,29,controlled,no_physics
205,all_physics_factorial,all_physics_factorial-controlled-silu-no_physics-s29-617dd3e5ba,1.6906455393104547,1.6867382874506176,0.0024017451582794155,silu,0.009656462586448747,0.012700891933967184,Q4,0.003145118736571219,29,controlled,no_physics
204,all_physics_factorial,all_physics_factorial-controlled-silu-no_physics-s29-617dd3e5ba,2.300043003095156,2.208956119630349,0.00248830824758737,silu,0.01009487413626327,0.012874545413165456,Q5,0.0031531085320169205,29,controlled,no_physics
205,all_physics_factorial,all_physics_factorial-controlled-silu-no_physics-s47-4a2bbf9f46,0.7700578222419104,0.8017735899517014,0.0022806485674043025,silu,0.009218376770074255,0.011908761745250506,Q1,0.0029787974133758856,47,controlled,no_physics
205,all_physics_factorial,all_physics_factorial-controlled-silu-no_physics-s47-4a2bbf9f46,1.0593848836970348,1.0551692793439678,0.0023900809302930853,silu,0.009740804821099201,0.012680093448241244,Q2,0.0030766057746963002,47,controlled,no_physics
205,all_physics_factorial,all_physics_factorial-controlled-silu-no_physics-s47-4a2bbf9f46,1.3328768292778945,1.3343169897485176,0.002364191419336549,silu,0.009597718618321047,0.012447319069448504,Q3,0.003040967820497753,47,controlled,no_physics
205,all_physics_factorial,all_physics_factorial-controlled-silu-no_physics-s47-4a2bbf9f46,1.6906455393104547,1.6867382874506176,0.002403042079055101,silu,0.009673425031531022,0.012761156924652942,Q4,0.003160653291308565,47,controlled,no_physics
204,all_physics_factorial,all_physics_factorial-controlled-silu-no_physics-s47-4a2bbf9f46,2.300043003095156,2.208956119630349,0.002500225003281426,silu,0.010142201771442446,0.012947153982194794,Q5,0.0031750070428855684,47,controlled,no_physics
205,all_physics_factorial,all_physics_factorial-controlled-silu-physics-s11-fe0370e131,0.7700578222419104,0.8017735899517014,0.0019784376927418634,silu,0.008265885027843898,0.01098768611719726,Q1,0.0025398850428025002,11,controlled,physics
205,all_physics_factorial,all_physics_factorial-controlled-silu-physics-s11-fe0370e131,1.0593848836970348,1.0551692793439678,0.0021084926119728175,silu,0.008856093658381657,0.0118350808694804,Q2,0.0026779848132616802,11,controlled,physics
205,all_physics_factorial,all_physics_factorial-controlled-silu-physics-s11-fe0370e131,1.3328768292778945,1.3343169897485176,0.0020706527115624163,silu,0.008667447637910464,0.01170834708378147,Q3,0.002684003410420928,11,controlled,physics
205,all_physics_factorial,all_physics_factorial-controlled-silu-physics-s11-fe0370e131,1.6906455393104547,1.6867382874506176,0.00222002219629425,silu,0.009210852109142817,0.012461961990237018,Q4,0.002880399093063737,11,controlled,physics
204,all_physics_factorial,all_physics_factorial-controlled-silu-physics-s11-fe0370e131,2.300043003095156,2.208956119630349,0.002148141377309306,silu,0.00891609332712325,0.011892990527047719,Q5,0.002755882665581617,11,controlled,physics
205,all_physics_factorial,all_physics_factorial-controlled-silu-physics-s29-b1c027a2eb,0.7700578222419104,0.8017735899517014,0.0019622835371126534,silu,0.00819744052872443,0.010955224232326467,Q1,0.0025318639710334664,29,controlled,physics
205,all_physics_factorial,all_physics_factorial-controlled-silu-physics-s29-b1c027a2eb,1.0593848836970348,1.0551692793439678,0.0020922085385480876,silu,0.008772041824310867,0.011751296902218879,Q2,0.0026665994563084476,29,controlled,physics
205,all_physics_factorial,all_physics_factorial-controlled-silu-physics-s29-b1c027a2eb,1.3328768292778945,1.3343169897485176,0.0020319684126306817,silu,0.008500076053918745,0.011618902423586661,Q3,0.0026643957671635523,29,controlled,physics
205,all_physics_factorial,all_physics_factorial-controlled-silu-physics-s29-b1c027a2eb,1.6906455393104547,1.6867382874506176,0.0021954557685692237,silu,0.009119524546334612,0.01234106442479354,Q4,0.0028392777461258667,29,controlled,physics
204,all_physics_factorial,all_physics_factorial-controlled-silu-physics-s29-b1c027a2eb,2.300043003095156,2.208956119630349,0.0021249052849569515,silu,0.008813587946536371,0.011820268687937573,Q5,0.0027371932194832404,29,controlled,physics
205,all_physics_factorial,all_physics_factorial-controlled-silu-physics-s47-63731e0ed2,0.7700578222419104,0.8017735899517014,0.0020156062684425083,silu,0.008468078997327499,0.01125749132676217,Q1,0.0025791707153707787,47,controlled,physics
205,all_physics_factorial,all_physics_factorial-controlled-silu-physics-s47-63731e0ed2,1.0593848836970348,1.0551692793439678,0.0021507326309291807,silu,0.009043608984830222,0.012087187883479589,Q2,0.0027348351878023723,47,controlled,physics
205,all_physics_factorial,all_physics_factorial-controlled-silu-physics-s47-63731e0ed2,1.3328768292778945,1.3343169897485176,0.002062407898222041,silu,0.00865587456770362,0.011775232642026194,Q3,0.0026910046917398224,47,controlled,physics
205,all_physics_factorial,all_physics_factorial-controlled-silu-physics-s47-63731e0ed2,1.6906455393104547,1.6867382874506176,0.0022252986831340312,silu,0.009267353880644084,0.012586002052521115,Q4,0.0028831547946245478,47,controlled,physics
204,all_physics_factorial,all_physics_factorial-controlled-silu-physics-s47-63731e0ed2,2.300043003095156,2.208956119630349,0.0021826963797491094,silu,0.009128706204196403,0.012331087754481948,Q5,0.0028087238001221165,47,controlled,physics
205,all_physics_factorial,all_physics_factorial-controlled-swiglu-no_physics-s11-307224f249,0.7700578222419104,0.8017735899517014,0.0014134072122964781,swiglu,0.005694258937059728,0.0073768689568523785,Q1,0.0018447077735191098,11,controlled,no_physics
205,all_physics_factorial,all_physics_factorial-controlled-swiglu-no_physics-s11-307224f249,1.0593848836970348,1.0551692793439678,0.0015042424907045554,swiglu,0.006101465393177468,0.008176727431819124,Q2,0.0019881075192094587,11,controlled,no_physics
205,all_physics_factorial,all_physics_factorial-controlled-swiglu-no_physics-s11-307224f249,1.3328768292778945,1.3343169897485176,0.0015379535977200892,swiglu,0.006276188808110815,0.008377600419937362,Q3,0.0020219296348829,11,controlled,no_physics
205,all_physics_factorial,all_physics_factorial-controlled-swiglu-no_physics-s11-307224f249,1.6906455393104547,1.6867382874506176,0.0015429935384484606,swiglu,0.006238522249209334,0.008292129548775215,Q4,0.0020339974013992915,11,controlled,no_physics
204,all_physics_factorial,all_physics_factorial-controlled-swiglu-no_physics-s11-307224f249,2.300043003095156,2.208956119630349,0.0015969477471290863,swiglu,0.006555890140246787,0.008842214177667588,Q5,0.0021152770913663204,11,controlled,no_physics
205,all_physics_factorial,all_physics_factorial-controlled-swiglu-no_physics-s29-a6c85d3bec,0.7700578222419104,0.8017735899517014,0.001336177758994603,swiglu,0.005349029991974811,0.00691158632791183,Q1,0.0017507365961771288,29,controlled,no_physics
205,all_physics_factorial,all_physics_factorial-controlled-swiglu-no_physics-s29-a6c85d3bec,1.0593848836970348,1.0551692793439678,0.0014167931874974938,swiglu,0.005692423950755263,0.007396809523710031,Q2,0.00185267289151196,29,controlled,no_physics
205,all_physics_factorial,all_physics_factorial-controlled-swiglu-no_physics-s29-a6c85d3bec,1.3328768292778945,1.3343169897485176,0.0014642446718780998,swiglu,0.005842844329271514,0.007596461396389742,Q3,0.0019304181991163453,29,controlled,no_physics
205,all_physics_factorial,all_physics_factorial-controlled-swiglu-no_physics-s29-a6c85d3bec,1.6906455393104547,1.6867382874506176,0.0014907584537490392,swiglu,0.005956463888284607,0.007711913262188658,Q4,0.0019477265871717258,29,controlled,no_physics
204,all_physics_factorial,all_physics_factorial-controlled-swiglu-no_physics-s29-a6c85d3bec,2.300043003095156,2.208956119630349,0.0015056176507797835,swiglu,0.006053820970991885,0.007976887165777883,Q5,0.001991401166104554,29,controlled,no_physics
205,all_physics_factorial,all_physics_factorial-controlled-swiglu-no_physics-s47-27e2695e3d,0.7700578222419104,0.8017735899517014,0.0014330479497425032,swiglu,0.005740195336911712,0.007485665350989739,Q1,0.0019065155403036169,47,controlled,no_physics
205,all_physics_factorial,all_physics_factorial-controlled-swiglu-no_physics-s47-27e2695e3d,1.0593848836970348,1.0551692793439678,0.0014750201449071649,swiglu,0.005914553164318339,0.0075899451258739795,Q2,0.001914049154646484,47,controlled,no_physics
205,all_physics_factorial,all_physics_factorial-controlled-swiglu-no_physics-s47-27e2695e3d,1.3328768292778945,1.3343169897485176,0.001513383686861056,swiglu,0.006074450289467927,0.007833888267315755,Q3,0.0019742499706662205,47,controlled,no_physics
205,all_physics_factorial,all_physics_factorial-controlled-swiglu-no_physics-s47-27e2695e3d,1.6906455393104547,1.6867382874506176,0.001537871544581033,swiglu,0.006187130307651191,0.00802929557448317,Q4,0.0020150768391060878,47,controlled,no_physics
204,all_physics_factorial,all_physics_factorial-controlled-swiglu-no_physics-s47-27e2695e3d,2.300043003095156,2.208956119630349,0.0016124721435976336,swiglu,0.006556097325948572,0.008526193164536332,Q5,0.0020930693244036406,47,controlled,no_physics
205,all_physics_factorial,all_physics_factorial-controlled-swiglu-physics-s11-011b3cf098,0.7700578222419104,0.8017735899517014,0.0014405769486939988,swiglu,0.005875262858500578,0.00790033547686104,Q1,0.0019261499581813561,11,controlled,physics
205,all_physics_factorial,all_physics_factorial-controlled-swiglu-physics-s11-011b3cf098,1.0593848836970348,1.0551692793439678,0.0015394078639829098,swiglu,0.0062150014540361415,0.008263956615537874,Q2,0.002057684164789783,11,controlled,physics
205,all_physics_factorial,all_physics_factorial-controlled-swiglu-physics-s11-011b3cf098,1.3328768292778945,1.3343169897485176,0.0015866236234725831,swiglu,0.006424569881394581,0.008588710237885546,Q3,0.0021344883710724947,11,controlled,physics
205,all_physics_factorial,all_physics_factorial-controlled-swiglu-physics-s11-011b3cf098,1.6906455393104547,1.6867382874506176,0.0016203871588625523,swiglu,0.0065375714411043465,0.008719830266824737,Q4,0.002155849229303117,11,controlled,physics
204,all_physics_factorial,all_physics_factorial-controlled-swiglu-physics-s11-011b3cf098,2.300043003095156,2.208956119630349,0.0017130700022731865,swiglu,0.007027110698237371,0.009602634626057684,Q5,0.0022977155926651224,11,controlled,physics
205,all_physics_factorial,all_physics_factorial-controlled-swiglu-physics-s29-5f857ec659,0.7700578222419104,0.8017735899517014,0.0014831053255631294,swiglu,0.006044216025460729,0.007956001568047764,Q1,0.0019539995954320657,29,controlled,physics
205,all_physics_factorial,all_physics_factorial-controlled-swiglu-physics-s29-5f857ec659,1.0593848836970348,1.0551692793439678,0.0016125159194926688,swiglu,0.006495448243125393,0.008587669213183255,Q2,0.00213114280856459,29,controlled,physics
205,all_physics_factorial,all_physics_factorial-controlled-swiglu-physics-s29-5f857ec659,1.3328768292778945,1.3343169897485176,0.0016367624419616753,swiglu,0.006604142539579484,0.00881291252836824,Q3,0.002191834686608819,29,controlled,physics
205,all_physics_factorial,all_physics_factorial-controlled-swiglu-physics-s29-5f857ec659,1.6906455393104547,1.6867382874506176,0.0016832887859248042,swiglu,0.006833402816930744,0.009149921539895424,Q4,0.0022438268716239137,29,controlled,physics
204,all_physics_factorial,all_physics_factorial-controlled-swiglu-physics-s29-5f857ec659,2.300043003095156,2.208956119630349,0.0017296262231202134,swiglu,0.007109317984508943,0.009911300421177096,Q5,0.002353719759699177,29,controlled,physics
205,all_physics_factorial,all_physics_factorial-controlled-swiglu-physics-s47-c7df09cb8f,0.7700578222419104,0.8017735899517014,0.0013748351578947112,swiglu,0.005638698383106511,0.007470124577995232,Q1,0.0018014984017035139,47,controlled,physics
205,all_physics_factorial,all_physics_factorial-controlled-swiglu-physics-s47-c7df09cb8f,1.0593848836970348,1.0551692793439678,0.0015135956994837636,swiglu,0.006201464588416526,0.008418642098866919,Q2,0.00203627830603367,47,controlled,physics
205,all_physics_factorial,all_physics_factorial-controlled-swiglu-physics-s47-c7df09cb8f,1.3328768292778945,1.3343169897485176,0.0015637244751438052,swiglu,0.0064350038012573035,0.008817803379087719,Q3,0.0021240239980548138,47,controlled,physics
205,all_physics_factorial,all_physics_factorial-controlled-swiglu-physics-s47-c7df09cb8f,1.6906455393104547,1.6867382874506176,0.0016096766325906019,swiglu,0.006643783078348284,0.009272813363653922,Q4,0.002195244913060941,47,controlled,physics
204,all_physics_factorial,all_physics_factorial-controlled-swiglu-physics-s47-c7df09cb8f,2.300043003095156,2.208956119630349,0.0017077880642135841,swiglu,0.00710435804818244,0.010367267612132242,Q5,0.0024072221355126745,47,controlled,physics
205,all_physics_factorial,all_physics_factorial-duffing-fourier-no_physics-s11-03a5ae3a8b,0.4260185429607537,0.43194158091429863,0.004910610004001838,fourier,0.015979225741319866,0.020622851342936496,Q1,0.006744555423189226,11,duffing,no_physics
205,all_physics_factorial,all_physics_factorial-duffing-fourier-no_physics-s11-03a5ae3a8b,0.5198316481501641,0.5218364617863674,0.004941920619798688,fourier,0.01612412058446604,0.020621607161235712,Q2,0.006749595543549746,11,duffing,no_physics
205,all_physics_factorial,all_physics_factorial-duffing-fourier-no_physics-s11-03a5ae3a8b,0.5839590772301672,0.5842454017593658,0.00479284780669731,fourier,0.015669326856608563,0.01986943559929765,Q3,0.0064385708918693815,11,duffing,no_physics
205,all_physics_factorial,all_physics_factorial-duffing-fourier-no_physics-s11-03a5ae3a8b,0.654854269528632,0.6574576393545056,0.004572421591533717,fourier,0.014905960795447587,0.01918683661919721,Q4,0.006317688576577034,11,duffing,no_physics
204,all_physics_factorial,all_physics_factorial-duffing-fourier-no_physics-s11-03a5ae3a8b,0.7751503283244864,0.758356785130839,0.00470445737986594,fourier,0.01541837950061566,0.019746019313462947,Q5,0.00641367437656114,11,duffing,no_physics
205,all_physics_factorial,all_physics_factorial-duffing-fourier-no_physics-s29-4d0e7ad4de,0.4260185429607537,0.43194158091429863,0.005018572570979148,fourier,0.01649982492034805,0.021072551000597687,Q1,0.006801005653882136,29,duffing,no_physics
205,all_physics_factorial,all_physics_factorial-duffing-fourier-no_physics-s29-4d0e7ad4de,0.5198316481501641,0.5218364617863674,0.004612234359086781,fourier,0.015148925887645846,0.019452045954925508,Q2,0.006255486615384396,29,duffing,no_physics
205,all_physics_factorial,all_physics_factorial-duffing-fourier-no_physics-s29-4d0e7ad4de,0.5839590772301672,0.5842454017593658,0.004802490616987975,fourier,0.015703365084397073,0.01987585047613811,Q3,0.006472013420574591,29,duffing,no_physics
205,all_physics_factorial,all_physics_factorial-duffing-fourier-no_physics-s29-4d0e7ad4de,0.654854269528632,0.6574576393545056,0.004679057662067906,fourier,0.015363386854040411,0.019846096404224814,Q4,0.006380336360360325,29,duffing,no_physics
204,all_physics_factorial,all_physics_factorial-duffing-fourier-no_physics-s29-4d0e7ad4de,0.7751503283244864,0.758356785130839,0.004798858849604656,fourier,0.015827619134410987,0.019997187621244836,Q5,0.006381314649405843,29,duffing,no_physics
205,all_physics_factorial,all_physics_factorial-duffing-fourier-no_physics-s47-9dcc8ccdda,0.4260185429607537,0.43194158091429863,0.005038369611451699,fourier,0.01652149111973019,0.02119638387596514,Q1,0.006862663927139608,47,duffing,no_physics
205,all_physics_factorial,all_physics_factorial-duffing-fourier-no_physics-s47-9dcc8ccdda,0.5198316481501641,0.5218364617863674,0.004884708376843397,fourier,0.01607239771739089,0.020523618406379503,Q2,0.006558884722945436,47,duffing,no_physics
205,all_physics_factorial,all_physics_factorial-duffing-fourier-no_physics-s47-9dcc8ccdda,0.5839590772301672,0.5842454017593658,0.004946245597855567,fourier,0.01629439987871981,0.02084829247525237,Q3,0.006653268613908341,47,duffing,no_physics
205,all_physics_factorial,all_physics_factorial-duffing-fourier-no_physics-s47-9dcc8ccdda,0.654854269528632,0.6574576393545056,0.0049285560982797304,fourier,0.016058329885127842,0.020717279202648046,Q4,0.006805840030562467,47,duffing,no_physics
204,all_physics_factorial,all_physics_factorial-duffing-fourier-no_physics-s47-9dcc8ccdda,0.7751503283244864,0.758356785130839,0.004838145308895037,fourier,0.015822377317782244,0.020075635596217768,Q5,0.0065161842751328015,47,duffing,no_physics
205,all_physics_factorial,all_physics_factorial-duffing-fourier-physics-s11-cbc11ce752,0.4260185429607537,0.43194158091429863,0.0037977356154398167,fourier,0.012358345983841716,0.016688881250983206,Q1,0.005479524705036507,11,duffing,physics
205,all_physics_factorial,all_physics_factorial-duffing-fourier-physics-s11-cbc11ce752,0.5198316481501641,0.5218364617863674,0.003776940922771024,fourier,0.012309665231424249,0.01620099033914414,Q2,0.005300618310881844,11,duffing,physics
205,all_physics_factorial,all_physics_factorial-duffing-fourier-physics-s11-cbc11ce752,0.5839590772301672,0.5842454017593658,0.0037361593703391874,fourier,0.012181052301676886,0.015959889644022476,Q3,0.005197680187101355,11,duffing,physics
205,all_physics_factorial,all_physics_factorial-duffing-fourier-physics-s11-cbc11ce752,0.654854269528632,0.6574576393545056,0.003752812260897438,fourier,0.01233308067841036,0.015847381695449796,Q4,0.005050812759286368,11,duffing,physics
204,all_physics_factorial,all_physics_factorial-duffing-fourier-physics-s11-cbc11ce752,0.7751503283244864,0.758356785130839,0.0037259141794867686,fourier,0.012101786924606624,0.015734592984781234,Q5,0.005167032907421295,11,duffing,physics
205,all_physics_factorial,all_physics_factorial-duffing-fourier-physics-s29-46def16ca4,0.4260185429607537,0.43194158091429863,0.0038572334019435646,fourier,0.012621804612496576,0.01688594782267629,Q1,0.005532760978038274,29,duffing,physics
205,all_physics_factorial,all_physics_factorial-duffing-fourier-physics-s29-46def16ca4,0.5198316481501641,0.5218364617863674,0.0038888592016741224,fourier,0.01279989218773505,0.016614211619157226,Q2,0.00529856457638391,29,duffing,physics
205,all_physics_factorial,all_physics_factorial-duffing-fourier-physics-s29-46def16ca4,0.5839590772301672,0.5842454017593658,0.003716429354470875,fourier,0.012289303153660565,0.016300175083188893,Q3,0.005138800584555345,29,duffing,physics
205,all_physics_factorial,all_physics_factorial-duffing-fourier-physics-s29-46def16ca4,0.654854269528632,0.6574576393545056,0.00371243602050704,fourier,0.012254827616598067,0.015905699733370894,Q4,0.005030641248652593,29,duffing,physics
204,all_physics_factorial,all_physics_factorial-duffing-fourier-physics-s29-46def16ca4,0.7751503283244864,0.758356785130839,0.0037883682464994574,fourier,0.012435474759746044,0.01617712295601253,Q5,0.005201504879704512,29,duffing,physics
205,all_physics_factorial,all_physics_factorial-duffing-fourier-physics-s47-df6963bfcb,0.4260185429607537,0.43194158091429863,0.004014707652756287,fourier,0.013118017916674076,0.017080805450078753,Q1,0.005565573761244335,47,duffing,physics
205,all_physics_factorial,all_physics_factorial-duffing-fourier-physics-s47-df6963bfcb,0.5198316481501641,0.5218364617863674,0.004158677607980591,fourier,0.013609535023358564,0.017629141321181856,Q2,0.005719066740157161,47,duffing,physics
205,all_physics_factorial,all_physics_factorial-duffing-fourier-physics-s47-df6963bfcb,0.5839590772301672,0.5842454017593658,0.0038617075132406616,fourier,0.012579818367285065,0.016410331210115734,Q3,0.005373839556520768,47,duffing,physics
205,all_physics_factorial,all_physics_factorial-duffing-fourier-physics-s47-df6963bfcb,0.654854269528632,0.6574576393545056,0.003860579653612548,fourier,0.012711354778830246,0.016562355791787626,Q4,0.005290760991575668,47,duffing,physics
204,all_physics_factorial,all_physics_factorial-duffing-fourier-physics-s47-df6963bfcb,0.7751503283244864,0.758356785130839,0.0038214113091378427,fourier,0.012532845901948924,0.01627690019896145,Q5,0.00521696719282944,47,duffing,physics
205,all_physics_factorial,all_physics_factorial-duffing-ganr-no_physics-s11-ca0c601734,0.4260185429607537,0.43194158091429863,0.0007991535215851178,ganr,0.0026783735736451244,0.0034934948602411346,Q1,0.0010755741845045286,11,duffing,no_physics
205,all_physics_factorial,all_physics_factorial-duffing-ganr-no_physics-s11-ca0c601734,0.5198316481501641,0.5218364617863674,0.0007394419700420524,ganr,0.0024779118112733794,0.003219307928945518,Q2,0.0009904740255561393,11,duffing,no_physics
205,all_physics_factorial,all_physics_factorial-duffing-ganr-no_physics-s11-ca0c601734,0.5839590772301672,0.5842454017593658,0.0007906733264019017,ganr,0.0026732589479754017,0.0035028632036443307,Q3,0.0010500374013413113,11,duffing,no_physics
205,all_physics_factorial,all_physics_factorial-duffing-ganr-no_physics-s11-ca0c601734,0.654854269528632,0.6574576393545056,0.000746993583406282,ganr,0.0025182300495651872,0.003239435457999289,Q4,0.0009807755594730316,11,duffing,no_physics
204,all_physics_factorial,all_physics_factorial-duffing-ganr-no_physics-s11-ca0c601734,0.7751503283244864,0.758356785130839,0.0007588505958059008,ganr,0.0025706021073337135,0.003328703254723729,Q5,0.000992729237307527,11,duffing,no_physics
205,all_physics_factorial,all_physics_factorial-duffing-ganr-no_physics-s29-80c3d5e2dc,0.4260185429607537,0.43194158091429863,0.0007880056508106575,ganr,0.0026655161817639296,0.0034350042843319358,Q1,0.0010337289819944216,29,duffing,no_physics
205,all_physics_factorial,all_physics_factorial-duffing-ganr-no_physics-s29-80c3d5e2dc,0.5198316481501641,0.5218364617863674,0.000728883392357824,ganr,0.0024485839905517242,0.003122072724762623,Q2,0.0009590267896287832,29,duffing,no_physics
205,all_physics_factorial,all_physics_factorial-duffing-ganr-no_physics-s29-80c3d5e2dc,0.5839590772301672,0.5842454017593658,0.000775492094060876,ganr,0.0026210690646651536,0.003375241073295971,Q3,0.0010162694119142932,29,duffing,no_physics
205,all_physics_factorial,all_physics_factorial-duffing-ganr-no_physics-s29-80c3d5e2dc,0.654854269528632,0.6574576393545056,0.0007336611801115285,ganr,0.0024891762790011326,0.0032302080059138844,Q4,0.0009634585045552518,29,duffing,no_physics
204,all_physics_factorial,all_physics_factorial-duffing-ganr-no_physics-s29-80c3d5e2dc,0.7751503283244864,0.758356785130839,0.0007210328469637698,ganr,0.0024368328063514282,0.0031794413246106486,Q5,0.0009540578501220016,29,duffing,no_physics
205,all_physics_factorial,all_physics_factorial-duffing-ganr-no_physics-s47-cbbd8ed993,0.4260185429607537,0.43194158091429863,0.0008008875398711719,ganr,0.0027277915435589993,0.003526975846819358,Q1,0.0010556390288139897,47,duffing,no_physics
205,all_physics_factorial,all_physics_factorial-duffing-ganr-no_physics-s47-cbbd8ed993,0.5198316481501641,0.5218364617863674,0.0007049939413086466,ganr,0.0023875351902652824,0.0030985182939902915,Q2,0.0009334038334220061,47,duffing,no_physics
205,all_physics_factorial,all_physics_factorial-duffing-ganr-no_physics-s47-cbbd8ed993,0.5839590772301672,0.5842454017593658,0.0007407310200816449,ganr,0.0025185204162787318,0.0032765731981138817,Q3,0.0009662043901763937,47,duffing,no_physics
205,all_physics_factorial,all_physics_factorial-duffing-ganr-no_physics-s47-cbbd8ed993,0.654854269528632,0.6574576393545056,0.0007341505745432919,ganr,0.0024949265611323816,0.003211063909685402,Q4,0.0009571301719716885,47,duffing,no_physics
204,all_physics_factorial,all_physics_factorial-duffing-ganr-no_physics-s47-cbbd8ed993,0.7751503283244864,0.758356785130839,0.0007577943585209712,ganr,0.002585194968432304,0.003358804032641208,Q5,0.0009923307098653807,47,duffing,no_physics
205,all_physics_factorial,all_physics_factorial-duffing-ganr-physics-s11-929cadacff,0.4260185429607537,0.43194158091429863,0.0006269717523492745,ganr,0.0020532785644508575,0.0028583434268712516,Q1,0.0009234047892914232,11,duffing,physics
205,all_physics_factorial,all_physics_factorial-duffing-ganr-physics-s11-929cadacff,0.5198316481501641,0.5218364617863674,0.000607189069297619,ganr,0.0020052463752378543,0.002676955452214613,Q2,0.0008395486913171508,11,duffing,physics
205,all_physics_factorial,all_physics_factorial-duffing-ganr-physics-s11-929cadacff,0.5839590772301672,0.5842454017593658,0.0005905982309896656,ganr,0.0019786796678856757,0.0027220375738566532,Q3,0.0008332878522618885,11,duffing,physics
205,all_physics_factorial,all_physics_factorial-duffing-ganr-physics-s11-929cadacff,0.654854269528632,0.6574576393545056,0.0005826685944800662,ganr,0.001946221915139908,0.0026915525334313497,Q4,0.000827002718896953,11,duffing,physics
204,all_physics_factorial,all_physics_factorial-duffing-ganr-physics-s11-929cadacff,0.7751503283244864,0.758356785130839,0.0005845204625841813,ganr,0.0019481982834148445,0.002632903980899811,Q5,0.0008047118942370763,11,duffing,physics
205,all_physics_factorial,all_physics_factorial-duffing-ganr-physics-s29-a767dc0697,0.4260185429607537,0.43194158091429863,0.000635141476280895,ganr,0.002083678513400517,0.002833971510037224,Q1,0.0009108176040341665,29,duffing,physics
205,all_physics_factorial,all_physics_factorial-duffing-ganr-physics-s29-a767dc0697,0.5198316481501641,0.5218364617863674,0.0005923516963176975,ganr,0.0019615251221605412,0.0025999315128528836,Q2,0.0008149927966981144,29,duffing,physics
205,all_physics_factorial,all_physics_factorial-duffing-ganr-physics-s29-a767dc0697,0.5839590772301672,0.5842454017593658,0.0006094054656808488,ganr,0.002044220359327502,0.002770945706281722,Q3,0.0008445576583670627,29,duffing,physics
205,all_physics_factorial,all_physics_factorial-duffing-ganr-physics-s29-a767dc0697,0.654854269528632,0.6574576393545056,0.00059705346344655,ganr,0.0020114662196891783,0.0027678242196750814,Q4,0.0008347940669733902,29,duffing,physics
204,all_physics_factorial,all_physics_factorial-duffing-ganr-physics-s29-a767dc0697,0.7751503283244864,0.758356785130839,0.0005866047826220535,ganr,0.001958078251501257,0.0025847451091983455,Q5,0.0007856559277115548,29,duffing,physics
205,all_physics_factorial,all_physics_factorial-duffing-ganr-physics-s47-07f615e421,0.4260185429607537,0.43194158091429863,0.0006621233296355946,ganr,0.0021573192391325102,0.003022821538705977,Q1,0.0009714741571696883,47,duffing,physics
205,all_physics_factorial,all_physics_factorial-duffing-ganr-physics-s47-07f615e421,0.5198316481501641,0.5218364617863674,0.0006168656792241808,ganr,0.0020280360256730756,0.0026678693557229127,Q2,0.0008446187312619386,47,duffing,physics
205,all_physics_factorial,all_physics_factorial-duffing-ganr-physics-s47-07f615e421,0.5839590772301672,0.5842454017593658,0.0006218273516646061,ganr,0.0020776460297770114,0.002831064747845577,Q3,0.0008665588057617832,47,duffing,physics
205,all_physics_factorial,all_physics_factorial-duffing-ganr-physics-s47-07f615e421,0.654854269528632,0.6574576393545056,0.0006145369010393951,ganr,0.0020585450451696507,0.0027759838855625,Q4,0.0008478214041847747,47,duffing,physics
204,all_physics_factorial,all_physics_factorial-duffing-ganr-physics-s47-07f615e421,0.7751503283244864,0.758356785130839,0.0005899626478322698,ganr,0.0019796569254662876,0.002667332630033127,Q5,0.0008084813866571512,47,duffing,physics
205,all_physics_factorial,all_physics_factorial-duffing-gelu-no_physics-s11-657934a28f,0.4260185429607537,0.43194158091429863,0.001824772777120127,gelu,0.006108504564699415,0.007994063778955125,Q1,0.0024593959451300203,11,duffing,no_physics
205,all_physics_factorial,all_physics_factorial-duffing-gelu-no_physics-s11-657934a28f,0.5198316481501641,0.5218364617863674,0.0017548508315330098,gelu,0.005883206424829643,0.00789594803405439,Q2,0.002400902406577737,11,duffing,no_physics
205,all_physics_factorial,all_physics_factorial-duffing-gelu-no_physics-s11-657934a28f,0.5839590772301672,0.5842454017593658,0.0017769932912415243,gelu,0.005990518259908381,0.007831700748139476,Q3,0.00237515651678305,11,duffing,no_physics
205,all_physics_factorial,all_physics_factorial-duffing-gelu-no_physics-s11-657934a28f,0.654854269528632,0.6574576393545056,0.0018051365628397012,gelu,0.006127453137660881,0.008071874057142919,Q4,0.0024085602277101885,11,duffing,no_physics
204,all_physics_factorial,all_physics_factorial-duffing-gelu-no_physics-s11-657934a28f,0.7751503283244864,0.758356785130839,0.0018502861098389914,gelu,0.0063120064749003085,0.008383920649804266,Q5,0.002461201222495471,11,duffing,no_physics
205,all_physics_factorial,all_physics_factorial-duffing-gelu-no_physics-s29-2049574f99,0.4260185429607537,0.43194158091429863,0.0018206502787817466,gelu,0.006111637595236746,0.008039845318245474,Q1,0.002461948139232956,29,duffing,no_physics
205,all_physics_factorial,all_physics_factorial-duffing-gelu-no_physics-s29-2049574f99,0.5198316481501641,0.5218364617863674,0.0017537028947561162,gelu,0.005878991865127657,0.007837908504675412,Q2,0.0023764617595644203,29,duffing,no_physics
205,all_physics_factorial,all_physics_factorial-duffing-gelu-no_physics-s29-2049574f99,0.5839590772301672,0.5842454017593658,0.0017845717758441092,gelu,0.006007531248818717,0.007929361122106904,Q3,0.002405406053779165,29,duffing,no_physics
205,all_physics_factorial,all_physics_factorial-duffing-gelu-no_physics-s29-2049574f99,0.654854269528632,0.6574576393545056,0.0018125762719492053,gelu,0.0061531566666233805,0.008119916544652727,Q4,0.0024225717481480666,29,duffing,no_physics
204,all_physics_factorial,all_physics_factorial-duffing-gelu-no_physics-s29-2049574f99,0.7751503283244864,0.758356785130839,0.0018461110193771567,gelu,0.006303486260045684,0.00842872530995458,Q5,0.0024748180355423414,29,duffing,no_physics
205,all_physics_factorial,all_physics_factorial-duffing-gelu-no_physics-s47-ede8dfe69e,0.4260185429607537,0.43194158091429863,0.001822823998625653,gelu,0.006086813558136377,0.008006445803880874,Q1,0.002472360772469619,47,duffing,no_physics
205,all_physics_factorial,all_physics_factorial-duffing-gelu-no_physics-s47-ede8dfe69e,0.5198316481501641,0.5218364617863674,0.0017305390524575714,gelu,0.005809879973955957,0.007830956547743339,Q2,0.0023803028220531716,47,duffing,no_physics
205,all_physics_factorial,all_physics_factorial-duffing-gelu-no_physics-s47-ede8dfe69e,0.5839590772301672,0.5842454017593658,0.0017597691830282779,gelu,0.005921102620765145,0.007800882806440353,Q3,0.0023734803839287333,47,duffing,no_physics
205,all_physics_factorial,all_physics_factorial-duffing-gelu-no_physics-s47-ede8dfe69e,0.654854269528632,0.6574576393545056,0.0017820247533630363,gelu,0.0060410384813859965,0.007962316668545074,Q4,0.002378288403938249,47,duffing,no_physics
204,all_physics_factorial,all_physics_factorial-duffing-gelu-no_physics-s47-ede8dfe69e,0.7751503283244864,0.758356785130839,0.0018325089501344978,gelu,0.0062333029437477315,0.008277149951792347,Q5,0.002437182320549484,47,duffing,no_physics
205,all_physics_factorial,all_physics_factorial-duffing-gelu-physics-s11-dc0b81af30,0.4260185429607537,0.43194158091429863,0.0013734391353331951,gelu,0.004507750041143754,0.005982824702615706,Q1,0.001987016771754234,11,duffing,physics
205,all_physics_factorial,all_physics_factorial-duffing-gelu-physics-s11-dc0b81af30,0.5198316481501641,0.5218364617863674,0.0013034433420682212,gelu,0.004326925526383963,0.005578039085143886,Q2,0.0017699517679693661,11,duffing,physics
205,all_physics_factorial,all_physics_factorial-duffing-gelu-physics-s11-dc0b81af30,0.5839590772301672,0.5842454017593658,0.0012492207821462838,gelu,0.0041662277061878805,0.005339166810626214,Q3,0.0016683395263451385,11,duffing,physics
205,all_physics_factorial,all_physics_factorial-duffing-gelu-physics-s11-dc0b81af30,0.654854269528632,0.6574576393545056,0.0012500864074021726,gelu,0.004193222503184459,0.005360107090643157,Q4,0.0016526000141839268,11,duffing,physics
204,all_physics_factorial,all_physics_factorial-duffing-gelu-physics-s11-dc0b81af30,0.7751503283244864,0.758356785130839,0.001283584336119127,gelu,0.004279534788096395,0.005444098363852331,Q5,0.0016850842503061574,11,duffing,physics
205,all_physics_factorial,all_physics_factorial-duffing-gelu-physics-s29-9ed41e4aef,0.4260185429607537,0.43194158091429863,0.0013746499272268165,gelu,0.004522892459085692,0.005979018534858139,Q1,0.0019797153289125113,29,duffing,physics
205,all_physics_factorial,all_physics_factorial-duffing-gelu-physics-s29-9ed41e4aef,0.5198316481501641,0.5218364617863674,0.001319779183589761,gelu,0.004377823710422264,0.0056551224098075415,Q2,0.001802325857764961,29,duffing,physics
205,all_physics_factorial,all_physics_factorial-duffing-gelu-physics-s29-9ed41e4aef,0.5839590772301672,0.5842454017593658,0.0012735079170608247,gelu,0.004246176837905838,0.005446456180004832,Q3,0.0017066080049856598,29,duffing,physics
205,all_physics_factorial,all_physics_factorial-duffing-gelu-physics-s29-9ed41e4aef,0.654854269528632,0.6574576393545056,0.0012621737742071074,gelu,0.0042199431614046105,0.00538558702634471,Q4,0.0016702925784529094,29,duffing,physics
204,all_physics_factorial,all_physics_factorial-duffing-gelu-physics-s29-9ed41e4aef,0.7751503283244864,0.758356785130839,0.0012578886358627927,gelu,0.004190671568814091,0.005336811894749036,Q5,0.0016577466295966503,29,duffing,physics
205,all_physics_factorial,all_physics_factorial-duffing-gelu-physics-s47-f0e3e407be,0.4260185429607537,0.43194158091429863,0.0013638578277450728,gelu,0.0044790934466398345,0.005945958938773538,Q1,0.001967507476484168,47,duffing,physics
205,all_physics_factorial,all_physics_factorial-duffing-gelu-physics-s47-f0e3e407be,0.5198316481501641,0.5218364617863674,0.00130098989075788,gelu,0.00430967255718008,0.00554201941920049,Q2,0.0017637601065522478,47,duffing,physics
205,all_physics_factorial,all_physics_factorial-duffing-gelu-physics-s47-f0e3e407be,0.5839590772301672,0.5842454017593658,0.0012749826092414611,gelu,0.004235177339183531,0.00540002684471922,Q3,0.0016976949861092683,47,duffing,physics
205,all_physics_factorial,all_physics_factorial-duffing-gelu-physics-s47-f0e3e407be,0.654854269528632,0.6574576393545056,0.001255472831122106,gelu,0.0041941292696519635,0.005394629642579335,Q4,0.0016716892299631567,47,duffing,physics
204,all_physics_factorial,all_physics_factorial-duffing-gelu-physics-s47-f0e3e407be,0.7751503283244864,0.758356785130839,0.0012845640494115109,gelu,0.004274209729061315,0.005470140088672605,Q5,0.0017024865258515867,47,duffing,physics
205,all_physics_factorial,all_physics_factorial-duffing-relu-no_physics-s11-23f21cffcc,0.4260185429607537,0.43194158091429863,0.0021830032183016755,relu,0.007323753933004506,0.009274150947653046,Q1,0.002856021218562844,11,duffing,no_physics
205,all_physics_factorial,all_physics_factorial-duffing-relu-no_physics-s11-23f21cffcc,0.5198316481501641,0.5218364617863674,0.0022370283323675166,relu,0.007554782129385137,0.009598520388964166,Q2,0.0029139357303040805,11,duffing,no_physics
205,all_physics_factorial,all_physics_factorial-duffing-relu-no_physics-s11-23f21cffcc,0.5839590772301672,0.5842454017593658,0.0022158093732508773,relu,0.007464110727616089,0.009313768277652812,Q3,0.0028415759852987907,11,duffing,no_physics
205,all_physics_factorial,all_physics_factorial-duffing-relu-no_physics-s11-23f21cffcc,0.654854269528632,0.6574576393545056,0.0022231197167257495,relu,0.007560136000836981,0.009597003765281035,Q4,0.0028733019177953306,11,duffing,no_physics
204,all_physics_factorial,all_physics_factorial-duffing-relu-no_physics-s11-23f21cffcc,0.7751503283244864,0.758356785130839,0.0022165972068518493,relu,0.007499496896552665,0.009485592737556395,Q5,0.0028641362737074566,11,duffing,no_physics
205,all_physics_factorial,all_physics_factorial-duffing-relu-no_physics-s29-eb55070776,0.4260185429607537,0.43194158091429863,0.0021329516734334814,relu,0.007158267291218513,0.009108169454076219,Q1,0.0028111164139749427,29,duffing,no_physics
205,all_physics_factorial,all_physics_factorial-duffing-relu-no_physics-s29-eb55070776,0.5198316481501641,0.5218364617863674,0.0021980496212164304,relu,0.00740236216194004,0.009416352867672437,Q2,0.0028664942894287403,29,duffing,no_physics
205,all_physics_factorial,all_physics_factorial-duffing-relu-no_physics-s29-eb55070776,0.5839590772301672,0.5842454017593658,0.002200779310100543,relu,0.007411984039601567,0.009239278729799566,Q3,0.0028205886769900193,29,duffing,no_physics
205,all_physics_factorial,all_physics_factorial-duffing-relu-no_physics-s29-eb55070776,0.654854269528632,0.6574576393545056,0.0021939994580795273,relu,0.0074762256249475,0.009504019425756832,Q4,0.0028274732309791495,29,duffing,no_physics
204,all_physics_factorial,all_physics_factorial-duffing-relu-no_physics-s29-eb55070776,0.7751503283244864,0.758356785130839,0.0021670925408287466,relu,0.007395771540571041,0.009361710870202395,Q5,0.0027939226592790683,29,duffing,no_physics
205,all_physics_factorial,all_physics_factorial-duffing-relu-no_physics-s47-c68e575119,0.4260185429607537,0.43194158091429863,0.002159194128128037,relu,0.0072578851715394375,0.009265860388007736,Q1,0.0028531341714204527,47,duffing,no_physics
205,all_physics_factorial,all_physics_factorial-duffing-relu-no_physics-s47-c68e575119,0.5198316481501641,0.5218364617863674,0.0022383739212073566,relu,0.007558415541667607,0.009671401334095922,Q2,0.0029310689228185644,47,duffing,no_physics
205,all_physics_factorial,all_physics_factorial-duffing-relu-no_physics-s47-c68e575119,0.5839590772301672,0.5842454017593658,0.0021776881622583193,relu,0.0073260998363354375,0.00917009040742077,Q3,0.002801712462192202,47,duffing,no_physics
205,all_physics_factorial,all_physics_factorial-duffing-relu-no_physics-s47-c68e575119,0.654854269528632,0.6574576393545056,0.0022186171129827174,relu,0.007550089460420369,0.009585677250231728,Q4,0.0028686254360333835,47,duffing,no_physics
204,all_physics_factorial,all_physics_factorial-duffing-relu-no_physics-s47-c68e575119,0.7751503283244864,0.758356785130839,0.0022053530908266897,relu,0.007463204666867635,0.009439527534471389,Q5,0.002853551528928832,47,duffing,no_physics
205,all_physics_factorial,all_physics_factorial-duffing-relu-physics-s11-5269f2c75e,0.4260185429607537,0.43194158091429863,0.0018628716048003364,relu,0.006141762061739219,0.007803443659701172,Q1,0.0025072670476331024,11,duffing,physics
205,all_physics_factorial,all_physics_factorial-duffing-relu-physics-s11-5269f2c75e,0.5198316481501641,0.5218364617863674,0.0018343467664835326,relu,0.006080708903654908,0.00773012461362321,Q2,0.0024480145466243327,11,duffing,physics
205,all_physics_factorial,all_physics_factorial-duffing-relu-physics-s11-5269f2c75e,0.5839590772301672,0.5842454017593658,0.0017871540021543496,relu,0.005993854211345666,0.007590502779835437,Q3,0.0023546844690114878,11,duffing,physics
205,all_physics_factorial,all_physics_factorial-duffing-relu-physics-s11-5269f2c75e,0.654854269528632,0.6574576393545056,0.0018202023203207872,relu,0.006044020702611625,0.007828373196198444,Q4,0.002457436938146823,11,duffing,physics
204,all_physics_factorial,all_physics_factorial-duffing-relu-physics-s11-5269f2c75e,0.7751503283244864,0.758356785130839,0.0017459679749360173,relu,0.005847233060382766,0.007504003287422344,Q5,0.0023140392879538105,11,duffing,physics
205,all_physics_factorial,all_physics_factorial-duffing-relu-physics-s29-370894d89d,0.4260185429607537,0.43194158091429863,0.001835235470549023,relu,0.006039549117475693,0.007746032821471504,Q1,0.002495104530931377,29,duffing,physics
205,all_physics_factorial,all_physics_factorial-duffing-relu-physics-s29-370894d89d,0.5198316481501641,0.5218364617863674,0.0017897484593626491,relu,0.005950774087001732,0.007587552815579323,Q2,0.002396755071970528,29,duffing,physics
205,all_physics_factorial,all_physics_factorial-duffing-relu-physics-s29-370894d89d,0.5839590772301672,0.5842454017593658,0.0017908868825188397,relu,0.006012385525427496,0.007648954508538807,Q3,0.002363711436447475,29,duffing,physics
205,all_physics_factorial,all_physics_factorial-duffing-relu-physics-s29-370894d89d,0.654854269528632,0.6574576393545056,0.0017964599293652389,relu,0.0059569825786586605,0.007684753120141187,Q4,0.002415782200291784,29,duffing,physics
204,all_physics_factorial,all_physics_factorial-duffing-relu-physics-s29-370894d89d,0.7751503283244864,0.758356785130839,0.001707602641661152,relu,0.005726438171089765,0.007348170952462997,Q5,0.002262236028628593,29,duffing,physics
205,all_physics_factorial,all_physics_factorial-duffing-relu-physics-s47-1554d9df1e,0.4260185429607537,0.43194158091429863,0.0018737620541819857,relu,0.006180607809394633,0.007914927708225187,Q1,0.0025310367899145708,47,duffing,physics
205,all_physics_factorial,all_physics_factorial-duffing-relu-physics-s47-1554d9df1e,0.5198316481501641,0.5218364617863674,0.0018603714769397347,relu,0.00617743061774701,0.007776699422429974,Q2,0.0024614426223240502,47,duffing,physics
205,all_physics_factorial,all_physics_factorial-duffing-relu-physics-s47-1554d9df1e,0.5839590772301672,0.5842454017593658,0.0018049572504534764,relu,0.006058797670156033,0.007744789933658151,Q3,0.0023939572184716058,47,duffing,physics
205,all_physics_factorial,all_physics_factorial-duffing-relu-physics-s47-1554d9df1e,0.654854269528632,0.6574576393545056,0.001841740144105066,relu,0.006120583914771601,0.007958908435742646,Q4,0.0024994632080999925,47,duffing,physics
204,all_physics_factorial,all_physics_factorial-duffing-relu-physics-s47-1554d9df1e,0.7751503283244864,0.758356785130839,0.001753077311729844,relu,0.005863996789660848,0.007550933046844586,Q5,0.0023218054711345933,47,duffing,physics
205,all_physics_factorial,all_physics_factorial-duffing-resmlp-no_physics-s11-c50d03a4de,0.4260185429607537,0.43194158091429863,0.0012488423618933445,resmlp,0.004060488302671336,0.005360973564932891,Q1,0.0017918495469157524,11,duffing,no_physics
205,all_physics_factorial,all_physics_factorial-duffing-resmlp-no_physics-s11-c50d03a4de,0.5198316481501641,0.5218364617863674,0.0012031958171907563,resmlp,0.003925964435891523,0.005175217938168712,Q2,0.0016978842564471968,11,duffing,no_physics
205,all_physics_factorial,all_physics_factorial-duffing-resmlp-no_physics-s11-c50d03a4de,0.5839590772301672,0.5842454017593658,0.0012133239660060344,resmlp,0.003984267104668424,0.005265449398082007,Q3,0.0017130438823880594,11,duffing,no_physics
205,all_physics_factorial,all_physics_factorial-duffing-resmlp-no_physics-s11-c50d03a4de,0.654854269528632,0.6574576393545056,0.0012154926126929308,resmlp,0.004005889418104011,0.005249644390757386,Q4,0.0016788637643121629,11,duffing,no_physics
204,all_physics_factorial,all_physics_factorial-duffing-resmlp-no_physics-s11-c50d03a4de,0.7751503283244864,0.758356785130839,0.0012338747257190869,resmlp,0.004076998207497322,0.005249621554483733,Q5,0.001670030903553874,11,duffing,no_physics
205,all_physics_factorial,all_physics_factorial-duffing-resmlp-no_physics-s29-8d705cd435,0.4260185429607537,0.43194158091429863,0.0011606512150914257,resmlp,0.003908014900159929,0.004934907037258846,Q1,0.0015032140633005101,29,duffing,no_physics
205,all_physics_factorial,all_physics_factorial-duffing-resmlp-no_physics-s29-8d705cd435,0.5198316481501641,0.5218364617863674,0.0011400172177761815,resmlp,0.0038192185397043833,0.004971903260954905,Q2,0.0015149171661699226,29,duffing,no_physics
205,all_physics_factorial,all_physics_factorial-duffing-resmlp-no_physics-s29-8d705cd435,0.5839590772301672,0.5842454017593658,0.0011191515489660626,resmlp,0.0038077601893028727,0.004956998191451658,Q3,0.0014803139650941906,29,duffing,no_physics
205,all_physics_factorial,all_physics_factorial-duffing-resmlp-no_physics-s29-8d705cd435,0.654854269528632,0.6574576393545056,0.0011336281996613606,resmlp,0.003813851956637156,0.005000901483531728,Q4,0.0015177277946605513,29,duffing,no_physics
204,all_physics_factorial,all_physics_factorial-duffing-resmlp-no_physics-s29-8d705cd435,0.7751503283244864,0.758356785130839,0.0011389589827095002,resmlp,0.00384034630241889,0.004972050270624695,Q5,0.001500589605944693,29,duffing,no_physics
205,all_physics_factorial,all_physics_factorial-duffing-resmlp-no_physics-s47-d1ad3a387d,0.4260185429607537,0.43194158091429863,0.0010896838012851686,resmlp,0.0036288545983457986,0.004658873773569211,Q1,0.0014565550232746376,47,duffing,no_physics
205,all_physics_factorial,all_physics_factorial-duffing-resmlp-no_physics-s47-d1ad3a387d,0.5198316481501641,0.5218364617863674,0.0010412435747417564,resmlp,0.003506167418887255,0.004491760073405757,Q2,0.0013796013672836265,47,duffing,no_physics
205,all_physics_factorial,all_physics_factorial-duffing-resmlp-no_physics-s47-d1ad3a387d,0.5839590772301672,0.5842454017593658,0.001073435203300217,resmlp,0.00355842320030241,0.004727273004433365,Q3,0.0014802085091113605,47,duffing,no_physics
205,all_physics_factorial,all_physics_factorial-duffing-resmlp-no_physics-s47-d1ad3a387d,0.654854269528632,0.6574576393545056,0.0010659136972851516,resmlp,0.0035896459728561765,0.004738046590857659,Q4,0.0014482434283203355,47,duffing,no_physics
204,all_physics_factorial,all_physics_factorial-duffing-resmlp-no_physics-s47-d1ad3a387d,0.7751503283244864,0.758356785130839,0.001090537104065494,resmlp,0.003690720431842519,0.004856692862757726,Q5,0.001469401429941372,47,duffing,no_physics
205,all_physics_factorial,all_physics_factorial-duffing-resmlp-physics-s11-6c58b8cd5c,0.4260185429607537,0.43194158091429863,0.0007187435643262267,resmlp,0.0023353186992642813,0.0032833677725344398,Q1,0.001104804057849761,11,duffing,physics
205,all_physics_factorial,all_physics_factorial-duffing-resmlp-physics-s11-6c58b8cd5c,0.5198316481501641,0.5218364617863674,0.0006787171438989434,resmlp,0.0022102621567971596,0.0030771843688812525,Q2,0.0010131981509340726,11,duffing,physics
205,all_physics_factorial,all_physics_factorial-duffing-resmlp-physics-s11-6c58b8cd5c,0.5839590772301672,0.5842454017593658,0.000700985933166876,resmlp,0.0022909331429531075,0.00312312163570864,Q3,0.001011680457609352,11,duffing,physics
205,all_physics_factorial,all_physics_factorial-duffing-resmlp-physics-s11-6c58b8cd5c,0.654854269528632,0.6574576393545056,0.0006432763824172648,resmlp,0.0021325413440437166,0.002838546609161547,Q4,0.0008909469733350663,11,duffing,physics
204,all_physics_factorial,all_physics_factorial-duffing-resmlp-physics-s11-6c58b8cd5c,0.7751503283244864,0.758356785130839,0.0006736909110134316,resmlp,0.0022382283525824846,0.0030238021423600395,Q5,0.0009546575663313767,11,duffing,physics
205,all_physics_factorial,all_physics_factorial-duffing-resmlp-physics-s29-5e583d3d5b,0.4260185429607537,0.43194158091429863,0.0006499166360343934,resmlp,0.0021732406239834317,0.002875149849493843,Q1,0.0009021610431693618,29,duffing,physics
205,all_physics_factorial,all_physics_factorial-duffing-resmlp-physics-s29-5e583d3d5b,0.5198316481501641,0.5218364617863674,0.0006246787501589917,resmlp,0.002111285139234336,0.002762570948846596,Q2,0.0008360677658889629,29,duffing,physics
205,all_physics_factorial,all_physics_factorial-duffing-resmlp-physics-s29-5e583d3d5b,0.5839590772301672,0.5842454017593658,0.0006658409244154449,resmlp,0.0022464764434978342,0.0029649221442633175,Q3,0.0009033152248030529,29,duffing,physics
205,all_physics_factorial,all_physics_factorial-duffing-resmlp-physics-s29-5e583d3d5b,0.654854269528632,0.6574576393545056,0.0006312789395629008,resmlp,0.002137238766077516,0.002834138365300833,Q4,0.0008546623197380427,29,duffing,physics
204,all_physics_factorial,all_physics_factorial-duffing-resmlp-physics-s29-5e583d3d5b,0.7751503283244864,0.758356785130839,0.0006569110082904552,resmlp,0.002223605112035319,0.0028876429244570636,Q5,0.000862663494015332,29,duffing,physics
205,all_physics_factorial,all_physics_factorial-duffing-resmlp-physics-s47-3c261353b6,0.4260185429607537,0.43194158091429863,0.0006321568080948499,resmlp,0.0020678366917687005,0.0027733064097525393,Q1,0.0009079237719815243,47,duffing,physics
205,all_physics_factorial,all_physics_factorial-duffing-resmlp-physics-s47-3c261353b6,0.5198316481501641,0.5218364617863674,0.0006284775917287689,resmlp,0.0020886109274339346,0.002702448121560963,Q2,0.0008466792496703644,47,duffing,physics
205,all_physics_factorial,all_physics_factorial-duffing-resmlp-physics-s47-3c261353b6,0.5839590772301672,0.5842454017593658,0.000675877409603123,resmlp,0.002247585810516988,0.003063072442041474,Q3,0.0009687429608244514,47,duffing,physics
205,all_physics_factorial,all_physics_factorial-duffing-resmlp-physics-s47-3c261353b6,0.654854269528632,0.6574576393545056,0.0006334317816675516,resmlp,0.0021309985059987636,0.0028103081624019422,Q4,0.0008591229549715033,47,duffing,physics
204,all_physics_factorial,all_physics_factorial-duffing-resmlp-physics-s47-3c261353b6,0.7751503283244864,0.758356785130839,0.000646702302941883,resmlp,0.0021882780348936,0.0030032759835002484,Q5,0.0009048423076341912,47,duffing,physics
205,all_physics_factorial,all_physics_factorial-duffing-silu-no_physics-s11-4394112c84,0.4260185429607537,0.43194158091429863,0.002271260709192841,silu,0.007348539565377286,0.010404058463390741,Q1,0.0035166950132280777,11,duffing,no_physics
205,all_physics_factorial,all_physics_factorial-duffing-silu-no_physics-s11-4394112c84,0.5198316481501641,0.5218364617863674,0.002163082650023592,silu,0.007155232513164818,0.009898020171849367,Q2,0.0031291080761064335,11,duffing,no_physics
205,all_physics_factorial,all_physics_factorial-duffing-silu-no_physics-s11-4394112c84,0.5839590772301672,0.5842454017593658,0.0021929523120778004,silu,0.007285170038070882,0.00990276949353859,Q3,0.0030947768145811565,11,duffing,no_physics
205,all_physics_factorial,all_physics_factorial-duffing-silu-no_physics-s11-4394112c84,0.654854269528632,0.6574576393545056,0.0022096798570845106,silu,0.007375374909316142,0.01004562310662778,Q4,0.003109944081709538,11,duffing,no_physics
204,all_physics_factorial,all_physics_factorial-duffing-silu-no_physics-s11-4394112c84,0.7751503283244864,0.758356785130839,0.002209554279738322,silu,0.007482589346788126,0.010075265722641768,Q5,0.0030167328630933015,11,duffing,no_physics
205,all_physics_factorial,all_physics_factorial-duffing-silu-no_physics-s29-64e7ed6a8c,0.4260185429607537,0.43194158091429863,0.002251378261311535,silu,0.007288771579085585,0.01036407670159213,Q1,0.0034932804964044697,29,duffing,no_physics
205,all_physics_factorial,all_physics_factorial-duffing-silu-no_physics-s29-64e7ed6a8c,0.5198316481501641,0.5218364617863674,0.002155828978827297,silu,0.007124050164878016,0.009903401420338343,Q2,0.0031266957442699734,29,duffing,no_physics
205,all_physics_factorial,all_physics_factorial-duffing-silu-no_physics-s29-64e7ed6a8c,0.5839590772301672,0.5842454017593658,0.0021901520036408328,silu,0.007287914077044984,0.009934469847645693,Q3,0.0031015731327412215,29,duffing,no_physics
205,all_physics_factorial,all_physics_factorial-duffing-silu-no_physics-s29-64e7ed6a8c,0.654854269528632,0.6574576393545056,0.0021901951446346994,silu,0.007317850269473758,0.010016593389785066,Q4,0.003089080091708596,29,duffing,no_physics
204,all_physics_factorial,all_physics_factorial-duffing-silu-no_physics-s29-64e7ed6a8c,0.7751503283244864,0.758356785130839,0.0021966425306345627,silu,0.007458258878407466,0.010088873845185161,Q5,0.0030103556569491567,29,duffing,no_physics
205,all_physics_factorial,all_physics_factorial-duffing-silu-no_physics-s47-34e494dcf3,0.4260185429607537,0.43194158091429863,0.00226216561153617,silu,0.007325244969288422,0.01032529398388327,Q1,0.00346849597773758,47,duffing,no_physics
205,all_physics_factorial,all_physics_factorial-duffing-silu-no_physics-s47-34e494dcf3,0.5198316481501641,0.5218364617863674,0.002178984948646181,silu,0.007209076579257189,0.009921118205756979,Q2,0.003128207056473537,47,duffing,no_physics
205,all_physics_factorial,all_physics_factorial-duffing-silu-no_physics-s47-34e494dcf3,0.5839590772301672,0.5842454017593658,0.00220363541841546,silu,0.0073456080020604594,0.009932147767040368,Q3,0.003087879102945195,47,duffing,no_physics
205,all_physics_factorial,all_physics_factorial-duffing-silu-no_physics-s47-34e494dcf3,0.654854269528632,0.6574576393545056,0.0022071463110744554,silu,0.007402575853367222,0.009992163743496704,Q4,0.003067685339171529,47,duffing,no_physics
204,all_physics_factorial,all_physics_factorial-duffing-silu-no_physics-s47-34e494dcf3,0.7751503283244864,0.758356785130839,0.002193808343129015,silu,0.007460493620644,0.010056638336725368,Q5,0.0029888919845381962,47,duffing,no_physics
205,all_physics_factorial,all_physics_factorial-duffing-silu-physics-s11-565c5d1e16,0.4260185429607537,0.43194158091429863,0.001492540740675794,silu,0.0048454953438768315,0.006486087021114969,Q1,0.002174990126285772,11,duffing,physics
205,all_physics_factorial,all_physics_factorial-duffing-silu-physics-s11-565c5d1e16,0.5198316481501641,0.5218364617863674,0.00137404383947397,silu,0.0045791423096091565,0.005995941354949217,Q2,0.0018830448163411322,11,duffing,physics
205,all_physics_factorial,all_physics_factorial-duffing-silu-physics-s11-565c5d1e16,0.5839590772301672,0.5842454017593658,0.0014331068442227594,silu,0.004735750310530349,0.006075674763883905,Q3,0.0019218714925085046,11,duffing,physics
205,all_physics_factorial,all_physics_factorial-duffing-silu-physics-s11-565c5d1e16,0.654854269528632,0.6574576393545056,0.001408276919196729,silu,0.00469413275732082,0.006017964317004314,Q4,0.0018639114549309829,11,duffing,physics
204,all_physics_factorial,all_physics_factorial-duffing-silu-physics-s11-565c5d1e16,0.7751503283244864,0.758356785130839,0.0013881511568333913,silu,0.004618483237226905,0.005984197701681026,Q5,0.0018762022767348878,11,duffing,physics
205,all_physics_factorial,all_physics_factorial-duffing-silu-physics-s29-8d533a9999,0.4260185429607537,0.43194158091429863,0.0014816033888919485,silu,0.00481580197933979,0.006451053828355452,Q1,0.002164887953579485,29,duffing,physics
205,all_physics_factorial,all_physics_factorial-duffing-silu-physics-s29-8d533a9999,0.5198316481501641,0.5218364617863674,0.0013927728424388943,silu,0.004624966720332734,0.006047326557081708,Q2,0.0019158698583504434,29,duffing,physics
205,all_physics_factorial,all_physics_factorial-duffing-silu-physics-s29-8d533a9999,0.5839590772301672,0.5842454017593658,0.0014449390420229133,silu,0.004762548560830608,0.006122167981784151,Q3,0.0019490666531766924,29,duffing,physics
205,all_physics_factorial,all_physics_factorial-duffing-silu-physics-s29-8d533a9999,0.654854269528632,0.6574576393545056,0.0013941839917473461,silu,0.004629641218244253,0.005951863870798397,Q4,0.0018575585028231378,29,duffing,physics
204,all_physics_factorial,all_physics_factorial-duffing-silu-physics-s29-8d533a9999,0.7751503283244864,0.758356785130839,0.0013544695351204912,silu,0.0044934424348870225,0.005827437266453817,Q5,0.0018341871736602638,29,duffing,physics
205,all_physics_factorial,all_physics_factorial-duffing-silu-physics-s47-5b2c8118a9,0.4260185429607537,0.43194158091429863,0.001505804593944049,silu,0.004882955361588149,0.006529840420927993,Q1,0.002192551596604177,47,duffing,physics
205,all_physics_factorial,all_physics_factorial-duffing-silu-physics-s47-5b2c8118a9,0.5198316481501641,0.5218364617863674,0.0013614209025257788,silu,0.0045230774210672335,0.00594105810926456,Q2,0.001873132741287919,47,duffing,physics
205,all_physics_factorial,all_physics_factorial-duffing-silu-physics-s47-5b2c8118a9,0.5839590772301672,0.5842454017593658,0.0014393930110156538,silu,0.004747866344918143,0.006099033048460492,Q3,0.0019309579483061928,47,duffing,physics
205,all_physics_factorial,all_physics_factorial-duffing-silu-physics-s47-5b2c8118a9,0.654854269528632,0.6574576393545056,0.0014030320932073574,silu,0.004662390902027679,0.005998591287013049,Q4,0.0018662052024791779,47,duffing,physics
204,all_physics_factorial,all_physics_factorial-duffing-silu-physics-s47-5b2c8118a9,0.7751503283244864,0.758356785130839,0.0013767868723941017,silu,0.0045683904576270026,0.0059110991247972935,Q5,0.001863035868163907,47,duffing,physics
205,all_physics_factorial,all_physics_factorial-duffing-swiglu-no_physics-s11-b59cfcd18e,0.4260185429607537,0.43194158091429863,0.001176994449868777,swiglu,0.0038948168341141334,0.005131883325725206,Q1,0.0016351375321968459,11,duffing,no_physics
205,all_physics_factorial,all_physics_factorial-duffing-swiglu-no_physics-s11-b59cfcd18e,0.5198316481501641,0.5218364617863674,0.0011241653335717983,swiglu,0.003730843999627295,0.004853693685885034,Q2,0.0015400878588501686,11,duffing,no_physics
205,all_physics_factorial,all_physics_factorial-duffing-swiglu-no_physics-s11-b59cfcd18e,0.5839590772301672,0.5842454017593658,0.001188823971793548,swiglu,0.003937503669940536,0.005335500538802077,Q3,0.001675127696741985,11,duffing,no_physics
205,all_physics_factorial,all_physics_factorial-duffing-swiglu-no_physics-s11-b59cfcd18e,0.654854269528632,0.6574576393545056,0.001167908261928327,swiglu,0.0038530095377190435,0.005128895695734582,Q4,0.0016440951188902203,11,duffing,no_physics
204,all_physics_factorial,all_physics_factorial-duffing-swiglu-no_physics-s11-b59cfcd18e,0.7751503283244864,0.758356785130839,0.001270715214657542,swiglu,0.004234240086887664,0.005707486966629427,Q5,0.0018011191356953195,11,duffing,no_physics
205,all_physics_factorial,all_physics_factorial-duffing-swiglu-no_physics-s29-4b56b4c5c9,0.4260185429607537,0.43194158091429863,0.0011096933622932893,swiglu,0.0036634362672884157,0.004831504623195311,Q1,0.0015487936220721765,29,duffing,no_physics
205,all_physics_factorial,all_physics_factorial-duffing-swiglu-no_physics-s29-4b56b4c5c9,0.5198316481501641,0.5218364617863674,0.0010768938951248234,swiglu,0.0035903674968544618,0.004632470054866546,Q2,0.0014636184827597203,29,duffing,no_physics
205,all_physics_factorial,all_physics_factorial-duffing-swiglu-no_physics-s29-4b56b4c5c9,0.5839590772301672,0.5842454017593658,0.0011237139926157486,swiglu,0.0037207965821978947,0.005098174750153218,Q3,0.0016082119283458288,29,duffing,no_physics
205,all_physics_factorial,all_physics_factorial-duffing-swiglu-no_physics-s29-4b56b4c5c9,0.654854269528632,0.6574576393545056,0.0011037421511612526,swiglu,0.003650476455637051,0.004838864313638613,Q4,0.00153992031681355,29,duffing,no_physics
204,all_physics_factorial,all_physics_factorial-duffing-swiglu-no_physics-s29-4b56b4c5c9,0.7751503283244864,0.758356785130839,0.001193685104681208,swiglu,0.003947429525469372,0.0053048946735256685,Q5,0.0016824706947847405,29,duffing,no_physics
205,all_physics_factorial,all_physics_factorial-duffing-swiglu-no_physics-s47-cf055874dc,0.4260185429607537,0.43194158091429863,0.001120845003433493,swiglu,0.003702963698250987,0.004914300685190635,Q1,0.0015722887286992845,47,duffing,no_physics
205,all_physics_factorial,all_physics_factorial-duffing-swiglu-no_physics-s47-cf055874dc,0.5198316481501641,0.5218364617863674,0.0010508009020246923,swiglu,0.0035121431397451557,0.004626628824174604,Q2,0.001454264031960723,47,duffing,no_physics
205,all_physics_factorial,all_physics_factorial-duffing-swiglu-no_physics-s47-cf055874dc,0.5839590772301672,0.5842454017593658,0.001146202842640533,swiglu,0.003799467093694992,0.005214802986148261,Q3,0.001634385144721125,47,duffing,no_physics
205,all_physics_factorial,all_physics_factorial-duffing-swiglu-no_physics-s47-cf055874dc,0.654854269528632,0.6574576393545056,0.0011155415941973886,swiglu,0.0036953039296855382,0.00486229385366264,Q4,0.0015422336687224204,47,duffing,no_physics
204,all_physics_factorial,all_physics_factorial-duffing-swiglu-no_physics-s47-cf055874dc,0.7751503283244864,0.758356785130839,0.0012080947514696877,swiglu,0.004006062025574003,0.005367813293409673,Q5,0.0017020122668176207,47,duffing,no_physics
205,all_physics_factorial,all_physics_factorial-duffing-swiglu-physics-s11-9973cf6ba7,0.4260185429607537,0.43194158091429863,0.0006168676729718821,swiglu,0.002012662460202731,0.002909261655657917,Q1,0.0009619731144514779,11,duffing,physics
205,all_physics_factorial,all_physics_factorial-duffing-swiglu-physics-s11-9973cf6ba7,0.5198316481501641,0.5218364617863674,0.0005820272144685477,swiglu,0.0019148880347615814,0.002620292322126531,Q2,0.0008428155095915466,11,duffing,physics
205,all_physics_factorial,all_physics_factorial-duffing-swiglu-physics-s11-9973cf6ba7,0.5839590772301672,0.5842454017593658,0.0006284524514274203,swiglu,0.0020889969730704555,0.002966985477062914,Q3,0.0009180143935637792,11,duffing,physics
205,all_physics_factorial,all_physics_factorial-duffing-swiglu-physics-s11-9973cf6ba7,0.654854269528632,0.6574576393545056,0.0006039526435459976,swiglu,0.0020132135478254684,0.0027199668370206957,Q4,0.0008408849126857127,11,duffing,physics
204,all_physics_factorial,all_physics_factorial-duffing-swiglu-physics-s11-9973cf6ba7,0.7751503283244864,0.758356785130839,0.0005778290516954096,swiglu,0.0019203101230561375,0.002557332375882343,Q5,0.0007901202056389971,11,duffing,physics
205,all_physics_factorial,all_physics_factorial-duffing-swiglu-physics-s29-a6fd54d00d,0.4260185429607537,0.43194158091429863,0.0006267594430604865,swiglu,0.0020384062422508314,0.002885984439426452,Q1,0.0009559971167794037,29,duffing,physics
205,all_physics_factorial,all_physics_factorial-duffing-swiglu-physics-s29-a6fd54d00d,0.5198316481501641,0.5218364617863674,0.0005996914187917576,swiglu,0.0019582876050003996,0.0026653452898326912,Q2,0.0008645696608458032,29,duffing,physics
205,all_physics_factorial,all_physics_factorial-duffing-swiglu-physics-s29-a6fd54d00d,0.5839590772301672,0.5842454017593658,0.0006457652083643152,swiglu,0.002127993785193385,0.003029768554191283,Q3,0.0009644578335603177,29,duffing,physics
205,all_physics_factorial,all_physics_factorial-duffing-swiglu-physics-s29-a6fd54d00d,0.654854269528632,0.6574576393545056,0.0005941460155931631,swiglu,0.0019615585749095843,0.0026832008770316315,Q4,0.0008349396022960782,29,duffing,physics
204,all_physics_factorial,all_physics_factorial-duffing-swiglu-physics-s29-a6fd54d00d,0.7751503283244864,0.758356785130839,0.0005767786665987218,swiglu,0.0019124431583881663,0.0025613955766452773,Q5,0.0007952056718310201,29,duffing,physics
205,all_physics_factorial,all_physics_factorial-duffing-swiglu-physics-s47-0570c8f9d2,0.4260185429607537,0.43194158091429863,0.0006034849408157553,swiglu,0.0019922840338378804,0.0027979902001081854,Q1,0.0009090312607037814,47,duffing,physics
205,all_physics_factorial,all_physics_factorial-duffing-swiglu-physics-s47-0570c8f9d2,0.5198316481501641,0.5218364617863674,0.0005914928518638878,swiglu,0.001976976886335666,0.002734792113556432,Q2,0.0008673996476615347,47,duffing,physics
205,all_physics_factorial,all_physics_factorial-duffing-swiglu-physics-s47-0570c8f9d2,0.5839590772301672,0.5842454017593658,0.0006297276336293335,swiglu,0.0021170067308517748,0.0030278636735819498,Q3,0.0009172142797113667,47,duffing,physics
205,all_physics_factorial,all_physics_factorial-duffing-swiglu-physics-s47-0570c8f9d2,0.654854269528632,0.6574576393545056,0.0005854877431929486,swiglu,0.001977851183927339,0.00265547400597527,Q4,0.0008032048170504383,47,duffing,physics
204,all_physics_factorial,all_physics_factorial-duffing-swiglu-physics-s47-0570c8f9d2,0.7751503283244864,0.758356785130839,0.0005983622489325438,swiglu,0.002018917269458174,0.0027027699523585053,Q5,0.0008132264325781687,47,duffing,physics
205,all_physics_factorial,all_physics_factorial-ieee118-fourier-no_physics-s11-e62b344126,0.0012815212877709968,0.0013085881754753416,0.0003698854384606036,fourier,0.010145003780178963,0.013356707200652284,Q1,0.0005488116172536338,11,ieee118,no_physics
205,all_physics_factorial,all_physics_factorial-ieee118-fourier-no_physics-s11-e62b344126,0.0017006979806648034,0.0016946894934823438,0.00038234919239462327,fourier,0.010465627865252524,0.01349735985611589,Q2,0.0005542529394351237,11,ieee118,no_physics
205,all_physics_factorial,all_physics_factorial-ieee118-fourier-no_physics-s11-e62b344126,0.0021175907516254905,0.0021101348565217494,0.0003616606294889561,fourier,0.00989495728309476,0.012608865828182447,Q3,0.0005238266599550265,11,ieee118,no_physics
205,all_physics_factorial,all_physics_factorial-ieee118-fourier-no_physics-s11-e62b344126,0.0026864059221111576,0.0026763420563608916,0.0004086856622661232,fourier,0.011101563856438696,0.014743152706225246,Q4,0.0006231770719447949,11,ieee118,no_physics
204,all_physics_factorial,all_physics_factorial-ieee118-fourier-no_physics-s11-e62b344126,0.004140207552341843,0.003753599137773711,0.00039783407509901616,fourier,0.010884722919214749,0.014089590946949738,Q5,0.0005937450550342958,11,ieee118,no_physics
205,all_physics_factorial,all_physics_factorial-ieee118-fourier-no_physics-s29-9d41828032,0.0012815212877709968,0.0013085881754753416,0.0004100160214858295,fourier,0.011100562725787973,0.014664040864420524,Q1,0.0006275611811700522,29,ieee118,no_physics
205,all_physics_factorial,all_physics_factorial-ieee118-fourier-no_physics-s29-9d41828032,0.0017006979806648034,0.0016946894934823438,0.0003854261844450358,fourier,0.0105167875563925,0.014085762871299683,Q2,0.0005930796164009557,29,ieee118,no_physics
205,all_physics_factorial,all_physics_factorial-ieee118-fourier-no_physics-s29-9d41828032,0.0021175907516254905,0.0021101348565217494,0.00037224896514142863,fourier,0.010082094411424882,0.012871173990987311,Q3,0.0005686660898386557,29,ieee118,no_physics
205,all_physics_factorial,all_physics_factorial-ieee118-fourier-no_physics-s29-9d41828032,0.0026864059221111576,0.0026763420563608916,0.00041165798517721585,fourier,0.011225640823778835,0.015303842759610248,Q4,0.0006360844259214684,29,ieee118,no_physics
204,all_physics_factorial,all_physics_factorial-ieee118-fourier-no_physics-s29-9d41828032,0.004140207552341843,0.003753599137773711,0.00040609630329620645,fourier,0.011019900141798924,0.01464462172712163,Q5,0.0006260532896871599,29,ieee118,no_physics
205,all_physics_factorial,all_physics_factorial-ieee118-fourier-no_physics-s47-bed09b508c,0.0012815212877709968,0.0013085881754753416,0.0003694532747092937,fourier,0.0101815007783497,0.01303840686007411,Q1,0.0005349403564289624,47,ieee118,no_physics
205,all_physics_factorial,all_physics_factorial-ieee118-fourier-no_physics-s47-bed09b508c,0.0017006979806648034,0.0016946894934823438,0.0003914760844975838,fourier,0.010715668165332903,0.013758584818338877,Q2,0.0005669708290470574,47,ieee118,no_physics
205,all_physics_factorial,all_physics_factorial-ieee118-fourier-no_physics-s47-bed09b508c,0.0021175907516254905,0.0021101348565217494,0.0003959823993629703,fourier,0.010816682897732265,0.01390179860723652,Q3,0.0005793845638506143,47,ieee118,no_physics
205,all_physics_factorial,all_physics_factorial-ieee118-fourier-no_physics-s47-bed09b508c,0.0026864059221111576,0.0026763420563608916,0.00042719159440958275,fourier,0.011736454206225539,0.018041630086492157,Q4,0.0007228973004994889,47,ieee118,no_physics
204,all_physics_factorial,all_physics_factorial-ieee118-fourier-no_physics-s47-bed09b508c,0.004140207552341843,0.003753599137773711,0.00042269289162309394,fourier,0.011464912807167962,0.014706539850624954,Q5,0.0006435445093829547,47,ieee118,no_physics
205,all_physics_factorial,all_physics_factorial-ieee118-fourier-physics-s11-24cec447b1,0.0012815212877709968,0.0013085881754753416,6.526264796887512e-05,fourier,0.0017773636834886412,0.0022364315588970438,Q1,9.193764861508675e-05,11,ieee118,physics
205,all_physics_factorial,all_physics_factorial-ieee118-fourier-physics-s11-24cec447b1,0.0017006979806648034,0.0016946894934823438,6.604644912119704e-05,fourier,0.0017937959520136061,0.002260085619130346,Q2,9.280571564614444e-05,11,ieee118,physics
205,all_physics_factorial,all_physics_factorial-ieee118-fourier-physics-s11-24cec447b1,0.0021175907516254905,0.0021101348565217494,6.562790624670821e-05,fourier,0.0017833660764363434,0.0022427410553471296,Q3,9.172746605073182e-05,11,ieee118,physics
205,all_physics_factorial,all_physics_factorial-ieee118-fourier-physics-s11-24cec447b1,0.0026864059221111576,0.0026763420563608916,6.626130414753968e-05,fourier,0.001806737704233278,0.0022780832912895213,Q4,9.336638974596815e-05,11,ieee118,physics
204,all_physics_factorial,all_physics_factorial-ieee118-fourier-physics-s11-24cec447b1,0.004140207552341843,0.003753599137773711,6.87232925977033e-05,fourier,0.0018279689899053076,0.0023369484011856903,Q5,0.00011699263162565211,11,ieee118,physics
205,all_physics_factorial,all_physics_factorial-ieee118-fourier-physics-s29-eed5143f94,0.0012815212877709968,0.0013085881754753416,6.226065660277663e-05,fourier,0.0016949125704051572,0.002129516578396292,Q1,8.627018934934623e-05,29,ieee118,physics
205,all_physics_factorial,all_physics_factorial-ieee118-fourier-physics-s29-eed5143f94,0.0017006979806648034,0.0016946894934823438,6.219788505479044e-05,fourier,0.0016884527926194668,0.002122591444431878,Q2,8.698441783664903e-05,29,ieee118,physics
205,all_physics_factorial,all_physics_factorial-ieee118-fourier-physics-s29-eed5143f94,0.0021175907516254905,0.0021101348565217494,6.338536101141556e-05,fourier,0.001716450948424868,0.0021647563317262427,Q3,8.937239077864273e-05,29,ieee118,physics
205,all_physics_factorial,all_physics_factorial-ieee118-fourier-physics-s29-eed5143f94,0.0026864059221111576,0.0026763420563608916,6.306384056179956e-05,fourier,0.0017057578026148097,0.0021464141430901553,Q4,8.926317241648883e-05,29,ieee118,physics
204,all_physics_factorial,all_physics_factorial-ieee118-fourier-physics-s29-eed5143f94,0.004140207552341843,0.003753599137773711,6.448472695378974e-05,fourier,0.0017073845952411547,0.002190524932928394,Q5,0.00011193292188921525,29,ieee118,physics
205,all_physics_factorial,all_physics_factorial-ieee118-fourier-physics-s47-ce5f62e6e1,0.0012815212877709968,0.0013085881754753416,6.46118961578764e-05,fourier,0.0017779496065917042,0.0022340234481347584,Q1,8.888554335864363e-05,47,ieee118,physics
205,all_physics_factorial,all_physics_factorial-ieee118-fourier-physics-s47-ce5f62e6e1,0.0017006979806648034,0.0016946894934823438,6.49774032322037e-05,fourier,0.0017811377599112974,0.002247043206827883,Q2,9.084710599485945e-05,47,ieee118,physics
205,all_physics_factorial,all_physics_factorial-ieee118-fourier-physics-s47-ce5f62e6e1,0.0021175907516254905,0.0021101348565217494,6.46451578728757e-05,fourier,0.0017702766192925982,0.0022263845189308532,Q3,8.964865282704927e-05,47,ieee118,physics
205,all_physics_factorial,all_physics_factorial-ieee118-fourier-physics-s47-ce5f62e6e1,0.0026864059221111576,0.0026763420563608916,6.602012829219908e-05,fourier,0.0018127017587207498,0.0022890984456665794,Q4,9.276168376614981e-05,47,ieee118,physics
204,all_physics_factorial,all_physics_factorial-ieee118-fourier-physics-s47-ce5f62e6e1,0.004140207552341843,0.003753599137773711,6.839154995473582e-05,fourier,0.001819721245713143,0.0023296111050479583,Q5,0.00011844126780384145,47,ieee118,physics
205,all_physics_factorial,all_physics_factorial-ieee118-ganr-no_physics-s11-f0aa236918,0.0012815212877709968,0.0013085881754753416,0.00019315899292647913,ganr,0.0052963749681757665,0.006809517112104266,Q1,0.00027294711210030175,11,ieee118,no_physics
205,all_physics_factorial,all_physics_factorial-ieee118-ganr-no_physics-s11-f0aa236918,0.0017006979806648034,0.0016946894934823438,0.0001769337572460689,ganr,0.004852954504523723,0.00641082656063178,Q2,0.0002619842207876703,11,ieee118,no_physics
205,all_physics_factorial,all_physics_factorial-ieee118-ganr-no_physics-s11-f0aa236918,0.0021175907516254905,0.0021101348565217494,0.00017857806333565612,ganr,0.004882776855039964,0.006481619275499528,Q3,0.00026510457292877284,11,ieee118,no_physics
205,all_physics_factorial,all_physics_factorial-ieee118-ganr-no_physics-s11-f0aa236918,0.0026864059221111576,0.0026763420563608916,0.00018528887099904197,ganr,0.0050540334947978315,0.006814310912866925,Q4,0.0002842282661830892,11,ieee118,no_physics
204,all_physics_factorial,all_physics_factorial-ieee118-ganr-no_physics-s11-f0aa236918,0.004140207552341843,0.003753599137773711,0.0001846077301597961,ganr,0.004954402078223441,0.006775496148763519,Q5,0.00030534920921883204,11,ieee118,no_physics
205,all_physics_factorial,all_physics_factorial-ieee118-ganr-no_physics-s29-0616458030,0.0012815212877709968,0.0013085881754753416,0.00018696698130544416,ganr,0.005122357602597833,0.00659003331187559,Q1,0.0002653226931513106,29,ieee118,no_physics
205,all_physics_factorial,all_physics_factorial-ieee118-ganr-no_physics-s29-0616458030,0.0017006979806648034,0.0016946894934823438,0.00017388713777581028,ganr,0.004757892680483585,0.006296837454792972,Q2,0.00025845016060416454,29,ieee118,no_physics
205,all_physics_factorial,all_physics_factorial-ieee118-ganr-no_physics-s29-0616458030,0.0021175907516254905,0.0021101348565217494,0.00017531433440838736,ganr,0.004788348127619421,0.006329539720090183,Q3,0.0002602424344573374,29,ieee118,no_physics
205,all_physics_factorial,all_physics_factorial-ieee118-ganr-no_physics-s29-0616458030,0.0026864059221111576,0.0026763420563608916,0.00018783759860938927,ganr,0.005104726805084243,0.007340412752331689,Q4,0.0003053552084808949,29,ieee118,no_physics
204,all_physics_factorial,all_physics_factorial-ieee118-ganr-no_physics-s29-0616458030,0.004140207552341843,0.003753599137773711,0.00017974718785023473,ganr,0.004819691007170636,0.006617947088994564,Q5,0.0003002853156914995,29,ieee118,no_physics
205,all_physics_factorial,all_physics_factorial-ieee118-ganr-no_physics-s47-3ef5a65e02,0.0012815212877709968,0.0013085881754753416,0.00019073758872145837,ganr,0.005235029315920457,0.006736973270263635,Q1,0.00026960406753495853,47,ieee118,no_physics
205,all_physics_factorial,all_physics_factorial-ieee118-ganr-no_physics-s47-3ef5a65e02,0.0017006979806648034,0.0016946894934823438,0.00017688517054735445,ganr,0.004845193988564876,0.006371764695727285,Q2,0.0002605076406666039,47,ieee118,no_physics
205,all_physics_factorial,all_physics_factorial-ieee118-ganr-no_physics-s47-3ef5a65e02,0.0021175907516254905,0.0021101348565217494,0.00017682728422948062,ganr,0.0048338054230510795,0.006404926678354772,Q3,0.00026249199587402697,47,ieee118,no_physics
205,all_physics_factorial,all_physics_factorial-ieee118-ganr-no_physics-s47-3ef5a65e02,0.0026864059221111576,0.0026763420563608916,0.00018546980714136601,ganr,0.005055740175605089,0.006991307445482163,Q4,0.0002913713071372844,47,ieee118,no_physics
204,all_physics_factorial,all_physics_factorial-ieee118-ganr-no_physics-s47-3ef5a65e02,0.004140207552341843,0.003753599137773711,0.00018386991965136488,ganr,0.004942814152970794,0.006839918199915901,Q5,0.00030772769830178097,47,ieee118,no_physics
205,all_physics_factorial,all_physics_factorial-ieee118-ganr-physics-s11-b49a86d61c,0.0012815212877709968,0.0013085881754753416,1.1007691777709037e-05,ganr,0.0002480264200663087,0.0004039152941261277,Q1,3.529275564889295e-05,11,ieee118,physics
205,all_physics_factorial,all_physics_factorial-ieee118-ganr-physics-s11-b49a86d61c,0.0017006979806648034,0.0016946894934823438,1.0738819685407575e-05,ganr,0.0002435923129523553,0.0003992071925094796,Q2,3.542814107382445e-05,11,ieee118,physics
205,all_physics_factorial,all_physics_factorial-ieee118-ganr-physics-s11-b49a86d61c,0.0021175907516254905,0.0021101348565217494,1.1107143382768866e-05,ganr,0.00025074995981291267,0.00042076776436196115,Q3,3.981660144807764e-05,11,ieee118,physics
205,all_physics_factorial,all_physics_factorial-ieee118-ganr-physics-s11-b49a86d61c,0.0026864059221111576,0.0026763420563608916,1.118007809843031e-05,ganr,0.00025716558170003917,0.0004704553243238915,Q4,4.380557429490821e-05,11,ieee118,physics
204,all_physics_factorial,all_physics_factorial-ieee118-ganr-physics-s11-b49a86d61c,0.004140207552341843,0.003753599137773711,1.416116768781056e-05,ganr,0.0002845159471371111,0.0006301566642148333,Q5,7.33000663965224e-05,11,ieee118,physics
205,all_physics_factorial,all_physics_factorial-ieee118-ganr-physics-s29-c05351f2b9,0.0012815212877709968,0.0013085881754753416,1.1018793271845456e-05,ganr,0.00026591043272368556,0.00044319475867656016,Q1,3.312144352881691e-05,29,ieee118,physics
205,all_physics_factorial,all_physics_factorial-ieee118-ganr-physics-s29-c05351f2b9,0.0017006979806648034,0.0016946894934823438,1.1198292372611673e-05,ganr,0.00026630570377606086,0.0004499322544923559,Q2,3.61258485458144e-05,29,ieee118,physics
205,all_physics_factorial,all_physics_factorial-ieee118-ganr-physics-s29-c05351f2b9,0.0021175907516254905,0.0021101348565217494,1.1650856831480742e-05,ganr,0.00026165387896859597,0.0004786213589759809,Q3,4.635207109983199e-05,29,ieee118,physics
205,all_physics_factorial,all_physics_factorial-ieee118-ganr-physics-s29-c05351f2b9,0.0026864059221111576,0.0026763420563608916,1.3759472806408845e-05,ganr,0.00029424605140928624,0.0006082541099108839,Q4,6.135395113123555e-05,29,ieee118,physics
204,all_physics_factorial,all_physics_factorial-ieee118-ganr-physics-s29-c05351f2b9,0.004140207552341843,0.003753599137773711,1.6870412325517967e-05,ganr,0.00030015198194172055,0.0008493495087672018,Q5,0.00010567599159594348,29,ieee118,physics
205,all_physics_factorial,all_physics_factorial-ieee118-ganr-physics-s47-ad5aa0c7d0,0.0012815212877709968,0.0013085881754753416,1.1836868865176326e-05,ganr,0.0002866473558143658,0.0004289712215710474,Q1,3.0481245856196873e-05,47,ieee118,physics
205,all_physics_factorial,all_physics_factorial-ieee118-ganr-physics-s47-ad5aa0c7d0,0.0017006979806648034,0.0016946894934823438,1.1950214834787366e-05,ganr,0.00028596933724467187,0.0004414882018238931,Q2,3.364084812995028e-05,47,ieee118,physics
205,all_physics_factorial,all_physics_factorial-ieee118-ganr-physics-s47-ad5aa0c7d0,0.0021175907516254905,0.0021101348565217494,1.2092821372777197e-05,ganr,0.0002748973771963709,0.0004614573579716611,Q3,4.2836251615321475e-05,47,ieee118,physics
205,all_physics_factorial,all_physics_factorial-ieee118-ganr-physics-s47-ad5aa0c7d0,0.0026864059221111576,0.0026763420563608916,1.4448223799074522e-05,ganr,0.00031294362435016655,0.0005945623084570582,Q4,5.840354791862314e-05,47,ieee118,physics
204,all_physics_factorial,all_physics_factorial-ieee118-ganr-physics-s47-ad5aa0c7d0,0.004140207552341843,0.003753599137773711,1.702448613981186e-05,ganr,0.0003159810442479154,0.0007966795328667682,Q5,9.695971923307142e-05,47,ieee118,physics
205,all_physics_factorial,all_physics_factorial-ieee118-gelu-no_physics-s11-f6d6e3ed93,0.0012815212877709968,0.0013085881754753416,0.0002931814454400274,gelu,0.00802962177809816,0.01023340465230359,Q1,0.00040780991024079845,11,ieee118,no_physics
205,all_physics_factorial,all_physics_factorial-ieee118-gelu-no_physics-s11-f6d6e3ed93,0.0017006979806648034,0.0016946894934823438,0.0002723025678315806,gelu,0.00743429297487846,0.009687829508954651,Q2,0.0003921766198519763,11,ieee118,no_physics
205,all_physics_factorial,all_physics_factorial-ieee118-gelu-no_physics-s11-f6d6e3ed93,0.0021175907516254905,0.0021101348565217494,0.00027931806471504807,gelu,0.007670926856001852,0.009884143755181336,Q3,0.0003942252103582364,11,ieee118,no_physics
205,all_physics_factorial,all_physics_factorial-ieee118-gelu-no_physics-s11-f6d6e3ed93,0.0026864059221111576,0.0026763420563608916,0.0002856907166963208,gelu,0.007817898396367094,0.01003356721903566,Q4,0.00040361078614616,11,ieee118,no_physics
204,all_physics_factorial,all_physics_factorial-ieee118-gelu-no_physics-s11-f6d6e3ed93,0.004140207552341843,0.003753599137773711,0.00028311976025007467,gelu,0.0076822413491644285,0.010141653140725007,Q5,0.0004195425758386889,11,ieee118,no_physics
205,all_physics_factorial,all_physics_factorial-ieee118-gelu-no_physics-s29-66e4dabbe3,0.0012815212877709968,0.0013085881754753416,0.0003012769836559401,gelu,0.008258586171172758,0.010475481572411438,Q1,0.0004171361345068738,29,ieee118,no_physics
205,all_physics_factorial,all_physics_factorial-ieee118-gelu-no_physics-s29-66e4dabbe3,0.0017006979806648034,0.0016946894934823438,0.00027807168826298823,gelu,0.007591000839475246,0.009875013115307004,Q2,0.00039950398883737564,29,ieee118,no_physics
205,all_physics_factorial,all_physics_factorial-ieee118-gelu-no_physics-s29-66e4dabbe3,0.0021175907516254905,0.0021101348565217494,0.00028589196156123323,gelu,0.007850630123944474,0.01006954724539325,Q3,0.00040147850107674887,29,ieee118,no_physics
205,all_physics_factorial,all_physics_factorial-ieee118-gelu-no_physics-s29-66e4dabbe3,0.0026864059221111576,0.0026763420563608916,0.0002910350241018155,gelu,0.007962497599430686,0.010198855998748146,Q4,0.00041034415153525796,29,ieee118,no_physics
204,all_physics_factorial,all_physics_factorial-ieee118-gelu-no_physics-s29-66e4dabbe3,0.004140207552341843,0.003753599137773711,0.00028973696460068353,gelu,0.007870785323987673,0.010379882403515533,Q5,0.0004286013954502994,29,ieee118,no_physics
205,all_physics_factorial,all_physics_factorial-ieee118-gelu-no_physics-s47-df75e98269,0.0012815212877709968,0.0013085881754753416,0.00029545606443549013,gelu,0.008080666147776264,0.01031228449495494,Q1,0.00041200432731749743,47,ieee118,no_physics
205,all_physics_factorial,all_physics_factorial-ieee118-gelu-no_physics-s47-df75e98269,0.0017006979806648034,0.0016946894934823438,0.00027363079665063215,gelu,0.007465572553312209,0.009764672695161387,Q2,0.0003959075988083236,47,ieee118,no_physics
205,all_physics_factorial,all_physics_factorial-ieee118-gelu-no_physics-s47-df75e98269,0.0021175907516254905,0.0021101348565217494,0.0002800587911491804,gelu,0.00768332825348377,0.009888517111460033,Q3,0.00039555849028282715,47,ieee118,no_physics
205,all_physics_factorial,all_physics_factorial-ieee118-gelu-no_physics-s47-df75e98269,0.0026864059221111576,0.0026763420563608916,0.0002858184990266446,gelu,0.007815040901840173,0.010012196838135864,Q4,0.0004041432780044754,47,ieee118,no_physics
204,all_physics_factorial,all_physics_factorial-ieee118-gelu-no_physics-s47-df75e98269,0.004140207552341843,0.003753599137773711,0.0002867381460714641,gelu,0.00777484014049257,0.010261304638820683,Q5,0.0004259626060206116,47,ieee118,no_physics
205,all_physics_factorial,all_physics_factorial-ieee118-gelu-physics-s11-ab44f347a7,0.0012815212877709968,0.0013085881754753416,8.669073243170776e-05,gelu,0.0023602053436870937,0.0029841203228282,Q1,0.00012052039188359333,11,ieee118,physics
205,all_physics_factorial,all_physics_factorial-ieee118-gelu-physics-s11-ab44f347a7,0.0017006979806648034,0.0016946894934823438,8.700689994023361e-05,gelu,0.0023753074324859803,0.0030116559451293153,Q2,0.000122212645510262,11,ieee118,physics
205,all_physics_factorial,all_physics_factorial-ieee118-gelu-physics-s11-ab44f347a7,0.0021175907516254905,0.0021101348565217494,8.48873167073542e-05,gelu,0.002313267993199605,0.0029324738291443093,Q3,0.00011997130537590155,11,ieee118,physics
205,all_physics_factorial,all_physics_factorial-ieee118-gelu-physics-s11-ab44f347a7,0.0026864059221111576,0.0026763420563608916,8.546564502152963e-05,gelu,0.0023298440492825695,0.002936391270716728,Q4,0.00011943713143037704,11,ieee118,physics
204,all_physics_factorial,all_physics_factorial-ieee118-gelu-physics-s11-ab44f347a7,0.004140207552341843,0.003753599137773711,8.744107972616101e-05,gelu,0.0023741245378361,0.0030141975476924523,Q5,0.0001269493057957635,11,ieee118,physics
205,all_physics_factorial,all_physics_factorial-ieee118-gelu-physics-s29-abb1af23d8,0.0012815212877709968,0.0013085881754753416,8.699963671444558e-05,gelu,0.00236839396319508,0.0029989017377643605,Q1,0.00012140329910942138,29,ieee118,physics
205,all_physics_factorial,all_physics_factorial-ieee118-gelu-physics-s29-abb1af23d8,0.0017006979806648034,0.0016946894934823438,8.746244526300135e-05,gelu,0.0023875588223952254,0.0030273403410215624,Q2,0.00012276016243664386,29,ieee118,physics
205,all_physics_factorial,all_physics_factorial-ieee118-gelu-physics-s29-abb1af23d8,0.0021175907516254905,0.0021101348565217494,8.499262366558212e-05,gelu,0.002317050795431955,0.002938232042606882,Q3,0.00012004800038016222,29,ieee118,physics
205,all_physics_factorial,all_physics_factorial-ieee118-gelu-physics-s29-abb1af23d8,0.0026864059221111576,0.0026763420563608916,8.551890166524396e-05,gelu,0.002337302331764483,0.002946053785708965,Q4,0.00011917355040680553,29,ieee118,physics
204,all_physics_factorial,all_physics_factorial-ieee118-gelu-physics-s29-abb1af23d8,0.004140207552341843,0.003753599137773711,8.780088574850637e-05,gelu,0.002388796583691742,0.0030301044906969857,Q5,0.00012663424282468417,29,ieee118,physics
205,all_physics_factorial,all_physics_factorial-ieee118-gelu-physics-s47-61f11ae7a8,0.0012815212877709968,0.0013085881754753416,8.714652639565219e-05,gelu,0.0023738931210683643,0.003004961523810501,Q1,0.00012131529015085493,47,ieee118,physics
205,all_physics_factorial,all_physics_factorial-ieee118-gelu-physics-s47-61f11ae7a8,0.0017006979806648034,0.0016946894934823438,8.747776201955294e-05,gelu,0.0023893815400253173,0.0030302137028308694,Q2,0.00012263556246200634,47,ieee118,physics
205,all_physics_factorial,all_physics_factorial-ieee118-gelu-physics-s47-61f11ae7a8,0.0021175907516254905,0.0021101348565217494,8.55198262006409e-05,gelu,0.0023312637678466084,0.0029537037640371888,Q3,0.00012072862649311247,47,ieee118,physics
205,all_physics_factorial,all_physics_factorial-ieee118-gelu-physics-s47-61f11ae7a8,0.0026864059221111576,0.0026763420563608916,8.59846020767879e-05,gelu,0.002345771274446887,0.0029556959516981933,Q4,0.00012034808668358874,47,ieee118,physics
204,all_physics_factorial,all_physics_factorial-ieee118-gelu-physics-s47-61f11ae7a8,0.004140207552341843,0.003753599137773711,8.777224851885853e-05,gelu,0.002386221989935933,0.0030276171891939914,Q5,0.0001270213825768216,47,ieee118,physics
205,all_physics_factorial,all_physics_factorial-ieee118-relu-no_physics-s11-f11307689d,0.0012815212877709968,0.0013085881754753416,0.0002929915099219133,relu,0.00802328910627923,0.01018687336249849,Q1,0.0004065172630827897,11,ieee118,no_physics
205,all_physics_factorial,all_physics_factorial-ieee118-relu-no_physics-s11-f11307689d,0.0017006979806648034,0.0016946894934823438,0.00027844309972515957,relu,0.0075967090754655055,0.009801690910543857,Q2,0.00039834520090468534,11,ieee118,no_physics
205,all_physics_factorial,all_physics_factorial-ieee118-relu-no_physics-s11-f11307689d,0.0021175907516254905,0.0021101348565217494,0.00028165870022035615,relu,0.007721831388579451,0.00982541931000215,Q3,0.0003939846314096453,11,ieee118,no_physics
205,all_physics_factorial,all_physics_factorial-ieee118-relu-no_physics-s11-f11307689d,0.0026864059221111576,0.0026763420563608916,0.00029273683509226334,relu,0.00799795867267086,0.010151077586991238,Q4,0.0004102207112052837,11,ieee118,no_physics
204,all_physics_factorial,all_physics_factorial-ieee118-relu-no_physics-s11-f11307689d,0.004140207552341843,0.003753599137773711,0.0002962491740826455,relu,0.008024153843981401,0.01035933885328095,Q5,0.00042949981938951345,11,ieee118,no_physics
205,all_physics_factorial,all_physics_factorial-ieee118-relu-no_physics-s29-4e61835780,0.0012815212877709968,0.0013085881754753416,0.0002963894634376629,relu,0.008103913143957168,0.010277686030411947,Q1,0.0004109927628002866,29,ieee118,no_physics
205,all_physics_factorial,all_physics_factorial-ieee118-relu-no_physics-s29-4e61835780,0.0017006979806648034,0.0016946894934823438,0.0002863283953578228,relu,0.00781587525777307,0.010089144378586228,Q2,0.00040884802311332447,29,ieee118,no_physics
205,all_physics_factorial,all_physics_factorial-ieee118-relu-no_physics-s29-4e61835780,0.0021175907516254905,0.0021101348565217494,0.0002850178659285304,relu,0.007813562738779593,0.009899836534815796,Q3,0.00039757995598138494,29,ieee118,no_physics
205,all_physics_factorial,all_physics_factorial-ieee118-relu-no_physics-s29-4e61835780,0.0026864059221111576,0.0026763420563608916,0.0002963350709206879,relu,0.008096161647777763,0.01026860265555738,Q4,0.0004149201665446849,29,ieee118,no_physics
204,all_physics_factorial,all_physics_factorial-ieee118-relu-no_physics-s29-4e61835780,0.004140207552341843,0.003753599137773711,0.0002997257862451172,relu,0.008140209603798493,0.010440234429351804,Q5,0.0004315196419511195,29,ieee118,no_physics
205,all_physics_factorial,all_physics_factorial-ieee118-relu-no_physics-s47-33a7902980,0.0012815212877709968,0.0013085881754753416,0.00029365153191712945,relu,0.008047253245677542,0.01019725359160894,Q1,0.00040681895536226383,47,ieee118,no_physics
205,all_physics_factorial,all_physics_factorial-ieee118-relu-no_physics-s47-33a7902980,0.0017006979806648034,0.0016946894934823438,0.00028183136523402945,relu,0.0076845952645190055,0.009928422969003198,Q2,0.000403071608790028,47,ieee118,no_physics
205,all_physics_factorial,all_physics_factorial-ieee118-relu-no_physics-s47-33a7902980,0.0021175907516254905,0.0021101348565217494,0.0002828381364661006,relu,0.007753869067242683,0.00984302761782295,Q3,0.0003955221975702909,47,ieee118,no_physics
205,all_physics_factorial,all_physics_factorial-ieee118-relu-no_physics-s47-33a7902980,0.0026864059221111576,0.0026763420563608916,0.0002929254885359857,relu,0.008007019761706492,0.010131580811899578,Q4,0.00041040623558642877,47,ieee118,no_physics
204,all_physics_factorial,all_physics_factorial-ieee118-relu-no_physics-s47-33a7902980,0.004140207552341843,0.003753599137773711,0.0002996667891308376,relu,0.008120804766017443,0.010500482425897687,Q5,0.000437043571042808,47,ieee118,no_physics
205,all_physics_factorial,all_physics_factorial-ieee118-relu-physics-s11-1c5ac2bdee,0.0012815212877709968,0.0013085881754753416,9.804643386202462e-05,relu,0.002684516991081283,0.0033812708647138366,Q1,0.00013529638863508207,11,ieee118,physics
205,all_physics_factorial,all_physics_factorial-ieee118-relu-physics-s11-1c5ac2bdee,0.0017006979806648034,0.0016946894934823438,9.840594187183475e-05,relu,0.0026946878180627966,0.003388963842312261,Q2,0.00013628766903642976,11,ieee118,physics
205,all_physics_factorial,all_physics_factorial-ieee118-relu-physics-s11-1c5ac2bdee,0.0021175907516254905,0.0021101348565217494,9.800216659155467e-05,relu,0.002684128695084872,0.00337600255287195,Q3,0.00013713925796405904,11,ieee118,physics
205,all_physics_factorial,all_physics_factorial-ieee118-relu-physics-s11-1c5ac2bdee,0.0026864059221111576,0.0026763420563608916,9.851598302433163e-05,relu,0.0026942816963811955,0.0033849701904630765,Q4,0.00013680239581194325,11,ieee118,physics
204,all_physics_factorial,all_physics_factorial-ieee118-relu-physics-s11-1c5ac2bdee,0.004140207552341843,0.003753599137773711,0.00010074237067579832,relu,0.002737780798952512,0.00344957148726429,Q5,0.0001437417763620263,11,ieee118,physics
205,all_physics_factorial,all_physics_factorial-ieee118-relu-physics-s29-177e43f31e,0.0012815212877709968,0.0013085881754753416,9.844461437281107e-05,relu,0.002696602238331961,0.0034010119463036923,Q1,0.00013596335690327843,29,ieee118,physics
205,all_physics_factorial,all_physics_factorial-ieee118-relu-physics-s29-177e43f31e,0.0017006979806648034,0.0016946894934823438,9.91553174826519e-05,relu,0.0027170038524396076,0.0034204569114071027,Q2,0.00013739657303136403,29,ieee118,physics
205,all_physics_factorial,all_physics_factorial-ieee118-relu-physics-s29-177e43f31e,0.0021175907516254905,0.0021101348565217494,9.832699918896003e-05,relu,0.0026907248922906813,0.0033884819019795046,Q3,0.00013785951536626493,29,ieee118,physics
205,all_physics_factorial,all_physics_factorial-ieee118-relu-physics-s29-177e43f31e,0.0026864059221111576,0.0026763420563608916,9.9506509090769e-05,relu,0.002720251574043571,0.0034141049657687318,Q4,0.0001385116382788994,29,ieee118,physics
204,all_physics_factorial,all_physics_factorial-ieee118-relu-physics-s29-177e43f31e,0.004140207552341843,0.003753599137773711,0.00010114754548494924,relu,0.002752810209665522,0.003470956438978176,Q5,0.00014432217712375837,29,ieee118,physics
205,all_physics_factorial,all_physics_factorial-ieee118-relu-physics-s47-d0350a3709,0.0012815212877709968,0.0013085881754753416,9.885985090829415e-05,relu,0.00270990234381468,0.0034141462603236483,Q1,0.00013612956845862823,47,ieee118,physics
205,all_physics_factorial,all_physics_factorial-ieee118-relu-physics-s47-d0350a3709,0.0017006979806648034,0.0016946894934823438,9.940789047216953e-05,relu,0.002718867473268823,0.003419074309705618,Q2,0.00013779050600553266,47,ieee118,physics
205,all_physics_factorial,all_physics_factorial-ieee118-relu-physics-s47-d0350a3709,0.0021175907516254905,0.0021101348565217494,9.88421008924993e-05,relu,0.0027040356215683003,0.003404780273148799,Q3,0.0001387043158819053,47,ieee118,physics
205,all_physics_factorial,all_physics_factorial-ieee118-relu-physics-s47-d0350a3709,0.0026864059221111576,0.0026763420563608916,9.994636852795251e-05,relu,0.002728182164162988,0.0034220514219617574,Q4,0.00013931648649034454,47,ieee118,physics
204,all_physics_factorial,all_physics_factorial-ieee118-relu-physics-s47-d0350a3709,0.004140207552341843,0.003753599137773711,0.00010202529517755465,relu,0.002773018367331502,0.0034903631740965946,Q5,0.00014544194555623304,47,ieee118,physics
205,all_physics_factorial,all_physics_factorial-ieee118-resmlp-no_physics-s11-f9d275762d,0.0012815212877709968,0.0013085881754753416,0.00020187136298222523,resmlp,0.005583150090488957,0.00760098942488527,Q1,0.0003062247511538068,11,ieee118,no_physics
205,all_physics_factorial,all_physics_factorial-ieee118-resmlp-no_physics-s11-f9d275762d,0.0017006979806648034,0.0016946894934823438,0.00019478283539904118,resmlp,0.005372376942119867,0.007238755665296283,Q2,0.00029819518961736935,11,ieee118,no_physics
205,all_physics_factorial,all_physics_factorial-ieee118-resmlp-no_physics-s11-f9d275762d,0.0021175907516254905,0.0021101348565217494,0.00018918441035864928,resmlp,0.005172886278628467,0.006960078073788741,Q3,0.00030306875510359004,11,ieee118,no_physics
205,all_physics_factorial,all_physics_factorial-ieee118-resmlp-no_physics-s11-f9d275762d,0.0026864059221111576,0.0026763420563608916,0.00020618100850167262,resmlp,0.005620932010674811,0.007967593022651214,Q4,0.00035321233766345844,11,ieee118,no_physics
204,all_physics_factorial,all_physics_factorial-ieee118-resmlp-no_physics-s11-f9d275762d,0.004140207552341843,0.003753599137773711,0.00019959549332273523,resmlp,0.005371971855928885,0.007336204819562257,Q5,0.0003683531382182199,11,ieee118,no_physics
205,all_physics_factorial,all_physics_factorial-ieee118-resmlp-no_physics-s29-2e977e9895,0.0012815212877709968,0.0013085881754753416,0.00021101383822900047,resmlp,0.005796280377185811,0.007738276305685401,Q1,0.00031992808608735467,29,ieee118,no_physics
205,all_physics_factorial,all_physics_factorial-ieee118-resmlp-no_physics-s29-2e977e9895,0.0017006979806648034,0.0016946894934823438,0.0002084873951644272,resmlp,0.005681882063031774,0.007512395187164592,Q2,0.0003248398981113495,29,ieee118,no_physics
205,all_physics_factorial,all_physics_factorial-ieee118-resmlp-no_physics-s29-2e977e9895,0.0021175907516254905,0.0021101348565217494,0.00019884808050817337,resmlp,0.005355520826927274,0.007122206681831234,Q3,0.0003302629641559849,29,ieee118,no_physics
205,all_physics_factorial,all_physics_factorial-ieee118-resmlp-no_physics-s29-2e977e9895,0.0026864059221111576,0.0026763420563608916,0.0002215181554201505,resmlp,0.005963129461003584,0.008687275775485765,Q4,0.0003981351155853635,29,ieee118,no_physics
204,all_physics_factorial,all_physics_factorial-ieee118-resmlp-no_physics-s29-2e977e9895,0.004140207552341843,0.003753599137773711,0.0002031487634058393,resmlp,0.005385220165650051,0.007281614531085677,Q5,0.00039113962309637114,29,ieee118,no_physics
205,all_physics_factorial,all_physics_factorial-ieee118-resmlp-no_physics-s47-53d6979f4f,0.0012815212877709968,0.0013085881754753416,0.00020255248691425086,resmlp,0.005577702630028565,0.007569685508854451,Q1,0.00031729518194456205,47,ieee118,no_physics
205,all_physics_factorial,all_physics_factorial-ieee118-resmlp-no_physics-s47-53d6979f4f,0.0017006979806648034,0.0016946894934823438,0.0002050375036080902,resmlp,0.0055967486308107816,0.007482279484506955,Q2,0.000322717742981974,47,ieee118,no_physics
205,all_physics_factorial,all_physics_factorial-ieee118-resmlp-no_physics-s47-53d6979f4f,0.0021175907516254905,0.0021101348565217494,0.00019588386344432293,resmlp,0.0053014785410452755,0.007166657379785803,Q3,0.00032802654549177104,47,ieee118,no_physics
205,all_physics_factorial,all_physics_factorial-ieee118-resmlp-no_physics-s47-53d6979f4f,0.0026864059221111576,0.0026763420563608916,0.00021186735425822372,resmlp,0.005706444841816523,0.008082478729045118,Q4,0.0003765515385727509,47,ieee118,no_physics
204,all_physics_factorial,all_physics_factorial-ieee118-resmlp-no_physics-s47-53d6979f4f,0.004140207552341843,0.003753599137773711,0.0001911171242677953,resmlp,0.005095610517495485,0.006849647780493848,Q5,0.0003494362290027085,47,ieee118,no_physics
205,all_physics_factorial,all_physics_factorial-ieee118-resmlp-physics-s11-db194541aa,0.0012815212877709968,0.0013085881754753416,3.761518855128152e-05,resmlp,0.0010236780354154007,0.0013441798699772892,Q1,5.545559151714983e-05,11,ieee118,physics
205,all_physics_factorial,all_physics_factorial-ieee118-resmlp-physics-s11-db194541aa,0.0017006979806648034,0.0016946894934823438,3.7583621184830905e-05,resmlp,0.0010145663348058423,0.0013183100456431542,Q2,5.6083182889099425e-05,11,ieee118,physics
205,all_physics_factorial,all_physics_factorial-ieee118-resmlp-physics-s11-db194541aa,0.0021175907516254905,0.0021101348565217494,3.7270750486149755e-05,resmlp,0.0009896570604534486,0.0012946920056850293,Q3,5.861070070636063e-05,11,ieee118,physics
205,all_physics_factorial,all_physics_factorial-ieee118-resmlp-physics-s11-db194541aa,0.0026864059221111576,0.0026763420563608916,3.8601525222152105e-05,resmlp,0.0010209346131495318,0.0013333533947539002,Q4,6.180416298698039e-05,11,ieee118,physics
204,all_physics_factorial,all_physics_factorial-ieee118-resmlp-physics-s11-db194541aa,0.004140207552341843,0.003753599137773711,3.8715574588310563e-05,resmlp,0.0010143154209564704,0.0013475907854686672,Q5,7.300334317354095e-05,11,ieee118,physics
205,all_physics_factorial,all_physics_factorial-ieee118-resmlp-physics-s29-a05a322ee7,0.0012815212877709968,0.0013085881754753416,3.947217164092427e-05,resmlp,0.0010648375271333724,0.0013872193484481435,Q1,5.8588304809755915e-05,29,ieee118,physics
205,all_physics_factorial,all_physics_factorial-ieee118-resmlp-physics-s29-a05a322ee7,0.0017006979806648034,0.0016946894934823438,3.9436330109943294e-05,resmlp,0.0010542478621527395,0.0013740584764792877,Q2,6.050371510353971e-05,29,ieee118,physics
205,all_physics_factorial,all_physics_factorial-ieee118-resmlp-physics-s29-a05a322ee7,0.0021175907516254905,0.0021101348565217494,3.8287966341497606e-05,resmlp,0.001017881181183624,0.0013263875724577449,Q3,6.015973404183826e-05,29,ieee118,physics
205,all_physics_factorial,all_physics_factorial-ieee118-resmlp-physics-s29-a05a322ee7,0.0026864059221111576,0.0026763420563608916,3.948033020621068e-05,resmlp,0.001036289904462406,0.001361164680252442,Q4,6.466328973774848e-05,29,ieee118,physics
204,all_physics_factorial,all_physics_factorial-ieee118-resmlp-physics-s29-a05a322ee7,0.004140207552341843,0.003753599137773711,3.949628956547046e-05,resmlp,0.0010356463137578815,0.0013852093984919797,Q5,7.193368884324543e-05,29,ieee118,physics
205,all_physics_factorial,all_physics_factorial-ieee118-resmlp-physics-s47-6f08fcfb19,0.0012815212877709968,0.0013085881754753416,3.7536265444858396e-05,resmlp,0.0010186197606364116,0.001347617117292895,Q1,5.59986575607418e-05,47,ieee118,physics
205,all_physics_factorial,all_physics_factorial-ieee118-resmlp-physics-s47-6f08fcfb19,0.0017006979806648034,0.0016946894934823438,3.75937529788636e-05,resmlp,0.00101238942278692,0.0013171891642911368,Q2,5.7148589929001064e-05,47,ieee118,physics
205,all_physics_factorial,all_physics_factorial-ieee118-resmlp-physics-s47-6f08fcfb19,0.0021175907516254905,0.0021101348565217494,3.816928660469658e-05,resmlp,0.0010115610603619457,0.0013291224037018713,Q3,6.150566367370424e-05,47,ieee118,physics
205,all_physics_factorial,all_physics_factorial-ieee118-resmlp-physics-s47-6f08fcfb19,0.0026864059221111576,0.0026763420563608916,3.849934983759809e-05,resmlp,0.0010165543284126922,0.0013378556591957312,Q4,6.16873983751902e-05,47,ieee118,physics
204,all_physics_factorial,all_physics_factorial-ieee118-resmlp-physics-s47-6f08fcfb19,0.004140207552341843,0.003753599137773711,3.8030575259276446e-05,resmlp,0.0009887584623770624,0.001331750382822963,Q5,7.410507222039459e-05,47,ieee118,physics
205,all_physics_factorial,all_physics_factorial-ieee118-silu-no_physics-s11-d5dbb55d4c,0.0012815212877709968,0.0013085881754753416,0.00029491773886964245,silu,0.008094270323243702,0.010355139752076773,Q1,0.00040980462611230105,11,ieee118,no_physics
205,all_physics_factorial,all_physics_factorial-ieee118-silu-no_physics-s11-d5dbb55d4c,0.0017006979806648034,0.0016946894934823438,0.0002668169184336791,silu,0.007313346691524238,0.009588265586130252,Q2,0.000384987869848448,11,ieee118,no_physics
205,all_physics_factorial,all_physics_factorial-ieee118-silu-no_physics-s11-d5dbb55d4c,0.0021175907516254905,0.0021101348565217494,0.0002746070881988455,silu,0.007552823676231279,0.0099047450987852,Q3,0.0003932171873857719,11,ieee118,no_physics
205,all_physics_factorial,all_physics_factorial-ieee118-silu-no_physics-s11-d5dbb55d4c,0.0026864059221111576,0.0026763420563608916,0.00028235311104568464,silu,0.007722101665479242,0.009993521670241748,Q4,0.00040357687659935083,11,ieee118,no_physics
204,all_physics_factorial,all_physics_factorial-ieee118-silu-no_physics-s11-d5dbb55d4c,0.004140207552341843,0.003753599137773711,0.0002837327608527095,silu,0.0076902319723996145,0.010399112626681636,Q5,0.0004320504464342798,11,ieee118,no_physics
205,all_physics_factorial,all_physics_factorial-ieee118-silu-no_physics-s29-a6b3fa52e1,0.0012815212877709968,0.0013085881754753416,0.00029429584736619666,silu,0.008087287648145671,0.01038124101101177,Q1,0.0004097588739976703,29,ieee118,no_physics
205,all_physics_factorial,all_physics_factorial-ieee118-silu-no_physics-s29-a6b3fa52e1,0.0017006979806648034,0.0016946894934823438,0.0002704797309756669,silu,0.007415651570488789,0.009721870022629123,Q2,0.00038984244764077183,29,ieee118,no_physics
205,all_physics_factorial,all_physics_factorial-ieee118-silu-no_physics-s29-a6b3fa52e1,0.0021175907516254905,0.0021101348565217494,0.00027612597592151553,silu,0.007595561032096945,0.009951379345911445,Q3,0.00039456542422611256,29,ieee118,no_physics
205,all_physics_factorial,all_physics_factorial-ieee118-silu-no_physics-s29-a6b3fa52e1,0.0026864059221111576,0.0026763420563608916,0.00028320495289825776,silu,0.007746354802209316,0.010061443183429677,Q4,0.00040595602802070795,29,ieee118,no_physics
204,all_physics_factorial,all_physics_factorial-ieee118-silu-no_physics-s29-a6b3fa52e1,0.004140207552341843,0.003753599137773711,0.0002876066968045124,silu,0.007799356644887398,0.01055120320243846,Q5,0.00043799166472869406,29,ieee118,no_physics
205,all_physics_factorial,all_physics_factorial-ieee118-silu-no_physics-s47-0b336ee800,0.0012815212877709968,0.0013085881754753416,0.00029182193901256014,silu,0.007994960571319418,0.010284875751231147,Q1,0.0004086134914423374,47,ieee118,no_physics
205,all_physics_factorial,all_physics_factorial-ieee118-silu-no_physics-s47-0b336ee800,0.0017006979806648034,0.0016946894934823438,0.00026636280446514117,silu,0.0072885896723552035,0.009610834232043017,Q2,0.00038703568079044446,47,ieee118,no_physics
205,all_physics_factorial,all_physics_factorial-ieee118-silu-no_physics-s47-0b336ee800,0.0021175907516254905,0.0021101348565217494,0.0002724921715595813,silu,0.007483090586431504,0.009815523399558617,Q3,0.000391298409900844,47,ieee118,no_physics
205,all_physics_factorial,all_physics_factorial-ieee118-silu-no_physics-s47-0b336ee800,0.0026864059221111576,0.0026763420563608916,0.00028051995706024644,silu,0.007662922602215668,0.009933082656378149,Q4,0.0004022839824322953,47,ieee118,no_physics
204,all_physics_factorial,all_physics_factorial-ieee118-silu-no_physics-s47-0b336ee800,0.004140207552341843,0.003753599137773711,0.0002855187023324443,silu,0.007733071905304048,0.010430555270601433,Q5,0.0004341543441229913,47,ieee118,no_physics
205,all_physics_factorial,all_physics_factorial-ieee118-silu-physics-s11-35b74542a0,0.0012815212877709968,0.0013085881754753416,7.646164797773572e-05,silu,0.0020772060567762238,0.0026468328760581718,Q1,0.00010736354225842929,11,ieee118,physics
205,all_physics_factorial,all_physics_factorial-ieee118-silu-physics-s11-35b74542a0,0.0017006979806648034,0.0016946894934823438,7.621675921696111e-05,silu,0.0020783065053951227,0.002662008404937048,Q2,0.00010862197903154015,11,ieee118,physics
205,all_physics_factorial,all_physics_factorial-ieee118-silu-physics-s11-35b74542a0,0.0021175907516254905,0.0021101348565217494,7.406011438068996e-05,silu,0.002013688396029413,0.002578967456013064,Q3,0.00010575470653717216,11,ieee118,physics
205,all_physics_factorial,all_physics_factorial-ieee118-silu-physics-s11-35b74542a0,0.0026864059221111576,0.0026763420563608916,7.492468862070949e-05,silu,0.002041536206943611,0.002590705831438671,Q4,0.00010539462274291804,11,ieee118,physics
204,all_physics_factorial,all_physics_factorial-ieee118-silu-physics-s11-35b74542a0,0.004140207552341843,0.003753599137773711,7.664992697659427e-05,silu,0.00207827783450475,0.0026613994710211076,Q5,0.00011327013107286115,11,ieee118,physics
205,all_physics_factorial,all_physics_factorial-ieee118-silu-physics-s29-8ff0c252bf,0.0012815212877709968,0.0013085881754753416,7.667631826558822e-05,silu,0.0020835100183456937,0.002658474744762302,Q1,0.00010805424825472176,29,ieee118,physics
205,all_physics_factorial,all_physics_factorial-ieee118-silu-physics-s29-8ff0c252bf,0.0017006979806648034,0.0016946894934823438,7.640919126614151e-05,silu,0.002082285778359436,0.002668567980068154,Q2,0.0001088303041062769,29,ieee118,physics
205,all_physics_factorial,all_physics_factorial-ieee118-silu-physics-s29-8ff0c252bf,0.0021175907516254905,0.0021101348565217494,7.409533028006773e-05,silu,0.0020143137174903547,0.002582130776565385,Q3,0.00010600601154214522,29,ieee118,physics
205,all_physics_factorial,all_physics_factorial-ieee118-silu-physics-s29-8ff0c252bf,0.0026864059221111576,0.0026763420563608916,7.504391341137172e-05,silu,0.0020482249426365846,0.0025997559735719453,Q4,0.00010544668068372002,29,ieee118,physics
204,all_physics_factorial,all_physics_factorial-ieee118-silu-physics-s29-8ff0c252bf,0.004140207552341843,0.003753599137773711,7.680066401353549e-05,silu,0.002086774450198864,0.0026729032771426885,Q5,0.000113104496158597,29,ieee118,physics
205,all_physics_factorial,all_physics_factorial-ieee118-silu-physics-s47-b46bc4757f,0.0012815212877709968,0.0013085881754753416,7.676145491877541e-05,silu,0.0020862435162047207,0.0026634408930557183,Q1,0.00010830902224733589,47,ieee118,physics
205,all_physics_factorial,all_physics_factorial-ieee118-silu-physics-s47-b46bc4757f,0.0017006979806648034,0.0016946894934823438,7.668144008361719e-05,silu,0.002088644777958285,0.0026766550195585076,Q2,0.00010922364433715398,47,ieee118,physics
205,all_physics_factorial,all_physics_factorial-ieee118-silu-physics-s47-b46bc4757f,0.0021175907516254905,0.0021101348565217494,7.446935463887698e-05,silu,0.002023981241568504,0.002593585341835795,Q3,0.00010643882700732226,47,ieee118,physics
205,all_physics_factorial,all_physics_factorial-ieee118-silu-physics-s47-b46bc4757f,0.0026864059221111576,0.0026763420563608916,7.520780428716302e-05,silu,0.002050473489879696,0.002604268020403811,Q4,0.00010590005914229756,47,ieee118,physics
204,all_physics_factorial,all_physics_factorial-ieee118-silu-physics-s47-b46bc4757f,0.004140207552341843,0.003753599137773711,7.669339737108492e-05,silu,0.002081954909982681,0.002666184886021003,Q5,0.00011276313499963066,47,ieee118,physics
205,all_physics_factorial,all_physics_factorial-ieee118-swiglu-no_physics-s11-32592b8fea,0.0012815212877709968,0.0013085881754753416,0.00021908270309372113,swiglu,0.006002331201989345,0.00833016957168723,Q1,0.00036120591484578433,11,ieee118,no_physics
205,all_physics_factorial,all_physics_factorial-ieee118-swiglu-no_physics-s11-32592b8fea,0.0017006979806648034,0.0016946894934823438,0.00021971534800783017,swiglu,0.0060098758582241745,0.008265507046261786,Q2,0.0003680231925428113,11,ieee118,no_physics
205,all_physics_factorial,all_physics_factorial-ieee118-swiglu-no_physics-s11-32592b8fea,0.0021175907516254905,0.0021101348565217494,0.00020521082579271665,swiglu,0.00557693960966451,0.007628656678203282,Q3,0.0003351174628631701,11,ieee118,no_physics
205,all_physics_factorial,all_physics_factorial-ieee118-swiglu-no_physics-s11-32592b8fea,0.0026864059221111576,0.0026763420563608916,0.00021306397190249996,swiglu,0.005833606318211466,0.00793946951122207,Q4,0.0003415580236813638,11,ieee118,no_physics
204,all_physics_factorial,all_physics_factorial-ieee118-swiglu-no_physics-s11-32592b8fea,0.004140207552341843,0.003753599137773711,0.00020409408619999995,swiglu,0.005531146364292215,0.007424445520965647,Q5,0.00033268540971187667,11,ieee118,no_physics
205,all_physics_factorial,all_physics_factorial-ieee118-swiglu-no_physics-s29-eab2649e0f,0.0012815212877709968,0.0013085881754753416,0.00022022852668377298,swiglu,0.006046176632121445,0.008363549252043993,Q1,0.00035633809580467386,29,ieee118,no_physics
205,all_physics_factorial,all_physics_factorial-ieee118-swiglu-no_physics-s29-eab2649e0f,0.0017006979806648034,0.0016946894934823438,0.00021662887765206952,swiglu,0.005934447620673944,0.008100461381871522,Q2,0.0003527000238395835,29,ieee118,no_physics
205,all_physics_factorial,all_physics_factorial-ieee118-swiglu-no_physics-s29-eab2649e0f,0.0021175907516254905,0.0021101348565217494,0.00020474448936919572,swiglu,0.005571398669424184,0.0075789288757771795,Q3,0.0003280615793097239,29,ieee118,no_physics
205,all_physics_factorial,all_physics_factorial-ieee118-swiglu-no_physics-s29-eab2649e0f,0.0026864059221111576,0.0026763420563608916,0.00021401175434652075,swiglu,0.005886921343272589,0.008015867827793177,Q4,0.0003339908094866993,29,ieee118,no_physics
204,all_physics_factorial,all_physics_factorial-ieee118-swiglu-no_physics-s29-eab2649e0f,0.004140207552341843,0.003753599137773711,0.00020049688556015427,swiglu,0.005469317652200908,0.007335992486535283,Q5,0.00031755862970464315,29,ieee118,no_physics
205,all_physics_factorial,all_physics_factorial-ieee118-swiglu-no_physics-s47-5cec22f60a,0.0012815212877709968,0.0013085881754753416,0.00021721552870167653,swiglu,0.0059749550318545855,0.008239667011859821,Q1,0.00034410931444754634,47,ieee118,no_physics
205,all_physics_factorial,all_physics_factorial-ieee118-swiglu-no_physics-s47-5cec22f60a,0.0017006979806648034,0.0016946894934823438,0.00021682846225304123,swiglu,0.005947437098515158,0.008125875104217271,Q2,0.0003507334640792427,47,ieee118,no_physics
205,all_physics_factorial,all_physics_factorial-ieee118-swiglu-no_physics-s47-5cec22f60a,0.0021175907516254905,0.0021101348565217494,0.00020384923883497418,swiglu,0.005565763281651397,0.007565413885726181,Q3,0.00032359810392605236,47,ieee118,no_physics
205,all_physics_factorial,all_physics_factorial-ieee118-swiglu-no_physics-s47-5cec22f60a,0.0026864059221111576,0.0026763420563608916,0.00021345911770646718,swiglu,0.005849647545802049,0.007946894724604175,Q4,0.0003350347910483167,47,ieee118,no_physics
204,all_physics_factorial,all_physics_factorial-ieee118-swiglu-no_physics-s47-5cec22f60a,0.004140207552341843,0.003753599137773711,0.00020031533543891081,swiglu,0.005443597247788776,0.007281677903083052,Q5,0.0003192702815051987,47,ieee118,no_physics
205,all_physics_factorial,all_physics_factorial-ieee118-swiglu-physics-s11-738dc6423a,0.0012815212877709968,0.0013085881754753416,3.09056585320984e-05,swiglu,0.0008456331120135369,0.0011688635171757784,Q1,4.860980471400999e-05,11,ieee118,physics
205,all_physics_factorial,all_physics_factorial-ieee118-swiglu-physics-s11-738dc6423a,0.0017006979806648034,0.0016946894934823438,3.219083014015507e-05,swiglu,0.0008662670508383984,0.0012076623928193345,Q2,5.3039421614601e-05,11,ieee118,physics
205,all_physics_factorial,all_physics_factorial-ieee118-swiglu-physics-s11-738dc6423a,0.0021175907516254905,0.0021101348565217494,3.063539229229957e-05,swiglu,0.0008096239938775042,0.0011191417202975945,Q3,5.331575993294919e-05,11,ieee118,physics
205,all_physics_factorial,all_physics_factorial-ieee118-swiglu-physics-s11-738dc6423a,0.0026864059221111576,0.0026763420563608916,3.2358448607188693e-05,swiglu,0.000851111391088232,0.0011630587401937678,Q4,5.790912959733415e-05,11,ieee118,physics
204,all_physics_factorial,all_physics_factorial-ieee118-swiglu-physics-s11-738dc6423a,0.004140207552341843,0.003753599137773711,3.157682153724065e-05,swiglu,0.000819807658004801,0.0011560098845389403,Q5,6.867814256388945e-05,11,ieee118,physics
205,all_physics_factorial,all_physics_factorial-ieee118-swiglu-physics-s29-a8d625506f,0.0012815212877709968,0.0013085881754753416,3.0987638332778074e-05,swiglu,0.0008482061383620535,0.0011713978643838122,Q1,4.846505455549309e-05,29,ieee118,physics
205,all_physics_factorial,all_physics_factorial-ieee118-swiglu-physics-s29-a8d625506f,0.0017006979806648034,0.0016946894934823438,3.217331947488833e-05,swiglu,0.0008672383182935827,0.0012042343449408105,Q2,5.266297113017119e-05,29,ieee118,physics
205,all_physics_factorial,all_physics_factorial-ieee118-swiglu-physics-s29-a8d625506f,0.0021175907516254905,0.0021101348565217494,3.07679307290978e-05,swiglu,0.0008152406084944635,0.0011197759339289402,Q3,5.262594299767656e-05,29,ieee118,physics
205,all_physics_factorial,all_physics_factorial-ieee118-swiglu-physics-s29-a8d625506f,0.0026864059221111576,0.0026763420563608916,3.240757215508694e-05,swiglu,0.0008567895392796058,0.0011668339729156221,Q4,5.668532253077471e-05,29,ieee118,physics
204,all_physics_factorial,all_physics_factorial-ieee118-swiglu-physics-s29-a8d625506f,0.004140207552341843,0.003753599137773711,3.1777958763107376e-05,swiglu,0.0008252169759010988,0.0011574380033984228,Q5,6.905884884074435e-05,29,ieee118,physics
205,all_physics_factorial,all_physics_factorial-ieee118-swiglu-physics-s47-590469616e,0.0012815212877709968,0.0013085881754753416,3.1163169401745316e-05,swiglu,0.0008542134727425168,0.0011820259039141937,Q1,4.8611931665072916e-05,47,ieee118,physics
205,all_physics_factorial,all_physics_factorial-ieee118-swiglu-physics-s47-590469616e,0.0017006979806648034,0.0016946894934823438,3.2408159310608744e-05,swiglu,0.0008749679614499198,0.0012218790589378016,Q2,5.308561293803193e-05,47,ieee118,physics
205,all_physics_factorial,all_physics_factorial-ieee118-swiglu-physics-s47-590469616e,0.0021175907516254905,0.0021101348565217494,3.090309480099599e-05,swiglu,0.0008209575849505706,0.0011329658487740301,Q3,5.284817364222158e-05,47,ieee118,physics
205,all_physics_factorial,all_physics_factorial-ieee118-swiglu-physics-s47-590469616e,0.0026864059221111576,0.0026763420563608916,3.2543236677876235e-05,swiglu,0.0008602720154390994,0.001176467968221194,Q4,5.695093868737141e-05,47,ieee118,physics
204,all_physics_factorial,all_physics_factorial-ieee118-swiglu-physics-s47-590469616e,0.004140207552341843,0.003753599137773711,3.194908104243971e-05,swiglu,0.0008301791364202371,0.0011698699913926596,Q5,6.946152816045876e-05,47,ieee118,physics
205,all_physics_factorial,all_physics_factorial-shallow_water-fourier-no_physics-s11-2a1b0556f6,0.2562744330627637,0.25688720201974835,0.00040772997609280474,fourier,0.013496349923815723,0.017635354869275918,Q1,0.000551164393156321,11,shallow_water,no_physics
205,all_physics_factorial,all_physics_factorial-shallow_water-fourier-no_physics-s11-2a1b0556f6,0.2614559025628887,0.261565787691725,0.0004118005114647379,fourier,0.013612984248506639,0.017900102949971654,Q2,0.0005609504019555426,11,shallow_water,no_physics
205,all_physics_factorial,all_physics_factorial-shallow_water-fourier-no_physics-s11-2a1b0556f6,0.26453743697912835,0.2645718363319691,0.00041605781080464,fourier,0.013765533496845993,0.018119668094775946,Q3,0.0005656991061648554,11,shallow_water,no_physics
205,all_physics_factorial,all_physics_factorial-shallow_water-fourier-no_physics-s11-2a1b0556f6,0.26789858341959866,0.26787509952338057,0.0004272342099733543,fourier,0.014119882340062638,0.018556580461894106,Q4,0.0005823490901385484,11,shallow_water,no_physics
204,all_physics_factorial,all_physics_factorial-shallow_water-fourier-no_physics-s11-2a1b0556f6,0.2735198895747848,0.2728809760975131,0.0004265643670491674,fourier,0.01407641715872184,0.01855253164853718,Q5,0.0005835268075597313,11,shallow_water,no_physics
205,all_physics_factorial,all_physics_factorial-shallow_water-fourier-no_physics-s29-0786620cad,0.2562744330627637,0.25688720201974835,0.0004051564396658834,fourier,0.013391433439674732,0.017597644743525348,Q1,0.0005521713186147516,29,shallow_water,no_physics
205,all_physics_factorial,all_physics_factorial-shallow_water-fourier-no_physics-s29-0786620cad,0.2614559025628887,0.261565787691725,0.0004096744391352566,fourier,0.013533044244858215,0.01777378112331866,Q2,0.0005583864302400997,29,shallow_water,no_physics
205,all_physics_factorial,all_physics_factorial-shallow_water-fourier-no_physics-s29-0786620cad,0.26453743697912835,0.2645718363319691,0.0004134543246661862,fourier,0.013667931634494536,0.018054795155991725,Q3,0.000566034154362589,29,shallow_water,no_physics
205,all_physics_factorial,all_physics_factorial-shallow_water-fourier-no_physics-s29-0786620cad,0.26789858341959866,0.26787509952338057,0.0004182162176909528,fourier,0.013786114895520939,0.01816021063543579,Q4,0.0005720162007404315,29,shallow_water,no_physics
204,all_physics_factorial,all_physics_factorial-shallow_water-fourier-no_physics-s29-0786620cad,0.2735198895747848,0.2728809760975131,0.0004233826582698944,fourier,0.013953089873183127,0.018364140148022758,Q5,0.0005786698919180712,29,shallow_water,no_physics
205,all_physics_factorial,all_physics_factorial-shallow_water-fourier-no_physics-s47-aad747030b,0.2562744330627637,0.25688720201974835,0.00040218480131291845,fourier,0.01331255331795108,0.017406434437382552,Q1,0.0005444827796374227,47,shallow_water,no_physics
205,all_physics_factorial,all_physics_factorial-shallow_water-fourier-no_physics-s47-aad747030b,0.2614559025628887,0.261565787691725,0.000417608636300203,fourier,0.013800708684905311,0.018136025701321744,Q2,0.0005685684798312432,47,shallow_water,no_physics
205,all_physics_factorial,all_physics_factorial-shallow_water-fourier-no_physics-s47-aad747030b,0.26453743697912835,0.2645718363319691,0.0004177285492249153,fourier,0.01381953860949,0.018199017271366445,Q3,0.0005692568020679632,47,shallow_water,no_physics
205,all_physics_factorial,all_physics_factorial-shallow_water-fourier-no_physics-s47-aad747030b,0.26789858341959866,0.26787509952338057,0.0004223274065676084,fourier,0.013944783387788304,0.01833491421077481,Q4,0.000576676095998313,47,shallow_water,no_physics
204,all_physics_factorial,all_physics_factorial-shallow_water-fourier-no_physics-s47-aad747030b,0.2735198895747848,0.2728809760975131,0.0004269535189564672,fourier,0.014088723226806456,0.01853536678041943,Q5,0.0005825301890674993,47,shallow_water,no_physics
205,all_physics_factorial,all_physics_factorial-shallow_water-fourier-physics-s11-06a36e70e8,0.2562744330627637,0.25688720201974835,0.00043337863438584355,fourier,0.014060211334174599,0.01740083552975798,Q1,0.0005627172891981844,11,shallow_water,physics
205,all_physics_factorial,all_physics_factorial-shallow_water-fourier-physics-s11-06a36e70e8,0.2614559025628887,0.261565787691725,0.0004357948190145672,fourier,0.014128679088210017,0.01778033603292657,Q2,0.000575692440801137,11,shallow_water,physics
205,all_physics_factorial,all_physics_factorial-shallow_water-fourier-physics-s11-06a36e70e8,0.26453743697912835,0.2645718363319691,0.0004387607881212613,fourier,0.014246797610045768,0.01791920457119838,Q3,0.000578217610943394,11,shallow_water,physics
205,all_physics_factorial,all_physics_factorial-shallow_water-fourier-physics-s11-06a36e70e8,0.26789858341959866,0.26787509952338057,0.00044471513313621276,fourier,0.014404173222942289,0.01835361063936166,Q4,0.0005943670224078508,11,shallow_water,physics
204,all_physics_factorial,all_physics_factorial-shallow_water-fourier-physics-s11-06a36e70e8,0.2735198895747848,0.2728809760975131,0.00044446951794026003,fourier,0.014401655675730582,0.018576907999255245,Q5,0.0006025260848559606,11,shallow_water,physics
205,all_physics_factorial,all_physics_factorial-shallow_water-fourier-physics-s29-4dfc64c6ad,0.2562744330627637,0.25688720201974835,0.0004368133404370654,fourier,0.014178435152845805,0.017486043772655457,Q1,0.0005654376977132164,29,shallow_water,physics
205,all_physics_factorial,all_physics_factorial-shallow_water-fourier-physics-s29-4dfc64c6ad,0.2614559025628887,0.261565787691725,0.000439514514067847,fourier,0.014262092840491285,0.017835710158395742,Q2,0.0005770239422654307,29,shallow_water,physics
205,all_physics_factorial,all_physics_factorial-shallow_water-fourier-physics-s29-4dfc64c6ad,0.26453743697912835,0.2645718363319691,0.0004396789365524919,fourier,0.014270726459938836,0.017907182737811434,Q3,0.0005782416349621346,29,shallow_water,physics
205,all_physics_factorial,all_physics_factorial-shallow_water-fourier-physics-s29-4dfc64c6ad,0.26789858341959866,0.26787509952338057,0.00044726082400689066,fourier,0.014491102172953173,0.018371472985371246,Q4,0.0005951002397447144,29,shallow_water,physics
204,all_physics_factorial,all_physics_factorial-shallow_water-fourier-physics-s29-4dfc64c6ad,0.2735198895747848,0.2728809760975131,0.00044719503585100343,fourier,0.01449338313040987,0.01858196914425043,Q5,0.0006029019530150516,29,shallow_water,physics
205,all_physics_factorial,all_physics_factorial-shallow_water-fourier-physics-s47-fe9f6d84e8,0.2562744330627637,0.25688720201974835,0.0004362296860750647,fourier,0.014159563166119356,0.017430229924599607,Q1,0.0005635947775817956,47,shallow_water,physics
205,all_physics_factorial,all_physics_factorial-shallow_water-fourier-physics-s47-fe9f6d84e8,0.2614559025628887,0.261565787691725,0.00043791398287949574,fourier,0.014210878290275793,0.01778187090920409,Q2,0.0005753009707170854,47,shallow_water,physics
205,all_physics_factorial,all_physics_factorial-shallow_water-fourier-physics-s47-fe9f6d84e8,0.26453743697912835,0.2645718363319691,0.0004405521275022039,fourier,0.01429962245685309,0.017918566024509704,Q3,0.0005785021140498422,47,shallow_water,physics
205,all_physics_factorial,all_physics_factorial-shallow_water-fourier-physics-s47-fe9f6d84e8,0.26789858341959866,0.26787509952338057,0.00044687813057662715,fourier,0.014477479836529188,0.01835277215685718,Q4,0.0005945595256649802,47,shallow_water,physics
204,all_physics_factorial,all_physics_factorial-shallow_water-fourier-physics-s47-fe9f6d84e8,0.2735198895747848,0.2728809760975131,0.00044456455618009134,fourier,0.014410089796843124,0.018503238939471645,Q5,0.0006000334005422567,47,shallow_water,physics
205,all_physics_factorial,all_physics_factorial-shallow_water-ganr-no_physics-s11-bdcb453099,0.2562744330627637,0.25688720201974835,0.0001661809902828303,ganr,0.005536925640698412,0.007214428626035107,Q1,0.00022257399492047147,11,shallow_water,no_physics
205,all_physics_factorial,all_physics_factorial-shallow_water-ganr-no_physics-s11-bdcb453099,0.2614559025628887,0.261565787691725,0.00015938094164441016,ganr,0.005318046711058184,0.0068982786739739945,Q2,0.00021217654014349578,11,shallow_water,no_physics
205,all_physics_factorial,all_physics_factorial-shallow_water-ganr-no_physics-s11-bdcb453099,0.26453743697912835,0.2645718363319691,0.00016401835614621597,ganr,0.005465860523558672,0.007094008802277286,Q3,0.000218744516229182,11,shallow_water,no_physics
205,all_physics_factorial,all_physics_factorial-shallow_water-ganr-no_physics-s11-bdcb453099,0.26789858341959866,0.26787509952338057,0.00015480156424348777,ganr,0.00515859582046276,0.006635075742958935,Q4,0.00020447882062707656,11,shallow_water,no_physics
204,all_physics_factorial,all_physics_factorial-shallow_water-ganr-no_physics-s11-bdcb453099,0.2735198895747848,0.2728809760975131,0.00015159959426688197,ganr,0.005054725184349594,0.006482410241275334,Q5,0.00019941187687458827,11,shallow_water,no_physics
205,all_physics_factorial,all_physics_factorial-shallow_water-ganr-no_physics-s29-304f56d78b,0.2562744330627637,0.25688720201974835,0.00016734611586803028,ganr,0.005573698574898456,0.007270845272592869,Q1,0.00022447163833635197,29,shallow_water,no_physics
205,all_physics_factorial,all_physics_factorial-shallow_water-ganr-no_physics-s29-304f56d78b,0.2614559025628887,0.261565787691725,0.00016030197189151506,ganr,0.0053470656810555,0.006936336762236498,Q2,0.00021340867425321885,29,shallow_water,no_physics
205,all_physics_factorial,all_physics_factorial-shallow_water-ganr-no_physics-s29-304f56d78b,0.26453743697912835,0.2645718363319691,0.00016519581334779654,ganr,0.005505443203035399,0.00713741012361355,Q3,0.0002201619617621445,29,shallow_water,no_physics
205,all_physics_factorial,all_physics_factorial-shallow_water-ganr-no_physics-s29-304f56d78b,0.26789858341959866,0.26787509952338057,0.0001554565115711658,ganr,0.005180019109694604,0.006666703893236008,Q4,0.00020548659277289135,29,shallow_water,no_physics
204,all_physics_factorial,all_physics_factorial-shallow_water-ganr-no_physics-s29-304f56d78b,0.2735198895747848,0.2728809760975131,0.0001522231077151966,ganr,0.005076187915948981,0.006514393728770684,Q5,0.0002003123332299901,29,shallow_water,no_physics
205,all_physics_factorial,all_physics_factorial-shallow_water-ganr-no_physics-s47-1fe9657237,0.2562744330627637,0.25688720201974835,0.000166921764103662,ganr,0.0055571990968269645,0.00723794763752525,Q1,0.00022353913865118472,47,shallow_water,no_physics
205,all_physics_factorial,all_physics_factorial-shallow_water-ganr-no_physics-s47-1fe9657237,0.2614559025628887,0.261565787691725,0.0001604476169618411,ganr,0.005352030713099222,0.006944262919890156,Q2,0.00021369383881924062,47,shallow_water,no_physics
205,all_physics_factorial,all_physics_factorial-shallow_water-ganr-no_physics-s47-1fe9657237,0.26453743697912835,0.2645718363319691,0.00016429728600623819,ganr,0.005473073787765354,0.007095216810335072,Q3,0.0002188813945207444,47,shallow_water,no_physics
205,all_physics_factorial,all_physics_factorial-shallow_water-ganr-no_physics-s47-1fe9657237,0.26789858341959866,0.26787509952338057,0.0001555970162997288,ganr,0.005184495826460276,0.006657755552949546,Q4,0.00020517854804652134,47,shallow_water,no_physics
204,all_physics_factorial,all_physics_factorial-shallow_water-ganr-no_physics-s47-1fe9657237,0.2735198895747848,0.2728809760975131,0.00015244288784334995,ganr,0.005082408717879184,0.006510526763462142,Q5,0.00020025115229028277,47,shallow_water,no_physics
205,all_physics_factorial,all_physics_factorial-shallow_water-ganr-physics-s11-4a7a709559,0.2562744330627637,0.25688720201974835,0.00013996860315995267,ganr,0.0046184953327467184,0.005861427416034848,Q1,0.00018388841335383567,11,shallow_water,physics
205,all_physics_factorial,all_physics_factorial-shallow_water-ganr-physics-s11-4a7a709559,0.2614559025628887,0.261565787691725,0.00014050938641620232,ganr,0.004641349880506041,0.005902445354722224,Q2,0.0001847755674954635,11,shallow_water,physics
205,all_physics_factorial,all_physics_factorial-shallow_water-ganr-physics-s11-4a7a709559,0.26453743697912835,0.2645718363319691,0.00014203749308451657,ganr,0.004684539721821583,0.005959471469303894,Q3,0.00018713550571840991,11,shallow_water,physics
205,all_physics_factorial,all_physics_factorial-shallow_water-ganr-physics-s11-4a7a709559,0.26789858341959866,0.26787509952338057,0.00013991690941435745,ganr,0.004616618032810214,0.0058508276392826375,Q4,0.00018340894322241147,11,shallow_water,physics
204,all_physics_factorial,all_physics_factorial-shallow_water-ganr-physics-s11-4a7a709559,0.2735198895747848,0.2728809760975131,0.00013735566912639722,ganr,0.0045332788916742995,0.005746077270973821,Q5,0.00018023961964451043,11,shallow_water,physics
205,all_physics_factorial,all_physics_factorial-shallow_water-ganr-physics-s29-37256d6920,0.2562744330627637,0.25688720201974835,0.00013968962260502854,ganr,0.004611444465533252,0.005849881227526982,Q1,0.00018336072757423356,29,shallow_water,physics
205,all_physics_factorial,all_physics_factorial-shallow_water-ganr-physics-s29-37256d6920,0.2614559025628887,0.261565787691725,0.00014031457864834053,ganr,0.004635980617135825,0.005893712603808255,Q2,0.00018440340360867396,29,shallow_water,physics
205,all_physics_factorial,all_physics_factorial-shallow_water-ganr-physics-s29-37256d6920,0.26453743697912835,0.2645718363319691,0.0001416752763596619,ganr,0.004674195078357087,0.0059485147368451945,Q3,0.00018663743783643057,29,shallow_water,physics
205,all_physics_factorial,all_physics_factorial-shallow_water-ganr-physics-s29-37256d6920,0.26789858341959866,0.26787509952338057,0.00013969028714537864,ganr,0.004609994728104972,0.00584010767143286,Q4,0.00018297224873741296,29,shallow_water,physics
204,all_physics_factorial,all_physics_factorial-shallow_water-ganr-physics-s29-37256d6920,0.2735198895747848,0.2728809760975131,0.00013700538942356796,ganr,0.004524919750340981,0.005733931367700754,Q5,0.000179669064337143,29,shallow_water,physics
205,all_physics_factorial,all_physics_factorial-shallow_water-ganr-physics-s47-df8a1b5216,0.2562744330627637,0.25688720201974835,0.00013891917370273697,ganr,0.0045855176183847894,0.005817603852932171,Q1,0.0001824266742991922,47,shallow_water,physics
205,all_physics_factorial,all_physics_factorial-shallow_water-ganr-physics-s47-df8a1b5216,0.2614559025628887,0.261565787691725,0.00013968808703965774,ganr,0.004614458758685905,0.005865223575243428,Q2,0.00018360053679656774,47,shallow_water,physics
205,all_physics_factorial,all_physics_factorial-shallow_water-ganr-physics-s47-df8a1b5216,0.26453743697912835,0.2645718363319691,0.00014092628355180211,ganr,0.004649612762194171,0.005912881757049736,Q3,0.00018555222741609162,47,shallow_water,physics
205,all_physics_factorial,all_physics_factorial-shallow_water-ganr-physics-s47-df8a1b5216,0.26789858341959866,0.26787509952338057,0.00013898832929166175,ganr,0.0045866394587698615,0.005815531015205799,Q4,0.0001822623535736779,47,shallow_water,physics
204,all_physics_factorial,all_physics_factorial-shallow_water-ganr-physics-s47-df8a1b5216,0.2735198895747848,0.2728809760975131,0.000136740251103589,ganr,0.00451495967876957,0.005717451870563577,Q5,0.0001792013576593057,47,shallow_water,physics
205,all_physics_factorial,all_physics_factorial-shallow_water-gelu-no_physics-s11-5f55ec5499,0.2562744330627637,0.25688720201974835,0.00026622632463741265,gelu,0.008887836357609603,0.011765284575457344,Q1,0.00036105680804271424,11,shallow_water,no_physics
205,all_physics_factorial,all_physics_factorial-shallow_water-gelu-no_physics-s11-5f55ec5499,0.2614559025628887,0.261565787691725,0.0002556629894131784,gelu,0.008534642002354187,0.011182088383226579,Q2,0.000343135808872062,11,shallow_water,no_physics
205,all_physics_factorial,all_physics_factorial-shallow_water-gelu-no_physics-s11-5f55ec5499,0.26453743697912835,0.2645718363319691,0.00026404786905376884,gelu,0.008809807737494927,0.011574955248198085,Q3,0.00035533399281804847,11,shallow_water,no_physics
205,all_physics_factorial,all_physics_factorial-shallow_water-gelu-no_physics-s11-5f55ec5499,0.26789858341959866,0.26787509952338057,0.0002497545735720228,gelu,0.008339203777795401,0.010877085876872077,Q4,0.00033358241515036354,11,shallow_water,no_physics
204,all_physics_factorial,all_physics_factorial-shallow_water-gelu-no_physics-s11-5f55ec5499,0.2735198895747848,0.2728809760975131,0.00023732100360459977,gelu,0.007921160438692293,0.010251834823857655,Q5,0.0003144775100730034,11,shallow_water,no_physics
205,all_physics_factorial,all_physics_factorial-shallow_water-gelu-no_physics-s29-423645467e,0.2562744330627637,0.25688720201974835,0.0002661604420332643,gelu,0.008880991763688654,0.011749638957296549,Q1,0.00036081754916253954,29,shallow_water,no_physics
205,all_physics_factorial,all_physics_factorial-shallow_water-gelu-no_physics-s29-423645467e,0.2614559025628887,0.261565787691725,0.00025580691862042785,gelu,0.008539290673618314,0.011188569912758151,Q2,0.00034339252369135735,29,shallow_water,no_physics
205,all_physics_factorial,all_physics_factorial-shallow_water-gelu-no_physics-s29-423645467e,0.26453743697912835,0.2645718363319691,0.00026398137241210587,gelu,0.008806379011149447,0.011562264068324276,Q3,0.0003549839738009944,29,shallow_water,no_physics
205,all_physics_factorial,all_physics_factorial-shallow_water-gelu-no_physics-s29-423645467e,0.26789858341959866,0.26787509952338057,0.0002502618564302055,gelu,0.00835283222967552,0.010894197993441646,Q4,0.00033428474137930285,29,shallow_water,no_physics
204,all_physics_factorial,all_physics_factorial-shallow_water-gelu-no_physics-s29-423645467e,0.2735198895747848,0.2728809760975131,0.0002370571785304205,gelu,0.007913759515539224,0.010244983929286106,Q5,0.00031420788032938626,29,shallow_water,no_physics
205,all_physics_factorial,all_physics_factorial-shallow_water-gelu-no_physics-s47-2278b5a4d6,0.2562744330627637,0.25688720201974835,0.0002619201387078891,gelu,0.008740251853149214,0.011532490691732202,Q1,0.0003541869810951825,47,shallow_water,no_physics
205,all_physics_factorial,all_physics_factorial-shallow_water-gelu-no_physics-s47-2278b5a4d6,0.2614559025628887,0.261565787691725,0.0002521660522317628,gelu,0.008414589737268396,0.01099957726642974,Q2,0.00033782352528501124,47,shallow_water,no_physics
205,all_physics_factorial,all_physics_factorial-shallow_water-gelu-no_physics-s47-2278b5a4d6,0.26453743697912835,0.2645718363319691,0.00026030286352538565,gelu,0.008679340633475217,0.011374015025220823,Q3,0.0003495238728486959,47,shallow_water,no_physics
205,all_physics_factorial,all_physics_factorial-shallow_water-gelu-no_physics-s47-2278b5a4d6,0.26789858341959866,0.26787509952338057,0.0002476027199392108,gelu,0.008262720562968838,0.010753273703099362,Q4,0.00033019362069421846,47,shallow_water,no_physics
204,all_physics_factorial,all_physics_factorial-shallow_water-gelu-no_physics-s47-2278b5a4d6,0.2735198895747848,0.2728809760975131,0.00023553583381566597,gelu,0.007856430957852864,0.010140409715508225,Q5,0.0003114573851388655,47,shallow_water,no_physics
205,all_physics_factorial,all_physics_factorial-shallow_water-gelu-physics-s11-d0e2153eaf,0.2562744330627637,0.25688720201974835,0.00015482842442643391,gelu,0.005096311248112079,0.006457697930868894,Q1,0.00020352123819889918,11,shallow_water,physics
205,all_physics_factorial,all_physics_factorial-shallow_water-gelu-physics-s11-d0e2153eaf,0.2614559025628887,0.261565787691725,0.00015494648564186276,gelu,0.00510885450925515,0.006477852196517003,Q2,0.00020350553785293204,11,shallow_water,physics
205,all_physics_factorial,all_physics_factorial-shallow_water-gelu-physics-s11-d0e2153eaf,0.26453743697912835,0.2645718363319691,0.00015679601939551092,gelu,0.0051600261289514015,0.006558874868532075,Q3,0.0002066728087311019,11,shallow_water,physics
205,all_physics_factorial,all_physics_factorial-shallow_water-gelu-physics-s11-d0e2153eaf,0.26789858341959866,0.26787509952338057,0.00015520982663408563,gelu,0.0051117782977170585,0.006468221276420442,Q4,0.00020350423331420335,11,shallow_water,physics
204,all_physics_factorial,all_physics_factorial-shallow_water-gelu-physics-s11-d0e2153eaf,0.2735198895747848,0.2728809760975131,0.00015277994717343058,gelu,0.00503108483376202,0.006373289971814473,Q5,0.00020068280880533197,11,shallow_water,physics
205,all_physics_factorial,all_physics_factorial-shallow_water-gelu-physics-s29-3780f463cb,0.2562744330627637,0.25688720201974835,0.00015456891398893486,gelu,0.005088949277409397,0.006448163401884364,Q1,0.00020307882038069072,29,shallow_water,physics
205,all_physics_factorial,all_physics_factorial-shallow_water-gelu-physics-s29-3780f463cb,0.2614559025628887,0.261565787691725,0.00015491020323814497,gelu,0.005108383401406178,0.006474697308847263,Q2,0.0002033145442003379,29,shallow_water,physics
205,all_physics_factorial,all_physics_factorial-shallow_water-gelu-physics-s29-3780f463cb,0.26453743697912835,0.2645718363319691,0.00015667287031275733,gelu,0.005156893441361953,0.006557890556489333,Q3,0.0002065232979300273,29,shallow_water,physics
205,all_physics_factorial,all_physics_factorial-shallow_water-gelu-physics-s29-3780f463cb,0.26789858341959866,0.26787509952338057,0.00015523232185455792,gelu,0.005112746531117275,0.006466074141644096,Q4,0.00020334948824232298,29,shallow_water,physics
204,all_physics_factorial,all_physics_factorial-shallow_water-gelu-physics-s29-3780f463cb,0.2735198895747848,0.2728809760975131,0.0001527700568761305,gelu,0.005032877555946813,0.006372621298140558,Q5,0.00020053935015623673,29,shallow_water,physics
205,all_physics_factorial,all_physics_factorial-shallow_water-gelu-physics-s47-f9afbde2c6,0.2562744330627637,0.25688720201974835,0.00015381623089172184,gelu,0.005065466531025898,0.006418281363072558,Q1,0.00020214461381977175,47,shallow_water,physics
205,all_physics_factorial,all_physics_factorial-shallow_water-gelu-physics-s47-f9afbde2c6,0.2614559025628887,0.261565787691725,0.00015412214130300876,gelu,0.005081632948280858,0.006444881358355538,Q2,0.00020247593281530536,47,shallow_water,physics
205,all_physics_factorial,all_physics_factorial-shallow_water-gelu-physics-s47-f9afbde2c6,0.26453743697912835,0.2645718363319691,0.0001558540474017191,gelu,0.005130442376539691,0.006520315767387618,Q3,0.00020535469776852803,47,shallow_water,physics
205,all_physics_factorial,all_physics_factorial-shallow_water-gelu-physics-s47-f9afbde2c6,0.26789858341959866,0.26787509952338057,0.0001545382454617623,gelu,0.0050897795343182875,0.006441650808258141,Q4,0.0002026574836033727,47,shallow_water,physics
204,all_physics_factorial,all_physics_factorial-shallow_water-gelu-physics-s47-f9afbde2c6,0.2735198895747848,0.2728809760975131,0.00015234555422854359,gelu,0.0050188961216467935,0.006354772097903519,Q5,0.0001999770529241986,47,shallow_water,physics
205,all_physics_factorial,all_physics_factorial-shallow_water-relu-no_physics-s11-4035635883,0.2562744330627637,0.25688720201974835,0.000321837097610698,relu,0.010731989669739962,0.013987680245523364,Q1,0.0004296239873996354,11,shallow_water,no_physics
205,all_physics_factorial,all_physics_factorial-shallow_water-relu-no_physics-s11-4035635883,0.2614559025628887,0.261565787691725,0.0003131211855138728,relu,0.010434320889016357,0.013491161850236764,Q2,0.00041488951732754435,11,shallow_water,no_physics
205,all_physics_factorial,all_physics_factorial-shallow_water-relu-no_physics-s11-4035635883,0.26453743697912835,0.2645718363319691,0.0003191721413648811,relu,0.010636521543835004,0.013756699919465874,Q3,0.00042280438113539835,11,shallow_water,no_physics
205,all_physics_factorial,all_physics_factorial-shallow_water-relu-no_physics-s11-4035635883,0.26789858341959866,0.26787509952338057,0.0003058217728946937,relu,0.010208019684964096,0.013135807658269626,Q4,0.0004031176342242365,11,shallow_water,no_physics
204,all_physics_factorial,all_physics_factorial-shallow_water-relu-no_physics-s11-4035635883,0.2735198895747848,0.2728809760975131,0.00029470274355564586,relu,0.009814166300580327,0.012492258538694685,Q5,0.00038485428481150984,11,shallow_water,no_physics
205,all_physics_factorial,all_physics_factorial-shallow_water-relu-no_physics-s29-1c35d9c072,0.2562744330627637,0.25688720201974835,0.00032139759951707873,relu,0.010709351584584196,0.01394749931552232,Q1,0.0004290126658788297,29,shallow_water,no_physics
205,all_physics_factorial,all_physics_factorial-shallow_water-relu-no_physics-s29-1c35d9c072,0.2614559025628887,0.261565787691725,0.0003125351086494696,relu,0.010415320466668558,0.013452659236513563,Q2,0.0004138095652370361,29,shallow_water,no_physics
205,all_physics_factorial,all_physics_factorial-shallow_water-relu-no_physics-s29-1c35d9c072,0.26453743697912835,0.2645718363319691,0.00031885594603208735,relu,0.010626136816044364,0.013771138194805951,Q3,0.00042320731855476914,29,shallow_water,no_physics
205,all_physics_factorial,all_physics_factorial-shallow_water-relu-no_physics-s29-1c35d9c072,0.26789858341959866,0.26787509952338057,0.0003044510928767471,relu,0.010159820826145066,0.013086847580332872,Q4,0.00040171755202617515,29,shallow_water,no_physics
204,all_physics_factorial,all_physics_factorial-shallow_water-relu-no_physics-s29-1c35d9c072,0.2735198895747848,0.2728809760975131,0.00029303590139417315,relu,0.009760781644186981,0.012442350571527112,Q5,0.00038321609525367254,29,shallow_water,no_physics
205,all_physics_factorial,all_physics_factorial-shallow_water-relu-no_physics-s47-00a849df3f,0.2562744330627637,0.25688720201974835,0.00031590701886122593,relu,0.010530282273840815,0.013675067257792179,Q1,0.0004204919967576555,47,shallow_water,no_physics
205,all_physics_factorial,all_physics_factorial-shallow_water-relu-no_physics-s47-00a849df3f,0.2614559025628887,0.261565787691725,0.0003080700790777282,relu,0.010262315641266059,0.013253440277994093,Q2,0.00040790668900867486,47,shallow_water,no_physics
205,all_physics_factorial,all_physics_factorial-shallow_water-relu-no_physics-s47-00a849df3f,0.26453743697912835,0.2645718363319691,0.0003165109456539136,relu,0.010545100137121191,0.013628878695162825,Q3,0.0004189744479758065,47,shallow_water,no_physics
205,all_physics_factorial,all_physics_factorial-shallow_water-relu-no_physics-s47-00a849df3f,0.26789858341959866,0.26787509952338057,0.0003044929117096748,relu,0.01015690201607106,0.013050370657612378,Q4,0.00040087276023796707,47,shallow_water,no_physics
204,all_physics_factorial,all_physics_factorial-shallow_water-relu-no_physics-s47-00a849df3f,0.2735198895747848,0.2728809760975131,0.0002918987587918438,relu,0.009719576359402616,0.012371326634887114,Q5,0.0003812927203342596,47,shallow_water,no_physics
205,all_physics_factorial,all_physics_factorial-shallow_water-relu-physics-s11-3c718f18c4,0.2562744330627637,0.25688720201974835,0.00020239373498810362,relu,0.006659507106757381,0.008414629862963697,Q1,0.00026521579258328667,11,shallow_water,physics
205,all_physics_factorial,all_physics_factorial-shallow_water-relu-physics-s11-3c718f18c4,0.2614559025628887,0.261565787691725,0.00020298296197308473,relu,0.0066892263506386305,0.008443432791790518,Q2,0.00026538831662400954,11,shallow_water,physics
205,all_physics_factorial,all_physics_factorial-shallow_water-relu-physics-s11-3c718f18c4,0.26453743697912835,0.2645718363319691,0.0002045056259480872,relu,0.006730674753614568,0.008522866385708218,Q3,0.0002682754120440038,11,shallow_water,physics
205,all_physics_factorial,all_physics_factorial-shallow_water-relu-physics-s11-3c718f18c4,0.26789858341959866,0.26787509952338057,0.00020481903220077158,relu,0.006741965358600974,0.008510510986889416,Q4,0.00026769066308703337,11,shallow_water,physics
204,all_physics_factorial,all_physics_factorial-shallow_water-relu-physics-s11-3c718f18c4,0.2735198895747848,0.2728809760975131,0.00020359260084840778,relu,0.006694951834750147,0.008455806314631085,Q5,0.00026661741611213804,11,shallow_water,physics
205,all_physics_factorial,all_physics_factorial-shallow_water-relu-physics-s29-e4e2b8a10e,0.2562744330627637,0.25688720201974835,0.00020201562861006978,relu,0.006647537736796697,0.00839865106609874,Q1,0.00026467040703396773,29,shallow_water,physics
205,all_physics_factorial,all_physics_factorial-shallow_water-relu-physics-s29-e4e2b8a10e,0.2614559025628887,0.261565787691725,0.00020267820289280396,relu,0.006679306301475702,0.008433466801398887,Q2,0.00026501330112177663,29,shallow_water,physics
205,all_physics_factorial,all_physics_factorial-shallow_water-relu-physics-s29-e4e2b8a10e,0.26453743697912835,0.2645718363319691,0.00020432844052582446,relu,0.006724310955504883,0.008513787649203937,Q3,0.00026799229603122947,29,shallow_water,physics
205,all_physics_factorial,all_physics_factorial-shallow_water-relu-physics-s29-e4e2b8a10e,0.26789858341959866,0.26787509952338057,0.00020447667332761376,relu,0.00673242860657792,0.008500411523025508,Q4,0.0002672439964566354,29,shallow_water,physics
204,all_physics_factorial,all_physics_factorial-shallow_water-relu-physics-s29-e4e2b8a10e,0.2735198895747848,0.2728809760975131,0.00020336695332430843,relu,0.006690669727552455,0.008447318730395942,Q5,0.0002661979102712159,29,shallow_water,physics
205,all_physics_factorial,all_physics_factorial-shallow_water-relu-physics-s47-ba309e8e6f,0.2562744330627637,0.25688720201974835,0.00020154056970772685,relu,0.006634119892452743,0.008385341799105417,Q1,0.0002641820282944581,47,shallow_water,physics
205,all_physics_factorial,all_physics_factorial-shallow_water-relu-physics-s47-ba309e8e6f,0.2614559025628887,0.261565787691725,0.00020229285527195175,relu,0.006667075648177472,0.008418227717006635,Q2,0.000264539885197875,47,shallow_water,physics
205,all_physics_factorial,all_physics_factorial-shallow_water-relu-physics-s47-ba309e8e6f,0.26453743697912835,0.2645718363319691,0.000203934927142948,relu,0.006710975614883087,0.008498735850521988,Q3,0.000267582346537063,47,shallow_water,physics
205,all_physics_factorial,all_physics_factorial-shallow_water-relu-physics-s47-ba309e8e6f,0.26789858341959866,0.26787509952338057,0.00020414205735488192,relu,0.006720880899324601,0.008486631816365692,Q4,0.0002668762687801195,47,shallow_water,physics
204,all_physics_factorial,all_physics_factorial-shallow_water-relu-physics-s47-ba309e8e6f,0.2735198895747848,0.2728809760975131,0.00020286351913343317,relu,0.00667415130982716,0.008429717788645015,Q5,0.0002656084880897395,47,shallow_water,physics
205,all_physics_factorial,all_physics_factorial-shallow_water-resmlp-no_physics-s11-e46e1a4ce6,0.2562744330627637,0.25688720201974835,0.0002524165304433056,resmlp,0.008384273647417447,0.010821983359673895,Q1,0.0003364985869204431,11,shallow_water,no_physics
205,all_physics_factorial,all_physics_factorial-shallow_water-resmlp-no_physics-s11-e46e1a4ce6,0.2614559025628887,0.261565787691725,0.00025951258056201604,resmlp,0.008615713334748424,0.01115952889524986,Q2,0.0003469439244925297,11,shallow_water,no_physics
205,all_physics_factorial,all_physics_factorial-shallow_water-resmlp-no_physics-s11-e46e1a4ce6,0.26453743697912835,0.2645718363319691,0.0002603734581674917,resmlp,0.00865515314625967,0.011231513534441573,Q3,0.0003479838678838895,11,shallow_water,no_physics
205,all_physics_factorial,all_physics_factorial-shallow_water-resmlp-no_physics-s11-e46e1a4ce6,0.26789858341959866,0.26787509952338057,0.0002662348845617473,resmlp,0.008841573386922055,0.011446425700598879,Q4,0.00035539670516171717,11,shallow_water,no_physics
204,all_physics_factorial,all_physics_factorial-shallow_water-resmlp-no_physics-s11-e46e1a4ce6,0.2735198895747848,0.2728809760975131,0.000268821320995967,resmlp,0.008921878570709023,0.011590927423858864,Q5,0.00036091176224701746,11,shallow_water,no_physics
205,all_physics_factorial,all_physics_factorial-shallow_water-resmlp-no_physics-s29-77532b4ace,0.2562744330627637,0.25688720201974835,0.0002569555220127354,resmlp,0.00852465772545366,0.010999907851541127,Q1,0.0003423776061864575,29,shallow_water,no_physics
205,all_physics_factorial,all_physics_factorial-shallow_water-resmlp-no_physics-s29-77532b4ace,0.2614559025628887,0.261565787691725,0.00025908593111211974,resmlp,0.008576941122278258,0.011115144984232312,Q2,0.00034724048594936534,29,shallow_water,no_physics
205,all_physics_factorial,all_physics_factorial-shallow_water-resmlp-no_physics-s29-77532b4ace,0.26453743697912835,0.2645718363319691,0.000259364155086384,resmlp,0.00858441394648157,0.011151726365914673,Q3,0.0003483006308488875,29,shallow_water,no_physics
205,all_physics_factorial,all_physics_factorial-shallow_water-resmlp-no_physics-s29-77532b4ace,0.26789858341959866,0.26787509952338057,0.00026556986395857423,resmlp,0.008802548167594881,0.011393538009251407,Q4,0.0003548157485063463,29,shallow_water,no_physics
204,all_physics_factorial,all_physics_factorial-shallow_water-resmlp-no_physics-s29-77532b4ace,0.2735198895747848,0.2728809760975131,0.0002668286512749294,resmlp,0.008836708848974672,0.011457213470629344,Q5,0.0003577312835332171,29,shallow_water,no_physics
205,all_physics_factorial,all_physics_factorial-shallow_water-resmlp-no_physics-s47-6ab5a6e535,0.2562744330627637,0.25688720201974835,0.0002549609878285504,resmlp,0.008464756513528678,0.010940967782851467,Q1,0.0003398920955085864,47,shallow_water,no_physics
205,all_physics_factorial,all_physics_factorial-shallow_water-resmlp-no_physics-s47-6ab5a6e535,0.2614559025628887,0.261565787691725,0.000256174274234875,resmlp,0.008501723451289599,0.011019423617319358,Q2,0.00034233900960713073,47,shallow_water,no_physics
205,all_physics_factorial,all_physics_factorial-shallow_water-resmlp-no_physics-s47-6ab5a6e535,0.26453743697912835,0.2645718363319691,0.00026038251370134505,resmlp,0.00866436110599539,0.01120573433855206,Q3,0.0003464227591589502,47,shallow_water,no_physics
205,all_physics_factorial,all_physics_factorial-shallow_water-resmlp-no_physics-s47-6ab5a6e535,0.26789858341959866,0.26787509952338057,0.00026507391918176396,resmlp,0.00881023354446634,0.011386406488420165,Q4,0.0003529334970572379,47,shallow_water,no_physics
204,all_physics_factorial,all_physics_factorial-shallow_water-resmlp-no_physics-s47-6ab5a6e535,0.2735198895747848,0.2728809760975131,0.0002665972213563082,resmlp,0.008858844969068067,0.011487554528084743,Q5,0.0003564813317164661,47,shallow_water,no_physics
205,all_physics_factorial,all_physics_factorial-shallow_water-resmlp-physics-s11-f00cea5891,0.2562744330627637,0.25688720201974835,0.00022856644001642353,resmlp,0.007576372346971718,0.009739709591257051,Q1,0.0003029522088816571,11,shallow_water,physics
205,all_physics_factorial,all_physics_factorial-shallow_water-resmlp-physics-s11-f00cea5891,0.2614559025628887,0.261565787691725,0.00023373929556529826,resmlp,0.007754278494154974,0.010001251067688632,Q2,0.0003111472539550014,11,shallow_water,physics
205,all_physics_factorial,all_physics_factorial-shallow_water-resmlp-physics-s11-f00cea5891,0.26453743697912835,0.2645718363319691,0.0002367461236643304,resmlp,0.00785848532926654,0.01014131943908654,Q3,0.000314388884858818,11,shallow_water,physics
205,all_physics_factorial,all_physics_factorial-shallow_water-resmlp-physics-s11-f00cea5891,0.26789858341959866,0.26787509952338057,0.0002429541732414687,resmlp,0.008064877085688413,0.010376985630356711,Q4,0.00032193895496632425,11,shallow_water,physics
204,all_physics_factorial,all_physics_factorial-shallow_water-resmlp-physics-s11-f00cea5891,0.2735198895747848,0.2728809760975131,0.00024818596164442847,resmlp,0.008234962686897915,0.01061575875737969,Q5,0.00032953923988785985,11,shallow_water,physics
205,all_physics_factorial,all_physics_factorial-shallow_water-resmlp-physics-s29-df32426f44,0.2562744330627637,0.25688720201974835,0.00023090834001517521,resmlp,0.007673576844410244,0.00984146742811949,Q1,0.0003046270355516865,29,shallow_water,physics
205,all_physics_factorial,all_physics_factorial-shallow_water-resmlp-physics-s29-df32426f44,0.2614559025628887,0.261565787691725,0.00023276486419342244,resmlp,0.007733138197890717,0.00992760754306905,Q2,0.0003073705487259411,29,shallow_water,physics
205,all_physics_factorial,all_physics_factorial-shallow_water-resmlp-physics-s29-df32426f44,0.26453743697912835,0.2645718363319691,0.00023698364716939432,resmlp,0.00787943623576006,0.010178824038739409,Q3,0.0003151116605957647,29,shallow_water,physics
205,all_physics_factorial,all_physics_factorial-shallow_water-resmlp-physics-s29-df32426f44,0.26789858341959866,0.26787509952338057,0.0002427915392216716,resmlp,0.00805937732495958,0.010359919109342421,Q4,0.0003210010788794197,29,shallow_water,physics
204,all_physics_factorial,all_physics_factorial-shallow_water-resmlp-physics-s29-df32426f44,0.2735198895747848,0.2728809760975131,0.0002455449374774797,resmlp,0.008154472200413647,0.010489979525558212,Q5,0.0003254503116197609,29,shallow_water,physics
205,all_physics_factorial,all_physics_factorial-shallow_water-resmlp-physics-s47-3534a2f68c,0.2562744330627637,0.25688720201974835,0.00022975208562982802,resmlp,0.007620755181009285,0.00974451698152791,Q1,0.0003023914373160539,47,shallow_water,physics
205,all_physics_factorial,all_physics_factorial-shallow_water-resmlp-physics-s47-3534a2f68c,0.2614559025628887,0.261565787691725,0.00023016499014479912,resmlp,0.0076421584965625025,0.00980979497200335,Q2,0.00030401511548771757,47,shallow_water,physics
205,all_physics_factorial,all_physics_factorial-shallow_water-resmlp-physics-s47-3534a2f68c,0.26453743697912835,0.2645718363319691,0.00023415647957616197,resmlp,0.007765931407972142,0.010000029249189713,Q3,0.000310408009008336,47,shallow_water,physics
205,all_physics_factorial,all_physics_factorial-shallow_water-resmlp-physics-s47-3534a2f68c,0.26789858341959866,0.26787509952338057,0.000240908545726837,resmlp,0.007993339727952764,0.010259996938646177,Q4,0.0003180217405353213,47,shallow_water,physics
204,all_physics_factorial,all_physics_factorial-shallow_water-resmlp-physics-s47-3534a2f68c,0.2735198895747848,0.2728809760975131,0.00024299841333963565,resmlp,0.00806127430902749,0.010389416674704405,Q5,0.00032258828079277234,47,shallow_water,physics
205,all_physics_factorial,all_physics_factorial-shallow_water-silu-no_physics-s11-e5649ad158,0.2562744330627637,0.25688720201974835,0.00026417823703696786,silu,0.00882062674274107,0.011936869470501859,Q1,0.0003661621505853589,11,shallow_water,no_physics
205,all_physics_factorial,all_physics_factorial-shallow_water-silu-no_physics-s11-e5649ad158,0.2614559025628887,0.261565787691725,0.00025321681917535386,silu,0.008456995762009872,0.011322868978383109,Q2,0.0003469600604603929,11,shallow_water,no_physics
205,all_physics_factorial,all_physics_factorial-shallow_water-silu-no_physics-s11-e5649ad158,0.26453743697912835,0.2645718363319691,0.0002606880262416411,silu,0.008705039117619115,0.011682868967689712,Q3,0.0003582205708345115,11,shallow_water,no_physics
205,all_physics_factorial,all_physics_factorial-shallow_water-silu-no_physics-s11-e5649ad158,0.26789858341959866,0.26787509952338057,0.0002421028013343987,silu,0.008088796377155451,0.010713981461999113,Q4,0.0003280326733669295,11,shallow_water,no_physics
204,all_physics_factorial,all_physics_factorial-shallow_water-silu-no_physics-s11-e5649ad158,0.2735198895747848,0.2728809760975131,0.00022683344327673703,silu,0.007576734004561884,0.009980992911815454,Q5,0.0003056319508282338,11,shallow_water,no_physics
205,all_physics_factorial,all_physics_factorial-shallow_water-silu-no_physics-s29-788daf0534,0.2562744330627637,0.25688720201974835,0.0002628509875224599,silu,0.008773445728348525,0.01185998758205644,Q1,0.00036396850885947105,29,shallow_water,no_physics
205,all_physics_factorial,all_physics_factorial-shallow_water-silu-no_physics-s29-788daf0534,0.2614559025628887,0.261565787691725,0.0002527322011434146,silu,0.00844260533213789,0.011299717259926475,Q2,0.00034618193874290127,29,shallow_water,no_physics
205,all_physics_factorial,all_physics_factorial-shallow_water-silu-no_physics-s29-788daf0534,0.26453743697912835,0.2645718363319691,0.0002601887724920754,silu,0.008687933976087263,0.011650544708504415,Q3,0.0003572667088578572,29,shallow_water,no_physics
205,all_physics_factorial,all_physics_factorial-shallow_water-silu-no_physics-s29-788daf0534,0.26789858341959866,0.26787509952338057,0.00024232061471421903,silu,0.008094847118315983,0.010714460331661332,Q4,0.00032821229706985893,29,shallow_water,no_physics
204,all_physics_factorial,all_physics_factorial-shallow_water-silu-no_physics-s29-788daf0534,0.2735198895747848,0.2728809760975131,0.0002263342045312646,silu,0.007562531165608426,0.00996341850088584,Q5,0.00030505879771537995,29,shallow_water,no_physics
205,all_physics_factorial,all_physics_factorial-shallow_water-silu-no_physics-s47-54b0c92034,0.2562744330627637,0.25688720201974835,0.00025825692613754285,silu,0.008620606554278452,0.011621450078939024,Q1,0.0003565287150882171,47,shallow_water,no_physics
205,all_physics_factorial,all_physics_factorial-shallow_water-silu-no_physics-s47-54b0c92034,0.2614559025628887,0.261565787691725,0.000248181345078994,silu,0.008289156417132106,0.011071634862443705,Q2,0.0003393125000483686,47,shallow_water,no_physics
205,all_physics_factorial,all_physics_factorial-shallow_water-silu-no_physics-s47-54b0c92034,0.26453743697912835,0.2645718363319691,0.0002557518189487695,silu,0.008536970167290454,0.011422253526985119,Q3,0.00035043815185317273,47,shallow_water,no_physics
205,all_physics_factorial,all_physics_factorial-shallow_water-silu-no_physics-s47-54b0c92034,0.26789858341959866,0.26787509952338057,0.0002394860820175414,silu,0.007999421075766207,0.010543911069546736,Q4,0.00032307153732670095,47,shallow_water,no_physics
204,all_physics_factorial,all_physics_factorial-shallow_water-silu-no_physics-s47-54b0c92034,0.2735198895747848,0.2728809760975131,0.000224248981925716,silu,0.007487820258311875,0.009822030819461097,Q5,0.00030104820290447365,47,shallow_water,no_physics
205,all_physics_factorial,all_physics_factorial-shallow_water-silu-physics-s11-1e700666f9,0.2562744330627637,0.25688720201974835,0.00014371088828980824,silu,0.004738937072253733,0.0060192324516011924,Q1,0.00018919173762882102,11,shallow_water,physics
205,all_physics_factorial,all_physics_factorial-shallow_water-silu-physics-s11-1e700666f9,0.2614559025628887,0.261565787691725,0.00014395063808200675,silu,0.004751033706996705,0.0060465004944121456,Q2,0.00018957719506113838,11,shallow_water,physics
205,all_physics_factorial,all_physics_factorial-shallow_water-silu-physics-s11-1e700666f9,0.26453743697912835,0.2645718363319691,0.00014530119601802578,silu,0.0047884911170761905,0.006092701839873439,Q3,0.00019159949825203645,11,shallow_water,physics
205,all_physics_factorial,all_physics_factorial-shallow_water-silu-physics-s11-1e700666f9,0.26789858341959866,0.26787509952338057,0.00014282402329738185,silu,0.004710352975026234,0.0059748085507851266,Q4,0.00018749113151510894,11,shallow_water,physics
204,all_physics_factorial,all_physics_factorial-shallow_water-silu-physics-s11-1e700666f9,0.2735198895747848,0.2728809760975131,0.00013947894608761245,silu,0.004601850575851284,0.005836547740804367,Q5,0.00018322888035135945,11,shallow_water,physics
205,all_physics_factorial,all_physics_factorial-shallow_water-silu-physics-s29-23fecbf883,0.2562744330627637,0.25688720201974835,0.0001434348808917831,silu,0.004730596874280559,0.00600723135804379,Q1,0.0001887346973398975,29,shallow_water,physics
205,all_physics_factorial,all_physics_factorial-shallow_water-silu-physics-s29-23fecbf883,0.2614559025628887,0.261565787691725,0.00014390266002579916,silu,0.004749378238836319,0.006041706668236927,Q2,0.00018940271107403556,29,shallow_water,physics
205,all_physics_factorial,all_physics_factorial-shallow_water-silu-physics-s29-23fecbf883,0.26453743697912835,0.2645718363319691,0.000145051576867709,silu,0.0047808742021758594,0.0060845878548752225,Q3,0.00019125767111941944,29,shallow_water,physics
205,all_physics_factorial,all_physics_factorial-shallow_water-silu-physics-s29-23fecbf883,0.26789858341959866,0.26787509952338057,0.0001427254418566065,silu,0.004707989443519115,0.005968802633084196,Q4,0.0001871922995264267,29,shallow_water,physics
204,all_physics_factorial,all_physics_factorial-shallow_water-silu-physics-s29-23fecbf883,0.2735198895747848,0.2728809760975131,0.00013940310006986724,silu,0.004601554567482032,0.005832547944157656,Q5,0.0001829717385218866,29,shallow_water,physics
205,all_physics_factorial,all_physics_factorial-shallow_water-silu-physics-s47-afd43bc509,0.2562744330627637,0.25688720201974835,0.00014264221550888405,silu,0.004704351474823246,0.005973786265511535,Q1,0.00018773251563243798,47,shallow_water,physics
205,all_physics_factorial,all_physics_factorial-shallow_water-silu-physics-s47-afd43bc509,0.2614559025628887,0.261565787691725,0.000143008251251261,silu,0.004719802899998428,0.0060062005371472995,Q2,0.00018832084865825135,47,shallow_water,physics
205,all_physics_factorial,all_physics_factorial-shallow_water-silu-physics-s47-afd43bc509,0.26453743697912835,0.2645718363319691,0.0001442365622841648,silu,0.0047539647527946515,0.006049568901740525,Q3,0.00019019936672117353,47,shallow_water,physics
205,all_physics_factorial,all_physics_factorial-shallow_water-silu-physics-s47-afd43bc509,0.26789858341959866,0.26787509952338057,0.0001419969631869939,silu,0.004683345257381656,0.0059419330735262154,Q4,0.00018644746942216012,47,shallow_water,physics
204,all_physics_factorial,all_physics_factorial-shallow_water-silu-physics-s47-afd43bc509,0.2735198895747848,0.2728809760975131,0.0001390257489160399,silu,0.0045881656612532865,0.0058156724080712305,Q5,0.00018245411346447672,47,shallow_water,physics
205,all_physics_factorial,all_physics_factorial-shallow_water-swiglu-no_physics-s11-c26a1bfa20,0.2562744330627637,0.25688720201974835,0.00027202063321688587,swiglu,0.009021686431260476,0.011764531238733448,Q1,0.000366013956421333,11,shallow_water,no_physics
205,all_physics_factorial,all_physics_factorial-shallow_water-swiglu-no_physics-s11-c26a1bfa20,0.2614559025628887,0.261565787691725,0.0002734289297747669,swiglu,0.009064006065420486,0.011957546308090594,Q2,0.00037276692030241177,11,shallow_water,no_physics
205,all_physics_factorial,all_physics_factorial-shallow_water-swiglu-no_physics-s11-c26a1bfa20,0.26453743697912835,0.2645718363319691,0.00027538473530722076,swiglu,0.00914222881966652,0.011988829059112102,Q3,0.000372572259023017,11,shallow_water,no_physics
205,all_physics_factorial,all_physics_factorial-shallow_water-swiglu-no_physics-s11-c26a1bfa20,0.26789858341959866,0.26787509952338057,0.00028071200144754837,swiglu,0.009296549372247826,0.012147646141447059,Q4,0.0003793004775949468,11,shallow_water,no_physics
204,all_physics_factorial,all_physics_factorial-shallow_water-swiglu-no_physics-s11-c26a1bfa20,0.2735198895747848,0.2728809760975131,0.0002842507586003068,swiglu,0.009411328473955665,0.012326003990789616,Q5,0.0003854875307545178,11,shallow_water,no_physics
205,all_physics_factorial,all_physics_factorial-shallow_water-swiglu-no_physics-s29-0862047855,0.2562744330627637,0.25688720201974835,0.000272556308668364,swiglu,0.009037777613578194,0.011791042994896776,Q1,0.00036693630499216455,29,shallow_water,no_physics
205,all_physics_factorial,all_physics_factorial-shallow_water-swiglu-no_physics-s29-0862047855,0.2614559025628887,0.261565787691725,0.0002730332803923809,swiglu,0.00905089494682615,0.011947252447018929,Q2,0.00037249199422824224,29,shallow_water,no_physics
205,all_physics_factorial,all_physics_factorial-shallow_water-swiglu-no_physics-s29-0862047855,0.26453743697912835,0.2645718363319691,0.00027619131214162056,swiglu,0.009164902748516265,0.012016897927264961,Q3,0.00037374310166794945,29,shallow_water,no_physics
205,all_physics_factorial,all_physics_factorial-shallow_water-swiglu-no_physics-s29-0862047855,0.26789858341959866,0.26787509952338057,0.00028061334015003605,swiglu,0.009291126732181004,0.012137474710524796,Q4,0.00037910259173270003,29,shallow_water,no_physics
204,all_physics_factorial,all_physics_factorial-shallow_water-swiglu-no_physics-s29-0862047855,0.2735198895747848,0.2728809760975131,0.0002842528444348707,swiglu,0.009410089186145424,0.012332195481913562,Q5,0.0003857281505185746,29,shallow_water,no_physics
205,all_physics_factorial,all_physics_factorial-shallow_water-swiglu-no_physics-s47-9e6046d623,0.2562744330627637,0.25688720201974835,0.0002690398181945865,swiglu,0.008920452847735653,0.01161870722468843,Q1,0.0003617711062923698,47,shallow_water,no_physics
205,all_physics_factorial,all_physics_factorial-shallow_water-swiglu-no_physics-s47-9e6046d623,0.2614559025628887,0.261565787691725,0.00026977769289025116,swiglu,0.008940676269498057,0.011770752708092259,Q2,0.00036723673200074914,47,shallow_water,no_physics
205,all_physics_factorial,all_physics_factorial-shallow_water-swiglu-no_physics-s47-9e6046d623,0.26453743697912835,0.2645718363319691,0.00027301321663817323,swiglu,0.009056301544525636,0.011848385092954395,Q3,0.00036878965857227544,47,shallow_water,no_physics
205,all_physics_factorial,all_physics_factorial-shallow_water-swiglu-no_physics-s47-9e6046d623,0.26789858341959866,0.26787509952338057,0.00027895583235640597,swiglu,0.00923030785737621,0.012065079159764989,Q4,0.0003771879140272332,47,shallow_water,no_physics
204,all_physics_factorial,all_physics_factorial-shallow_water-swiglu-no_physics-s47-9e6046d623,0.2735198895747848,0.2728809760975131,0.00028276101318186475,swiglu,0.009354597212463798,0.01225551049201272,Q5,0.00038362549292875913,47,shallow_water,no_physics
205,all_physics_factorial,all_physics_factorial-shallow_water-swiglu-physics-s11-75a9a4c0d4,0.2562744330627637,0.25688720201974835,0.00026424493728078924,swiglu,0.008758330963842804,0.011325956392322483,Q1,0.00035201568049603404,11,shallow_water,physics
205,all_physics_factorial,all_physics_factorial-shallow_water-swiglu-physics-s11-75a9a4c0d4,0.2614559025628887,0.261565787691725,0.00026724814643642927,swiglu,0.008846006331339121,0.011499689063689388,Q2,0.0003589079757430784,11,shallow_water,physics
205,all_physics_factorial,all_physics_factorial-shallow_water-swiglu-physics-s11-75a9a4c0d4,0.26453743697912835,0.2645718363319691,0.0002708259824776678,swiglu,0.008980933631766221,0.011689013220006128,Q3,0.00036357216779031826,11,shallow_water,physics
205,all_physics_factorial,all_physics_factorial-shallow_water-swiglu-physics-s11-75a9a4c0d4,0.26789858341959866,0.26787509952338057,0.0002803873079519827,swiglu,0.009286291933729738,0.012058954213770286,Q4,0.0003760398165508617,11,shallow_water,physics
204,all_physics_factorial,all_physics_factorial-shallow_water-swiglu-physics-s11-75a9a4c0d4,0.2735198895747848,0.2728809760975131,0.00028527759650893476,swiglu,0.009434613416693884,0.012307870335148187,Q5,0.0003848897500959587,11,shallow_water,physics
205,all_physics_factorial,all_physics_factorial-shallow_water-swiglu-physics-s29-7dbb76d391,0.2562744330627637,0.25688720201974835,0.00026516471929325107,swiglu,0.00878643739996131,0.011338305894286086,Q1,0.0003526662087934521,29,shallow_water,physics
205,all_physics_factorial,all_physics_factorial-shallow_water-swiglu-physics-s29-7dbb76d391,0.2614559025628887,0.261565787691725,0.0002679638345241236,swiglu,0.008868538335956955,0.011519894681592134,Q2,0.0003597302354417208,29,shallow_water,physics
205,all_physics_factorial,all_physics_factorial-shallow_water-swiglu-physics-s29-7dbb76d391,0.26453743697912835,0.2645718363319691,0.0002711979663332018,swiglu,0.008990109551000592,0.011695880903544141,Q3,0.0003638449974644093,29,shallow_water,physics
205,all_physics_factorial,all_physics_factorial-shallow_water-swiglu-physics-s29-7dbb76d391,0.26789858341959866,0.26787509952338057,0.0002808427304306992,swiglu,0.009299810029926702,0.012064442766134591,Q4,0.0003762937730890259,29,shallow_water,physics
204,all_physics_factorial,all_physics_factorial-shallow_water-swiglu-physics-s29-7dbb76d391,0.2735198895747848,0.2728809760975131,0.00028572417701816944,swiglu,0.009447697769193656,0.012320878720062918,Q5,0.0003854377874348094,29,shallow_water,physics
205,all_physics_factorial,all_physics_factorial-shallow_water-swiglu-physics-s47-e882bf673b,0.2562744330627637,0.25688720201974835,0.00026373235768303063,swiglu,0.008738363580681441,0.011318249702944082,Q1,0.00035215696557292707,47,shallow_water,physics
205,all_physics_factorial,all_physics_factorial-shallow_water-swiglu-physics-s47-e882bf673b,0.2614559025628887,0.261565787691725,0.00026712205992123855,swiglu,0.008838836012050127,0.011499289559009002,Q2,0.0003591139195221284,47,shallow_water,physics
205,all_physics_factorial,all_physics_factorial-shallow_water-swiglu-physics-s47-e882bf673b,0.26453743697912835,0.2645718363319691,0.00027055220463131224,swiglu,0.008969747505541796,0.01168788922600258,Q3,0.00036364196875832464,47,shallow_water,physics
205,all_physics_factorial,all_physics_factorial-shallow_water-swiglu-physics-s47-e882bf673b,0.26789858341959866,0.26787509952338057,0.000280405942447616,swiglu,0.009283721335448525,0.012083415888822318,Q4,0.00037708073997632914,47,shallow_water,physics
204,all_physics_factorial,all_physics_factorial-shallow_water-swiglu-physics-s47-e882bf673b,0.2735198895747848,0.2728809760975131,0.0002854236039562002,swiglu,0.009438527020636191,0.01231772527707257,Q5,0.00038525999424119436,47,shallow_water,physics
205,allocation,allocation-controlled-silu-aligned-s11-dc8297e03b,0.7700578222419104,0.8017735899517014,0.004107997001350358,silu,0.016553097011480854,0.02136882670730409,Q1,0.005383162878116388,11,controlled,aligned
205,allocation,allocation-controlled-silu-aligned-s11-dc8297e03b,1.0593848836970348,1.0551692793439678,0.003929079739249041,silu,0.01588248704744545,0.020536911496535963,Q2,0.005111444441471,11,controlled,aligned
205,allocation,allocation-controlled-silu-aligned-s11-dc8297e03b,1.3328768292778945,1.3343169897485176,0.00414287343832168,silu,0.016698276501473524,0.02139162826191428,Q3,0.005360294819243159,11,controlled,aligned
205,allocation,allocation-controlled-silu-aligned-s11-dc8297e03b,1.6906455393104547,1.6867382874506176,0.004018104943089584,silu,0.016131936306614494,0.021255989782539113,Q4,0.005332042060261073,11,controlled,aligned
204,allocation,allocation-controlled-silu-aligned-s11-dc8297e03b,2.300043003095156,2.208956119630349,0.004114653306364922,silu,0.01653138160216413,0.021500024919167027,Q5,0.005420369117101358,11,controlled,aligned
205,allocation,allocation-controlled-silu-reverse-s11-80e2ec66fd,0.7700578222419104,0.8017735899517014,0.0038712905098757956,silu,0.01565165949702672,0.02042818325561311,Q1,0.005104719752507247,11,controlled,reverse
205,allocation,allocation-controlled-silu-reverse-s11-80e2ec66fd,1.0593848836970348,1.0551692793439678,0.0040269076863030315,silu,0.01630614225176398,0.021167253727283078,Q2,0.005245442622899229,11,controlled,reverse
205,allocation,allocation-controlled-silu-reverse-s11-80e2ec66fd,1.3328768292778945,1.3343169897485176,0.004316769311689558,silu,0.017440691442758605,0.022648682477000154,Q3,0.005654517423150632,11,controlled,reverse
205,allocation,allocation-controlled-silu-reverse-s11-80e2ec66fd,1.6906455393104547,1.6867382874506176,0.004400213009786257,silu,0.017776230714426817,0.023401401129591656,Q4,0.005810766507497473,11,controlled,reverse
204,allocation,allocation-controlled-silu-reverse-s11-80e2ec66fd,2.300043003095156,2.208956119630349,0.004600288261690812,silu,0.018678170498339162,0.024076093993079965,Q5,0.005963785188685909,11,controlled,reverse
205,allocation,allocation-controlled-silu-shuffled-s11-2a1153c0c6,0.7700578222419104,0.8017735899517014,0.0039434649979428775,silu,0.015898489568069413,0.020604921663512653,Q1,0.005177803420848,11,controlled,shuffled
205,allocation,allocation-controlled-silu-shuffled-s11-2a1153c0c6,1.0593848836970348,1.0551692793439678,0.004020332873114523,silu,0.016232030357688235,0.020934317175893568,Q2,0.005211962057415782,11,controlled,shuffled
205,allocation,allocation-controlled-silu-shuffled-s11-2a1153c0c6,1.3328768292778945,1.3343169897485176,0.004238053736307625,silu,0.01709617351869817,0.02203336415790228,Q3,0.005520792105503264,11,controlled,shuffled
205,allocation,allocation-controlled-silu-shuffled-s11-2a1153c0c6,1.6906455393104547,1.6867382874506176,0.00419448134884655,silu,0.01685824743841831,0.02220578312528574,Q4,0.005556123310520303,11,controlled,shuffled
204,allocation,allocation-controlled-silu-shuffled-s11-2a1153c0c6,2.300043003095156,2.208956119630349,0.004314012075162603,silu,0.017390081665080236,0.022598838874016525,Q5,0.005665686813150728,11,controlled,shuffled
205,allocation,allocation-controlled-silu-uniform-s11-5566a72cc2,0.7700578222419104,0.8017735899517014,0.004072695144767328,silu,0.016429894959521872,0.02140873779950841,Q1,0.005373490338296416,11,controlled,uniform
205,allocation,allocation-controlled-silu-uniform-s11-5566a72cc2,1.0593848836970348,1.0551692793439678,0.004063399425381138,silu,0.016433397746799475,0.02116264854037972,Q2,0.005258976581014906,11,controlled,uniform
205,allocation,allocation-controlled-silu-uniform-s11-5566a72cc2,1.3328768292778945,1.3343169897485176,0.004339833671700745,silu,0.017529668617379392,0.0224951586150065,Q3,0.0056105431336862955,11,controlled,uniform
205,allocation,allocation-controlled-silu-uniform-s11-5566a72cc2,1.6906455393104547,1.6867382874506176,0.0042518164716700375,silu,0.017147170715895707,0.022630177877440733,Q4,0.005637107347245234,11,controlled,uniform
204,allocation,allocation-controlled-silu-uniform-s11-5566a72cc2,2.300043003095156,2.208956119630349,0.004425502111677602,silu,0.017898934526006643,0.023079287338765783,Q5,0.00574931629420057,11,controlled,uniform
205,main,main-ac_power-fourier-default-s11-e33ad9402b,0.04998694463028547,0.05106480277545421,0.0002561595848866354,fourier,0.009490879897303408,0.012459762709311824,Q1,0.0003816000229805774,11,ac_power,default
205,main,main-ac_power-fourier-default-s11-e33ad9402b,0.05876694438574117,0.05904698479975996,0.00025177908124716935,fourier,0.009242478765161198,0.012188442899694648,Q2,0.0003718123729389115,11,ac_power,default
205,main,main-ac_power-fourier-default-s11-e33ad9402b,0.06436703070901958,0.06439416066375254,0.0002606045340530806,fourier,0.009572810184470421,0.01255865087046324,Q3,0.0003904544876934251,11,ac_power,default
205,main,main-ac_power-fourier-default-s11-e33ad9402b,0.07066484710459263,0.07052199071947982,0.0002637302205417046,fourier,0.009762868525215443,0.012723619794564494,Q4,0.0003851491983166418,11,ac_power,default
204,main,main-ac_power-fourier-default-s11-e33ad9402b,0.08236888809339452,0.08064330781072213,0.0002631763694892595,fourier,0.00961890354947249,0.012550677491085545,Q5,0.0003947957796457568,11,ac_power,default
205,main,main-ac_power-fourier-default-s29-8502f7f2e3,0.04998694463028547,0.05106480277545421,0.00024271174903643862,fourier,0.008840138786661782,0.011410203400698603,Q1,0.00035159907085106126,29,ac_power,default
205,main,main-ac_power-fourier-default-s29-8502f7f2e3,0.05876694438574117,0.05904698479975996,0.0002389212741511663,fourier,0.008538895087900253,0.011296138124108922,Q2,0.0003674776054304853,29,ac_power,default
205,main,main-ac_power-fourier-default-s29-8502f7f2e3,0.06436703070901958,0.06439416066375254,0.00023832263291692963,fourier,0.008676233927416168,0.011410835363826512,Q3,0.00035976784932721624,29,ac_power,default
205,main,main-ac_power-fourier-default-s29-8502f7f2e3,0.07066484710459263,0.07052199071947982,0.0002285263011051666,fourier,0.008450636346791598,0.010720758721599373,Q4,0.0003285294710738291,29,ac_power,default
204,main,main-ac_power-fourier-default-s29-8502f7f2e3,0.08236888809339452,0.08064330781072213,0.00024711181135128444,fourier,0.008961624876361948,0.011550264759191834,Q5,0.0003665271807604238,29,ac_power,default
205,main,main-ac_power-fourier-default-s47-c3b05778dc,0.04998694463028547,0.05106480277545421,0.0002544575830653208,fourier,0.00934789197376077,0.012317993953692659,Q1,0.00038876128882210686,47,ac_power,default
205,main,main-ac_power-fourier-default-s47-c3b05778dc,0.05876694438574117,0.05904698479975996,0.00025304296422662143,fourier,0.00938741943496945,0.012652729979019848,Q2,0.00037932167537231396,47,ac_power,default
205,main,main-ac_power-fourier-default-s47-c3b05778dc,0.06436703070901958,0.06439416066375254,0.00023016865059312754,fourier,0.008516367036951196,0.01093483957671871,Q3,0.00033281644579362114,47,ac_power,default
205,main,main-ac_power-fourier-default-s47-c3b05778dc,0.07066484710459263,0.07052199071947982,0.0002412871642241598,fourier,0.008751742119786103,0.011340035594767615,Q4,0.0003652601253221945,47,ac_power,default
204,main,main-ac_power-fourier-default-s47-c3b05778dc,0.08236888809339452,0.08064330781072213,0.0002422597353128525,fourier,0.008983160878413228,0.011540805975530775,Q5,0.000355694109368039,47,ac_power,default
205,main,main-ac_power-ganr-default-s11-69b41b0b47,0.04998694463028547,0.05106480277545421,5.10318859672792e-05,ganr,0.001837365437823155,0.002496215355864224,Q1,7.957080741210882e-05,11,ac_power,default
205,main,main-ac_power-ganr-default-s11-69b41b0b47,0.05876694438574117,0.05904698479975996,5.1280056456597166e-05,ganr,0.0018303260758230182,0.0024858657605736777,Q2,7.98558817488734e-05,11,ac_power,default
205,main,main-ac_power-ganr-default-s11-69b41b0b47,0.06436703070901958,0.06439416066375254,5.415448190480915e-05,ganr,0.001891668920940752,0.0026209095587865286,Q3,8.842250966680345e-05,11,ac_power,default
205,main,main-ac_power-ganr-default-s11-69b41b0b47,0.07066484710459263,0.07052199071947982,5.543411960211304e-05,ganr,0.0019633734524175223,0.0027168840173060166,Q4,9.008025309741307e-05,11,ac_power,default
204,main,main-ac_power-ganr-default-s11-69b41b0b47,0.08236888809339452,0.08064330781072213,5.302220620983755e-05,ganr,0.001895198895448079,0.002588141833557019,Q5,8.455616758291615e-05,11,ac_power,default
205,main,main-ac_power-ganr-default-s29-482735294a,0.04998694463028547,0.05106480277545421,4.7118262003377915e-05,ganr,0.001703815393551485,0.0022372052632880068,Q1,6.96181300742957e-05,29,ac_power,default
205,main,main-ac_power-ganr-default-s29-482735294a,0.05876694438574117,0.05904698479975996,4.736746806174335e-05,ganr,0.0017269774827068608,0.0023017516446024737,Q2,7.1417669342866e-05,29,ac_power,default
205,main,main-ac_power-ganr-default-s29-482735294a,0.06436703070901958,0.06439416066375254,5.1081329684007675e-05,ganr,0.0018503090447543242,0.002606625421881592,Q3,7.933881091914744e-05,29,ac_power,default
205,main,main-ac_power-ganr-default-s29-482735294a,0.07066484710459263,0.07052199071947982,5.040976548211374e-05,ganr,0.0018224222753295554,0.0024312497316451515,Q4,7.657153730435321e-05,29,ac_power,default
204,main,main-ac_power-ganr-default-s29-482735294a,0.08236888809339452,0.08064330781072213,5.0014787956677214e-05,ganr,0.0017668819487058974,0.0023404748884422763,Q5,7.62932262668646e-05,29,ac_power,default
205,main,main-ac_power-ganr-default-s47-491a950090,0.04998694463028547,0.05106480277545421,5.1918754884782525e-05,ganr,0.0018159230880552837,0.0023554573441262492,Q1,7.78486553752198e-05,47,ac_power,default
205,main,main-ac_power-ganr-default-s47-491a950090,0.05876694438574117,0.05904698479975996,5.090122838433222e-05,ganr,0.0017891396933909377,0.002339654902807004,Q2,7.530837083781509e-05,47,ac_power,default
205,main,main-ac_power-ganr-default-s47-491a950090,0.06436703070901958,0.06439416066375254,5.122429870694911e-05,ganr,0.0018296607685885158,0.002457475176304353,Q3,7.771499630703364e-05,47,ac_power,default
205,main,main-ac_power-ganr-default-s47-491a950090,0.07066484710459263,0.07052199071947982,5.2965167312801104e-05,ganr,0.001874479461911265,0.00252209171130863,Q4,8.249206467272752e-05,47,ac_power,default
204,main,main-ac_power-ganr-default-s47-491a950090,0.08236888809339452,0.08064330781072213,5.2772474861780955e-05,ganr,0.0018344624751778357,0.002460034144923304,Q5,8.218154098870618e-05,47,ac_power,default
205,main,main-ac_power-gelu-default-s11-45fd083da7,0.04998694463028547,0.05106480277545421,0.00013142572660865148,gelu,0.004715027083599451,0.006066293667212482,Q1,0.0001953415827130329,11,ac_power,default
205,main,main-ac_power-gelu-default-s11-45fd083da7,0.05876694438574117,0.05904698479975996,0.00013388170926013915,gelu,0.00487615905837772,0.006368617479933055,Q2,0.00019829201636914866,11,ac_power,default
205,main,main-ac_power-gelu-default-s11-45fd083da7,0.06436703070901958,0.06439416066375254,0.0001361450599602834,gelu,0.004897597067836421,0.006419594873043806,Q3,0.00020412712883472467,11,ac_power,default
205,main,main-ac_power-gelu-default-s11-45fd083da7,0.07066484710459263,0.07052199071947982,0.00013802537960019097,gelu,0.00495430871809149,0.006535109538862529,Q4,0.00021165773847326566,11,ac_power,default
204,main,main-ac_power-gelu-default-s11-45fd083da7,0.08236888809339452,0.08064330781072213,0.00013265828061892034,gelu,0.004766039348143022,0.006225043713217968,Q5,0.00020024683663094777,11,ac_power,default
205,main,main-ac_power-gelu-default-s29-f79dd48a65,0.04998694463028547,0.05106480277545421,0.0001300213026719043,gelu,0.004683121440802087,0.00599657573971112,Q1,0.0001921871136755237,29,ac_power,default
205,main,main-ac_power-gelu-default-s29-f79dd48a65,0.05876694438574117,0.05904698479975996,0.00013144532624609405,gelu,0.004799251048806663,0.006263134320282814,Q2,0.00019484997295172716,29,ac_power,default
205,main,main-ac_power-gelu-default-s29-f79dd48a65,0.06436703070901958,0.06439416066375254,0.00013417225257395798,gelu,0.004861868193716157,0.0063564278548010385,Q3,0.00020009525846143882,29,ac_power,default
205,main,main-ac_power-gelu-default-s29-f79dd48a65,0.07066484710459263,0.07052199071947982,0.00013521322366566652,gelu,0.004881022561993005,0.006415778778769918,Q4,0.00020538716980413125,29,ac_power,default
204,main,main-ac_power-gelu-default-s29-f79dd48a65,0.08236888809339452,0.08064330781072213,0.0001315664888168266,gelu,0.0047116515896086205,0.006144717303621327,Q5,0.0001975729059853994,29,ac_power,default
205,main,main-ac_power-gelu-default-s47-bc75a8a7cc,0.04998694463028547,0.05106480277545421,0.00013094480489516544,gelu,0.004719764127283492,0.006050537316607026,Q1,0.000193872678133233,47,ac_power,default
205,main,main-ac_power-gelu-default-s47-bc75a8a7cc,0.05876694438574117,0.05904698479975996,0.00013374787853066955,gelu,0.00487557267754277,0.006360042349216404,Q2,0.00019850786730957182,47,ac_power,default
205,main,main-ac_power-gelu-default-s47-bc75a8a7cc,0.06436703070901958,0.06439416066375254,0.00013586223911717517,gelu,0.004888066723962245,0.006387372120060825,Q3,0.0002030337627647219,47,ac_power,default
205,main,main-ac_power-gelu-default-s47-bc75a8a7cc,0.07066484710459263,0.07052199071947982,0.00013783554084080728,gelu,0.004931631045720866,0.006492487178669929,Q4,0.00021039532816797982,47,ac_power,default
204,main,main-ac_power-gelu-default-s47-bc75a8a7cc,0.08236888809339452,0.08064330781072213,0.00013346208174402628,gelu,0.004769201626217528,0.006203258746436623,Q5,0.00020166465030534882,47,ac_power,default
205,main,main-ac_power-relu-default-s11-bb990f1795,0.04998694463028547,0.05106480277545421,0.00015189304916366192,relu,0.0054943881086246165,0.006983572356226591,Q1,0.0002221408764446328,11,ac_power,default
205,main,main-ac_power-relu-default-s11-bb990f1795,0.05876694438574117,0.05904698479975996,0.00014789993844306558,relu,0.005463721430237886,0.00698150237182296,Q2,0.0002123009936590439,11,ac_power,default
205,main,main-ac_power-relu-default-s11-bb990f1795,0.06436703070901958,0.06439416066375254,0.00015033519652561377,relu,0.005470743317990422,0.007108003734619338,Q3,0.00022218744924783706,11,ac_power,default
205,main,main-ac_power-relu-default-s11-bb990f1795,0.07066484710459263,0.07052199071947982,0.0001481952751051557,relu,0.005531475958501648,0.007145251141200772,Q4,0.00021808252778306655,11,ac_power,default
204,main,main-ac_power-relu-default-s11-bb990f1795,0.08236888809339452,0.08064330781072213,0.00014678507279220648,relu,0.005387249260754999,0.006954391453733744,Q5,0.00021285050220987717,11,ac_power,default
205,main,main-ac_power-relu-default-s29-b2d574987e,0.04998694463028547,0.05106480277545421,0.00014996278735892994,relu,0.005472912230552771,0.0069586722959450445,Q1,0.00021846255270169512,29,ac_power,default
205,main,main-ac_power-relu-default-s29-b2d574987e,0.05876694438574117,0.05904698479975996,0.00014938538983701128,relu,0.0054838197882128336,0.0070384342681256325,Q2,0.00021659590246691165,29,ac_power,default
205,main,main-ac_power-relu-default-s29-b2d574987e,0.06436703070901958,0.06439416066375254,0.0001500420412672351,relu,0.005494277610268149,0.007119268484977007,Q3,0.00022085391723213372,29,ac_power,default
205,main,main-ac_power-relu-default-s29-b2d574987e,0.07066484710459263,0.07052199071947982,0.00014869566839669513,relu,0.0055367602608178915,0.007156853873635226,Q4,0.00021847146560556184,29,ac_power,default
204,main,main-ac_power-relu-default-s29-b2d574987e,0.08236888809339452,0.08064330781072213,0.00014798733556066056,relu,0.0053643861740638515,0.006909220200156022,Q5,0.00021576862003760418,29,ac_power,default
205,main,main-ac_power-relu-default-s47-51274c471e,0.04998694463028547,0.05106480277545421,0.00015059999514114393,relu,0.005503153107061902,0.00701043830765916,Q1,0.0002201321262717259,47,ac_power,default
205,main,main-ac_power-relu-default-s47-51274c471e,0.05876694438574117,0.05904698479975996,0.0001495541818318272,relu,0.00554917467287996,0.007103299919400769,Q2,0.00021428130639765131,47,ac_power,default
205,main,main-ac_power-relu-default-s47-51274c471e,0.06436703070901958,0.06439416066375254,0.0001495636080428009,relu,0.005448289055637517,0.007103539187106065,Q3,0.00022249068813282917,47,ac_power,default
205,main,main-ac_power-relu-default-s47-51274c471e,0.07066484710459263,0.07052199071947982,0.0001505404018114967,relu,0.0055680053816560835,0.00717783811677131,Q4,0.00022052437868812818,47,ac_power,default
204,main,main-ac_power-relu-default-s47-51274c471e,0.08236888809339452,0.08064330781072213,0.00014747689399479007,relu,0.0054022161264652944,0.006957107934274947,Q5,0.00021434394288607928,47,ac_power,default
205,main,main-ac_power-resmlp-default-s11-01870aab05,0.04998694463028547,0.05106480277545421,7.287865288980315e-05,resmlp,0.0026718969672197995,0.003515529692679425,Q1,0.00011023178671293321,11,ac_power,default
205,main,main-ac_power-resmlp-default-s11-01870aab05,0.05876694438574117,0.05904698479975996,7.320629838020103e-05,resmlp,0.0026934330532947057,0.0035570367926269168,Q2,0.00010923622651695867,11,ac_power,default
205,main,main-ac_power-resmlp-default-s11-01870aab05,0.06436703070901958,0.06439416066375254,7.370955380783513e-05,resmlp,0.002663861752431623,0.003501153408598862,Q3,0.00011257262138949079,11,ac_power,default
205,main,main-ac_power-resmlp-default-s11-01870aab05,0.07066484710459263,0.07052199071947982,6.958213162802437e-05,resmlp,0.0025284618323346895,0.003349203233786839,Q4,0.00010527290317216197,11,ac_power,default
204,main,main-ac_power-resmlp-default-s11-01870aab05,0.08236888809339452,0.08064330781072213,6.827765438430572e-05,resmlp,0.002501710212244132,0.0032798415715819197,Q5,0.0001042001054637287,11,ac_power,default
205,main,main-ac_power-resmlp-default-s29-8a81450e07,0.04998694463028547,0.05106480277545421,7.04850938400531e-05,resmlp,0.002563125967838993,0.00337985714851246,Q1,0.0001058319580045933,29,ac_power,default
205,main,main-ac_power-resmlp-default-s29-8a81450e07,0.05876694438574117,0.05904698479975996,7.202777691519713e-05,resmlp,0.002636532058372585,0.003475588029691235,Q2,0.00010620392997650864,29,ac_power,default
205,main,main-ac_power-resmlp-default-s29-8a81450e07,0.06436703070901958,0.06439416066375254,7.496669739478702e-05,resmlp,0.0027581056970846763,0.00360118269838214,Q3,0.00011143114680961715,29,ac_power,default
205,main,main-ac_power-resmlp-default-s29-8a81450e07,0.07066484710459263,0.07052199071947982,7.001315483306547e-05,resmlp,0.0025842381257814616,0.0034102798054312174,Q4,0.00010411737462491114,29,ac_power,default
204,main,main-ac_power-resmlp-default-s29-8a81450e07,0.08236888809339452,0.08064330781072213,6.949237314126934e-05,resmlp,0.002565290579853803,0.0033967234096717626,Q5,0.00010339435491054555,29,ac_power,default
205,main,main-ac_power-resmlp-default-s47-8a12fe92c9,0.04998694463028547,0.05106480277545421,7.476338255797182e-05,resmlp,0.0027279050070476065,0.0036680627972368375,Q1,0.00011586669601949363,47,ac_power,default
205,main,main-ac_power-resmlp-default-s47-8a12fe92c9,0.05876694438574117,0.05904698479975996,7.526987012822947e-05,resmlp,0.0027510961791969725,0.0036052027089729546,Q2,0.00011108354450419116,47,ac_power,default
205,main,main-ac_power-resmlp-default-s47-8a12fe92c9,0.06436703070901958,0.06439416066375254,7.839792417733483e-05,resmlp,0.0028297873678688277,0.0036871004009803683,Q3,0.00011792732643392001,47,ac_power,default
205,main,main-ac_power-resmlp-default-s47-8a12fe92c9,0.07066484710459263,0.07052199071947982,7.413010260957567e-05,resmlp,0.0026544371131888085,0.0034266929140263484,Q4,0.00010849521698389237,47,ac_power,default
204,main,main-ac_power-resmlp-default-s47-8a12fe92c9,0.08236888809339452,0.08064330781072213,7.518014281861976e-05,resmlp,0.0027458869692111323,0.003686568426418618,Q5,0.00011555481165748546,47,ac_power,default
205,main,main-ac_power-silu-default-s11-8668979497,0.04998694463028547,0.05106480277545421,0.00013960306311360047,silu,0.004944201762829983,0.006543649238087759,Q1,0.0002156115531306291,11,ac_power,default
205,main,main-ac_power-silu-default-s11-8668979497,0.05876694438574117,0.05904698479975996,0.0001392101461127829,silu,0.005050958151495514,0.0067825532264886605,Q2,0.00021396286875711702,11,ac_power,default
205,main,main-ac_power-silu-default-s11-8668979497,0.06436703070901958,0.06439416066375254,0.00014536023687906742,silu,0.005229637701663821,0.0069764198585009485,Q3,0.0002211633824792758,11,ac_power,default
205,main,main-ac_power-silu-default-s11-8668979497,0.07066484710459263,0.07052199071947982,0.00014475358794453956,silu,0.005163815103881773,0.007031044557009948,Q4,0.00022974007016756434,11,ac_power,default
204,main,main-ac_power-silu-default-s11-8668979497,0.08236888809339452,0.08064330781072213,0.00013095265642316023,silu,0.004829451464867948,0.006578814213412737,Q5,0.00020277379455062552,11,ac_power,default
205,main,main-ac_power-silu-default-s29-1c6da38ecb,0.04998694463028547,0.05106480277545421,0.00013644220702703442,silu,0.004885586375912485,0.006453939007155865,Q1,0.00020961711351659686,29,ac_power,default
205,main,main-ac_power-silu-default-s29-1c6da38ecb,0.05876694438574117,0.05904698479975996,0.0001363998966718268,silu,0.004978812562256808,0.006685034851581479,Q2,0.00020948022925560683,29,ac_power,default
205,main,main-ac_power-silu-default-s29-1c6da38ecb,0.06436703070901958,0.06439416066375254,0.00014356380406974406,silu,0.00517773147604996,0.006921504666280795,Q3,0.00021843647698075727,29,ac_power,default
205,main,main-ac_power-silu-default-s29-1c6da38ecb,0.07066484710459263,0.07052199071947982,0.00014166214264800406,silu,0.005084570370855232,0.006928400877568318,Q4,0.0002239147901649286,29,ac_power,default
204,main,main-ac_power-silu-default-s29-1c6da38ecb,0.08236888809339452,0.08064330781072213,0.00013009280356248635,silu,0.0047848556147382865,0.006494593738840144,Q5,0.00020073209383978977,29,ac_power,default
205,main,main-ac_power-silu-default-s47-a8b956657a,0.04998694463028547,0.05106480277545421,0.00013764077318231542,silu,0.004925933710922803,0.006511579887531994,Q1,0.00021226430938384646,47,ac_power,default
205,main,main-ac_power-silu-default-s47-a8b956657a,0.05876694438574117,0.05904698479975996,0.00013956951031393212,silu,0.005056278000853897,0.006791926951131637,Q2,0.0002140576866418104,47,ac_power,default
205,main,main-ac_power-silu-default-s47-a8b956657a,0.06436703070901958,0.06439416066375254,0.00014494311907732265,silu,0.005219439772655799,0.006979820205484045,Q3,0.00022121305072623286,47,ac_power,default
205,main,main-ac_power-silu-default-s47-a8b956657a,0.07066484710459263,0.07052199071947982,0.0001432589733261927,silu,0.005133007267888287,0.006986227707792127,Q4,0.00022660320850024506,47,ac_power,default
204,main,main-ac_power-silu-default-s47-a8b956657a,0.08236888809339452,0.08064330781072213,0.00013236568566704025,silu,0.00485511841141443,0.006566296140069313,Q5,0.00020301722215206096,47,ac_power,default
205,main,main-ac_power-swiglu-default-s11-26319c7feb,0.04998694463028547,0.05106480277545421,7.730453688225819e-05,swiglu,0.002719254759765742,0.0037231673696755643,Q1,0.00012592243442937116,11,ac_power,default
205,main,main-ac_power-swiglu-default-s11-26319c7feb,0.05876694438574117,0.05904698479975996,7.670014017287525e-05,swiglu,0.002778620961486046,0.0036010092933114854,Q2,0.0001134088348220057,11,ac_power,default
205,main,main-ac_power-swiglu-default-s11-26319c7feb,0.06436703070901958,0.06439416066375254,8.189271258984089e-05,swiglu,0.0029087609817979687,0.0040259888536493885,Q3,0.000133724340553192,11,ac_power,default
205,main,main-ac_power-swiglu-default-s11-26319c7feb,0.07066484710459263,0.07052199071947982,7.957100086008951e-05,swiglu,0.00280859285036209,0.003875683793457639,Q4,0.00013284357119057937,11,ac_power,default
204,main,main-ac_power-swiglu-default-s11-26319c7feb,0.08236888809339452,0.08064330781072213,7.769986449843332e-05,swiglu,0.0027820976350211458,0.003886530940263594,Q5,0.00013334937469421112,11,ac_power,default
205,main,main-ac_power-swiglu-default-s29-a4332a85c2,0.04998694463028547,0.05106480277545421,7.857156579310921e-05,swiglu,0.002754068901432548,0.0037245845108597386,Q1,0.00012596889181943466,29,ac_power,default
205,main,main-ac_power-swiglu-default-s29-a4332a85c2,0.05876694438574117,0.05904698479975996,7.618529775231842e-05,swiglu,0.00271348478052196,0.003518737010681801,Q2,0.00011385183384292162,29,ac_power,default
205,main,main-ac_power-swiglu-default-s29-a4332a85c2,0.06436703070901958,0.06439416066375254,8.096843517033743e-05,swiglu,0.0028785237752139503,0.003966230145646312,Q3,0.0001306005167277209,29,ac_power,default
205,main,main-ac_power-swiglu-default-s29-a4332a85c2,0.07066484710459263,0.07052199071947982,7.884403707770178e-05,swiglu,0.002757467219161014,0.0037965635437202595,Q4,0.0001315347181230025,29,ac_power,default
204,main,main-ac_power-swiglu-default-s29-a4332a85c2,0.08236888809339452,0.08064330781072213,7.574832424412888e-05,swiglu,0.002713242555809127,0.00378628604159125,Q5,0.00012744934189623107,29,ac_power,default
205,main,main-ac_power-swiglu-default-s47-cb121eac7f,0.04998694463028547,0.05106480277545421,7.976921733770153e-05,swiglu,0.0028318156370464795,0.003909972416370313,Q1,0.00013261274354042123,47,ac_power,default
205,main,main-ac_power-swiglu-default-s47-cb121eac7f,0.05876694438574117,0.05904698479975996,7.779821037567944e-05,swiglu,0.002808711232847931,0.003708154491544089,Q2,0.00011847063626607461,47,ac_power,default
205,main,main-ac_power-swiglu-default-s47-cb121eac7f,0.06436703070901958,0.06439416066375254,8.215947736686222e-05,swiglu,0.002938160800506206,0.004130634517386867,Q3,0.00013449861346756983,47,ac_power,default
205,main,main-ac_power-swiglu-default-s47-cb121eac7f,0.07066484710459263,0.07052199071947982,8.209495505888258e-05,swiglu,0.002907799093976634,0.004079035813117486,Q4,0.00014153608688866837,47,ac_power,default
204,main,main-ac_power-swiglu-default-s47-cb121eac7f,0.08236888809339452,0.08064330781072213,7.73421556134196e-05,swiglu,0.002791817355271515,0.004010140604692494,Q5,0.0001340860670719356,47,ac_power,default
205,main,main-allen_cahn-fourier-default-s11-87b51068dd,0.30358143570619117,0.30845486211904033,0.0009479381647666196,fourier,0.01216623273373719,0.01528625270541725,Q1,0.0012359395862687203,11,allen_cahn,default
205,main,main-allen_cahn-fourier-default-s11-87b51068dd,0.3429892459569641,0.34419649948289655,0.0009292112496542084,fourier,0.011923680249245538,0.015241810181351843,Q2,0.0012366130795807553,11,allen_cahn,default
205,main,main-allen_cahn-fourier-default-s11-87b51068dd,0.36596502725402436,0.36563316074781327,0.0009547410960898985,fourier,0.012263035313863956,0.016120409689417886,Q3,0.0013086305558348867,11,allen_cahn,default
205,main,main-allen_cahn-fourier-default-s11-87b51068dd,0.3892126106727607,0.38827709915981046,0.0009912297901605548,fourier,0.012711308487919746,0.016934926464867578,Q4,0.0013784943226077503,11,allen_cahn,default
204,main,main-allen_cahn-fourier-default-s11-87b51068dd,0.42512691570694505,0.41877152055575684,0.0010706066743833053,fourier,0.013703504439311554,0.018642323129405655,Q5,0.0015312192295250857,11,allen_cahn,default
205,main,main-allen_cahn-fourier-default-s29-ed2ae6c41d,0.30358143570619117,0.30845486211904033,0.0009552502149896655,fourier,0.012242151848737864,0.015444189296264023,Q1,0.0012531295729270985,29,allen_cahn,default
205,main,main-allen_cahn-fourier-default-s29-ed2ae6c41d,0.3429892459569641,0.34419649948289655,0.0009167221703669208,fourier,0.011772623204811695,0.015139099741491422,Q2,0.0012264435701467922,29,allen_cahn,default
205,main,main-allen_cahn-fourier-default-s29-ed2ae6c41d,0.36596502725402436,0.36563316074781327,0.0009531284818559588,fourier,0.01222506907074413,0.01600556257550092,Q3,0.0013041022746771826,29,allen_cahn,default
205,main,main-allen_cahn-fourier-default-s29-ed2ae6c41d,0.3892126106727607,0.38827709915981046,0.0009885038237980503,fourier,0.01266449848749043,0.0166676421054169,Q4,0.0013604539443408613,29,allen_cahn,default
204,main,main-allen_cahn-fourier-default-s29-ed2ae6c41d,0.42512691570694505,0.41877152055575684,0.0010676429736097956,fourier,0.013658399860947346,0.018469159497856012,Q5,0.0015171634428106477,29,allen_cahn,default
205,main,main-allen_cahn-fourier-default-s47-1ef2c4c40d,0.30358143570619117,0.30845486211904033,0.0009614418935575889,fourier,0.012334039341602055,0.015484815693266324,Q1,0.001253412530865581,47,allen_cahn,default
205,main,main-allen_cahn-fourier-default-s47-1ef2c4c40d,0.3429892459569641,0.34419649948289655,0.0009258831882147058,fourier,0.011897030659521123,0.015259088446808467,Q2,0.0012345537113432898,47,allen_cahn,default
205,main,main-allen_cahn-fourier-default-s47-1ef2c4c40d,0.36596502725402436,0.36563316074781327,0.0009654461026509774,fourier,0.012423811086230903,0.016288572829124527,Q3,0.001319423278673272,47,allen_cahn,default
205,main,main-allen_cahn-fourier-default-s47-1ef2c4c40d,0.3892126106727607,0.38827709915981046,0.0009905090962603503,fourier,0.01273532329072629,0.016990184611478883,Q4,0.0013770644819106627,47,allen_cahn,default
204,main,main-allen_cahn-fourier-default-s47-1ef2c4c40d,0.42512691570694505,0.41877152055575684,0.0010747538233622522,fourier,0.013769298092109961,0.018785537049166464,Q5,0.0015386937624393235,47,allen_cahn,default
205,main,main-allen_cahn-ganr-default-s11-c16fb8872f,0.30358143570619117,0.30845486211904033,0.0005370472986607506,ganr,0.006742159323341534,0.008529923587134246,Q1,0.000716331564232638,11,allen_cahn,default
205,main,main-allen_cahn-ganr-default-s11-c16fb8872f,0.3429892459569641,0.34419649948289655,0.0006002955968455786,ganr,0.007532256748265957,0.010057935631839668,Q2,0.00084964044395088,11,allen_cahn,default
205,main,main-allen_cahn-ganr-default-s11-c16fb8872f,0.36596502725402436,0.36563316074781327,0.0006638180365670543,ganr,0.008320958143650862,0.01158104816679642,Q3,0.0009816047437653525,11,allen_cahn,default
205,main,main-allen_cahn-ganr-default-s11-c16fb8872f,0.3892126106727607,0.38827709915981046,0.0007198415001423177,ganr,0.009028251705639609,0.012573236591167828,Q4,0.0010622499458334245,11,allen_cahn,default
204,main,main-allen_cahn-ganr-default-s11-c16fb8872f,0.42512691570694505,0.41877152055575684,0.0008542957257108623,ganr,0.01069791147173895,0.015032045384329899,Q5,0.0012754278747774447,11,allen_cahn,default
205,main,main-allen_cahn-ganr-default-s29-7aa2f51096,0.30358143570619117,0.30845486211904033,0.0005377553015659729,ganr,0.006750392720323772,0.00854752379135567,Q1,0.0007179627510546299,29,allen_cahn,default
205,main,main-allen_cahn-ganr-default-s29-7aa2f51096,0.3429892459569641,0.34419649948289655,0.0006000262235265632,ganr,0.007528309998843684,0.010058910724656756,Q2,0.0008498897840158251,29,allen_cahn,default
205,main,main-allen_cahn-ganr-default-s29-7aa2f51096,0.36596502725402436,0.36563316074781327,0.0006647734958889914,ganr,0.00833175292794205,0.011607039531981353,Q3,0.000984220451906482,29,allen_cahn,default
205,main,main-allen_cahn-ganr-default-s29-7aa2f51096,0.3892126106727607,0.38827709915981046,0.0007207868962122996,ganr,0.009041553202472595,0.01258918315452868,Q4,0.0010636585135948258,29,allen_cahn,default
204,main,main-allen_cahn-ganr-default-s29-7aa2f51096,0.42512691570694505,0.41877152055575684,0.000854269269957231,ganr,0.010696919367918003,0.015042752621339505,Q5,0.0012767085207337036,29,allen_cahn,default
205,main,main-allen_cahn-ganr-default-s47-ebbc6d4b7f,0.30358143570619117,0.30845486211904033,0.000538543372084916,ganr,0.006760545773691707,0.00855179407124244,Q1,0.0007181250639523628,47,allen_cahn,default
205,main,main-allen_cahn-ganr-default-s47-ebbc6d4b7f,0.3429892459569641,0.34419649948289655,0.0006010484193469829,ganr,0.007541788097095336,0.010068800104659565,Q2,0.0008503808539217658,47,allen_cahn,default
205,main,main-allen_cahn-ganr-default-s47-ebbc6d4b7f,0.36596502725402436,0.36563316074781327,0.0006644430793752256,ganr,0.00832906052728224,0.011591547109703268,Q3,0.0009821809294044265,47,allen_cahn,default
205,main,main-allen_cahn-ganr-default-s47-ebbc6d4b7f,0.3892126106727607,0.38827709915981046,0.000720230899563886,ganr,0.009032632116528367,0.012576021610694939,Q4,0.0010625046079073214,47,allen_cahn,default
204,main,main-allen_cahn-ganr-default-s47-ebbc6d4b7f,0.42512691570694505,0.41877152055575684,0.0008548385587765059,ganr,0.010703644479668371,0.015036176138884184,Q5,0.0012757297507239556,47,allen_cahn,default
205,main,main-allen_cahn-gelu-default-s11-a2325eabb4,0.30358143570619117,0.30845486211904033,0.000977779528282295,gelu,0.012532063774804474,0.015655360238709167,Q1,0.001263342100540437,11,allen_cahn,default
205,main,main-allen_cahn-gelu-default-s11-a2325eabb4,0.3429892459569641,0.34419649948289655,0.0007964223950373726,gelu,0.010154581798729722,0.013023853995000162,Q2,0.0010676544642910042,11,allen_cahn,default
205,main,main-allen_cahn-gelu-default-s11-a2325eabb4,0.36596502725402436,0.36563316074781327,0.0007921524934202807,gelu,0.010075819954623923,0.013480163462946249,Q3,0.0011132848357540655,11,allen_cahn,default
205,main,main-allen_cahn-gelu-default-s11-a2325eabb4,0.3892126106727607,0.38827709915981046,0.0007904336564044859,gelu,0.010039023498724984,0.01377240840492082,Q4,0.001141894618272743,11,allen_cahn,default
204,main,main-allen_cahn-gelu-default-s11-a2325eabb4,0.42512691570694505,0.41877152055575684,0.0008871216796376898,gelu,0.011232021905451523,0.015783999943516102,Q5,0.0013187255871732837,11,allen_cahn,default
205,main,main-allen_cahn-gelu-default-s29-56fd69cb03,0.30358143570619117,0.30845486211904033,0.0009700128555991076,gelu,0.012433321044085609,0.015550355150852775,Q1,0.0012547495630165608,29,allen_cahn,default
205,main,main-allen_cahn-gelu-default-s29-56fd69cb03,0.3429892459569641,0.34419649948289655,0.0007914594657698929,gelu,0.010092748783559622,0.012980956605681238,Q2,0.0010642299374558717,29,allen_cahn,default
205,main,main-allen_cahn-gelu-default-s29-56fd69cb03,0.36596502725402436,0.36563316074781327,0.0007907595076226848,gelu,0.010060210592367648,0.013503474487577164,Q3,0.00111514362065547,29,allen_cahn,default
205,main,main-allen_cahn-gelu-default-s29-56fd69cb03,0.3892126106727607,0.38827709915981046,0.0007871706896334919,gelu,0.01000258244881295,0.013784532079234696,Q4,0.0011421914738436077,29,allen_cahn,default
204,main,main-allen_cahn-gelu-default-s29-56fd69cb03,0.42512691570694505,0.41877152055575684,0.0008836679596929883,gelu,0.011192124121531177,0.015803649031267648,Q5,0.0013195741381464628,29,allen_cahn,default
205,main,main-allen_cahn-gelu-default-s47-5088d88716,0.30358143570619117,0.30845486211904033,0.0009671374962048561,gelu,0.01239391230974259,0.015482051302350013,Q1,0.0012503994155904855,47,allen_cahn,default
205,main,main-allen_cahn-gelu-default-s47-5088d88716,0.3429892459569641,0.34419649948289655,0.0007886982160704987,gelu,0.01005599956340586,0.012921378522104515,Q2,0.0010598568602421786,47,allen_cahn,default
205,main,main-allen_cahn-gelu-default-s47-5088d88716,0.36596502725402436,0.36563316074781327,0.0007868037673405395,gelu,0.010012448319958268,0.013431370843718782,Q3,0.0011088013062038376,47,allen_cahn,default
205,main,main-allen_cahn-gelu-default-s47-5088d88716,0.3892126106727607,0.38827709915981046,0.0007837673487593837,gelu,0.009960347161260676,0.013724829466888244,Q4,0.0011371329234827424,47,allen_cahn,default
204,main,main-allen_cahn-gelu-default-s47-5088d88716,0.42512691570694505,0.41877152055575684,0.0008821749081851657,gelu,0.01117149649864465,0.015763339992717534,Q5,0.0013164322092053715,47,allen_cahn,default
205,main,main-allen_cahn-relu-default-s11-986ed810a7,0.30358143570619117,0.30845486211904033,0.001043936911223937,relu,0.013389729138383702,0.016806221077764198,Q1,0.0013560133588164365,11,allen_cahn,default
205,main,main-allen_cahn-relu-default-s11-986ed810a7,0.3429892459569641,0.34419649948289655,0.0008561274866856097,relu,0.010950752393658445,0.014097175890777303,Q2,0.0011492992401834928,11,allen_cahn,default
205,main,main-allen_cahn-relu-default-s11-986ed810a7,0.36596502725402436,0.36563316074781327,0.000856672735622339,relu,0.01093615296096095,0.014421415455625164,Q3,0.001183575995011687,11,allen_cahn,default
205,main,main-allen_cahn-relu-default-s11-986ed810a7,0.3892126106727607,0.38827709915981046,0.0008521974332373417,relu,0.010872691654427322,0.014789324760502386,Q4,0.0012169439366849658,11,allen_cahn,default
204,main,main-allen_cahn-relu-default-s11-986ed810a7,0.42512691570694505,0.41877152055575684,0.000945363293220661,relu,0.012023949430581108,0.016751723079590664,Q5,0.0013908833398698806,11,allen_cahn,default
205,main,main-allen_cahn-relu-default-s29-5bfffe9412,0.30358143570619117,0.30845486211904033,0.0010399494737460162,relu,0.013339088797644363,0.01674036405438675,Q1,0.001351345991801097,29,allen_cahn,default
205,main,main-allen_cahn-relu-default-s29-5bfffe9412,0.3429892459569641,0.34419649948289655,0.0008526665764994652,relu,0.010899300670271856,0.014032128731153663,Q2,0.0011451193554015743,29,allen_cahn,default
205,main,main-allen_cahn-relu-default-s29-5bfffe9412,0.36596502725402436,0.36563316074781327,0.0008578782699012591,relu,0.010952223550444852,0.014456579356357867,Q3,0.0011865066263352024,29,allen_cahn,default
205,main,main-allen_cahn-relu-default-s29-5bfffe9412,0.3892126106727607,0.38827709915981046,0.0008496335755089048,relu,0.010843185062874868,0.014756673746842737,Q4,0.0012138693657548312,29,allen_cahn,default
204,main,main-allen_cahn-relu-default-s29-5bfffe9412,0.42512691570694505,0.41877152055575684,0.0009418928466888724,relu,0.011985869234333636,0.016717633292856967,Q5,0.0013867008501023946,29,allen_cahn,default
205,main,main-allen_cahn-relu-default-s47-fee3749736,0.30358143570619117,0.30845486211904033,0.0010365040363486413,relu,0.013291166293049208,0.01670444868861867,Q1,0.0013490941545747424,47,allen_cahn,default
205,main,main-allen_cahn-relu-default-s47-fee3749736,0.3429892459569641,0.34419649948289655,0.0008492130728090519,relu,0.010861090115241478,0.01401501478101115,Q2,0.0011432559398027425,47,allen_cahn,default
205,main,main-allen_cahn-relu-default-s47-fee3749736,0.36596502725402436,0.36563316074781327,0.0008550660601630919,relu,0.010921653919290305,0.014414649840332146,Q3,0.001182347672117259,47,allen_cahn,default
205,main,main-allen_cahn-relu-default-s47-fee3749736,0.3892126106727607,0.38827709915981046,0.0008487897089168168,relu,0.010836628079371852,0.014745396434970902,Q4,0.001211902345142513,47,allen_cahn,default
204,main,main-allen_cahn-relu-default-s47-fee3749736,0.42512691570694505,0.41877152055575684,0.0009403072372637803,relu,0.011961485693831432,0.016742170455244627,Q5,0.0013899172547370828,47,allen_cahn,default
205,main,main-allen_cahn-resmlp-default-s11-b786cc00a4,0.30358143570619117,0.30845486211904033,0.0006254314339789198,resmlp,0.008106220255433979,0.010600569099665304,Q1,0.0008430251202179431,11,allen_cahn,default
205,main,main-allen_cahn-resmlp-default-s11-b786cc00a4,0.3429892459569641,0.34419649948289655,0.0006225784241576476,resmlp,0.007981876663921151,0.010640813516386894,Q2,0.0008671452140798415,11,allen_cahn,default
205,main,main-allen_cahn-resmlp-default-s11-b786cc00a4,0.36596502725402436,0.36563316074781327,0.0006780501337303734,resmlp,0.008628514143546437,0.01170010903031029,Q3,0.0009675064311506919,11,allen_cahn,default
205,main,main-allen_cahn-resmlp-default-s11-b786cc00a4,0.3892126106727607,0.38827709915981046,0.0007259299086734567,resmlp,0.009203050378724407,0.012407218049882927,Q4,0.0010308627700662566,11,allen_cahn,default
204,main,main-allen_cahn-resmlp-default-s11-b786cc00a4,0.42512691570694505,0.41877152055575684,0.0008322532077098021,resmlp,0.010537922188780269,0.014481954135751915,Q5,0.0012095745568713667,11,allen_cahn,default
205,main,main-allen_cahn-resmlp-default-s29-e2b4d3b1d0,0.30358143570619117,0.30845486211904033,0.0006429179998170701,resmlp,0.008316597455458501,0.010849836027313289,Q1,0.0008660073556793633,29,allen_cahn,default
205,main,main-allen_cahn-resmlp-default-s29-e2b4d3b1d0,0.3429892459569641,0.34419649948289655,0.0006366517933776747,resmlp,0.008148876905887448,0.010822368835199955,Q2,0.000883266225753246,29,allen_cahn,default
205,main,main-allen_cahn-resmlp-default-s29-e2b4d3b1d0,0.36596502725402436,0.36563316074781327,0.0006850705294475658,resmlp,0.008719685136957306,0.011777413810612047,Q3,0.0009736345013642374,29,allen_cahn,default
205,main,main-allen_cahn-resmlp-default-s29-e2b4d3b1d0,0.3892126106727607,0.38827709915981046,0.0007310887174684636,resmlp,0.009280517160698658,0.012512750011709721,Q4,0.001037660279633477,29,allen_cahn,default
204,main,main-allen_cahn-resmlp-default-s29-e2b4d3b1d0,0.42512691570694505,0.41877152055575684,0.0008357096278261107,resmlp,0.010578465288143622,0.014589467572308055,Q5,0.0012192360464942193,29,allen_cahn,default
205,main,main-allen_cahn-resmlp-default-s47-dfba0355c8,0.30358143570619117,0.30845486211904033,0.0006494797659516216,resmlp,0.008422388124717763,0.010993278558710169,Q1,0.000872423378425275,47,allen_cahn,default
205,main,main-allen_cahn-resmlp-default-s47-dfba0355c8,0.3429892459569641,0.34419649948289655,0.0006300269765707155,resmlp,0.008063932694275529,0.010677545418905825,Q2,0.0008720995250476924,47,allen_cahn,default
205,main,main-allen_cahn-resmlp-default-s47-dfba0355c8,0.36596502725402436,0.36563316074781327,0.0006819911258485581,resmlp,0.00867961568594843,0.011697856967557459,Q3,0.0009671812195867413,47,allen_cahn,default
205,main,main-allen_cahn-resmlp-default-s47-dfba0355c8,0.3892126106727607,0.38827709915981046,0.0007226943447396048,resmlp,0.009167156417227016,0.012359261983161385,Q4,0.001025995893672385,47,allen_cahn,default
204,main,main-allen_cahn-resmlp-default-s47-dfba0355c8,0.42512691570694505,0.41877152055575684,0.0008317677191055558,resmlp,0.010524934003712355,0.01451392517915819,Q5,0.001213200795387296,47,allen_cahn,default
205,main,main-allen_cahn-silu-default-s11-f4f981b0de,0.30358143570619117,0.30845486211904033,0.001027036655626552,silu,0.013161887738316015,0.016411341167891152,Q1,0.0013228451216715053,11,allen_cahn,default
205,main,main-allen_cahn-silu-default-s11-f4f981b0de,0.3429892459569641,0.34419649948289655,0.0008131583134515723,silu,0.010340652068978799,0.013263748329543959,Q2,0.0010909998282864185,11,allen_cahn,default
205,main,main-allen_cahn-silu-default-s11-f4f981b0de,0.36596502725402436,0.36563316074781327,0.0007914391192397574,silu,0.010030872771660253,0.0135689675527648,Q3,0.0011265717345940696,11,allen_cahn,default
205,main,main-allen_cahn-silu-default-s11-f4f981b0de,0.3892126106727607,0.38827709915981046,0.0007849913906235178,silu,0.009926303769265774,0.013779379495533912,Q4,0.0011502255685198258,11,allen_cahn,default
204,main,main-allen_cahn-silu-default-s11-f4f981b0de,0.42512691570694505,0.41877152055575684,0.00088663670758745,silu,0.011182103240793365,0.015967924692828366,Q5,0.0013419244150795712,11,allen_cahn,default
205,main,main-allen_cahn-silu-default-s29-0594777668,0.30358143570619117,0.30845486211904033,0.0010172625509010246,silu,0.01302873277316028,0.016277608561992278,Q1,0.0013138291102717803,29,allen_cahn,default
205,main,main-allen_cahn-silu-default-s29-0594777668,0.3429892459569641,0.34419649948289655,0.0008050350844049887,silu,0.010237693647934512,0.013197757717119335,Q2,0.0010859204123857612,29,allen_cahn,default
205,main,main-allen_cahn-silu-default-s29-0594777668,0.36596502725402436,0.36563316074781327,0.000787624722929287,silu,0.009984594833472906,0.013583627072566856,Q3,0.0011279286213916255,29,allen_cahn,default
205,main,main-allen_cahn-silu-default-s29-0594777668,0.3892126106727607,0.38827709915981046,0.0007817863630997839,silu,0.009893065021591726,0.013822056921502455,Q4,0.0011527056459111886,29,allen_cahn,default
204,main,main-allen_cahn-silu-default-s29-0594777668,0.42512691570694505,0.41877152055575684,0.000882548758866776,silu,0.011139508541414793,0.016034826475989496,Q5,0.0013461721833318274,29,allen_cahn,default
205,main,main-allen_cahn-silu-default-s47-dfb23be1fd,0.30358143570619117,0.30845486211904033,0.001010515516507614,silu,0.012945010300400427,0.016156690419165863,Q1,0.001303387639813383,47,allen_cahn,default
205,main,main-allen_cahn-silu-default-s47-dfb23be1fd,0.3429892459569641,0.34419649948289655,0.0008003391516672485,silu,0.010173142027890736,0.013105366715994963,Q2,0.0010790599527213313,47,allen_cahn,default
205,main,main-allen_cahn-silu-default-s47-dfb23be1fd,0.36596502725402436,0.36563316074781327,0.0007854599472716937,silu,0.00995630834054514,0.013533205963028108,Q3,0.0011235316836525353,47,allen_cahn,default
205,main,main-allen_cahn-silu-default-s47-dfb23be1fd,0.3892126106727607,0.38827709915981046,0.00077890361161385,silu,0.009852013178739672,0.013751905850767486,Q4,0.0011476903456599382,47,allen_cahn,default
204,main,main-allen_cahn-silu-default-s47-dfb23be1fd,0.42512691570694505,0.41877152055575684,0.0008827334760326964,silu,0.011134627375287977,0.01596236123081801,Q5,0.0013413836507810508,47,allen_cahn,default
205,main,main-allen_cahn-swiglu-default-s11-62f8e04792,0.30358143570619117,0.30845486211904033,0.0006824647284689463,swiglu,0.008823216349462397,0.012034819554268626,Q1,0.0009625236641342323,11,allen_cahn,default
205,main,main-allen_cahn-swiglu-default-s11-62f8e04792,0.3429892459569641,0.34419649948289655,0.0006002107600039359,swiglu,0.007713585461742253,0.010487124382831368,Q2,0.0008514831757328635,11,allen_cahn,default
205,main,main-allen_cahn-swiglu-default-s11-62f8e04792,0.36596502725402436,0.36563316074781327,0.0006578588362102387,swiglu,0.00838483481624785,0.011536608660035934,Q3,0.000950465044958187,11,allen_cahn,default
205,main,main-allen_cahn-swiglu-default-s11-62f8e04792,0.3892126106727607,0.38827709915981046,0.0007049886381585562,swiglu,0.008945866712626753,0.012195928033608382,Q4,0.0010107244342659903,11,allen_cahn,default
204,main,main-allen_cahn-swiglu-default-s11-62f8e04792,0.42512691570694505,0.41877152055575684,0.0008212827734677871,swiglu,0.010391990779971534,0.01429020823300807,Q5,0.0011921472925439185,11,allen_cahn,default
205,main,main-allen_cahn-swiglu-default-s29-db938fbea3,0.30358143570619117,0.30845486211904033,0.0006798350765980869,swiglu,0.008784874661028839,0.01192156129893156,Q1,0.0009534028764078837,29,allen_cahn,default
205,main,main-allen_cahn-swiglu-default-s29-db938fbea3,0.3429892459569641,0.34419649948289655,0.0005998598554820582,swiglu,0.00769987460219291,0.010458285714855204,Q2,0.0008505050989439161,29,allen_cahn,default
205,main,main-allen_cahn-swiglu-default-s29-db938fbea3,0.36596502725402436,0.36563316074781327,0.0006597816719441791,swiglu,0.008404594915224217,0.011535286894702288,Q3,0.000950870457231251,29,allen_cahn,default
205,main,main-allen_cahn-swiglu-default-s29-db938fbea3,0.3892126106727607,0.38827709915981046,0.0007087482312399413,swiglu,0.008987516279089012,0.012212819267312196,Q4,0.0010130941168247558,29,allen_cahn,default
204,main,main-allen_cahn-swiglu-default-s29-db938fbea3,0.42512691570694505,0.41877152055575684,0.0008241593203005875,swiglu,0.010424371652923444,0.014301577622765337,Q5,0.0011937346123859745,29,allen_cahn,default
205,main,main-allen_cahn-swiglu-default-s47-a41a6ec6bd,0.30358143570619117,0.30845486211904033,0.000672334455198338,swiglu,0.008689065357014324,0.011794374451872855,Q1,0.0009430173857003071,47,allen_cahn,default
205,main,main-allen_cahn-swiglu-default-s47-a41a6ec6bd,0.3429892459569641,0.34419649948289655,0.0005971226197098318,swiglu,0.007670291862611414,0.010433065083265195,Q2,0.0008474798608018046,47,allen_cahn,default
205,main,main-allen_cahn-swiglu-default-s47-a41a6ec6bd,0.36596502725402436,0.36563316074781327,0.0006558759883365985,swiglu,0.008357274042843714,0.011516951672954709,Q3,0.0009494967537887217,47,allen_cahn,default
205,main,main-allen_cahn-swiglu-default-s47-a41a6ec6bd,0.3892126106727607,0.38827709915981046,0.0007015774096870716,swiglu,0.00890149923922429,0.012183212410916678,Q4,0.0010096714112440704,47,allen_cahn,default
204,main,main-allen_cahn-swiglu-default-s47-a41a6ec6bd,0.42512691570694505,0.41877152055575684,0.0008171761778507157,swiglu,0.010341317728163263,0.014284646462354713,Q5,0.0011915160853322344,47,allen_cahn,default
205,main,main-controlled-fourier-default-s11-fe661912eb,0.7700578222419104,0.8017735899517014,0.004497916715875518,fourier,0.01794365900226678,0.022954904606811807,Q1,0.005872007104253218,11,controlled,default
205,main,main-controlled-fourier-default-s11-fe661912eb,1.0593848836970348,1.0551692793439678,0.004622548814331378,fourier,0.01838777148923174,0.02359752195509667,Q2,0.0060375281125431505,11,controlled,default
205,main,main-controlled-fourier-default-s11-fe661912eb,1.3328768292778945,1.3343169897485176,0.004729248033489545,fourier,0.019056833006416567,0.0244325361490967,Q3,0.006096835327687818,11,controlled,default
205,main,main-controlled-fourier-default-s11-fe661912eb,1.6906455393104547,1.6867382874506176,0.004692957059803409,fourier,0.018814336533446576,0.023919928160468812,Q4,0.0060566937357330024,11,controlled,default
204,main,main-controlled-fourier-default-s11-fe661912eb,2.300043003095156,2.208956119630349,0.004881042307330045,fourier,0.019800136409826297,0.0255937001886106,Q5,0.006297707521192817,11,controlled,default
205,main,main-controlled-fourier-default-s29-869cca858c,0.7700578222419104,0.8017735899517014,0.0046052143500873634,fourier,0.018337341016689008,0.023367565293357522,Q1,0.005982254981822364,29,controlled,default
205,main,main-controlled-fourier-default-s29-869cca858c,1.0593848836970348,1.0551692793439678,0.004618710755682803,fourier,0.018492030878155048,0.023802847169037116,Q2,0.006010042581048622,29,controlled,default
205,main,main-controlled-fourier-default-s29-869cca858c,1.3328768292778945,1.3343169897485176,0.004928411622255758,fourier,0.019797234408887632,0.025430023754814735,Q3,0.0063895127042789745,29,controlled,default
205,main,main-controlled-fourier-default-s29-869cca858c,1.6906455393104547,1.6867382874506176,0.004677565503494052,fourier,0.018768763795642716,0.02368343816983589,Q4,0.005972819498703534,29,controlled,default
204,main,main-controlled-fourier-default-s29-869cca858c,2.300043003095156,2.208956119630349,0.004946312504682514,fourier,0.020052027408963936,0.025667569833632557,Q5,0.006322401832538192,29,controlled,default
205,main,main-controlled-fourier-default-s47-2424a1dd17,0.7700578222419104,0.8017735899517014,0.004218039827111813,fourier,0.016865637064985527,0.021661076480858067,Q1,0.005481600749824752,47,controlled,default
205,main,main-controlled-fourier-default-s47-2424a1dd17,1.0593848836970348,1.0551692793439678,0.004372003148883533,fourier,0.017630083728336722,0.02219589917102567,Q2,0.005537592616487154,47,controlled,default
205,main,main-controlled-fourier-default-s47-2424a1dd17,1.3328768292778945,1.3343169897485176,0.004561536075717169,fourier,0.018276106105178467,0.02310287125573692,Q3,0.005834350209909752,47,controlled,default
205,main,main-controlled-fourier-default-s47-2424a1dd17,1.6906455393104547,1.6867382874506176,0.004399590706146605,fourier,0.017660619743502394,0.023095468114350304,Q4,0.005750614041934133,47,controlled,default
204,main,main-controlled-fourier-default-s47-2424a1dd17,2.300043003095156,2.208956119630349,0.004681181264795758,fourier,0.01891413375165275,0.024120941039586875,Q5,0.005971495307279937,47,controlled,default
205,main,main-controlled-ganr-default-s11-8287dd41c7,0.7700578222419104,0.8017735899517014,0.0012482855946717149,ganr,0.004996389282441225,0.006483498906873364,Q1,0.0016397121481556685,11,controlled,default
205,main,main-controlled-ganr-default-s11-8287dd41c7,1.0593848836970348,1.0551692793439678,0.001199939345108915,ganr,0.00489052427536442,0.006335053142508097,Q2,0.001547887872196947,11,controlled,default
205,main,main-controlled-ganr-default-s11-8287dd41c7,1.3328768292778945,1.3343169897485176,0.0011856327514601062,ganr,0.004769308145447085,0.006122729476172318,Q3,0.0015298502738951142,11,controlled,default
205,main,main-controlled-ganr-default-s11-8287dd41c7,1.6906455393104547,1.6867382874506176,0.0012345120424581137,ganr,0.004997304888431108,0.0063048908986074155,Q4,0.0015606340295020098,11,controlled,default
204,main,main-controlled-ganr-default-s11-8287dd41c7,2.300043003095156,2.208956119630349,0.0012008286586964745,ganr,0.004871795761719491,0.006215830678998125,Q5,0.0015431211211718561,11,controlled,default
205,main,main-controlled-ganr-default-s29-6e3a977cfa,0.7700578222419104,0.8017735899517014,0.0012544435221082872,ganr,0.00505783253156824,0.006549537070631194,Q1,0.0016372310086305937,29,controlled,default
205,main,main-controlled-ganr-default-s29-6e3a977cfa,1.0593848836970348,1.0551692793439678,0.0012492601207668486,ganr,0.005058652686336356,0.006474423897517901,Q2,0.0016052992697968584,29,controlled,default
205,main,main-controlled-ganr-default-s29-6e3a977cfa,1.3328768292778945,1.3343169897485176,0.0012221438433077376,ganr,0.004941573250855161,0.006331458120703239,Q3,0.0015669211175018262,29,controlled,default
205,main,main-controlled-ganr-default-s29-6e3a977cfa,1.6906455393104547,1.6867382874506176,0.0011894297546615879,ganr,0.0047973852801823005,0.00611035540073596,Q4,0.0015256572421651889,29,controlled,default
204,main,main-controlled-ganr-default-s29-6e3a977cfa,2.300043003095156,2.208956119630349,0.0012282068243920031,ganr,0.004937621619044898,0.00622660348015121,Q5,0.0015576645539305389,29,controlled,default
205,main,main-controlled-ganr-default-s47-401f29dc72,0.7700578222419104,0.8017735899517014,0.0012413681498245994,ganr,0.004971634652498001,0.00634824552626907,Q1,0.001609891732215727,47,controlled,default
205,main,main-controlled-ganr-default-s47-401f29dc72,1.0593848836970348,1.0551692793439678,0.001232021762608361,ganr,0.004960188491317017,0.006307228332638309,Q2,0.0015761128101126468,47,controlled,default
205,main,main-controlled-ganr-default-s47-401f29dc72,1.3328768292778945,1.3343169897485176,0.0011766923318690516,ganr,0.0047161317275261185,0.0060374445646927235,Q3,0.0015046827080932538,47,controlled,default
205,main,main-controlled-ganr-default-s47-401f29dc72,1.6906455393104547,1.6867382874506176,0.001222144760078397,ganr,0.004916275234931509,0.0062581673229559764,Q4,0.0015568192224726263,47,controlled,default
204,main,main-controlled-ganr-default-s47-401f29dc72,2.300043003095156,2.208956119630349,0.0012590585236212598,ganr,0.005093796680220869,0.006435338260794229,Q5,0.0015969238142306004,47,controlled,default
205,main,main-controlled-gelu-default-s11-980d8043f3,0.7700578222419104,0.8017735899517014,0.001781455737541475,gelu,0.007279001411413047,0.009301392303323473,Q1,0.002258567191657865,11,controlled,default
205,main,main-controlled-gelu-default-s11-980d8043f3,1.0593848836970348,1.0551692793439678,0.0019007593210694832,gelu,0.007834806604700331,0.01009165055646864,Q2,0.002396672060787926,11,controlled,default
205,main,main-controlled-gelu-default-s11-980d8043f3,1.3328768292778945,1.3343169897485176,0.0019160215945415008,gelu,0.007871342660696605,0.010078838219433423,Q3,0.002421416704873269,11,controlled,default
205,main,main-controlled-gelu-default-s11-980d8043f3,1.6906455393104547,1.6867382874506176,0.0019088043092113634,gelu,0.007780660943191911,0.01009713026273812,Q4,0.0024556659043105376,11,controlled,default
204,main,main-controlled-gelu-default-s11-980d8043f3,2.300043003095156,2.208956119630349,0.0019380186592512722,gelu,0.0079423838820464,0.010121915957874362,Q5,0.0024531966543076453,11,controlled,default
205,main,main-controlled-gelu-default-s29-a64deb14ed,0.7700578222419104,0.8017735899517014,0.0017664685840406114,gelu,0.00719303212862273,0.009187398274697034,Q1,0.0022477357856205927,29,controlled,default
205,main,main-controlled-gelu-default-s29-a64deb14ed,1.0593848836970348,1.0551692793439678,0.0018503351870826808,gelu,0.007585862074733672,0.00980179961150933,Q2,0.002352897738455924,29,controlled,default
205,main,main-controlled-gelu-default-s29-a64deb14ed,1.3328768292778945,1.3343169897485176,0.001878711857241841,gelu,0.007654309112462099,0.009891112739370303,Q3,0.0023962441213235537,29,controlled,default
205,main,main-controlled-gelu-default-s29-a64deb14ed,1.6906455393104547,1.6867382874506176,0.001856051474324642,gelu,0.007515684808621799,0.009798407755073008,Q4,0.00241358070383672,29,controlled,default
204,main,main-controlled-gelu-default-s29-a64deb14ed,2.300043003095156,2.208956119630349,0.0019215432689433703,gelu,0.007846220920346238,0.01000617239582456,Q5,0.0024401892506026794,29,controlled,default
205,main,main-controlled-gelu-default-s47-0f1058267c,0.7700578222419104,0.8017735899517014,0.0018150832770227614,gelu,0.00737460615957771,0.009351927463119277,Q1,0.0022939245211429167,47,controlled,default
205,main,main-controlled-gelu-default-s47-0f1058267c,1.0593848836970348,1.0551692793439678,0.0018943776563746057,gelu,0.007759658804747504,0.00995982448651997,Q2,0.002389903477625942,47,controlled,default
205,main,main-controlled-gelu-default-s47-0f1058267c,1.3328768292778945,1.3343169897485176,0.0018837452932374862,gelu,0.0077000434710526745,0.009893552580237965,Q3,0.0023841179527048775,47,controlled,default
205,main,main-controlled-gelu-default-s47-0f1058267c,1.6906455393104547,1.6867382874506176,0.0018856216530610522,gelu,0.007674701487647459,0.009972827474190331,Q4,0.0024416311310294656,47,controlled,default
204,main,main-controlled-gelu-default-s47-0f1058267c,2.300043003095156,2.208956119630349,0.001929296370732635,gelu,0.007867817169119972,0.010067339903462584,Q5,0.0024632097053588226,47,controlled,default
205,main,main-controlled-relu-default-s11-41cf3e1409,0.7700578222419104,0.8017735899517014,0.0024271003397255456,relu,0.009761989724688655,0.01233019157294116,Q1,0.0030877525939491256,11,controlled,default
205,main,main-controlled-relu-default-s11-41cf3e1409,1.0593848836970348,1.0551692793439678,0.0024107433141402797,relu,0.009769998910072901,0.012631306388985778,Q2,0.0030934656678132527,11,controlled,default
205,main,main-controlled-relu-default-s11-41cf3e1409,1.3328768292778945,1.3343169897485176,0.002417739465139365,relu,0.009776315569354687,0.012476395425255936,Q3,0.003081876653088162,11,controlled,default
205,main,main-controlled-relu-default-s11-41cf3e1409,1.6906455393104547,1.6867382874506176,0.0025584638468477885,relu,0.01040198312353934,0.013289970898381525,Q4,0.003244966085243266,11,controlled,default
204,main,main-controlled-relu-default-s11-41cf3e1409,2.300043003095156,2.208956119630349,0.002502890416960826,relu,0.01013253717886216,0.01285328979286238,Q5,0.0031779878423154554,11,controlled,default
205,main,main-controlled-relu-default-s29-1a08ae7f17,0.7700578222419104,0.8017735899517014,0.002434040944265179,relu,0.0097847481197644,0.012415840111661216,Q1,0.0031062484481976568,29,controlled,default
205,main,main-controlled-relu-default-s29-1a08ae7f17,1.0593848836970348,1.0551692793439678,0.002411226310165902,relu,0.009747086657016983,0.012585674785739865,Q2,0.0030924926937077163,29,controlled,default
205,main,main-controlled-relu-default-s29-1a08ae7f17,1.3328768292778945,1.3343169897485176,0.002368525714669753,relu,0.009598963767085624,0.01232093591196765,Q3,0.003030548413882956,29,controlled,default
205,main,main-controlled-relu-default-s29-1a08ae7f17,1.6906455393104547,1.6867382874506176,0.0025197143283615486,relu,0.010260258743187036,0.01308913140211741,Q4,0.003190165057491996,29,controlled,default
204,main,main-controlled-relu-default-s29-1a08ae7f17,2.300043003095156,2.208956119630349,0.0024939502231415877,relu,0.010144147052381144,0.012842842351591284,Q5,0.003147685454390272,29,controlled,default
205,main,main-controlled-relu-default-s47-d3aedf6771,0.7700578222419104,0.8017735899517014,0.0024468379910813826,relu,0.009868723260972096,0.012528591540340603,Q1,0.0031248567472621494,47,controlled,default
205,main,main-controlled-relu-default-s47-d3aedf6771,1.0593848836970348,1.0551692793439678,0.0024197355287758067,relu,0.009834284773627328,0.01270468160240981,Q2,0.0030973872519982717,47,controlled,default
205,main,main-controlled-relu-default-s47-d3aedf6771,1.3328768292778945,1.3343169897485176,0.0023409277997371845,relu,0.009507662763369505,0.012260466957907997,Q3,0.003003798536901715,47,controlled,default
205,main,main-controlled-relu-default-s47-d3aedf6771,1.6906455393104547,1.6867382874506176,0.0025691114117385376,relu,0.010448613270879011,0.0133553448869885,Q4,0.003267461589076186,47,controlled,default
204,main,main-controlled-relu-default-s47-d3aedf6771,2.300043003095156,2.208956119630349,0.0024745294626324953,relu,0.010055855808861633,0.012869608349416665,Q5,0.0031512531835347895,47,controlled,default
205,main,main-controlled-resmlp-default-s11-395685dc7e,0.7700578222419104,0.8017735899517014,0.0012714602146865572,resmlp,0.005190757978706762,0.00677081360728984,Q1,0.0016520420839367916,11,controlled,default
205,main,main-controlled-resmlp-default-s11-395685dc7e,1.0593848836970348,1.0551692793439678,0.00137489755038254,resmlp,0.00563606150999704,0.007327475626619257,Q2,0.0017588413712817605,11,controlled,default
205,main,main-controlled-resmlp-default-s11-395685dc7e,1.3328768292778945,1.3343169897485176,0.0013749111686748375,resmlp,0.005666836165144277,0.007485195153698708,Q3,0.001781910677105078,11,controlled,default
205,main,main-controlled-resmlp-default-s11-395685dc7e,1.6906455393104547,1.6867382874506176,0.0014517010762219575,resmlp,0.006063084806609782,0.008288322951147212,Q4,0.0019076810743036026,11,controlled,default
204,main,main-controlled-resmlp-default-s11-395685dc7e,2.300043003095156,2.208956119630349,0.0014896010808610406,resmlp,0.006183114812749362,0.008206721565612465,Q5,0.0019216931225656934,11,controlled,default
205,main,main-controlled-resmlp-default-s29-524d769e2c,0.7700578222419104,0.8017735899517014,0.0014316282471465856,resmlp,0.005739202054855431,0.0074501196306110355,Q1,0.0018791111644449157,29,controlled,default
205,main,main-controlled-resmlp-default-s29-524d769e2c,1.0593848836970348,1.0551692793439678,0.001517846323859863,resmlp,0.006090860272991402,0.007957176135074816,Q2,0.0019935320953434867,29,controlled,default
205,main,main-controlled-resmlp-default-s29-524d769e2c,1.3328768292778945,1.3343169897485176,0.0015856334340974062,resmlp,0.006430168534127695,0.008285469039557682,Q3,0.0020464323645856424,29,controlled,default
205,main,main-controlled-resmlp-default-s29-524d769e2c,1.6906455393104547,1.6867382874506176,0.0016381426800030677,resmlp,0.006570898810394582,0.00857416658023412,Q4,0.0021491411142178286,29,controlled,default
204,main,main-controlled-resmlp-default-s29-524d769e2c,2.300043003095156,2.208956119630349,0.0016791370644858605,resmlp,0.006764422733306106,0.008635278880796342,Q5,0.0021527180509981533,29,controlled,default
205,main,main-controlled-resmlp-default-s47-71e7a9cf75,0.7700578222419104,0.8017735899517014,0.001265663142591465,resmlp,0.0050111663118175,0.006489612614890081,Q1,0.0016728017898774616,47,controlled,default
205,main,main-controlled-resmlp-default-s47-71e7a9cf75,1.0593848836970348,1.0551692793439678,0.0013687503243534416,resmlp,0.0054451884216828355,0.006968371076777828,Q2,0.0017696505471692856,47,controlled,default
205,main,main-controlled-resmlp-default-s47-71e7a9cf75,1.3328768292778945,1.3343169897485176,0.0013327405331083134,resmlp,0.0053104349102868,0.0068444312060131655,Q3,0.001738001237873997,47,controlled,default
205,main,main-controlled-resmlp-default-s47-71e7a9cf75,1.6906455393104547,1.6867382874506176,0.0014354792959970727,resmlp,0.0057341574528945545,0.007383076976789211,Q4,0.0018636401089877383,47,controlled,default
204,main,main-controlled-resmlp-default-s47-71e7a9cf75,2.300043003095156,2.208956119630349,0.0014115712625207201,resmlp,0.0056401939964958545,0.007297377375537648,Q5,0.0018396207845172072,47,controlled,default
205,main,main-controlled-silu-default-s11-011042bfb0,0.7700578222419104,0.8017735899517014,0.0022124884327129665,silu,0.008990148017361583,0.011608618232905939,Q1,0.002856542413293012,11,controlled,default
205,main,main-controlled-silu-default-s11-011042bfb0,1.0593848836970348,1.0551692793439678,0.002333332457497241,silu,0.00956032619726934,0.012485219704921776,Q2,0.0029869876432247595,11,controlled,default
205,main,main-controlled-silu-default-s11-011042bfb0,1.3328768292778945,1.3343169897485176,0.002324013911400071,silu,0.009451206272326765,0.01222585696264267,Q3,0.002979583112229664,11,controlled,default
205,main,main-controlled-silu-default-s11-011042bfb0,1.6906455393104547,1.6867382874506176,0.002387275833049299,silu,0.009648771351262112,0.012649288104924624,Q4,0.0031049850753896114,11,controlled,default
204,main,main-controlled-silu-default-s11-011042bfb0,2.300043003095156,2.208956119630349,0.0024394838101282883,silu,0.009909152789626901,0.012567086611978216,Q5,0.0030745875684719598,11,controlled,default
205,main,main-controlled-silu-default-s29-b168b71d04,0.7700578222419104,0.8017735899517014,0.002227732814669541,silu,0.009018371948596846,0.011722652736976275,Q1,0.0029185265241928166,29,controlled,default
205,main,main-controlled-silu-default-s29-b168b71d04,1.0593848836970348,1.0551692793439678,0.0023720049279934135,silu,0.00967273329072222,0.012599214376988988,Q2,0.0030417923532115292,29,controlled,default
205,main,main-controlled-silu-default-s29-b168b71d04,1.3328768292778945,1.3343169897485176,0.002373290312762703,silu,0.00963659226425572,0.012512237280810592,Q3,0.003058859393726766,29,controlled,default
205,main,main-controlled-silu-default-s29-b168b71d04,1.6906455393104547,1.6867382874506176,0.0024017451582794155,silu,0.009656462586448747,0.012700891933967184,Q4,0.003145118736571219,29,controlled,default
204,main,main-controlled-silu-default-s29-b168b71d04,2.300043003095156,2.208956119630349,0.00248830824758737,silu,0.01009487413626327,0.012874545413165456,Q5,0.0031531085320169205,29,controlled,default
205,main,main-controlled-silu-default-s47-7563c7fbfa,0.7700578222419104,0.8017735899517014,0.0022806485674043025,silu,0.009218376770074255,0.011908761745250506,Q1,0.0029787974133758856,47,controlled,default
205,main,main-controlled-silu-default-s47-7563c7fbfa,1.0593848836970348,1.0551692793439678,0.0023900809302930853,silu,0.009740804821099201,0.012680093448241244,Q2,0.0030766057746963002,47,controlled,default
205,main,main-controlled-silu-default-s47-7563c7fbfa,1.3328768292778945,1.3343169897485176,0.002364191419336549,silu,0.009597718618321047,0.012447319069448504,Q3,0.003040967820497753,47,controlled,default
205,main,main-controlled-silu-default-s47-7563c7fbfa,1.6906455393104547,1.6867382874506176,0.002403042079055101,silu,0.009673425031531022,0.012761156924652942,Q4,0.003160653291308565,47,controlled,default
204,main,main-controlled-silu-default-s47-7563c7fbfa,2.300043003095156,2.208956119630349,0.002500225003281426,silu,0.010142201771442446,0.012947153982194794,Q5,0.0031750070428855684,47,controlled,default
205,main,main-controlled-swiglu-default-s11-d7e8779cb8,0.7700578222419104,0.8017735899517014,0.0014134072122964781,swiglu,0.005694258937059728,0.0073768689568523785,Q1,0.0018447077735191098,11,controlled,default
205,main,main-controlled-swiglu-default-s11-d7e8779cb8,1.0593848836970348,1.0551692793439678,0.0015042424907045554,swiglu,0.006101465393177468,0.008176727431819124,Q2,0.0019881075192094587,11,controlled,default
205,main,main-controlled-swiglu-default-s11-d7e8779cb8,1.3328768292778945,1.3343169897485176,0.0015379535977200892,swiglu,0.006276188808110815,0.008377600419937362,Q3,0.0020219296348829,11,controlled,default
205,main,main-controlled-swiglu-default-s11-d7e8779cb8,1.6906455393104547,1.6867382874506176,0.0015429935384484606,swiglu,0.006238522249209334,0.008292129548775215,Q4,0.0020339974013992915,11,controlled,default
204,main,main-controlled-swiglu-default-s11-d7e8779cb8,2.300043003095156,2.208956119630349,0.0015969477471290863,swiglu,0.006555890140246787,0.008842214177667588,Q5,0.0021152770913663204,11,controlled,default
205,main,main-controlled-swiglu-default-s29-34da05b6dc,0.7700578222419104,0.8017735899517014,0.001336177758994603,swiglu,0.005349029991974811,0.00691158632791183,Q1,0.0017507365961771288,29,controlled,default
205,main,main-controlled-swiglu-default-s29-34da05b6dc,1.0593848836970348,1.0551692793439678,0.0014167931874974938,swiglu,0.005692423950755263,0.007396809523710031,Q2,0.00185267289151196,29,controlled,default
205,main,main-controlled-swiglu-default-s29-34da05b6dc,1.3328768292778945,1.3343169897485176,0.0014642446718780998,swiglu,0.005842844329271514,0.007596461396389742,Q3,0.0019304181991163453,29,controlled,default
205,main,main-controlled-swiglu-default-s29-34da05b6dc,1.6906455393104547,1.6867382874506176,0.0014907584537490392,swiglu,0.005956463888284607,0.007711913262188658,Q4,0.0019477265871717258,29,controlled,default
204,main,main-controlled-swiglu-default-s29-34da05b6dc,2.300043003095156,2.208956119630349,0.0015056176507797835,swiglu,0.006053820970991885,0.007976887165777883,Q5,0.001991401166104554,29,controlled,default
205,main,main-controlled-swiglu-default-s47-3c853e3c94,0.7700578222419104,0.8017735899517014,0.0014330479497425032,swiglu,0.005740195336911712,0.007485665350989739,Q1,0.0019065155403036169,47,controlled,default
205,main,main-controlled-swiglu-default-s47-3c853e3c94,1.0593848836970348,1.0551692793439678,0.0014750201449071649,swiglu,0.005914553164318339,0.0075899451258739795,Q2,0.001914049154646484,47,controlled,default
205,main,main-controlled-swiglu-default-s47-3c853e3c94,1.3328768292778945,1.3343169897485176,0.001513383686861056,swiglu,0.006074450289467927,0.007833888267315755,Q3,0.0019742499706662205,47,controlled,default
205,main,main-controlled-swiglu-default-s47-3c853e3c94,1.6906455393104547,1.6867382874506176,0.001537871544581033,swiglu,0.006187130307651191,0.00802929557448317,Q4,0.0020150768391060878,47,controlled,default
204,main,main-controlled-swiglu-default-s47-3c853e3c94,2.300043003095156,2.208956119630349,0.0016124721435976336,swiglu,0.006556097325948572,0.008526193164536332,Q5,0.0020930693244036406,47,controlled,default
205,main,main-duffing-fourier-default-s11-60e9bc8fa9,0.4260185429607537,0.43194158091429863,0.004910610004001838,fourier,0.015979225741319866,0.020622851342936496,Q1,0.006744555423189226,11,duffing,default
205,main,main-duffing-fourier-default-s11-60e9bc8fa9,0.5198316481501641,0.5218364617863674,0.004941920619798688,fourier,0.01612412058446604,0.020621607161235712,Q2,0.006749595543549746,11,duffing,default
205,main,main-duffing-fourier-default-s11-60e9bc8fa9,0.5839590772301672,0.5842454017593658,0.00479284780669731,fourier,0.015669326856608563,0.01986943559929765,Q3,0.0064385708918693815,11,duffing,default
205,main,main-duffing-fourier-default-s11-60e9bc8fa9,0.654854269528632,0.6574576393545056,0.004572421591533717,fourier,0.014905960795447587,0.01918683661919721,Q4,0.006317688576577034,11,duffing,default
204,main,main-duffing-fourier-default-s11-60e9bc8fa9,0.7751503283244864,0.758356785130839,0.00470445737986594,fourier,0.01541837950061566,0.019746019313462947,Q5,0.00641367437656114,11,duffing,default
205,main,main-duffing-fourier-default-s29-0a4c7036d4,0.4260185429607537,0.43194158091429863,0.005018572570979148,fourier,0.01649982492034805,0.021072551000597687,Q1,0.006801005653882136,29,duffing,default
205,main,main-duffing-fourier-default-s29-0a4c7036d4,0.5198316481501641,0.5218364617863674,0.004612234359086781,fourier,0.015148925887645846,0.019452045954925508,Q2,0.006255486615384396,29,duffing,default
205,main,main-duffing-fourier-default-s29-0a4c7036d4,0.5839590772301672,0.5842454017593658,0.004802490616987975,fourier,0.015703365084397073,0.01987585047613811,Q3,0.006472013420574591,29,duffing,default
205,main,main-duffing-fourier-default-s29-0a4c7036d4,0.654854269528632,0.6574576393545056,0.004679057662067906,fourier,0.015363386854040411,0.019846096404224814,Q4,0.006380336360360325,29,duffing,default
204,main,main-duffing-fourier-default-s29-0a4c7036d4,0.7751503283244864,0.758356785130839,0.004798858849604656,fourier,0.015827619134410987,0.019997187621244836,Q5,0.006381314649405843,29,duffing,default
205,main,main-duffing-fourier-default-s47-330b2fd2af,0.4260185429607537,0.43194158091429863,0.005038369611451699,fourier,0.01652149111973019,0.02119638387596514,Q1,0.006862663927139608,47,duffing,default
205,main,main-duffing-fourier-default-s47-330b2fd2af,0.5198316481501641,0.5218364617863674,0.004884708376843397,fourier,0.01607239771739089,0.020523618406379503,Q2,0.006558884722945436,47,duffing,default
205,main,main-duffing-fourier-default-s47-330b2fd2af,0.5839590772301672,0.5842454017593658,0.004946245597855567,fourier,0.01629439987871981,0.02084829247525237,Q3,0.006653268613908341,47,duffing,default
205,main,main-duffing-fourier-default-s47-330b2fd2af,0.654854269528632,0.6574576393545056,0.0049285560982797304,fourier,0.016058329885127842,0.020717279202648046,Q4,0.006805840030562467,47,duffing,default
204,main,main-duffing-fourier-default-s47-330b2fd2af,0.7751503283244864,0.758356785130839,0.004838145308895037,fourier,0.015822377317782244,0.020075635596217768,Q5,0.0065161842751328015,47,duffing,default
205,main,main-duffing-ganr-default-s11-277b16b5df,0.4260185429607537,0.43194158091429863,0.0010682246071332994,ganr,0.0035854739003383005,0.004672685041128577,Q1,0.001428029762626445,11,duffing,default
205,main,main-duffing-ganr-default-s11-277b16b5df,0.5198316481501641,0.5218364617863674,0.0009685548998964894,ganr,0.003268069084480941,0.004279787466146663,Q2,0.0012997101864287088,11,duffing,default
205,main,main-duffing-ganr-default-s11-277b16b5df,0.5839590772301672,0.5842454017593658,0.001030241859796927,ganr,0.0034807238897687272,0.004558786042285778,Q3,0.001364989373707244,11,duffing,default
205,main,main-duffing-ganr-default-s11-277b16b5df,0.654854269528632,0.6574576393545056,0.0009663090282496031,ganr,0.0032791680928147605,0.004291348054501239,Q4,0.0012828899046950103,11,duffing,default
204,main,main-duffing-ganr-default-s11-277b16b5df,0.7751503283244864,0.758356785130839,0.0009872259693824448,ganr,0.003372241759243792,0.004396524798144758,Q5,0.001293136926999739,11,duffing,default
205,main,main-duffing-ganr-default-s29-68d9008487,0.4260185429607537,0.43194158091429863,0.001079024031357066,ganr,0.0036446368888682903,0.00476598942734648,Q1,0.0014318231971342439,29,duffing,default
205,main,main-duffing-ganr-default-s29-68d9008487,0.5198316481501641,0.5218364617863674,0.0009782301294674143,ganr,0.0032879689010248203,0.0042210235218583594,Q2,0.0013001381854556855,29,duffing,default
205,main,main-duffing-ganr-default-s29-68d9008487,0.5839590772301672,0.5842454017593658,0.0010079283401376793,ganr,0.003412741764600241,0.004421830463134033,Q3,0.0013301563858523805,29,duffing,default
205,main,main-duffing-ganr-default-s29-68d9008487,0.654854269528632,0.6574576393545056,0.0009726191811063383,ganr,0.0032997463554348292,0.004281579779466203,Q4,0.0012765012500981256,29,duffing,default
204,main,main-duffing-ganr-default-s29-68d9008487,0.7751503283244864,0.758356785130839,0.0009529294015384734,ganr,0.003235367454308903,0.004233835496596282,Q5,0.0012621719748201602,29,duffing,default
205,main,main-duffing-ganr-default-s47-baac8fef83,0.4260185429607537,0.43194158091429863,0.0010639163929448752,ganr,0.003599938837601819,0.004692268526383941,Q1,0.0014179152915052868,47,duffing,default
205,main,main-duffing-ganr-default-s47-baac8fef83,0.5198316481501641,0.5218364617863674,0.0009713849729717079,ganr,0.003280385266695014,0.004269960444821648,Q2,0.0012949636224919572,47,duffing,default
205,main,main-duffing-ganr-default-s47-baac8fef83,0.5839590772301672,0.5842454017593658,0.0009838552778846195,ganr,0.003341530791313493,0.004393106390884535,Q3,0.0012926651053632324,47,duffing,default
205,main,main-duffing-ganr-default-s47-baac8fef83,0.654854269528632,0.6574576393545056,0.0009876464199517546,ganr,0.003350397189265281,0.004331984895018424,Q4,0.001292325900109491,47,duffing,default
204,main,main-duffing-ganr-default-s47-baac8fef83,0.7751503283244864,0.758356785130839,0.0009844901401265815,ganr,0.003349015313855128,0.00443609034468592,Q5,0.0013057823320742953,47,duffing,default
205,main,main-duffing-gelu-default-s11-5def5d769e,0.4260185429607537,0.43194158091429863,0.001824772777120127,gelu,0.006108504564699415,0.007994063778955125,Q1,0.0024593959451300203,11,duffing,default
205,main,main-duffing-gelu-default-s11-5def5d769e,0.5198316481501641,0.5218364617863674,0.0017548508315330098,gelu,0.005883206424829643,0.00789594803405439,Q2,0.002400902406577737,11,duffing,default
205,main,main-duffing-gelu-default-s11-5def5d769e,0.5839590772301672,0.5842454017593658,0.0017769932912415243,gelu,0.005990518259908381,0.007831700748139476,Q3,0.00237515651678305,11,duffing,default
205,main,main-duffing-gelu-default-s11-5def5d769e,0.654854269528632,0.6574576393545056,0.0018051365628397012,gelu,0.006127453137660881,0.008071874057142919,Q4,0.0024085602277101885,11,duffing,default
204,main,main-duffing-gelu-default-s11-5def5d769e,0.7751503283244864,0.758356785130839,0.0018502861098389914,gelu,0.0063120064749003085,0.008383920649804266,Q5,0.002461201222495471,11,duffing,default
205,main,main-duffing-gelu-default-s29-b16a2425a5,0.4260185429607537,0.43194158091429863,0.0018206502787817466,gelu,0.006111637595236746,0.008039845318245474,Q1,0.002461948139232956,29,duffing,default
205,main,main-duffing-gelu-default-s29-b16a2425a5,0.5198316481501641,0.5218364617863674,0.0017537028947561162,gelu,0.005878991865127657,0.007837908504675412,Q2,0.0023764617595644203,29,duffing,default
205,main,main-duffing-gelu-default-s29-b16a2425a5,0.5839590772301672,0.5842454017593658,0.0017845717758441092,gelu,0.006007531248818717,0.007929361122106904,Q3,0.002405406053779165,29,duffing,default
205,main,main-duffing-gelu-default-s29-b16a2425a5,0.654854269528632,0.6574576393545056,0.0018125762719492053,gelu,0.0061531566666233805,0.008119916544652727,Q4,0.0024225717481480666,29,duffing,default
204,main,main-duffing-gelu-default-s29-b16a2425a5,0.7751503283244864,0.758356785130839,0.0018461110193771567,gelu,0.006303486260045684,0.00842872530995458,Q5,0.0024748180355423414,29,duffing,default
205,main,main-duffing-gelu-default-s47-14c46f50ec,0.4260185429607537,0.43194158091429863,0.001822823998625653,gelu,0.006086813558136377,0.008006445803880874,Q1,0.002472360772469619,47,duffing,default
205,main,main-duffing-gelu-default-s47-14c46f50ec,0.5198316481501641,0.5218364617863674,0.0017305390524575714,gelu,0.005809879973955957,0.007830956547743339,Q2,0.0023803028220531716,47,duffing,default
205,main,main-duffing-gelu-default-s47-14c46f50ec,0.5839590772301672,0.5842454017593658,0.0017597691830282779,gelu,0.005921102620765145,0.007800882806440353,Q3,0.0023734803839287333,47,duffing,default
205,main,main-duffing-gelu-default-s47-14c46f50ec,0.654854269528632,0.6574576393545056,0.0017820247533630363,gelu,0.0060410384813859965,0.007962316668545074,Q4,0.002378288403938249,47,duffing,default
204,main,main-duffing-gelu-default-s47-14c46f50ec,0.7751503283244864,0.758356785130839,0.0018325089501344978,gelu,0.0062333029437477315,0.008277149951792347,Q5,0.002437182320549484,47,duffing,default
205,main,main-duffing-relu-default-s11-1020c97ce6,0.4260185429607537,0.43194158091429863,0.0021830032183016755,relu,0.007323753933004506,0.009274150947653046,Q1,0.002856021218562844,11,duffing,default
205,main,main-duffing-relu-default-s11-1020c97ce6,0.5198316481501641,0.5218364617863674,0.0022370283323675166,relu,0.007554782129385137,0.009598520388964166,Q2,0.0029139357303040805,11,duffing,default
205,main,main-duffing-relu-default-s11-1020c97ce6,0.5839590772301672,0.5842454017593658,0.0022158093732508773,relu,0.007464110727616089,0.009313768277652812,Q3,0.0028415759852987907,11,duffing,default
205,main,main-duffing-relu-default-s11-1020c97ce6,0.654854269528632,0.6574576393545056,0.0022231197167257495,relu,0.007560136000836981,0.009597003765281035,Q4,0.0028733019177953306,11,duffing,default
204,main,main-duffing-relu-default-s11-1020c97ce6,0.7751503283244864,0.758356785130839,0.0022165972068518493,relu,0.007499496896552665,0.009485592737556395,Q5,0.0028641362737074566,11,duffing,default
205,main,main-duffing-relu-default-s29-89191b15ba,0.4260185429607537,0.43194158091429863,0.0021329516734334814,relu,0.007158267291218513,0.009108169454076219,Q1,0.0028111164139749427,29,duffing,default
205,main,main-duffing-relu-default-s29-89191b15ba,0.5198316481501641,0.5218364617863674,0.0021980496212164304,relu,0.00740236216194004,0.009416352867672437,Q2,0.0028664942894287403,29,duffing,default
205,main,main-duffing-relu-default-s29-89191b15ba,0.5839590772301672,0.5842454017593658,0.002200779310100543,relu,0.007411984039601567,0.009239278729799566,Q3,0.0028205886769900193,29,duffing,default
205,main,main-duffing-relu-default-s29-89191b15ba,0.654854269528632,0.6574576393545056,0.0021939994580795273,relu,0.0074762256249475,0.009504019425756832,Q4,0.0028274732309791495,29,duffing,default
204,main,main-duffing-relu-default-s29-89191b15ba,0.7751503283244864,0.758356785130839,0.0021670925408287466,relu,0.007395771540571041,0.009361710870202395,Q5,0.0027939226592790683,29,duffing,default
205,main,main-duffing-relu-default-s47-bb7708bfb7,0.4260185429607537,0.43194158091429863,0.002159194128128037,relu,0.0072578851715394375,0.009265860388007736,Q1,0.0028531341714204527,47,duffing,default
205,main,main-duffing-relu-default-s47-bb7708bfb7,0.5198316481501641,0.5218364617863674,0.0022383739212073566,relu,0.007558415541667607,0.009671401334095922,Q2,0.0029310689228185644,47,duffing,default
205,main,main-duffing-relu-default-s47-bb7708bfb7,0.5839590772301672,0.5842454017593658,0.0021776881622583193,relu,0.0073260998363354375,0.00917009040742077,Q3,0.002801712462192202,47,duffing,default
205,main,main-duffing-relu-default-s47-bb7708bfb7,0.654854269528632,0.6574576393545056,0.0022186171129827174,relu,0.007550089460420369,0.009585677250231728,Q4,0.0028686254360333835,47,duffing,default
204,main,main-duffing-relu-default-s47-bb7708bfb7,0.7751503283244864,0.758356785130839,0.0022053530908266897,relu,0.007463204666867635,0.009439527534471389,Q5,0.002853551528928832,47,duffing,default
205,main,main-duffing-resmlp-default-s11-a3368b8424,0.4260185429607537,0.43194158091429863,0.0012488423618933445,resmlp,0.004060488302671336,0.005360973564932891,Q1,0.0017918495469157524,11,duffing,default
205,main,main-duffing-resmlp-default-s11-a3368b8424,0.5198316481501641,0.5218364617863674,0.0012031958171907563,resmlp,0.003925964435891523,0.005175217938168712,Q2,0.0016978842564471968,11,duffing,default
205,main,main-duffing-resmlp-default-s11-a3368b8424,0.5839590772301672,0.5842454017593658,0.0012133239660060344,resmlp,0.003984267104668424,0.005265449398082007,Q3,0.0017130438823880594,11,duffing,default
205,main,main-duffing-resmlp-default-s11-a3368b8424,0.654854269528632,0.6574576393545056,0.0012154926126929308,resmlp,0.004005889418104011,0.005249644390757386,Q4,0.0016788637643121629,11,duffing,default
204,main,main-duffing-resmlp-default-s11-a3368b8424,0.7751503283244864,0.758356785130839,0.0012338747257190869,resmlp,0.004076998207497322,0.005249621554483733,Q5,0.001670030903553874,11,duffing,default
205,main,main-duffing-resmlp-default-s29-b21cb5f73d,0.4260185429607537,0.43194158091429863,0.0011606512150914257,resmlp,0.003908014900159929,0.004934907037258846,Q1,0.0015032140633005101,29,duffing,default
205,main,main-duffing-resmlp-default-s29-b21cb5f73d,0.5198316481501641,0.5218364617863674,0.0011400172177761815,resmlp,0.0038192185397043833,0.004971903260954905,Q2,0.0015149171661699226,29,duffing,default
205,main,main-duffing-resmlp-default-s29-b21cb5f73d,0.5839590772301672,0.5842454017593658,0.0011191515489660626,resmlp,0.0038077601893028727,0.004956998191451658,Q3,0.0014803139650941906,29,duffing,default
205,main,main-duffing-resmlp-default-s29-b21cb5f73d,0.654854269528632,0.6574576393545056,0.0011336281996613606,resmlp,0.003813851956637156,0.005000901483531728,Q4,0.0015177277946605513,29,duffing,default
204,main,main-duffing-resmlp-default-s29-b21cb5f73d,0.7751503283244864,0.758356785130839,0.0011389589827095002,resmlp,0.00384034630241889,0.004972050270624695,Q5,0.001500589605944693,29,duffing,default
205,main,main-duffing-resmlp-default-s47-c1fa984c78,0.4260185429607537,0.43194158091429863,0.0010896838012851686,resmlp,0.0036288545983457986,0.004658873773569211,Q1,0.0014565550232746376,47,duffing,default
205,main,main-duffing-resmlp-default-s47-c1fa984c78,0.5198316481501641,0.5218364617863674,0.0010412435747417564,resmlp,0.003506167418887255,0.004491760073405757,Q2,0.0013796013672836265,47,duffing,default
205,main,main-duffing-resmlp-default-s47-c1fa984c78,0.5839590772301672,0.5842454017593658,0.001073435203300217,resmlp,0.00355842320030241,0.004727273004433365,Q3,0.0014802085091113605,47,duffing,default
205,main,main-duffing-resmlp-default-s47-c1fa984c78,0.654854269528632,0.6574576393545056,0.0010659136972851516,resmlp,0.0035896459728561765,0.004738046590857659,Q4,0.0014482434283203355,47,duffing,default
204,main,main-duffing-resmlp-default-s47-c1fa984c78,0.7751503283244864,0.758356785130839,0.001090537104065494,resmlp,0.003690720431842519,0.004856692862757726,Q5,0.001469401429941372,47,duffing,default
205,main,main-duffing-silu-default-s11-442fa02f50,0.4260185429607537,0.43194158091429863,0.002271260709192841,silu,0.007348539565377286,0.010404058463390741,Q1,0.0035166950132280777,11,duffing,default
205,main,main-duffing-silu-default-s11-442fa02f50,0.5198316481501641,0.5218364617863674,0.002163082650023592,silu,0.007155232513164818,0.009898020171849367,Q2,0.0031291080761064335,11,duffing,default
205,main,main-duffing-silu-default-s11-442fa02f50,0.5839590772301672,0.5842454017593658,0.0021929523120778004,silu,0.007285170038070882,0.00990276949353859,Q3,0.0030947768145811565,11,duffing,default
205,main,main-duffing-silu-default-s11-442fa02f50,0.654854269528632,0.6574576393545056,0.0022096798570845106,silu,0.007375374909316142,0.01004562310662778,Q4,0.003109944081709538,11,duffing,default
204,main,main-duffing-silu-default-s11-442fa02f50,0.7751503283244864,0.758356785130839,0.002209554279738322,silu,0.007482589346788126,0.010075265722641768,Q5,0.0030167328630933015,11,duffing,default
205,main,main-duffing-silu-default-s29-9f0067b489,0.4260185429607537,0.43194158091429863,0.002251378261311535,silu,0.007288771579085585,0.01036407670159213,Q1,0.0034932804964044697,29,duffing,default
205,main,main-duffing-silu-default-s29-9f0067b489,0.5198316481501641,0.5218364617863674,0.002155828978827297,silu,0.007124050164878016,0.009903401420338343,Q2,0.0031266957442699734,29,duffing,default
205,main,main-duffing-silu-default-s29-9f0067b489,0.5839590772301672,0.5842454017593658,0.0021901520036408328,silu,0.007287914077044984,0.009934469847645693,Q3,0.0031015731327412215,29,duffing,default
205,main,main-duffing-silu-default-s29-9f0067b489,0.654854269528632,0.6574576393545056,0.0021901951446346994,silu,0.007317850269473758,0.010016593389785066,Q4,0.003089080091708596,29,duffing,default
204,main,main-duffing-silu-default-s29-9f0067b489,0.7751503283244864,0.758356785130839,0.0021966425306345627,silu,0.007458258878407466,0.010088873845185161,Q5,0.0030103556569491567,29,duffing,default
205,main,main-duffing-silu-default-s47-f2f6783710,0.4260185429607537,0.43194158091429863,0.00226216561153617,silu,0.007325244969288422,0.01032529398388327,Q1,0.00346849597773758,47,duffing,default
205,main,main-duffing-silu-default-s47-f2f6783710,0.5198316481501641,0.5218364617863674,0.002178984948646181,silu,0.007209076579257189,0.009921118205756979,Q2,0.003128207056473537,47,duffing,default
205,main,main-duffing-silu-default-s47-f2f6783710,0.5839590772301672,0.5842454017593658,0.00220363541841546,silu,0.0073456080020604594,0.009932147767040368,Q3,0.003087879102945195,47,duffing,default
205,main,main-duffing-silu-default-s47-f2f6783710,0.654854269528632,0.6574576393545056,0.0022071463110744554,silu,0.007402575853367222,0.009992163743496704,Q4,0.003067685339171529,47,duffing,default
204,main,main-duffing-silu-default-s47-f2f6783710,0.7751503283244864,0.758356785130839,0.002193808343129015,silu,0.007460493620644,0.010056638336725368,Q5,0.0029888919845381962,47,duffing,default
205,main,main-duffing-swiglu-default-s11-0e4e259d1c,0.4260185429607537,0.43194158091429863,0.001176994449868777,swiglu,0.0038948168341141334,0.005131883325725206,Q1,0.0016351375321968459,11,duffing,default
205,main,main-duffing-swiglu-default-s11-0e4e259d1c,0.5198316481501641,0.5218364617863674,0.0011241653335717983,swiglu,0.003730843999627295,0.004853693685885034,Q2,0.0015400878588501686,11,duffing,default
205,main,main-duffing-swiglu-default-s11-0e4e259d1c,0.5839590772301672,0.5842454017593658,0.001188823971793548,swiglu,0.003937503669940536,0.005335500538802077,Q3,0.001675127696741985,11,duffing,default
205,main,main-duffing-swiglu-default-s11-0e4e259d1c,0.654854269528632,0.6574576393545056,0.001167908261928327,swiglu,0.0038530095377190435,0.005128895695734582,Q4,0.0016440951188902203,11,duffing,default
204,main,main-duffing-swiglu-default-s11-0e4e259d1c,0.7751503283244864,0.758356785130839,0.001270715214657542,swiglu,0.004234240086887664,0.005707486966629427,Q5,0.0018011191356953195,11,duffing,default
205,main,main-duffing-swiglu-default-s29-569b3e3a59,0.4260185429607537,0.43194158091429863,0.0011096933622932893,swiglu,0.0036634362672884157,0.004831504623195311,Q1,0.0015487936220721765,29,duffing,default
205,main,main-duffing-swiglu-default-s29-569b3e3a59,0.5198316481501641,0.5218364617863674,0.0010768938951248234,swiglu,0.0035903674968544618,0.004632470054866546,Q2,0.0014636184827597203,29,duffing,default
205,main,main-duffing-swiglu-default-s29-569b3e3a59,0.5839590772301672,0.5842454017593658,0.0011237139926157486,swiglu,0.0037207965821978947,0.005098174750153218,Q3,0.0016082119283458288,29,duffing,default
205,main,main-duffing-swiglu-default-s29-569b3e3a59,0.654854269528632,0.6574576393545056,0.0011037421511612526,swiglu,0.003650476455637051,0.004838864313638613,Q4,0.00153992031681355,29,duffing,default
204,main,main-duffing-swiglu-default-s29-569b3e3a59,0.7751503283244864,0.758356785130839,0.001193685104681208,swiglu,0.003947429525469372,0.0053048946735256685,Q5,0.0016824706947847405,29,duffing,default
205,main,main-duffing-swiglu-default-s47-a68e86753e,0.4260185429607537,0.43194158091429863,0.001120845003433493,swiglu,0.003702963698250987,0.004914300685190635,Q1,0.0015722887286992845,47,duffing,default
205,main,main-duffing-swiglu-default-s47-a68e86753e,0.5198316481501641,0.5218364617863674,0.0010508009020246923,swiglu,0.0035121431397451557,0.004626628824174604,Q2,0.001454264031960723,47,duffing,default
205,main,main-duffing-swiglu-default-s47-a68e86753e,0.5839590772301672,0.5842454017593658,0.001146202842640533,swiglu,0.003799467093694992,0.005214802986148261,Q3,0.001634385144721125,47,duffing,default
205,main,main-duffing-swiglu-default-s47-a68e86753e,0.654854269528632,0.6574576393545056,0.0011155415941973886,swiglu,0.0036953039296855382,0.00486229385366264,Q4,0.0015422336687224204,47,duffing,default
204,main,main-duffing-swiglu-default-s47-a68e86753e,0.7751503283244864,0.758356785130839,0.0012080947514696877,swiglu,0.004006062025574003,0.005367813293409673,Q5,0.0017020122668176207,47,duffing,default
205,main,main-ieee118-fourier-default-s11-5785c75e2e,0.0012815212877709968,0.0013085881754753416,0.0003698854384606036,fourier,0.010145003780178963,0.013356707200652284,Q1,0.0005488116172536338,11,ieee118,default
205,main,main-ieee118-fourier-default-s11-5785c75e2e,0.0017006979806648034,0.0016946894934823438,0.00038234919239462327,fourier,0.010465627865252524,0.01349735985611589,Q2,0.0005542529394351237,11,ieee118,default
205,main,main-ieee118-fourier-default-s11-5785c75e2e,0.0021175907516254905,0.0021101348565217494,0.0003616606294889561,fourier,0.00989495728309476,0.012608865828182447,Q3,0.0005238266599550265,11,ieee118,default
205,main,main-ieee118-fourier-default-s11-5785c75e2e,0.0026864059221111576,0.0026763420563608916,0.0004086856622661232,fourier,0.011101563856438696,0.014743152706225246,Q4,0.0006231770719447949,11,ieee118,default
204,main,main-ieee118-fourier-default-s11-5785c75e2e,0.004140207552341843,0.003753599137773711,0.00039783407509901616,fourier,0.010884722919214749,0.014089590946949738,Q5,0.0005937450550342958,11,ieee118,default
205,main,main-ieee118-fourier-default-s29-5802133163,0.0012815212877709968,0.0013085881754753416,0.0004100160214858295,fourier,0.011100562725787973,0.014664040864420524,Q1,0.0006275611811700522,29,ieee118,default
205,main,main-ieee118-fourier-default-s29-5802133163,0.0017006979806648034,0.0016946894934823438,0.0003854261844450358,fourier,0.0105167875563925,0.014085762871299683,Q2,0.0005930796164009557,29,ieee118,default
205,main,main-ieee118-fourier-default-s29-5802133163,0.0021175907516254905,0.0021101348565217494,0.00037224896514142863,fourier,0.010082094411424882,0.012871173990987311,Q3,0.0005686660898386557,29,ieee118,default
205,main,main-ieee118-fourier-default-s29-5802133163,0.0026864059221111576,0.0026763420563608916,0.00041165798517721585,fourier,0.011225640823778835,0.015303842759610248,Q4,0.0006360844259214684,29,ieee118,default
204,main,main-ieee118-fourier-default-s29-5802133163,0.004140207552341843,0.003753599137773711,0.00040609630329620645,fourier,0.011019900141798924,0.01464462172712163,Q5,0.0006260532896871599,29,ieee118,default
205,main,main-ieee118-fourier-default-s47-9b50777d8a,0.0012815212877709968,0.0013085881754753416,0.0003694532747092937,fourier,0.0101815007783497,0.01303840686007411,Q1,0.0005349403564289624,47,ieee118,default
205,main,main-ieee118-fourier-default-s47-9b50777d8a,0.0017006979806648034,0.0016946894934823438,0.0003914760844975838,fourier,0.010715668165332903,0.013758584818338877,Q2,0.0005669708290470574,47,ieee118,default
205,main,main-ieee118-fourier-default-s47-9b50777d8a,0.0021175907516254905,0.0021101348565217494,0.0003959823993629703,fourier,0.010816682897732265,0.01390179860723652,Q3,0.0005793845638506143,47,ieee118,default
205,main,main-ieee118-fourier-default-s47-9b50777d8a,0.0026864059221111576,0.0026763420563608916,0.00042719159440958275,fourier,0.011736454206225539,0.018041630086492157,Q4,0.0007228973004994889,47,ieee118,default
204,main,main-ieee118-fourier-default-s47-9b50777d8a,0.004140207552341843,0.003753599137773711,0.00042269289162309394,fourier,0.011464912807167962,0.014706539850624954,Q5,0.0006435445093829547,47,ieee118,default
205,main,main-ieee118-ganr-default-s11-b0c8f76625,0.0012815212877709968,0.0013085881754753416,1.1007691777709037e-05,ganr,0.0002480264200663087,0.0004039152941261277,Q1,3.529275564889295e-05,11,ieee118,default
205,main,main-ieee118-ganr-default-s11-b0c8f76625,0.0017006979806648034,0.0016946894934823438,1.0738819685407575e-05,ganr,0.0002435923129523553,0.0003992071925094796,Q2,3.542814107382445e-05,11,ieee118,default
205,main,main-ieee118-ganr-default-s11-b0c8f76625,0.0021175907516254905,0.0021101348565217494,1.1107143382768866e-05,ganr,0.00025074995981291267,0.00042076776436196115,Q3,3.981660144807764e-05,11,ieee118,default
205,main,main-ieee118-ganr-default-s11-b0c8f76625,0.0026864059221111576,0.0026763420563608916,1.118007809843031e-05,ganr,0.00025716558170003917,0.0004704553243238915,Q4,4.380557429490821e-05,11,ieee118,default
204,main,main-ieee118-ganr-default-s11-b0c8f76625,0.004140207552341843,0.003753599137773711,1.416116768781056e-05,ganr,0.0002845159471371111,0.0006301566642148333,Q5,7.33000663965224e-05,11,ieee118,default
205,main,main-ieee118-ganr-default-s29-6950cc624f,0.0012815212877709968,0.0013085881754753416,1.1018793271845456e-05,ganr,0.00026591043272368556,0.00044319475867656016,Q1,3.312144352881691e-05,29,ieee118,default
205,main,main-ieee118-ganr-default-s29-6950cc624f,0.0017006979806648034,0.0016946894934823438,1.1198292372611673e-05,ganr,0.00026630570377606086,0.0004499322544923559,Q2,3.61258485458144e-05,29,ieee118,default
205,main,main-ieee118-ganr-default-s29-6950cc624f,0.0021175907516254905,0.0021101348565217494,1.1650856831480742e-05,ganr,0.00026165387896859597,0.0004786213589759809,Q3,4.635207109983199e-05,29,ieee118,default
205,main,main-ieee118-ganr-default-s29-6950cc624f,0.0026864059221111576,0.0026763420563608916,1.3759472806408845e-05,ganr,0.00029424605140928624,0.0006082541099108839,Q4,6.135395113123555e-05,29,ieee118,default
204,main,main-ieee118-ganr-default-s29-6950cc624f,0.004140207552341843,0.003753599137773711,1.6870412325517967e-05,ganr,0.00030015198194172055,0.0008493495087672018,Q5,0.00010567599159594348,29,ieee118,default
205,main,main-ieee118-ganr-default-s47-1fbcce3242,0.0012815212877709968,0.0013085881754753416,1.1836868865176326e-05,ganr,0.0002866473558143658,0.0004289712215710474,Q1,3.0481245856196873e-05,47,ieee118,default
205,main,main-ieee118-ganr-default-s47-1fbcce3242,0.0017006979806648034,0.0016946894934823438,1.1950214834787366e-05,ganr,0.00028596933724467187,0.0004414882018238931,Q2,3.364084812995028e-05,47,ieee118,default
205,main,main-ieee118-ganr-default-s47-1fbcce3242,0.0021175907516254905,0.0021101348565217494,1.2092821372777197e-05,ganr,0.0002748973771963709,0.0004614573579716611,Q3,4.2836251615321475e-05,47,ieee118,default
205,main,main-ieee118-ganr-default-s47-1fbcce3242,0.0026864059221111576,0.0026763420563608916,1.4448223799074522e-05,ganr,0.00031294362435016655,0.0005945623084570582,Q4,5.840354791862314e-05,47,ieee118,default
204,main,main-ieee118-ganr-default-s47-1fbcce3242,0.004140207552341843,0.003753599137773711,1.702448613981186e-05,ganr,0.0003159810442479154,0.0007966795328667682,Q5,9.695971923307142e-05,47,ieee118,default
205,main,main-ieee118-gelu-default-s11-85c61a84a8,0.0012815212877709968,0.0013085881754753416,0.0002931814454400274,gelu,0.00802962177809816,0.01023340465230359,Q1,0.00040780991024079845,11,ieee118,default
205,main,main-ieee118-gelu-default-s11-85c61a84a8,0.0017006979806648034,0.0016946894934823438,0.0002723025678315806,gelu,0.00743429297487846,0.009687829508954651,Q2,0.0003921766198519763,11,ieee118,default
205,main,main-ieee118-gelu-default-s11-85c61a84a8,0.0021175907516254905,0.0021101348565217494,0.00027931806471504807,gelu,0.007670926856001852,0.009884143755181336,Q3,0.0003942252103582364,11,ieee118,default
205,main,main-ieee118-gelu-default-s11-85c61a84a8,0.0026864059221111576,0.0026763420563608916,0.0002856907166963208,gelu,0.007817898396367094,0.01003356721903566,Q4,0.00040361078614616,11,ieee118,default
204,main,main-ieee118-gelu-default-s11-85c61a84a8,0.004140207552341843,0.003753599137773711,0.00028311976025007467,gelu,0.0076822413491644285,0.010141653140725007,Q5,0.0004195425758386889,11,ieee118,default
205,main,main-ieee118-gelu-default-s29-e79b16d25a,0.0012815212877709968,0.0013085881754753416,0.0003012769836559401,gelu,0.008258586171172758,0.010475481572411438,Q1,0.0004171361345068738,29,ieee118,default
205,main,main-ieee118-gelu-default-s29-e79b16d25a,0.0017006979806648034,0.0016946894934823438,0.00027807168826298823,gelu,0.007591000839475246,0.009875013115307004,Q2,0.00039950398883737564,29,ieee118,default
205,main,main-ieee118-gelu-default-s29-e79b16d25a,0.0021175907516254905,0.0021101348565217494,0.00028589196156123323,gelu,0.007850630123944474,0.01006954724539325,Q3,0.00040147850107674887,29,ieee118,default
205,main,main-ieee118-gelu-default-s29-e79b16d25a,0.0026864059221111576,0.0026763420563608916,0.0002910350241018155,gelu,0.007962497599430686,0.010198855998748146,Q4,0.00041034415153525796,29,ieee118,default
204,main,main-ieee118-gelu-default-s29-e79b16d25a,0.004140207552341843,0.003753599137773711,0.00028973696460068353,gelu,0.007870785323987673,0.010379882403515533,Q5,0.0004286013954502994,29,ieee118,default
205,main,main-ieee118-gelu-default-s47-acb526af52,0.0012815212877709968,0.0013085881754753416,0.00029545606443549013,gelu,0.008080666147776264,0.01031228449495494,Q1,0.00041200432731749743,47,ieee118,default
205,main,main-ieee118-gelu-default-s47-acb526af52,0.0017006979806648034,0.0016946894934823438,0.00027363079665063215,gelu,0.007465572553312209,0.009764672695161387,Q2,0.0003959075988083236,47,ieee118,default
205,main,main-ieee118-gelu-default-s47-acb526af52,0.0021175907516254905,0.0021101348565217494,0.0002800587911491804,gelu,0.00768332825348377,0.009888517111460033,Q3,0.00039555849028282715,47,ieee118,default
205,main,main-ieee118-gelu-default-s47-acb526af52,0.0026864059221111576,0.0026763420563608916,0.0002858184990266446,gelu,0.007815040901840173,0.010012196838135864,Q4,0.0004041432780044754,47,ieee118,default
204,main,main-ieee118-gelu-default-s47-acb526af52,0.004140207552341843,0.003753599137773711,0.0002867381460714641,gelu,0.00777484014049257,0.010261304638820683,Q5,0.0004259626060206116,47,ieee118,default
205,main,main-ieee118-relu-default-s11-0d5a7822d0,0.0012815212877709968,0.0013085881754753416,0.0002929915099219133,relu,0.00802328910627923,0.01018687336249849,Q1,0.0004065172630827897,11,ieee118,default
205,main,main-ieee118-relu-default-s11-0d5a7822d0,0.0017006979806648034,0.0016946894934823438,0.00027844309972515957,relu,0.0075967090754655055,0.009801690910543857,Q2,0.00039834520090468534,11,ieee118,default
205,main,main-ieee118-relu-default-s11-0d5a7822d0,0.0021175907516254905,0.0021101348565217494,0.00028165870022035615,relu,0.007721831388579451,0.00982541931000215,Q3,0.0003939846314096453,11,ieee118,default
205,main,main-ieee118-relu-default-s11-0d5a7822d0,0.0026864059221111576,0.0026763420563608916,0.00029273683509226334,relu,0.00799795867267086,0.010151077586991238,Q4,0.0004102207112052837,11,ieee118,default
204,main,main-ieee118-relu-default-s11-0d5a7822d0,0.004140207552341843,0.003753599137773711,0.0002962491740826455,relu,0.008024153843981401,0.01035933885328095,Q5,0.00042949981938951345,11,ieee118,default
205,main,main-ieee118-relu-default-s29-f31e3288f6,0.0012815212877709968,0.0013085881754753416,0.0002963894634376629,relu,0.008103913143957168,0.010277686030411947,Q1,0.0004109927628002866,29,ieee118,default
205,main,main-ieee118-relu-default-s29-f31e3288f6,0.0017006979806648034,0.0016946894934823438,0.0002863283953578228,relu,0.00781587525777307,0.010089144378586228,Q2,0.00040884802311332447,29,ieee118,default
205,main,main-ieee118-relu-default-s29-f31e3288f6,0.0021175907516254905,0.0021101348565217494,0.0002850178659285304,relu,0.007813562738779593,0.009899836534815796,Q3,0.00039757995598138494,29,ieee118,default
205,main,main-ieee118-relu-default-s29-f31e3288f6,0.0026864059221111576,0.0026763420563608916,0.0002963350709206879,relu,0.008096161647777763,0.01026860265555738,Q4,0.0004149201665446849,29,ieee118,default
204,main,main-ieee118-relu-default-s29-f31e3288f6,0.004140207552341843,0.003753599137773711,0.0002997257862451172,relu,0.008140209603798493,0.010440234429351804,Q5,0.0004315196419511195,29,ieee118,default
205,main,main-ieee118-relu-default-s47-3baf153a82,0.0012815212877709968,0.0013085881754753416,0.00029365153191712945,relu,0.008047253245677542,0.01019725359160894,Q1,0.00040681895536226383,47,ieee118,default
205,main,main-ieee118-relu-default-s47-3baf153a82,0.0017006979806648034,0.0016946894934823438,0.00028183136523402945,relu,0.0076845952645190055,0.009928422969003198,Q2,0.000403071608790028,47,ieee118,default
205,main,main-ieee118-relu-default-s47-3baf153a82,0.0021175907516254905,0.0021101348565217494,0.0002828381364661006,relu,0.007753869067242683,0.00984302761782295,Q3,0.0003955221975702909,47,ieee118,default
205,main,main-ieee118-relu-default-s47-3baf153a82,0.0026864059221111576,0.0026763420563608916,0.0002929254885359857,relu,0.008007019761706492,0.010131580811899578,Q4,0.00041040623558642877,47,ieee118,default
204,main,main-ieee118-relu-default-s47-3baf153a82,0.004140207552341843,0.003753599137773711,0.0002996667891308376,relu,0.008120804766017443,0.010500482425897687,Q5,0.000437043571042808,47,ieee118,default
205,main,main-ieee118-resmlp-default-s11-db8d126587,0.0012815212877709968,0.0013085881754753416,0.00020187136298222523,resmlp,0.005583150090488957,0.00760098942488527,Q1,0.0003062247511538068,11,ieee118,default
205,main,main-ieee118-resmlp-default-s11-db8d126587,0.0017006979806648034,0.0016946894934823438,0.00019478283539904118,resmlp,0.005372376942119867,0.007238755665296283,Q2,0.00029819518961736935,11,ieee118,default
205,main,main-ieee118-resmlp-default-s11-db8d126587,0.0021175907516254905,0.0021101348565217494,0.00018918441035864928,resmlp,0.005172886278628467,0.006960078073788741,Q3,0.00030306875510359004,11,ieee118,default
205,main,main-ieee118-resmlp-default-s11-db8d126587,0.0026864059221111576,0.0026763420563608916,0.00020618100850167262,resmlp,0.005620932010674811,0.007967593022651214,Q4,0.00035321233766345844,11,ieee118,default
204,main,main-ieee118-resmlp-default-s11-db8d126587,0.004140207552341843,0.003753599137773711,0.00019959549332273523,resmlp,0.005371971855928885,0.007336204819562257,Q5,0.0003683531382182199,11,ieee118,default
205,main,main-ieee118-resmlp-default-s29-626874f325,0.0012815212877709968,0.0013085881754753416,0.00021101383822900047,resmlp,0.005796280377185811,0.007738276305685401,Q1,0.00031992808608735467,29,ieee118,default
205,main,main-ieee118-resmlp-default-s29-626874f325,0.0017006979806648034,0.0016946894934823438,0.0002084873951644272,resmlp,0.005681882063031774,0.007512395187164592,Q2,0.0003248398981113495,29,ieee118,default
205,main,main-ieee118-resmlp-default-s29-626874f325,0.0021175907516254905,0.0021101348565217494,0.00019884808050817337,resmlp,0.005355520826927274,0.007122206681831234,Q3,0.0003302629641559849,29,ieee118,default
205,main,main-ieee118-resmlp-default-s29-626874f325,0.0026864059221111576,0.0026763420563608916,0.0002215181554201505,resmlp,0.005963129461003584,0.008687275775485765,Q4,0.0003981351155853635,29,ieee118,default
204,main,main-ieee118-resmlp-default-s29-626874f325,0.004140207552341843,0.003753599137773711,0.0002031487634058393,resmlp,0.005385220165650051,0.007281614531085677,Q5,0.00039113962309637114,29,ieee118,default
205,main,main-ieee118-resmlp-default-s47-51c0d32c60,0.0012815212877709968,0.0013085881754753416,0.00020255248691425086,resmlp,0.005577702630028565,0.007569685508854451,Q1,0.00031729518194456205,47,ieee118,default
205,main,main-ieee118-resmlp-default-s47-51c0d32c60,0.0017006979806648034,0.0016946894934823438,0.0002050375036080902,resmlp,0.0055967486308107816,0.007482279484506955,Q2,0.000322717742981974,47,ieee118,default
205,main,main-ieee118-resmlp-default-s47-51c0d32c60,0.0021175907516254905,0.0021101348565217494,0.00019588386344432293,resmlp,0.0053014785410452755,0.007166657379785803,Q3,0.00032802654549177104,47,ieee118,default
205,main,main-ieee118-resmlp-default-s47-51c0d32c60,0.0026864059221111576,0.0026763420563608916,0.00021186735425822372,resmlp,0.005706444841816523,0.008082478729045118,Q4,0.0003765515385727509,47,ieee118,default
204,main,main-ieee118-resmlp-default-s47-51c0d32c60,0.004140207552341843,0.003753599137773711,0.0001911171242677953,resmlp,0.005095610517495485,0.006849647780493848,Q5,0.0003494362290027085,47,ieee118,default
205,main,main-ieee118-silu-default-s11-0d089e088d,0.0012815212877709968,0.0013085881754753416,0.00029491773886964245,silu,0.008094270323243702,0.010355139752076773,Q1,0.00040980462611230105,11,ieee118,default
205,main,main-ieee118-silu-default-s11-0d089e088d,0.0017006979806648034,0.0016946894934823438,0.0002668169184336791,silu,0.007313346691524238,0.009588265586130252,Q2,0.000384987869848448,11,ieee118,default
205,main,main-ieee118-silu-default-s11-0d089e088d,0.0021175907516254905,0.0021101348565217494,0.0002746070881988455,silu,0.007552823676231279,0.0099047450987852,Q3,0.0003932171873857719,11,ieee118,default
205,main,main-ieee118-silu-default-s11-0d089e088d,0.0026864059221111576,0.0026763420563608916,0.00028235311104568464,silu,0.007722101665479242,0.009993521670241748,Q4,0.00040357687659935083,11,ieee118,default
204,main,main-ieee118-silu-default-s11-0d089e088d,0.004140207552341843,0.003753599137773711,0.0002837327608527095,silu,0.0076902319723996145,0.010399112626681636,Q5,0.0004320504464342798,11,ieee118,default
205,main,main-ieee118-silu-default-s29-03ddfee51f,0.0012815212877709968,0.0013085881754753416,0.00029429584736619666,silu,0.008087287648145671,0.01038124101101177,Q1,0.0004097588739976703,29,ieee118,default
205,main,main-ieee118-silu-default-s29-03ddfee51f,0.0017006979806648034,0.0016946894934823438,0.0002704797309756669,silu,0.007415651570488789,0.009721870022629123,Q2,0.00038984244764077183,29,ieee118,default
205,main,main-ieee118-silu-default-s29-03ddfee51f,0.0021175907516254905,0.0021101348565217494,0.00027612597592151553,silu,0.007595561032096945,0.009951379345911445,Q3,0.00039456542422611256,29,ieee118,default
205,main,main-ieee118-silu-default-s29-03ddfee51f,0.0026864059221111576,0.0026763420563608916,0.00028320495289825776,silu,0.007746354802209316,0.010061443183429677,Q4,0.00040595602802070795,29,ieee118,default
204,main,main-ieee118-silu-default-s29-03ddfee51f,0.004140207552341843,0.003753599137773711,0.0002876066968045124,silu,0.007799356644887398,0.01055120320243846,Q5,0.00043799166472869406,29,ieee118,default
205,main,main-ieee118-silu-default-s47-5046d72209,0.0012815212877709968,0.0013085881754753416,0.00029182193901256014,silu,0.007994960571319418,0.010284875751231147,Q1,0.0004086134914423374,47,ieee118,default
205,main,main-ieee118-silu-default-s47-5046d72209,0.0017006979806648034,0.0016946894934823438,0.00026636280446514117,silu,0.0072885896723552035,0.009610834232043017,Q2,0.00038703568079044446,47,ieee118,default
205,main,main-ieee118-silu-default-s47-5046d72209,0.0021175907516254905,0.0021101348565217494,0.0002724921715595813,silu,0.007483090586431504,0.009815523399558617,Q3,0.000391298409900844,47,ieee118,default
205,main,main-ieee118-silu-default-s47-5046d72209,0.0026864059221111576,0.0026763420563608916,0.00028051995706024644,silu,0.007662922602215668,0.009933082656378149,Q4,0.0004022839824322953,47,ieee118,default
204,main,main-ieee118-silu-default-s47-5046d72209,0.004140207552341843,0.003753599137773711,0.0002855187023324443,silu,0.007733071905304048,0.010430555270601433,Q5,0.0004341543441229913,47,ieee118,default
205,main,main-ieee118-swiglu-default-s11-941b8340a3,0.0012815212877709968,0.0013085881754753416,0.00021908270309372113,swiglu,0.006002331201989345,0.00833016957168723,Q1,0.00036120591484578433,11,ieee118,default
205,main,main-ieee118-swiglu-default-s11-941b8340a3,0.0017006979806648034,0.0016946894934823438,0.00021971534800783017,swiglu,0.0060098758582241745,0.008265507046261786,Q2,0.0003680231925428113,11,ieee118,default
205,main,main-ieee118-swiglu-default-s11-941b8340a3,0.0021175907516254905,0.0021101348565217494,0.00020521082579271665,swiglu,0.00557693960966451,0.007628656678203282,Q3,0.0003351174628631701,11,ieee118,default
205,main,main-ieee118-swiglu-default-s11-941b8340a3,0.0026864059221111576,0.0026763420563608916,0.00021306397190249996,swiglu,0.005833606318211466,0.00793946951122207,Q4,0.0003415580236813638,11,ieee118,default
204,main,main-ieee118-swiglu-default-s11-941b8340a3,0.004140207552341843,0.003753599137773711,0.00020409408619999995,swiglu,0.005531146364292215,0.007424445520965647,Q5,0.00033268540971187667,11,ieee118,default
205,main,main-ieee118-swiglu-default-s29-b2ea3416b3,0.0012815212877709968,0.0013085881754753416,0.00022022852668377298,swiglu,0.006046176632121445,0.008363549252043993,Q1,0.00035633809580467386,29,ieee118,default
205,main,main-ieee118-swiglu-default-s29-b2ea3416b3,0.0017006979806648034,0.0016946894934823438,0.00021662887765206952,swiglu,0.005934447620673944,0.008100461381871522,Q2,0.0003527000238395835,29,ieee118,default
205,main,main-ieee118-swiglu-default-s29-b2ea3416b3,0.0021175907516254905,0.0021101348565217494,0.00020474448936919572,swiglu,0.005571398669424184,0.0075789288757771795,Q3,0.0003280615793097239,29,ieee118,default
205,main,main-ieee118-swiglu-default-s29-b2ea3416b3,0.0026864059221111576,0.0026763420563608916,0.00021401175434652075,swiglu,0.005886921343272589,0.008015867827793177,Q4,0.0003339908094866993,29,ieee118,default
204,main,main-ieee118-swiglu-default-s29-b2ea3416b3,0.004140207552341843,0.003753599137773711,0.00020049688556015427,swiglu,0.005469317652200908,0.007335992486535283,Q5,0.00031755862970464315,29,ieee118,default
205,main,main-ieee118-swiglu-default-s47-dd3185c404,0.0012815212877709968,0.0013085881754753416,0.00021721552870167653,swiglu,0.0059749550318545855,0.008239667011859821,Q1,0.00034410931444754634,47,ieee118,default
205,main,main-ieee118-swiglu-default-s47-dd3185c404,0.0017006979806648034,0.0016946894934823438,0.00021682846225304123,swiglu,0.005947437098515158,0.008125875104217271,Q2,0.0003507334640792427,47,ieee118,default
205,main,main-ieee118-swiglu-default-s47-dd3185c404,0.0021175907516254905,0.0021101348565217494,0.00020384923883497418,swiglu,0.005565763281651397,0.007565413885726181,Q3,0.00032359810392605236,47,ieee118,default
205,main,main-ieee118-swiglu-default-s47-dd3185c404,0.0026864059221111576,0.0026763420563608916,0.00021345911770646718,swiglu,0.005849647545802049,0.007946894724604175,Q4,0.0003350347910483167,47,ieee118,default
204,main,main-ieee118-swiglu-default-s47-dd3185c404,0.004140207552341843,0.003753599137773711,0.00020031533543891081,swiglu,0.005443597247788776,0.007281677903083052,Q5,0.0003192702815051987,47,ieee118,default
205,main,main-shallow_water-fourier-default-s11-aa668b3f9b,0.2562744330627637,0.25688720201974835,0.00040772997609280474,fourier,0.013496349923815723,0.017635354869275918,Q1,0.000551164393156321,11,shallow_water,default
205,main,main-shallow_water-fourier-default-s11-aa668b3f9b,0.2614559025628887,0.261565787691725,0.0004118005114647379,fourier,0.013612984248506639,0.017900102949971654,Q2,0.0005609504019555426,11,shallow_water,default
205,main,main-shallow_water-fourier-default-s11-aa668b3f9b,0.26453743697912835,0.2645718363319691,0.00041605781080464,fourier,0.013765533496845993,0.018119668094775946,Q3,0.0005656991061648554,11,shallow_water,default
205,main,main-shallow_water-fourier-default-s11-aa668b3f9b,0.26789858341959866,0.26787509952338057,0.0004272342099733543,fourier,0.014119882340062638,0.018556580461894106,Q4,0.0005823490901385484,11,shallow_water,default
204,main,main-shallow_water-fourier-default-s11-aa668b3f9b,0.2735198895747848,0.2728809760975131,0.0004265643670491674,fourier,0.01407641715872184,0.01855253164853718,Q5,0.0005835268075597313,11,shallow_water,default
205,main,main-shallow_water-fourier-default-s29-6874fe8260,0.2562744330627637,0.25688720201974835,0.0004051564396658834,fourier,0.013391433439674732,0.017597644743525348,Q1,0.0005521713186147516,29,shallow_water,default
205,main,main-shallow_water-fourier-default-s29-6874fe8260,0.2614559025628887,0.261565787691725,0.0004096744391352566,fourier,0.013533044244858215,0.01777378112331866,Q2,0.0005583864302400997,29,shallow_water,default
205,main,main-shallow_water-fourier-default-s29-6874fe8260,0.26453743697912835,0.2645718363319691,0.0004134543246661862,fourier,0.013667931634494536,0.018054795155991725,Q3,0.000566034154362589,29,shallow_water,default
205,main,main-shallow_water-fourier-default-s29-6874fe8260,0.26789858341959866,0.26787509952338057,0.0004182162176909528,fourier,0.013786114895520939,0.01816021063543579,Q4,0.0005720162007404315,29,shallow_water,default
204,main,main-shallow_water-fourier-default-s29-6874fe8260,0.2735198895747848,0.2728809760975131,0.0004233826582698944,fourier,0.013953089873183127,0.018364140148022758,Q5,0.0005786698919180712,29,shallow_water,default
205,main,main-shallow_water-fourier-default-s47-a6693d85ba,0.2562744330627637,0.25688720201974835,0.00040218480131291845,fourier,0.01331255331795108,0.017406434437382552,Q1,0.0005444827796374227,47,shallow_water,default
205,main,main-shallow_water-fourier-default-s47-a6693d85ba,0.2614559025628887,0.261565787691725,0.000417608636300203,fourier,0.013800708684905311,0.018136025701321744,Q2,0.0005685684798312432,47,shallow_water,default
205,main,main-shallow_water-fourier-default-s47-a6693d85ba,0.26453743697912835,0.2645718363319691,0.0004177285492249153,fourier,0.01381953860949,0.018199017271366445,Q3,0.0005692568020679632,47,shallow_water,default
205,main,main-shallow_water-fourier-default-s47-a6693d85ba,0.26789858341959866,0.26787509952338057,0.0004223274065676084,fourier,0.013944783387788304,0.01833491421077481,Q4,0.000576676095998313,47,shallow_water,default
204,main,main-shallow_water-fourier-default-s47-a6693d85ba,0.2735198895747848,0.2728809760975131,0.0004269535189564672,fourier,0.014088723226806456,0.01853536678041943,Q5,0.0005825301890674993,47,shallow_water,default
205,main,main-shallow_water-ganr-default-s11-6b62ed514a,0.2562744330627637,0.25688720201974835,0.00013996860315995267,ganr,0.0046184953327467184,0.005861427416034848,Q1,0.00018388841335383567,11,shallow_water,default
205,main,main-shallow_water-ganr-default-s11-6b62ed514a,0.2614559025628887,0.261565787691725,0.00014050938641620232,ganr,0.004641349880506041,0.005902445354722224,Q2,0.0001847755674954635,11,shallow_water,default
205,main,main-shallow_water-ganr-default-s11-6b62ed514a,0.26453743697912835,0.2645718363319691,0.00014203749308451657,ganr,0.004684539721821583,0.005959471469303894,Q3,0.00018713550571840991,11,shallow_water,default
205,main,main-shallow_water-ganr-default-s11-6b62ed514a,0.26789858341959866,0.26787509952338057,0.00013991690941435745,ganr,0.004616618032810214,0.0058508276392826375,Q4,0.00018340894322241147,11,shallow_water,default
204,main,main-shallow_water-ganr-default-s11-6b62ed514a,0.2735198895747848,0.2728809760975131,0.00013735566912639722,ganr,0.0045332788916742995,0.005746077270973821,Q5,0.00018023961964451043,11,shallow_water,default
205,main,main-shallow_water-ganr-default-s29-0422016058,0.2562744330627637,0.25688720201974835,0.00013968962260502854,ganr,0.004611444465533252,0.005849881227526982,Q1,0.00018336072757423356,29,shallow_water,default
205,main,main-shallow_water-ganr-default-s29-0422016058,0.2614559025628887,0.261565787691725,0.00014031457864834053,ganr,0.004635980617135825,0.005893712603808255,Q2,0.00018440340360867396,29,shallow_water,default
205,main,main-shallow_water-ganr-default-s29-0422016058,0.26453743697912835,0.2645718363319691,0.0001416752763596619,ganr,0.004674195078357087,0.0059485147368451945,Q3,0.00018663743783643057,29,shallow_water,default
205,main,main-shallow_water-ganr-default-s29-0422016058,0.26789858341959866,0.26787509952338057,0.00013969028714537864,ganr,0.004609994728104972,0.00584010767143286,Q4,0.00018297224873741296,29,shallow_water,default
204,main,main-shallow_water-ganr-default-s29-0422016058,0.2735198895747848,0.2728809760975131,0.00013700538942356796,ganr,0.004524919750340981,0.005733931367700754,Q5,0.000179669064337143,29,shallow_water,default
205,main,main-shallow_water-ganr-default-s47-6af56ed1d4,0.2562744330627637,0.25688720201974835,0.00013891917370273697,ganr,0.0045855176183847894,0.005817603852932171,Q1,0.0001824266742991922,47,shallow_water,default
205,main,main-shallow_water-ganr-default-s47-6af56ed1d4,0.2614559025628887,0.261565787691725,0.00013968808703965774,ganr,0.004614458758685905,0.005865223575243428,Q2,0.00018360053679656774,47,shallow_water,default
205,main,main-shallow_water-ganr-default-s47-6af56ed1d4,0.26453743697912835,0.2645718363319691,0.00014092628355180211,ganr,0.004649612762194171,0.005912881757049736,Q3,0.00018555222741609162,47,shallow_water,default
205,main,main-shallow_water-ganr-default-s47-6af56ed1d4,0.26789858341959866,0.26787509952338057,0.00013898832929166175,ganr,0.0045866394587698615,0.005815531015205799,Q4,0.0001822623535736779,47,shallow_water,default
204,main,main-shallow_water-ganr-default-s47-6af56ed1d4,0.2735198895747848,0.2728809760975131,0.000136740251103589,ganr,0.00451495967876957,0.005717451870563577,Q5,0.0001792013576593057,47,shallow_water,default
205,main,main-shallow_water-gelu-default-s11-22d6b408e0,0.2562744330627637,0.25688720201974835,0.00026622632463741265,gelu,0.008887836357609603,0.011765284575457344,Q1,0.00036105680804271424,11,shallow_water,default
205,main,main-shallow_water-gelu-default-s11-22d6b408e0,0.2614559025628887,0.261565787691725,0.0002556629894131784,gelu,0.008534642002354187,0.011182088383226579,Q2,0.000343135808872062,11,shallow_water,default
205,main,main-shallow_water-gelu-default-s11-22d6b408e0,0.26453743697912835,0.2645718363319691,0.00026404786905376884,gelu,0.008809807737494927,0.011574955248198085,Q3,0.00035533399281804847,11,shallow_water,default
205,main,main-shallow_water-gelu-default-s11-22d6b408e0,0.26789858341959866,0.26787509952338057,0.0002497545735720228,gelu,0.008339203777795401,0.010877085876872077,Q4,0.00033358241515036354,11,shallow_water,default
204,main,main-shallow_water-gelu-default-s11-22d6b408e0,0.2735198895747848,0.2728809760975131,0.00023732100360459977,gelu,0.007921160438692293,0.010251834823857655,Q5,0.0003144775100730034,11,shallow_water,default
205,main,main-shallow_water-gelu-default-s29-b1bd845415,0.2562744330627637,0.25688720201974835,0.0002661604420332643,gelu,0.008880991763688654,0.011749638957296549,Q1,0.00036081754916253954,29,shallow_water,default
205,main,main-shallow_water-gelu-default-s29-b1bd845415,0.2614559025628887,0.261565787691725,0.00025580691862042785,gelu,0.008539290673618314,0.011188569912758151,Q2,0.00034339252369135735,29,shallow_water,default
205,main,main-shallow_water-gelu-default-s29-b1bd845415,0.26453743697912835,0.2645718363319691,0.00026398137241210587,gelu,0.008806379011149447,0.011562264068324276,Q3,0.0003549839738009944,29,shallow_water,default
205,main,main-shallow_water-gelu-default-s29-b1bd845415,0.26789858341959866,0.26787509952338057,0.0002502618564302055,gelu,0.00835283222967552,0.010894197993441646,Q4,0.00033428474137930285,29,shallow_water,default
204,main,main-shallow_water-gelu-default-s29-b1bd845415,0.2735198895747848,0.2728809760975131,0.0002370571785304205,gelu,0.007913759515539224,0.010244983929286106,Q5,0.00031420788032938626,29,shallow_water,default
205,main,main-shallow_water-gelu-default-s47-384ec228c7,0.2562744330627637,0.25688720201974835,0.0002619201387078891,gelu,0.008740251853149214,0.011532490691732202,Q1,0.0003541869810951825,47,shallow_water,default
205,main,main-shallow_water-gelu-default-s47-384ec228c7,0.2614559025628887,0.261565787691725,0.0002521660522317628,gelu,0.008414589737268396,0.01099957726642974,Q2,0.00033782352528501124,47,shallow_water,default
205,main,main-shallow_water-gelu-default-s47-384ec228c7,0.26453743697912835,0.2645718363319691,0.00026030286352538565,gelu,0.008679340633475217,0.011374015025220823,Q3,0.0003495238728486959,47,shallow_water,default
205,main,main-shallow_water-gelu-default-s47-384ec228c7,0.26789858341959866,0.26787509952338057,0.0002476027199392108,gelu,0.008262720562968838,0.010753273703099362,Q4,0.00033019362069421846,47,shallow_water,default
204,main,main-shallow_water-gelu-default-s47-384ec228c7,0.2735198895747848,0.2728809760975131,0.00023553583381566597,gelu,0.007856430957852864,0.010140409715508225,Q5,0.0003114573851388655,47,shallow_water,default
205,main,main-shallow_water-relu-default-s11-3c11fbfbff,0.2562744330627637,0.25688720201974835,0.000321837097610698,relu,0.010731989669739962,0.013987680245523364,Q1,0.0004296239873996354,11,shallow_water,default
205,main,main-shallow_water-relu-default-s11-3c11fbfbff,0.2614559025628887,0.261565787691725,0.0003131211855138728,relu,0.010434320889016357,0.013491161850236764,Q2,0.00041488951732754435,11,shallow_water,default
205,main,main-shallow_water-relu-default-s11-3c11fbfbff,0.26453743697912835,0.2645718363319691,0.0003191721413648811,relu,0.010636521543835004,0.013756699919465874,Q3,0.00042280438113539835,11,shallow_water,default
205,main,main-shallow_water-relu-default-s11-3c11fbfbff,0.26789858341959866,0.26787509952338057,0.0003058217728946937,relu,0.010208019684964096,0.013135807658269626,Q4,0.0004031176342242365,11,shallow_water,default
204,main,main-shallow_water-relu-default-s11-3c11fbfbff,0.2735198895747848,0.2728809760975131,0.00029470274355564586,relu,0.009814166300580327,0.012492258538694685,Q5,0.00038485428481150984,11,shallow_water,default
205,main,main-shallow_water-relu-default-s29-86ff550ca8,0.2562744330627637,0.25688720201974835,0.00032139759951707873,relu,0.010709351584584196,0.01394749931552232,Q1,0.0004290126658788297,29,shallow_water,default
205,main,main-shallow_water-relu-default-s29-86ff550ca8,0.2614559025628887,0.261565787691725,0.0003125351086494696,relu,0.010415320466668558,0.013452659236513563,Q2,0.0004138095652370361,29,shallow_water,default
205,main,main-shallow_water-relu-default-s29-86ff550ca8,0.26453743697912835,0.2645718363319691,0.00031885594603208735,relu,0.010626136816044364,0.013771138194805951,Q3,0.00042320731855476914,29,shallow_water,default
205,main,main-shallow_water-relu-default-s29-86ff550ca8,0.26789858341959866,0.26787509952338057,0.0003044510928767471,relu,0.010159820826145066,0.013086847580332872,Q4,0.00040171755202617515,29,shallow_water,default
204,main,main-shallow_water-relu-default-s29-86ff550ca8,0.2735198895747848,0.2728809760975131,0.00029303590139417315,relu,0.009760781644186981,0.012442350571527112,Q5,0.00038321609525367254,29,shallow_water,default
205,main,main-shallow_water-relu-default-s47-9d4e297ce2,0.2562744330627637,0.25688720201974835,0.00031590701886122593,relu,0.010530282273840815,0.013675067257792179,Q1,0.0004204919967576555,47,shallow_water,default
205,main,main-shallow_water-relu-default-s47-9d4e297ce2,0.2614559025628887,0.261565787691725,0.0003080700790777282,relu,0.010262315641266059,0.013253440277994093,Q2,0.00040790668900867486,47,shallow_water,default
205,main,main-shallow_water-relu-default-s47-9d4e297ce2,0.26453743697912835,0.2645718363319691,0.0003165109456539136,relu,0.010545100137121191,0.013628878695162825,Q3,0.0004189744479758065,47,shallow_water,default
205,main,main-shallow_water-relu-default-s47-9d4e297ce2,0.26789858341959866,0.26787509952338057,0.0003044929117096748,relu,0.01015690201607106,0.013050370657612378,Q4,0.00040087276023796707,47,shallow_water,default
204,main,main-shallow_water-relu-default-s47-9d4e297ce2,0.2735198895747848,0.2728809760975131,0.0002918987587918438,relu,0.009719576359402616,0.012371326634887114,Q5,0.0003812927203342596,47,shallow_water,default
205,main,main-shallow_water-resmlp-default-s11-73f76cef60,0.2562744330627637,0.25688720201974835,0.0002524165304433056,resmlp,0.008384273647417447,0.010821983359673895,Q1,0.0003364985869204431,11,shallow_water,default
205,main,main-shallow_water-resmlp-default-s11-73f76cef60,0.2614559025628887,0.261565787691725,0.00025951258056201604,resmlp,0.008615713334748424,0.01115952889524986,Q2,0.0003469439244925297,11,shallow_water,default
205,main,main-shallow_water-resmlp-default-s11-73f76cef60,0.26453743697912835,0.2645718363319691,0.0002603734581674917,resmlp,0.00865515314625967,0.011231513534441573,Q3,0.0003479838678838895,11,shallow_water,default
205,main,main-shallow_water-resmlp-default-s11-73f76cef60,0.26789858341959866,0.26787509952338057,0.0002662348845617473,resmlp,0.008841573386922055,0.011446425700598879,Q4,0.00035539670516171717,11,shallow_water,default
204,main,main-shallow_water-resmlp-default-s11-73f76cef60,0.2735198895747848,0.2728809760975131,0.000268821320995967,resmlp,0.008921878570709023,0.011590927423858864,Q5,0.00036091176224701746,11,shallow_water,default
205,main,main-shallow_water-resmlp-default-s29-5513248b2c,0.2562744330627637,0.25688720201974835,0.0002569555220127354,resmlp,0.00852465772545366,0.010999907851541127,Q1,0.0003423776061864575,29,shallow_water,default
205,main,main-shallow_water-resmlp-default-s29-5513248b2c,0.2614559025628887,0.261565787691725,0.00025908593111211974,resmlp,0.008576941122278258,0.011115144984232312,Q2,0.00034724048594936534,29,shallow_water,default
205,main,main-shallow_water-resmlp-default-s29-5513248b2c,0.26453743697912835,0.2645718363319691,0.000259364155086384,resmlp,0.00858441394648157,0.011151726365914673,Q3,0.0003483006308488875,29,shallow_water,default
205,main,main-shallow_water-resmlp-default-s29-5513248b2c,0.26789858341959866,0.26787509952338057,0.00026556986395857423,resmlp,0.008802548167594881,0.011393538009251407,Q4,0.0003548157485063463,29,shallow_water,default
204,main,main-shallow_water-resmlp-default-s29-5513248b2c,0.2735198895747848,0.2728809760975131,0.0002668286512749294,resmlp,0.008836708848974672,0.011457213470629344,Q5,0.0003577312835332171,29,shallow_water,default
205,main,main-shallow_water-resmlp-default-s47-13023deda1,0.2562744330627637,0.25688720201974835,0.0002549609878285504,resmlp,0.008464756513528678,0.010940967782851467,Q1,0.0003398920955085864,47,shallow_water,default
205,main,main-shallow_water-resmlp-default-s47-13023deda1,0.2614559025628887,0.261565787691725,0.000256174274234875,resmlp,0.008501723451289599,0.011019423617319358,Q2,0.00034233900960713073,47,shallow_water,default
205,main,main-shallow_water-resmlp-default-s47-13023deda1,0.26453743697912835,0.2645718363319691,0.00026038251370134505,resmlp,0.00866436110599539,0.01120573433855206,Q3,0.0003464227591589502,47,shallow_water,default
205,main,main-shallow_water-resmlp-default-s47-13023deda1,0.26789858341959866,0.26787509952338057,0.00026507391918176396,resmlp,0.00881023354446634,0.011386406488420165,Q4,0.0003529334970572379,47,shallow_water,default
204,main,main-shallow_water-resmlp-default-s47-13023deda1,0.2735198895747848,0.2728809760975131,0.0002665972213563082,resmlp,0.008858844969068067,0.011487554528084743,Q5,0.0003564813317164661,47,shallow_water,default
205,main,main-shallow_water-silu-default-s11-e59db978a6,0.2562744330627637,0.25688720201974835,0.00026417823703696786,silu,0.00882062674274107,0.011936869470501859,Q1,0.0003661621505853589,11,shallow_water,default
205,main,main-shallow_water-silu-default-s11-e59db978a6,0.2614559025628887,0.261565787691725,0.00025321681917535386,silu,0.008456995762009872,0.011322868978383109,Q2,0.0003469600604603929,11,shallow_water,default
205,main,main-shallow_water-silu-default-s11-e59db978a6,0.26453743697912835,0.2645718363319691,0.0002606880262416411,silu,0.008705039117619115,0.011682868967689712,Q3,0.0003582205708345115,11,shallow_water,default
205,main,main-shallow_water-silu-default-s11-e59db978a6,0.26789858341959866,0.26787509952338057,0.0002421028013343987,silu,0.008088796377155451,0.010713981461999113,Q4,0.0003280326733669295,11,shallow_water,default
204,main,main-shallow_water-silu-default-s11-e59db978a6,0.2735198895747848,0.2728809760975131,0.00022683344327673703,silu,0.007576734004561884,0.009980992911815454,Q5,0.0003056319508282338,11,shallow_water,default
205,main,main-shallow_water-silu-default-s29-66faf8230e,0.2562744330627637,0.25688720201974835,0.0002628509875224599,silu,0.008773445728348525,0.01185998758205644,Q1,0.00036396850885947105,29,shallow_water,default
205,main,main-shallow_water-silu-default-s29-66faf8230e,0.2614559025628887,0.261565787691725,0.0002527322011434146,silu,0.00844260533213789,0.011299717259926475,Q2,0.00034618193874290127,29,shallow_water,default
205,main,main-shallow_water-silu-default-s29-66faf8230e,0.26453743697912835,0.2645718363319691,0.0002601887724920754,silu,0.008687933976087263,0.011650544708504415,Q3,0.0003572667088578572,29,shallow_water,default
205,main,main-shallow_water-silu-default-s29-66faf8230e,0.26789858341959866,0.26787509952338057,0.00024232061471421903,silu,0.008094847118315983,0.010714460331661332,Q4,0.00032821229706985893,29,shallow_water,default
204,main,main-shallow_water-silu-default-s29-66faf8230e,0.2735198895747848,0.2728809760975131,0.0002263342045312646,silu,0.007562531165608426,0.00996341850088584,Q5,0.00030505879771537995,29,shallow_water,default
205,main,main-shallow_water-silu-default-s47-443b7cac3a,0.2562744330627637,0.25688720201974835,0.00025825692613754285,silu,0.008620606554278452,0.011621450078939024,Q1,0.0003565287150882171,47,shallow_water,default
205,main,main-shallow_water-silu-default-s47-443b7cac3a,0.2614559025628887,0.261565787691725,0.000248181345078994,silu,0.008289156417132106,0.011071634862443705,Q2,0.0003393125000483686,47,shallow_water,default
205,main,main-shallow_water-silu-default-s47-443b7cac3a,0.26453743697912835,0.2645718363319691,0.0002557518189487695,silu,0.008536970167290454,0.011422253526985119,Q3,0.00035043815185317273,47,shallow_water,default
205,main,main-shallow_water-silu-default-s47-443b7cac3a,0.26789858341959866,0.26787509952338057,0.0002394860820175414,silu,0.007999421075766207,0.010543911069546736,Q4,0.00032307153732670095,47,shallow_water,default
204,main,main-shallow_water-silu-default-s47-443b7cac3a,0.2735198895747848,0.2728809760975131,0.000224248981925716,silu,0.007487820258311875,0.009822030819461097,Q5,0.00030104820290447365,47,shallow_water,default
205,main,main-shallow_water-swiglu-default-s11-15a33eba22,0.2562744330627637,0.25688720201974835,0.00027202063321688587,swiglu,0.009021686431260476,0.011764531238733448,Q1,0.000366013956421333,11,shallow_water,default
205,main,main-shallow_water-swiglu-default-s11-15a33eba22,0.2614559025628887,0.261565787691725,0.0002734289297747669,swiglu,0.009064006065420486,0.011957546308090594,Q2,0.00037276692030241177,11,shallow_water,default
205,main,main-shallow_water-swiglu-default-s11-15a33eba22,0.26453743697912835,0.2645718363319691,0.00027538473530722076,swiglu,0.00914222881966652,0.011988829059112102,Q3,0.000372572259023017,11,shallow_water,default
205,main,main-shallow_water-swiglu-default-s11-15a33eba22,0.26789858341959866,0.26787509952338057,0.00028071200144754837,swiglu,0.009296549372247826,0.012147646141447059,Q4,0.0003793004775949468,11,shallow_water,default
204,main,main-shallow_water-swiglu-default-s11-15a33eba22,0.2735198895747848,0.2728809760975131,0.0002842507586003068,swiglu,0.009411328473955665,0.012326003990789616,Q5,0.0003854875307545178,11,shallow_water,default
205,main,main-shallow_water-swiglu-default-s29-c0c6a0400d,0.2562744330627637,0.25688720201974835,0.000272556308668364,swiglu,0.009037777613578194,0.011791042994896776,Q1,0.00036693630499216455,29,shallow_water,default
205,main,main-shallow_water-swiglu-default-s29-c0c6a0400d,0.2614559025628887,0.261565787691725,0.0002730332803923809,swiglu,0.00905089494682615,0.011947252447018929,Q2,0.00037249199422824224,29,shallow_water,default
205,main,main-shallow_water-swiglu-default-s29-c0c6a0400d,0.26453743697912835,0.2645718363319691,0.00027619131214162056,swiglu,0.009164902748516265,0.012016897927264961,Q3,0.00037374310166794945,29,shallow_water,default
205,main,main-shallow_water-swiglu-default-s29-c0c6a0400d,0.26789858341959866,0.26787509952338057,0.00028061334015003605,swiglu,0.009291126732181004,0.012137474710524796,Q4,0.00037910259173270003,29,shallow_water,default
204,main,main-shallow_water-swiglu-default-s29-c0c6a0400d,0.2735198895747848,0.2728809760975131,0.0002842528444348707,swiglu,0.009410089186145424,0.012332195481913562,Q5,0.0003857281505185746,29,shallow_water,default
205,main,main-shallow_water-swiglu-default-s47-4d9a3e4e34,0.2562744330627637,0.25688720201974835,0.0002690398181945865,swiglu,0.008920452847735653,0.01161870722468843,Q1,0.0003617711062923698,47,shallow_water,default
205,main,main-shallow_water-swiglu-default-s47-4d9a3e4e34,0.2614559025628887,0.261565787691725,0.00026977769289025116,swiglu,0.008940676269498057,0.011770752708092259,Q2,0.00036723673200074914,47,shallow_water,default
205,main,main-shallow_water-swiglu-default-s47-4d9a3e4e34,0.26453743697912835,0.2645718363319691,0.00027301321663817323,swiglu,0.009056301544525636,0.011848385092954395,Q3,0.00036878965857227544,47,shallow_water,default
205,main,main-shallow_water-swiglu-default-s47-4d9a3e4e34,0.26789858341959866,0.26787509952338057,0.00027895583235640597,swiglu,0.00923030785737621,0.012065079159764989,Q4,0.0003771879140272332,47,shallow_water,default
204,main,main-shallow_water-swiglu-default-s47-4d9a3e4e34,0.2735198895747848,0.2728809760975131,0.00028276101318186475,swiglu,0.009354597212463798,0.01225551049201272,Q5,0.00038362549292875913,47,shallow_water,default
103,mechanism_alpha,mechanism_alpha-controlled-ganr-alpha_0_1-s11-d2e8fb85cd,0.3375876196415247,0.33790730624565035,0.0013878588277258283,ganr,0.006906499481279604,0.008823949388107122,Q1,0.0017850685308423459,11,controlled,alpha_0.1
102,mechanism_alpha,mechanism_alpha-controlled-ganr-alpha_0_1-s11-d2e8fb85cd,0.42410263407268456,0.4276322867299036,0.0014218804543655577,ganr,0.007122667455866035,0.009196770402986271,Q2,0.0018346101396487621,11,controlled,alpha_0.1
103,mechanism_alpha,mechanism_alpha-controlled-ganr-alpha_0_1-s11-d2e8fb85cd,0.493942484809358,0.49239562219362776,0.0013715286507964637,ganr,0.006936213029238453,0.009058440849605855,Q3,0.0017714886632186207,11,controlled,alpha_0.1
102,mechanism_alpha,mechanism_alpha-controlled-ganr-alpha_0_1-s11-d2e8fb85cd,0.5796450255407788,0.5783198620868837,0.0015259492963383202,ganr,0.0076497733419794295,0.009856700060787737,Q4,0.001970741096649906,11,controlled,alpha_0.1
102,mechanism_alpha,mechanism_alpha-controlled-ganr-alpha_0_1-s11-d2e8fb85cd,0.7427224931371535,0.7198708727233735,0.0015002869892923093,ganr,0.0074579033204724325,0.009610409145397148,Q5,0.0019246086459204343,11,controlled,alpha_0.1
103,mechanism_alpha,mechanism_alpha-controlled-ganr-alpha_0_25-s11-3927ee03bd,0.5795310285302813,0.5921760757753731,0.001386727709650939,ganr,0.006284108405607846,0.008279845223157492,Q1,0.0018190013823022304,11,controlled,alpha_0.25
102,mechanism_alpha,mechanism_alpha-controlled-ganr-alpha_0_25-s11-3927ee03bd,0.7913525927662854,0.795759063263009,0.0014117679501770694,ganr,0.006446118741457847,0.008065617188505082,Q2,0.0017643158770327496,11,controlled,alpha_0.25
103,mechanism_alpha,mechanism_alpha-controlled-ganr-alpha_0_25-s11-3927ee03bd,0.9564868450661618,0.9484851163800045,0.0013606792328785568,ganr,0.00619238772808372,0.007832175799745317,Q3,0.0017222301363300136,11,controlled,alpha_0.25
102,mechanism_alpha,mechanism_alpha-controlled-ganr-alpha_0_25-s11-3927ee03bd,1.1874399933117787,1.1859657541662452,0.001393982729139537,ganr,0.0063588669413504805,0.008099678513950524,Q4,0.0017843446088721953,11,controlled,alpha_0.25
102,mechanism_alpha,mechanism_alpha-controlled-ganr-alpha_0_25-s11-3927ee03bd,1.6180968677566254,1.5577474203134483,0.0013622414303516089,ganr,0.006214856042684566,0.007879322716944108,Q5,0.0017177724758151364,11,controlled,alpha_0.25
103,mechanism_alpha,mechanism_alpha-controlled-ganr-alpha_0_4-s11-4f44040862,0.7567104115686409,0.7682280650572647,0.0016071878506991903,ganr,0.00644260585054075,0.008307924828867073,Q1,0.002085448650416486,11,controlled,alpha_0.4
102,mechanism_alpha,mechanism_alpha-controlled-ganr-alpha_0_4-s11-4f44040862,1.0713275204830268,1.07464620763447,0.0016176389732458583,ganr,0.006603911233375805,0.008500356495103336,Q2,0.0020694973179657466,11,controlled,alpha_0.4
103,mechanism_alpha,mechanism_alpha-controlled-ganr-alpha_0_4-s11-4f44040862,1.3334478417671438,1.3268929861309178,0.0016290536901243347,ganr,0.006597593737276094,0.008348256759172034,Q3,0.002050232798126652,11,controlled,alpha_0.4
102,mechanism_alpha,mechanism_alpha-controlled-ganr-alpha_0_4-s11-4f44040862,1.693324807316505,1.681481058923111,0.0016436373477883499,ganr,0.006660651177734582,0.008611760999908003,Q4,0.002143041281155785,11,controlled,alpha_0.4
102,mechanism_alpha,mechanism_alpha-controlled-ganr-alpha_0_4-s11-4f44040862,2.336668215883743,2.285430935687387,0.0015984441723084469,ganr,0.006442149652887398,0.008269716868732855,Q5,0.0020647021854670305,11,controlled,alpha_0.4
103,mechanism_alpha,mechanism_alpha-controlled-ganr-alpha_0_49-s11-9f40d8b519,0.838746611487076,0.8582605593934094,0.0017710569742315412,ganr,0.006682964756251857,0.008507556204550251,Q1,0.0022586313003753384,11,controlled,alpha_0.49
102,mechanism_alpha,mechanism_alpha-controlled-ganr-alpha_0_49-s11-9f40d8b519,1.2148217954864355,1.219932209734576,0.0017331148336084238,ganr,0.006587587112418882,0.008542245366374334,Q2,0.0022428773731137178,11,controlled,alpha_0.49
103,mechanism_alpha,mechanism_alpha-controlled-ganr-alpha_0_49-s11-9f40d8b519,1.5317284763324805,1.5389147838733752,0.0018652359369686732,ganr,0.007078382579480918,0.009054706368215072,Q3,0.0023645362910310517,11,controlled,alpha_0.49
102,mechanism_alpha,mechanism_alpha-controlled-ganr-alpha_0_49-s11-9f40d8b519,1.951781610566896,1.9348859538859275,0.00186522454973159,ganr,0.007057776317131968,0.0091700787708233,Q4,0.0024349518631906907,11,controlled,alpha_0.49
102,mechanism_alpha,mechanism_alpha-controlled-ganr-alpha_0_49-s11-9f40d8b519,2.7086265252386363,2.576339167524977,0.001687180696054009,ganr,0.006312929658026962,0.008074898799387794,Q5,0.0021798434082803413,11,controlled,alpha_0.49
103,mechanism_alpha,mechanism_alpha-controlled-silu-alpha_0_1-s11-0cff098a65,0.3375876196415247,0.33790730624565035,0.003101393575739122,silu,0.01580921799324896,0.020319635874766845,Q1,0.003918558438776723,11,controlled,alpha_0.1
102,mechanism_alpha,mechanism_alpha-controlled-silu-alpha_0_1-s11-0cff098a65,0.42410263407268456,0.4276322867299036,0.0032176611292943206,silu,0.01642525956864276,0.020866629293433876,Q2,0.004045981559385713,11,controlled,alpha_0.1
103,mechanism_alpha,mechanism_alpha-controlled-silu-alpha_0_1-s11-0cff098a65,0.493942484809358,0.49239562219362776,0.003233382600882075,silu,0.016581487607994206,0.021197346136123146,Q3,0.004063590287941242,11,controlled,alpha_0.1
102,mechanism_alpha,mechanism_alpha-controlled-silu-alpha_0_1-s11-0cff098a65,0.5796450255407788,0.5783198620868837,0.003460785918293243,silu,0.017869969051864113,0.022529920618888765,Q4,0.004288981715004438,11,controlled,alpha_0.1
102,mechanism_alpha,mechanism_alpha-controlled-silu-alpha_0_1-s11-0cff098a65,0.7427224931371535,0.7198708727233735,0.0035906414364860087,silu,0.018574354052284938,0.0235547683183844,Q5,0.004458247277831947,11,controlled,alpha_0.1
103,mechanism_alpha,mechanism_alpha-controlled-silu-alpha_0_25-s11-aa421ef263,0.5795310285302813,0.5921760757753731,0.0034803229701158237,silu,0.016038346325935256,0.021463231616062232,Q1,0.004602231166778364,11,controlled,alpha_0.25
102,mechanism_alpha,mechanism_alpha-controlled-silu-alpha_0_25-s11-aa421ef263,0.7913525927662854,0.795759063263009,0.003443446085179412,silu,0.015837275604547344,0.02118518704333591,Q2,0.004615538655870097,11,controlled,alpha_0.25
103,mechanism_alpha,mechanism_alpha-controlled-silu-alpha_0_25-s11-aa421ef263,0.9564868450661618,0.9484851163800045,0.0035613254741972537,silu,0.01637133536936583,0.021483632654703644,Q3,0.0047255860988323324,11,controlled,alpha_0.25
102,mechanism_alpha,mechanism_alpha-controlled-silu-alpha_0_25-s11-aa421ef263,1.1874399933117787,1.1859657541662452,0.003757962564265529,silu,0.0171408290059967,0.022474427456789244,Q4,0.004931057390761059,11,controlled,alpha_0.25
102,mechanism_alpha,mechanism_alpha-controlled-silu-alpha_0_25-s11-aa421ef263,1.6180968677566254,1.5577474203134483,0.003792136640471404,silu,0.017605033364042372,0.022640970867290944,Q5,0.004842392046487612,11,controlled,alpha_0.25
103,mechanism_alpha,mechanism_alpha-controlled-silu-alpha_0_4-s11-7056bf9f7f,0.7567104115686409,0.7682280650572647,0.004052624705154901,silu,0.016493446215058244,0.021594859826827115,Q1,0.0053361134623895615,11,controlled,alpha_0.4
102,mechanism_alpha,mechanism_alpha-controlled-silu-alpha_0_4-s11-7056bf9f7f,1.0713275204830268,1.07464620763447,0.004065222761068178,silu,0.016373748647137327,0.021275744657654395,Q2,0.005394438550487994,11,controlled,alpha_0.4
103,mechanism_alpha,mechanism_alpha-controlled-silu-alpha_0_4-s11-7056bf9f7f,1.3334478417671438,1.3268929861309178,0.004382917476443289,silu,0.017667867079898102,0.023189825389058595,Q3,0.005827185873617461,11,controlled,alpha_0.4
102,mechanism_alpha,mechanism_alpha-controlled-silu-alpha_0_4-s11-7056bf9f7f,1.693324807316505,1.681481058923111,0.004175386870326524,silu,0.01697214445912831,0.02277987411152803,Q4,0.005640808928657904,11,controlled,alpha_0.4
102,mechanism_alpha,mechanism_alpha-controlled-silu-alpha_0_4-s11-7056bf9f7f,2.336668215883743,2.285430935687387,0.00440263116408959,silu,0.01778426389165472,0.02316161067620921,Q5,0.005776786472494706,11,controlled,alpha_0.4
103,mechanism_alpha,mechanism_alpha-controlled-silu-alpha_0_49-s11-d172bbc526,0.838746611487076,0.8582605593934094,0.004431594753944772,silu,0.016612336714039534,0.02191691360515236,Q1,0.005910431833040036,11,controlled,alpha_0.49
102,mechanism_alpha,mechanism_alpha-controlled-silu-alpha_0_49-s11-d172bbc526,1.2148217954864355,1.219932209734576,0.004724327953030583,silu,0.01757429275594501,0.022471234477957635,Q2,0.006159993415114293,11,controlled,alpha_0.49
103,mechanism_alpha,mechanism_alpha-controlled-silu-alpha_0_49-s11-d172bbc526,1.5317284763324805,1.5389147838733752,0.004866537530282038,silu,0.018213886190856073,0.024272002677226696,Q3,0.006559257689198475,11,controlled,alpha_0.49
102,mechanism_alpha,mechanism_alpha-controlled-silu-alpha_0_49-s11-d172bbc526,1.951781610566896,1.9348859538859275,0.004608979949397526,silu,0.017354512881015766,0.023609292492921055,Q4,0.0062458572190107415,11,controlled,alpha_0.49
102,mechanism_alpha,mechanism_alpha-controlled-silu-alpha_0_49-s11-d172bbc526,2.7086265252386363,2.576339167524977,0.004895261748060875,silu,0.018239034287844836,0.02393983502314054,Q5,0.006529647731213543,11,controlled,alpha_0.49
103,mechanism_condition,mechanism_condition-controlled-ganr-condition_15_0-s11-2070f62ebf,0.6759697271373593,0.7176482776907187,0.001986429394076994,ganr,0.00879096663197623,0.011276289337553197,Q1,0.002569596672804084,11,controlled,condition_15.0
102,mechanism_condition,mechanism_condition-controlled-ganr-condition_15_0-s11-2070f62ebf,1.1343000340970546,1.1403235361438244,0.0020633014084488225,ganr,0.009149472741465216,0.011860611497163442,Q2,0.0026743677784299394,11,controlled,condition_15.0
103,mechanism_condition,mechanism_condition-controlled-ganr-condition_15_0-s11-2070f62ebf,1.5663945911080246,1.572300829656904,0.002115265602485115,ganr,0.009584625550741185,0.012389597106988259,Q3,0.0026907365292058944,11,controlled,condition_15.0
102,mechanism_condition,mechanism_condition-controlled-ganr-condition_15_0-s11-2070f62ebf,2.1916570671694515,2.1532507108316112,0.0022172618520890667,ganr,0.010024261086851161,0.013215597745195044,Q4,0.0028802345665371503,11,controlled,condition_15.0
102,mechanism_condition,mechanism_condition-controlled-ganr-condition_15_0-s11-2070f62ebf,4.087888258993003,3.7162270436551488,0.002458362953250032,ganr,0.011445654857960737,0.015941979977875623,Q5,0.0032737080835700694,11,controlled,condition_15.0
103,mechanism_condition,mechanism_condition-controlled-ganr-condition_1_0-s11-5c1936a785,0.4329726851752715,0.4476905826480266,0.0017966316044144106,ganr,0.005892568858481019,0.007752070289373682,Q1,0.0023867053732969947,11,controlled,condition_1.0
102,mechanism_condition,mechanism_condition-controlled-ganr-condition_1_0-s11-5c1936a785,0.5131548367852448,0.5168148107405299,0.0016965739042889788,ganr,0.005518911980910926,0.007049832719334901,Q2,0.002208538270643973,11,controlled,condition_1.0
103,mechanism_condition,mechanism_condition-controlled-ganr-condition_1_0-s11-5c1936a785,0.5618548378335635,0.5617469971946274,0.0017630108342256913,ganr,0.005760573948488851,0.007514425541404597,Q3,0.0023299040292104733,11,controlled,condition_1.0
102,mechanism_condition,mechanism_condition-controlled-ganr-condition_1_0-s11-5c1936a785,0.6214526434016547,0.6196397819620328,0.0017253563781822528,ganr,0.005623448231040799,0.007087797655817115,Q4,0.0022038522750830658,11,controlled,condition_1.0
102,mechanism_condition,mechanism_condition-controlled-ganr-condition_1_0-s11-5c1936a785,0.7183605327744812,0.7041865473173163,0.0017113578612813452,ganr,0.005618558639055249,0.007155820925531905,Q5,0.0021961243503436367,11,controlled,condition_1.0
103,mechanism_condition,mechanism_condition-controlled-ganr-condition_40_0-s11-6764bb32dc,0.5148448184673858,0.5306304949654662,0.0019609808600541583,ganr,0.009257606939742443,0.012039693422570658,Q1,0.0025254357275502947,11,controlled,condition_40.0
102,mechanism_condition,mechanism_condition-controlled-ganr-condition_40_0-s11-6764bb32dc,1.0350175126897836,1.0333122368539867,0.0021181263385669272,ganr,0.010154826499254931,0.013809347958536024,Q2,0.002795581446292611,11,controlled,condition_40.0
103,mechanism_condition,mechanism_condition-controlled-ganr-condition_40_0-s11-6764bb32dc,1.6141038131200875,1.5907588159282802,0.0024830124173536674,ganr,0.01188997915190871,0.015978334745027804,Q3,0.0032517718256798913,11,controlled,condition_40.0
102,mechanism_condition,mechanism_condition-controlled-ganr-condition_40_0-s11-6764bb32dc,2.45684728523022,2.4499265623049054,0.002610578501897929,ganr,0.01277679302245743,0.017482222860288988,Q4,0.003451705144296541,11,controlled,condition_40.0
102,mechanism_condition,mechanism_condition-controlled-ganr-condition_40_0-s11-6764bb32dc,5.074753421536022,4.515557585200195,0.002956685955944201,ganr,0.014506701782451888,0.02066015868363527,Q5,0.004051655500596527,11,controlled,condition_40.0
103,mechanism_condition,mechanism_condition-controlled-ganr-condition_5_0-s11-d4fc653982,0.7567104115686409,0.7682280650572647,0.0016071878506991903,ganr,0.00644260585054075,0.008307924828867073,Q1,0.002085448650416486,11,controlled,condition_5.0
102,mechanism_condition,mechanism_condition-controlled-ganr-condition_5_0-s11-d4fc653982,1.0713275204830268,1.07464620763447,0.0016176389732458583,ganr,0.006603911233375805,0.008500356495103336,Q2,0.0020694973179657466,11,controlled,condition_5.0
103,mechanism_condition,mechanism_condition-controlled-ganr-condition_5_0-s11-d4fc653982,1.3334478417671438,1.3268929861309178,0.0016290536901243347,ganr,0.006597593737276094,0.008348256759172034,Q3,0.002050232798126652,11,controlled,condition_5.0
102,mechanism_condition,mechanism_condition-controlled-ganr-condition_5_0-s11-d4fc653982,1.693324807316505,1.681481058923111,0.0016436373477883499,ganr,0.006660651177734582,0.008611760999908003,Q4,0.002143041281155785,11,controlled,condition_5.0
102,mechanism_condition,mechanism_condition-controlled-ganr-condition_5_0-s11-d4fc653982,2.336668215883743,2.285430935687387,0.0015984441723084469,ganr,0.006442149652887398,0.008269716868732855,Q5,0.0020647021854670305,11,controlled,condition_5.0
103,mechanism_condition,mechanism_condition-controlled-silu-condition_15_0-s11-397c455b63,0.6759697271373593,0.7176482776907187,0.004681489872294072,silu,0.021751436439592202,0.029370594020617483,Q1,0.006125824202935592,11,controlled,condition_15.0
102,mechanism_condition,mechanism_condition-controlled-silu-condition_15_0-s11-397c455b63,1.1343000340970546,1.1403235361438244,0.004705284614721998,silu,0.02167094857002872,0.02910314877331772,Q2,0.006130391009268222,11,controlled,condition_15.0
103,mechanism_condition,mechanism_condition-controlled-silu-condition_15_0-s11-397c455b63,1.5663945911080246,1.572300829656904,0.00528506408345581,silu,0.024920258889892754,0.03366535425351737,Q3,0.006795956295680687,11,controlled,condition_15.0
102,mechanism_condition,mechanism_condition-controlled-silu-condition_15_0-s11-397c455b63,2.1916570671694515,2.1532507108316112,0.0057568628383473965,silu,0.027424996717095917,0.037897353516743414,Q4,0.007570690947906547,11,controlled,condition_15.0
102,mechanism_condition,mechanism_condition-controlled-silu-condition_15_0-s11-397c455b63,4.087888258993003,3.7162270436551488,0.006261149354138658,silu,0.030112150715966134,0.04127050868812745,Q5,0.008137383264835629,11,controlled,condition_15.0
103,mechanism_condition,mechanism_condition-controlled-silu-condition_1_0-s11-95ebad641c,0.4329726851752715,0.4476905826480266,0.004014114088402017,silu,0.013076451287839153,0.0170856917271724,Q1,0.005327619744973188,11,controlled,condition_1.0
102,mechanism_condition,mechanism_condition-controlled-silu-condition_1_0-s11-95ebad641c,0.5131548367852448,0.5168148107405299,0.0040553893965236554,silu,0.013283405476609339,0.018281403832924013,Q2,0.0056049995668607105,11,controlled,condition_1.0
103,mechanism_condition,mechanism_condition-controlled-silu-condition_1_0-s11-95ebad641c,0.5618548378335635,0.5617469971946274,0.0038616145514521845,silu,0.012606130333290366,0.017068251852390085,Q3,0.005321146011325265,11,controlled,condition_1.0
102,mechanism_condition,mechanism_condition-controlled-silu-condition_1_0-s11-95ebad641c,0.6214526434016547,0.6196397819620328,0.0036339180951706434,silu,0.011843970517316211,0.015768516196150214,Q4,0.004922901852970963,11,controlled,condition_1.0
102,mechanism_condition,mechanism_condition-controlled-silu-condition_1_0-s11-95ebad641c,0.7183605327744812,0.7041865473173163,0.003613232649085523,silu,0.011826338119549034,0.015690374720982322,Q5,0.004842799802282066,11,controlled,condition_1.0
103,mechanism_condition,mechanism_condition-controlled-silu-condition_40_0-s11-fd5aa40700,0.5148448184673858,0.5306304949654662,0.004455904826862077,silu,0.02166636663717688,0.028279164020063287,Q1,0.005680582054801822,11,controlled,condition_40.0
102,mechanism_condition,mechanism_condition-controlled-silu-condition_40_0-s11-fd5aa40700,1.0350175126897836,1.0333122368539867,0.005023330219652659,silu,0.02464485699475227,0.03303306635098204,Q2,0.006524684166999763,11,controlled,condition_40.0
103,mechanism_condition,mechanism_condition-controlled-silu-condition_40_0-s11-fd5aa40700,1.6141038131200875,1.5907588159282802,0.005436567857240738,silu,0.026769887359989458,0.03622094844485406,Q3,0.007061539556689619,11,controlled,condition_40.0
102,mechanism_condition,mechanism_condition-controlled-silu-condition_40_0-s11-fd5aa40700,2.45684728523022,2.4499265623049054,0.005701838995870882,silu,0.02832203434777346,0.038524510691654995,Q4,0.007455067464679474,11,controlled,condition_40.0
102,mechanism_condition,mechanism_condition-controlled-silu-condition_40_0-s11-fd5aa40700,5.074753421536022,4.515557585200195,0.006189993608481749,silu,0.030459861589994155,0.04053726993893426,Q5,0.007973946330088112,11,controlled,condition_40.0
103,mechanism_condition,mechanism_condition-controlled-silu-condition_5_0-s11-278c7abb87,0.7567104115686409,0.7682280650572647,0.004052624705154901,silu,0.016493446215058244,0.021594859826827115,Q1,0.0053361134623895615,11,controlled,condition_5.0
102,mechanism_condition,mechanism_condition-controlled-silu-condition_5_0-s11-278c7abb87,1.0713275204830268,1.07464620763447,0.004065222761068178,silu,0.016373748647137327,0.021275744657654395,Q2,0.005394438550487994,11,controlled,condition_5.0
103,mechanism_condition,mechanism_condition-controlled-silu-condition_5_0-s11-278c7abb87,1.3334478417671438,1.3268929861309178,0.004382917476443289,silu,0.017667867079898102,0.023189825389058595,Q3,0.005827185873617461,11,controlled,condition_5.0
102,mechanism_condition,mechanism_condition-controlled-silu-condition_5_0-s11-278c7abb87,1.693324807316505,1.681481058923111,0.004175386870326524,silu,0.01697214445912831,0.02277987411152803,Q4,0.005640808928657904,11,controlled,condition_5.0
102,mechanism_condition,mechanism_condition-controlled-silu-condition_5_0-s11-278c7abb87,2.336668215883743,2.285430935687387,0.00440263116408959,silu,0.01778426389165472,0.02316161067620921,Q5,0.005776786472494706,11,controlled,condition_5.0
103,mechanism_coupling,mechanism_coupling-controlled-ganr-coupling_0_0-s11-249beca730,0.6066215888268689,0.6246436654299521,0.0014134562518591744,ganr,0.006337032510398471,0.0082994872816855,Q1,0.0018646159748013493,11,controlled,coupling_0.0
102,mechanism_coupling,mechanism_coupling-controlled-ganr-coupling_0_0-s11-249beca730,0.9406975332755197,0.9370792859923198,0.0014473969485170172,ganr,0.006512089861959089,0.00855982202718293,Q2,0.0018918504385078113,11,controlled,coupling_0.0
103,mechanism_coupling,mechanism_coupling-controlled-ganr-coupling_0_0-s11-249beca730,1.2646616348751236,1.2583186395496788,0.0013455373743798773,ganr,0.006085646797413569,0.007966711754141478,Q3,0.0017638916296831176,11,controlled,coupling_0.0
102,mechanism_coupling,mechanism_coupling-controlled-ganr-coupling_0_0-s11-249beca730,1.669481221083525,1.6709160809941142,0.0013913273037449508,ganr,0.006270507296171546,0.008248530522796532,Q4,0.0018246879422953379,11,controlled,coupling_0.0
102,mechanism_coupling,mechanism_coupling-controlled-ganr-coupling_0_0-s11-249beca730,2.290461927048487,2.193217024440109,0.0013257552412801934,ganr,0.006021204049724529,0.00782823390040958,Q5,0.0017100598961763544,11,controlled,coupling_0.0
103,mechanism_coupling,mechanism_coupling-controlled-ganr-coupling_0_33-s11-b8dbccebae,0.6421883224003435,0.6661981361972644,0.0015320973242638695,ganr,0.006645203164525496,0.008741049926672042,Q1,0.0020094718700011133,11,controlled,coupling_0.33
102,mechanism_coupling,mechanism_coupling-controlled-ganr-coupling_0_33-s11-b8dbccebae,0.9321013301185235,0.9324232979630223,0.0015295817228273816,ganr,0.006618033014531684,0.008451156260610066,Q2,0.0019460712908212826,11,controlled,coupling_0.33
103,mechanism_coupling,mechanism_coupling-controlled-ganr-coupling_0_33-s11-b8dbccebae,1.196593696835311,1.1952178435339738,0.001487172305536819,ganr,0.006354034152623233,0.008225856452242148,Q3,0.0019487365727290948,11,controlled,coupling_0.33
102,mechanism_coupling,mechanism_coupling-controlled-ganr-coupling_0_33-s11-b8dbccebae,1.5627407356925826,1.552481201902523,0.0015051368354404842,ganr,0.006512096444998494,0.008091372938298615,Q4,0.0018681523882680745,11,controlled,coupling_0.33
102,mechanism_coupling,mechanism_coupling-controlled-ganr-coupling_0_33-s11-b8dbccebae,2.2378913856562113,2.152182233222695,0.0014873162768757468,ganr,0.006450603302309852,0.008410733878066057,Q5,0.0019406261750141215,11,controlled,coupling_0.33
103,mechanism_coupling,mechanism_coupling-controlled-ganr-coupling_0_66-s11-7fc4259746,0.9847686746899745,1.021451361406601,0.00198240364609341,ganr,0.007881870812863508,0.010306232929188423,Q1,0.0025454553392392507,11,controlled,coupling_0.66
102,mechanism_coupling,mechanism_coupling-controlled-ganr-coupling_0_66-s11-7fc4259746,1.423996183431139,1.4217150772439244,0.002006904402793118,ganr,0.008029771793400581,0.010508973090522674,Q2,0.002569106875600347,11,controlled,coupling_0.66
103,mechanism_coupling,mechanism_coupling-controlled-ganr-coupling_0_66-s11-7fc4259746,1.7711489467537127,1.7577097035853524,0.0020359794481424895,ganr,0.008098681585584827,0.010697490813347843,Q3,0.002653953882036791,11,controlled,coupling_0.66
102,mechanism_coupling,mechanism_coupling-controlled-ganr-coupling_0_66-s11-7fc4259746,2.2538004369169435,2.2305827112383545,0.0020169611893566873,ganr,0.008127273835070229,0.01048874046356377,Q4,0.002574746201377868,11,controlled,coupling_0.66
102,mechanism_coupling,mechanism_coupling-controlled-ganr-coupling_0_66-s11-7fc4259746,3.155203618707086,3.0581428424788224,0.0022340722461925834,ganr,0.008895791130137198,0.011684130854499862,Q5,0.0029032683715794383,11,controlled,coupling_0.66
103,mechanism_coupling,mechanism_coupling-controlled-ganr-coupling_1_0-s11-c2be5efda2,0.7400474517303801,0.7533443208251833,0.0016873227504644109,ganr,0.006849603028943122,0.008979879595164116,Q1,0.0022079731857682556,11,controlled,coupling_1.0
102,mechanism_coupling,mechanism_coupling-controlled-ganr-coupling_1_0-s11-c2be5efda2,1.1077144971983348,1.1118061682233926,0.0016846235811873852,ganr,0.006860242182717784,0.008934733173274706,Q2,0.002168335125270353,11,controlled,coupling_1.0
103,mechanism_coupling,mechanism_coupling-controlled-ganr-coupling_1_0-s11-c2be5efda2,1.461965426526668,1.4450701358820734,0.0017894540400342062,ganr,0.007227934617727821,0.009295079726838379,Q3,0.002308756596969047,11,controlled,coupling_1.0
102,mechanism_coupling,mechanism_coupling-controlled-ganr-coupling_1_0-s11-c2be5efda2,1.9593115603224085,1.9663065129706405,0.0017519412471051956,ganr,0.007128615402943798,0.009208740673849445,Q4,0.0022585145026635593,11,controlled,coupling_1.0
102,mechanism_coupling,mechanism_coupling-controlled-ganr-coupling_1_0-s11-c2be5efda2,2.7670970236303862,2.6958113370079317,0.001884688092564945,ganr,0.007631570494606923,0.00992929349350748,Q5,0.0024468406607602196,11,controlled,coupling_1.0
103,mechanism_coupling,mechanism_coupling-controlled-silu-coupling_0_0-s11-e918272468,0.6066215888268689,0.6246436654299521,0.0032691775901467443,silu,0.01459275184722148,0.020079662773863437,Q1,0.0045512977769881354,11,controlled,coupling_0.0
102,mechanism_coupling,mechanism_coupling-controlled-silu-coupling_0_0-s11-e918272468,0.9406975332755197,0.9370792859923198,0.0033477464970144187,silu,0.014883466544122663,0.019662753345702156,Q2,0.004445418277530008,11,controlled,coupling_0.0
103,mechanism_coupling,mechanism_coupling-controlled-silu-coupling_0_0-s11-e918272468,1.2646616348751236,1.2583186395496788,0.0034583793382710797,silu,0.015291814438734182,0.020201182458380068,Q3,0.004676842161134342,11,controlled,coupling_0.0
102,mechanism_coupling,mechanism_coupling-controlled-silu-coupling_0_0-s11-e918272468,1.669481221083525,1.6709160809941142,0.003388955723957955,silu,0.015189574697481388,0.02004954607226108,Q4,0.004509159967593857,11,controlled,coupling_0.0
102,mechanism_coupling,mechanism_coupling-controlled-silu-coupling_0_0-s11-e918272468,2.290461927048487,2.193217024440109,0.0036333152598030318,silu,0.016105353404614487,0.020787866479642286,Q5,0.004813242690252942,11,controlled,coupling_0.0
103,mechanism_coupling,mechanism_coupling-controlled-silu-coupling_0_33-s11-2850027835,0.6421883224003435,0.6661981361972644,0.003503993915004579,silu,0.015212265474431427,0.020408233729525844,Q1,0.004732062208462377,11,controlled,coupling_0.33
102,mechanism_coupling,mechanism_coupling-controlled-silu-coupling_0_33-s11-2850027835,0.9321013301185235,0.9324232979630223,0.0036163748989244647,silu,0.01570173030751728,0.020248900406205243,Q2,0.004673890504781265,11,controlled,coupling_0.33
103,mechanism_coupling,mechanism_coupling-controlled-silu-coupling_0_33-s11-2850027835,1.196593696835311,1.1952178435339738,0.003730654182112789,silu,0.016154064906405804,0.02128396319981149,Q3,0.004968405185814204,11,controlled,coupling_0.33
102,mechanism_coupling,mechanism_coupling-controlled-silu-coupling_0_33-s11-2850027835,1.5627407356925826,1.552481201902523,0.003601371748599751,silu,0.015616888591451219,0.020658011140840878,Q4,0.00476385976045378,11,controlled,coupling_0.33
102,mechanism_coupling,mechanism_coupling-controlled-silu-coupling_0_33-s11-2850027835,2.2378913856562113,2.152182233222695,0.0038738595662545206,silu,0.016584824690699322,0.02235045167025302,Q5,0.005360717116734215,11,controlled,coupling_0.33
103,mechanism_coupling,mechanism_coupling-controlled-silu-coupling_0_66-s11-28cddde0db,0.9847686746899745,1.021451361406601,0.004940460854184105,silu,0.02000031367406141,0.0261675249900621,Q1,0.006393079726020275,11,controlled,coupling_0.66
102,mechanism_coupling,mechanism_coupling-controlled-silu-coupling_0_66-s11-28cddde0db,1.423996183431139,1.4217150772439244,0.005346547196584688,silu,0.021572059385514025,0.028000201903003483,Q2,0.006872158831606434,11,controlled,coupling_0.66
103,mechanism_coupling,mechanism_coupling-controlled-silu-coupling_0_66-s11-28cddde0db,1.7711489467537127,1.7577097035853524,0.0051949870206230014,silu,0.021141379744309775,0.02816812495603414,Q3,0.006705009856496861,11,controlled,coupling_0.66
102,mechanism_coupling,mechanism_coupling-controlled-silu-coupling_0_66-s11-28cddde0db,2.2538004369169435,2.2305827112383545,0.005458638320395075,silu,0.022342555857652966,0.02984728536949559,Q4,0.007034758813231524,11,controlled,coupling_0.66
102,mechanism_coupling,mechanism_coupling-controlled-silu-coupling_0_66-s11-28cddde0db,3.155203618707086,3.0581428424788224,0.005676373452129779,silu,0.023470741801117696,0.03199696346136555,Q5,0.007442035820146764,11,controlled,coupling_0.66
103,mechanism_coupling,mechanism_coupling-controlled-silu-coupling_1_0-s11-91bae4c8f0,0.7400474517303801,0.7533443208251833,0.004021625142330362,silu,0.016563165485080193,0.021530433907479045,Q1,0.005155484084887012,11,controlled,coupling_1.0
102,mechanism_coupling,mechanism_coupling-controlled-silu-coupling_1_0-s11-91bae4c8f0,1.1077144971983348,1.1118061682233926,0.0039668737690590206,silu,0.01625360981951257,0.021387786339900457,Q2,0.005147105174797971,11,controlled,coupling_1.0
103,mechanism_coupling,mechanism_coupling-controlled-silu-coupling_1_0-s11-91bae4c8f0,1.461965426526668,1.4450701358820734,0.004453008388401093,silu,0.01825644000877313,0.023865548286592944,Q3,0.00576928021751152,11,controlled,coupling_1.0
102,mechanism_coupling,mechanism_coupling-controlled-silu-coupling_1_0-s11-91bae4c8f0,1.9593115603224085,1.9663065129706405,0.00493637516255523,silu,0.02032467220382538,0.026768380894306557,Q4,0.00641874709885505,11,controlled,coupling_1.0
102,mechanism_coupling,mechanism_coupling-controlled-silu-coupling_1_0-s11-91bae4c8f0,2.7670970236303862,2.6958113370079317,0.004856698973708039,silu,0.020072277983339396,0.026212918804219106,Q5,0.006233641466891067,11,controlled,coupling_1.0
103,mechanism_interaction,mechanism_interaction-controlled-ganr-interaction_0_0-s11-8b78c90c63,0.7289584530791923,0.7380011253853953,0.0015074209695386935,ganr,0.006115162313751257,0.007920087684006682,Q1,0.0019452321857086965,11,controlled,interaction_0.0
102,mechanism_interaction,mechanism_interaction-controlled-ganr-interaction_0_0-s11-8b78c90c63,1.0582372114501024,1.057370769967171,0.0015955163271428319,ganr,0.006484213893970785,0.008268160329412074,Q2,0.002052339805795148,11,controlled,interaction_0.0
103,mechanism_interaction,mechanism_interaction-controlled-ganr-interaction_0_0-s11-8b78c90c63,1.3252384801900927,1.3184895998022177,0.001528784849848943,ganr,0.006225139624751265,0.007800879240784133,Q3,0.00190296845080261,11,controlled,interaction_0.0
102,mechanism_interaction,mechanism_interaction-controlled-ganr-interaction_0_0-s11-8b78c90c63,1.684313476697617,1.6752104010335138,0.0015768495876834683,ganr,0.0064319343610512525,0.008221007324691321,Q4,0.0020224670746833424,11,controlled,interaction_0.0
102,mechanism_interaction,mechanism_interaction-controlled-ganr-interaction_0_0-s11-8b78c90c63,2.3332955044689543,2.2322706847122546,0.0015587583125414883,ganr,0.006354640517978865,0.008341414152693653,Q5,0.002028753201374602,11,controlled,interaction_0.0
103,mechanism_interaction,mechanism_interaction-controlled-ganr-interaction_0_5-s11-eb6dbfb463,0.7567104115686409,0.7682280650572647,0.0016071878506991903,ganr,0.00644260585054075,0.008307924828867073,Q1,0.002085448650416486,11,controlled,interaction_0.5
102,mechanism_interaction,mechanism_interaction-controlled-ganr-interaction_0_5-s11-eb6dbfb463,1.0713275204830268,1.07464620763447,0.0016176389732458583,ganr,0.006603911233375805,0.008500356495103336,Q2,0.0020694973179657466,11,controlled,interaction_0.5
103,mechanism_interaction,mechanism_interaction-controlled-ganr-interaction_0_5-s11-eb6dbfb463,1.3334478417671438,1.3268929861309178,0.0016290536901243347,ganr,0.006597593737276094,0.008348256759172034,Q3,0.002050232798126652,11,controlled,interaction_0.5
102,mechanism_interaction,mechanism_interaction-controlled-ganr-interaction_0_5-s11-eb6dbfb463,1.693324807316505,1.681481058923111,0.0016436373477883499,ganr,0.006660651177734582,0.008611760999908003,Q4,0.002143041281155785,11,controlled,interaction_0.5
102,mechanism_interaction,mechanism_interaction-controlled-ganr-interaction_0_5-s11-eb6dbfb463,2.336668215883743,2.285430935687387,0.0015984441723084469,ganr,0.006442149652887398,0.008269716868732855,Q5,0.0020647021854670305,11,controlled,interaction_0.5
103,mechanism_interaction,mechanism_interaction-controlled-ganr-interaction_1_0-s11-faeb67e7e0,0.8268604522087593,0.8520353423349671,0.0017167407356273809,ganr,0.006810298996629038,0.008728482516075935,Q1,0.002216410362883118,11,controlled,interaction_1.0
102,mechanism_interaction,mechanism_interaction-controlled-ganr-interaction_1_0-s11-faeb67e7e0,1.1131045565248072,1.1148328095279072,0.0017538380089432643,ganr,0.007017519415424714,0.009027728159250613,Q2,0.0022629765373937795,11,controlled,interaction_1.0
103,mechanism_interaction,mechanism_interaction-controlled-ganr-interaction_1_0-s11-faeb67e7e0,1.3639078436095216,1.3504776353069392,0.0017424561607821513,ganr,0.007001089811202374,0.008895674426222425,Q3,0.0021997879575970515,11,controlled,interaction_1.0
102,mechanism_interaction,mechanism_interaction-controlled-ganr-interaction_1_0-s11-faeb67e7e0,1.702168025408179,1.69285193259512,0.001835635916120059,ganr,0.007388471863344178,0.009324042396511852,Q4,0.0023082035304075313,11,controlled,interaction_1.0
102,mechanism_interaction,mechanism_interaction-controlled-ganr-interaction_1_0-s11-faeb67e7e0,2.3304647550883026,2.246888573336661,0.001810745472851647,ganr,0.0072825934387814725,0.009205609833999444,Q5,0.002275758782111297,11,controlled,interaction_1.0
103,mechanism_interaction,mechanism_interaction-controlled-gelu-interaction_0_0-s11-9b6f6c1ff4,0.7289584530791923,0.7380011253853953,0.0029920878827467885,gelu,0.012190206359837143,0.01580566868625221,Q1,0.003879271319034707,11,controlled,interaction_0.0
102,mechanism_interaction,mechanism_interaction-controlled-gelu-interaction_0_0-s11-9b6f6c1ff4,1.0582372114501024,1.057370769967171,0.0031199489593407136,gelu,0.01256174920137352,0.01594937659199546,Q2,0.00401140581880368,11,controlled,interaction_0.0
103,mechanism_interaction,mechanism_interaction-controlled-gelu-interaction_0_0-s11-9b6f6c1ff4,1.3252384801900927,1.3184895998022177,0.003270457011045808,gelu,0.013197758236325827,0.017386673652133044,Q3,0.004311824317451195,11,controlled,interaction_0.0
102,mechanism_interaction,mechanism_interaction-controlled-gelu-interaction_0_0-s11-9b6f6c1ff4,1.684313476697617,1.6752104010335138,0.0032055685727773024,gelu,0.012985597717721693,0.017069159668778887,Q4,0.004218934111549797,11,controlled,interaction_0.0
102,mechanism_interaction,mechanism_interaction-controlled-gelu-interaction_0_0-s11-9b6f6c1ff4,2.3332955044689543,2.2322706847122546,0.003397219321643616,gelu,0.013787084541147434,0.017396357900418467,Q5,0.004296924670148212,11,controlled,interaction_0.0
103,mechanism_interaction,mechanism_interaction-controlled-gelu-interaction_0_5-s11-3f9dff2c0d,0.7567104115686409,0.7682280650572647,0.0029551834710059887,gelu,0.01200941134797726,0.015600647691974457,Q1,0.003841623823605996,11,controlled,interaction_0.5
102,mechanism_interaction,mechanism_interaction-controlled-gelu-interaction_0_5-s11-3f9dff2c0d,1.0713275204830268,1.07464620763447,0.0030572176569252157,gelu,0.012361198279585827,0.01584032029618645,Q2,0.003941526914471779,11,controlled,interaction_0.5
103,mechanism_interaction,mechanism_interaction-controlled-gelu-interaction_0_5-s11-3f9dff2c0d,1.3334478417671438,1.3268929861309178,0.003180370089166811,gelu,0.012946193058745168,0.01685776879185799,Q3,0.004138635157926516,11,controlled,interaction_0.5
102,mechanism_interaction,mechanism_interaction-controlled-gelu-interaction_0_5-s11-3f9dff2c0d,1.693324807316505,1.681481058923111,0.003148056587789659,gelu,0.012844364249883626,0.016980949846016485,Q4,0.00411054608588398,11,controlled,interaction_0.5
102,mechanism_interaction,mechanism_interaction-controlled-gelu-interaction_0_5-s11-3f9dff2c0d,2.336668215883743,2.285430935687387,0.0032314183379497205,gelu,0.013096138285396512,0.0167188445971113,Q5,0.004116101150411447,11,controlled,interaction_0.5
103,mechanism_interaction,mechanism_interaction-controlled-gelu-interaction_1_0-s11-4150f64380,0.8268604522087593,0.8520353423349671,0.0029068530640464266,gelu,0.01160440103392648,0.014994094245085203,Q1,0.0037598146675427973,11,controlled,interaction_1.0
102,mechanism_interaction,mechanism_interaction-controlled-gelu-interaction_1_0-s11-4150f64380,1.1131045565248072,1.1148328095279072,0.0030701304784569775,gelu,0.01233534904240307,0.015985780830518957,Q2,0.003939868084730626,11,controlled,interaction_1.0
103,mechanism_interaction,mechanism_interaction-controlled-gelu-interaction_1_0-s11-4150f64380,1.3639078436095216,1.3504776353069392,0.0030036201937284064,gelu,0.01205501975452101,0.015658148488272704,Q3,0.0038971456922343023,11,controlled,interaction_1.0
102,mechanism_interaction,mechanism_interaction-controlled-gelu-interaction_1_0-s11-4150f64380,1.702168025408179,1.69285193259512,0.003134783248616954,gelu,0.012713087766211101,0.016520360256338226,Q4,0.004035099774562664,11,controlled,interaction_1.0
102,mechanism_interaction,mechanism_interaction-controlled-gelu-interaction_1_0-s11-4150f64380,2.3304647550883026,2.246888573336661,0.003299755928586748,gelu,0.013359235783420137,0.016963597950092335,Q5,0.004111347875600202,11,controlled,interaction_1.0
103,mechanism_interaction,mechanism_interaction-controlled-silu-interaction_0_0-s11-0e56339254,0.7289584530791923,0.7380011253853953,0.004015498596680965,silu,0.016359652857004494,0.021171965485160024,Q1,0.005226433484656386,11,controlled,interaction_0.0
102,mechanism_interaction,mechanism_interaction-controlled-silu-interaction_0_0-s11-0e56339254,1.0582372114501024,1.057370769967171,0.004063588822984956,silu,0.016317476898439875,0.021062420820077164,Q2,0.005377474386829362,11,controlled,interaction_0.0
103,mechanism_interaction,mechanism_interaction-controlled-silu-interaction_0_0-s11-0e56339254,1.3252384801900927,1.3184895998022177,0.0044689195242294194,silu,0.018190140889005717,0.02424139227317258,Q3,0.005994575683031419,11,controlled,interaction_0.0
102,mechanism_interaction,mechanism_interaction-controlled-silu-interaction_0_0-s11-0e56339254,1.684313476697617,1.6752104010335138,0.004217603289995239,silu,0.017166497509818763,0.023270270868636426,Q4,0.005767266381627569,11,controlled,interaction_0.0
102,mechanism_interaction,mechanism_interaction-controlled-silu-interaction_0_0-s11-0e56339254,2.3332955044689543,2.2322706847122546,0.004652114621459684,silu,0.01892405032892948,0.02439720696176192,Q5,0.006026669352274138,11,controlled,interaction_0.0
103,mechanism_interaction,mechanism_interaction-controlled-silu-interaction_0_5-s11-03a471d542,0.7567104115686409,0.7682280650572647,0.004052624705154901,silu,0.016493446215058244,0.021594859826827115,Q1,0.0053361134623895615,11,controlled,interaction_0.5
102,mechanism_interaction,mechanism_interaction-controlled-silu-interaction_0_5-s11-03a471d542,1.0713275204830268,1.07464620763447,0.004065222761068178,silu,0.016373748647137327,0.021275744657654395,Q2,0.005394438550487994,11,controlled,interaction_0.5
103,mechanism_interaction,mechanism_interaction-controlled-silu-interaction_0_5-s11-03a471d542,1.3334478417671438,1.3268929861309178,0.004382917476443289,silu,0.017667867079898102,0.023189825389058595,Q3,0.005827185873617461,11,controlled,interaction_0.5
102,mechanism_interaction,mechanism_interaction-controlled-silu-interaction_0_5-s11-03a471d542,1.693324807316505,1.681481058923111,0.004175386870326524,silu,0.01697214445912831,0.02277987411152803,Q4,0.005640808928657904,11,controlled,interaction_0.5
102,mechanism_interaction,mechanism_interaction-controlled-silu-interaction_0_5-s11-03a471d542,2.336668215883743,2.285430935687387,0.00440263116408959,silu,0.01778426389165472,0.02316161067620921,Q5,0.005776786472494706,11,controlled,interaction_0.5
103,mechanism_interaction,mechanism_interaction-controlled-silu-interaction_1_0-s11-9e2fe68ebb,0.8268604522087593,0.8520353423349671,0.00403568787901217,silu,0.01629041619572075,0.02172835537905871,Q1,0.0053628843296866435,11,controlled,interaction_1.0
102,mechanism_interaction,mechanism_interaction-controlled-silu-interaction_1_0-s11-9e2fe68ebb,1.1131045565248072,1.1148328095279072,0.0042325304887562394,silu,0.016921813475601812,0.02198521257473463,Q2,0.005549366682410986,11,controlled,interaction_1.0
103,mechanism_interaction,mechanism_interaction-controlled-silu-interaction_1_0-s11-9e2fe68ebb,1.3639078436095216,1.3504776353069392,0.004311500966597803,silu,0.017204061372779286,0.022588668784668003,Q3,0.005714050635874319,11,controlled,interaction_1.0
102,mechanism_interaction,mechanism_interaction-controlled-silu-interaction_1_0-s11-9e2fe68ebb,1.702168025408179,1.69285193259512,0.004296940561967038,silu,0.017364412286714304,0.022723485749993187,Q4,0.005620470699954892,11,controlled,interaction_1.0
102,mechanism_interaction,mechanism_interaction-controlled-silu-interaction_1_0-s11-9e2fe68ebb,2.3304647550883026,2.246888573336661,0.0044927549524532776,silu,0.018257465142191037,0.023694161777162815,Q5,0.005759561284640532,11,controlled,interaction_1.0
103,mechanism_interaction,mechanism_interaction-controlled-swiglu-interaction_0_0-s11-0644a23ef6,0.7289584530791923,0.7380011253853953,0.0018292195918812705,swiglu,0.007334618513904596,0.009829743171190147,Q1,0.0024691125352602197,11,controlled,interaction_0.0
102,mechanism_interaction,mechanism_interaction-controlled-swiglu-interaction_0_0-s11-0644a23ef6,1.0582372114501024,1.057370769967171,0.0018843671313887027,swiglu,0.007540344553946565,0.010102460866855891,Q2,0.002506190670542311,11,controlled,interaction_0.0
103,mechanism_interaction,mechanism_interaction-controlled-swiglu-interaction_0_0-s11-0644a23ef6,1.3252384801900927,1.3184895998022177,0.0019511998977303872,swiglu,0.007783280685285235,0.010010303910024172,Q3,0.0025415816114648247,11,controlled,interaction_0.0
102,mechanism_interaction,mechanism_interaction-controlled-swiglu-interaction_0_0-s11-0644a23ef6,1.684313476697617,1.6752104010335138,0.0019214503759565774,swiglu,0.007701893928295259,0.009927215986981867,Q4,0.0025175463005570006,11,controlled,interaction_0.0
102,mechanism_interaction,mechanism_interaction-controlled-swiglu-interaction_0_0-s11-0644a23ef6,2.3332955044689543,2.2322706847122546,0.0020710489691483044,swiglu,0.008382807377691337,0.01125518324990728,Q5,0.0027782059584088594,11,controlled,interaction_0.0
103,mechanism_interaction,mechanism_interaction-controlled-swiglu-interaction_0_5-s11-3d2e3d5adb,0.7567104115686409,0.7682280650572647,0.0020819398498522043,swiglu,0.00837094290554252,0.011047211038436002,Q1,0.0027935705947040234,11,controlled,interaction_0.5
102,mechanism_interaction,mechanism_interaction-controlled-swiglu-interaction_0_5-s11-3d2e3d5adb,1.0713275204830268,1.07464620763447,0.0022287063152094454,swiglu,0.008982763881642548,0.011979513943425984,Q2,0.002955945522880034,11,controlled,interaction_0.5
103,mechanism_interaction,mechanism_interaction-controlled-swiglu-interaction_0_5-s11-3d2e3d5adb,1.3334478417671438,1.3268929861309178,0.002260984820203553,swiglu,0.009161988161362758,0.012016632556900643,Q3,0.0029455795147815505,11,controlled,interaction_0.5
102,mechanism_interaction,mechanism_interaction-controlled-swiglu-interaction_0_5-s11-3d2e3d5adb,1.693324807316505,1.681481058923111,0.002211764722531763,swiglu,0.00888507276519309,0.011741080046853033,Q4,0.002937979208738849,11,controlled,interaction_0.5
102,mechanism_interaction,mechanism_interaction-controlled-swiglu-interaction_0_5-s11-3d2e3d5adb,2.336668215883743,2.285430935687387,0.002376304581654646,swiglu,0.009570477928160214,0.012596143996301755,Q5,0.0031649860332068733,11,controlled,interaction_0.5
103,mechanism_interaction,mechanism_interaction-controlled-swiglu-interaction_1_0-s11-88a5753451,0.8268604522087593,0.8520353423349671,0.0021378443746921352,swiglu,0.00845986256152497,0.01090770729988304,Q1,0.0027948715179125384,11,controlled,interaction_1.0
102,mechanism_interaction,mechanism_interaction-controlled-swiglu-interaction_1_0-s11-88a5753451,1.1131045565248072,1.1148328095279072,0.0023330808085833556,swiglu,0.009378490287745836,0.01234134180078076,Q2,0.003076448609078822,11,controlled,interaction_1.0
103,mechanism_interaction,mechanism_interaction-controlled-swiglu-interaction_1_0-s11-88a5753451,1.3639078436095216,1.3504776353069392,0.002266086147270489,swiglu,0.00905297703533475,0.011982166530018204,Q3,0.0030305071903579286,11,controlled,interaction_1.0
102,mechanism_interaction,mechanism_interaction-controlled-swiglu-interaction_1_0-s11-88a5753451,1.702168025408179,1.69285193259512,0.002314459745980903,swiglu,0.009163935576691538,0.011810499437472062,Q4,0.003021690289123775,11,controlled,interaction_1.0
102,mechanism_interaction,mechanism_interaction-controlled-swiglu-interaction_1_0-s11-88a5753451,2.3304647550883026,2.246888573336661,0.0024998374719960373,swiglu,0.01000095025146443,0.013253399737442486,Q5,0.0033344489954436553,11,controlled,interaction_1.0
103,mechanism_localization,mechanism_localization-controlled-ganr-localization_0_5-s11-abd614c013,0.21611193464281678,0.21841428000327529,0.0010026828947392132,ganr,0.004833688770723395,0.006205189728250451,Q1,0.0012783336207794248,11,controlled,localization_0.5
102,mechanism_localization,mechanism_localization-controlled-ganr-localization_0_5-s11-abd614c013,0.24351373441777632,0.2441806081014395,0.0011316686761668226,ganr,0.0053650925254640595,0.007015826206918634,Q2,0.0014952799738663172,11,controlled,localization_0.5
103,mechanism_localization,mechanism_localization-controlled-ganr-localization_0_5-s11-abd614c013,0.26193752604344883,0.2615472696575856,0.0010079902083201912,ganr,0.004808677040527432,0.0063254339230220755,Q3,0.0013102103842700676,11,controlled,localization_0.5
102,mechanism_localization,mechanism_localization-controlled-ganr-localization_0_5-s11-abd614c013,0.28364849513847895,0.28273386463732164,0.0010557290314703576,ganr,0.005014368738998133,0.00664764834972639,Q4,0.001410732534262002,11,controlled,localization_0.5
102,mechanism_localization,mechanism_localization-controlled-ganr-localization_0_5-s11-abd614c013,0.3232774910480701,0.31692267976286054,0.0010792388774836367,ganr,0.00513772342633591,0.006546009752162343,Q5,0.0013740407742921848,11,controlled,localization_0.5
103,mechanism_localization,mechanism_localization-controlled-ganr-localization_1_0-s11-5d9406d541,0.3724232160597828,0.3782964868272448,0.0014534274876990539,ganr,0.006497290328547618,0.008710146327424373,Q1,0.0019400969770437895,11,controlled,localization_1.0
102,mechanism_localization,mechanism_localization-controlled-ganr-localization_1_0-s11-5d9406d541,0.4753409300418758,0.4745718196569999,0.0014457149502192681,ganr,0.006354848536781775,0.008151648259021375,Q2,0.0018623218666107431,11,controlled,localization_1.0
103,mechanism_localization,mechanism_localization-controlled-ganr-localization_1_0-s11-5d9406d541,0.5631790267556076,0.5602281058750769,0.0015129079851937861,ganr,0.006651339920234341,0.008544914894828443,Q3,0.0019439306745938243,11,controlled,localization_1.0
102,mechanism_localization,mechanism_localization-controlled-ganr-localization_1_0-s11-5d9406d541,0.6559973175292635,0.6539304467795453,0.001459802332261443,ganr,0.006391373777775921,0.008153756385944412,Q4,0.0018700529839514193,11,controlled,localization_1.0
102,mechanism_localization,mechanism_localization-controlled-ganr-localization_1_0-s11-5d9406d541,0.78823020665026,0.7759991800338095,0.001466241853289402,ganr,0.006413582233549542,0.008134241022703652,Q5,0.0018761411424356555,11,controlled,localization_1.0
103,mechanism_localization,mechanism_localization-controlled-ganr-localization_1_5-s11-eefb5a19e2,0.5725995224327362,0.5873294649926666,0.00151418682202065,ganr,0.006259126942183528,0.00806635407524235,Q1,0.0019763042034891885,11,controlled,localization_1.5
102,mechanism_localization,mechanism_localization-controlled-ganr-localization_1_5-s11-eefb5a19e2,0.7680208611145469,0.7762849806916083,0.0014432101800362124,ganr,0.005947935928944406,0.007546118637907355,Q2,0.0018526926625319392,11,controlled,localization_1.5
103,mechanism_localization,mechanism_localization-controlled-ganr-localization_1_5-s11-eefb5a19e2,0.9640657503338683,0.9707584111114467,0.0014665738918021145,ganr,0.006027108125733304,0.007747541704432507,Q3,0.0019251700395928244,11,controlled,localization_1.5
102,mechanism_localization,mechanism_localization-controlled-ganr-localization_1_5-s11-eefb5a19e2,1.1500040960184108,1.145544067486083,0.001463159223075148,ganr,0.006061193098229509,0.0077542186829874194,Q4,0.0018979129744569646,11,controlled,localization_1.5
102,mechanism_localization,mechanism_localization-controlled-ganr-localization_1_5-s11-eefb5a19e2,1.508550932901834,1.4623804500247197,0.0014943419769491918,ganr,0.006189214358357424,0.007771215509917489,Q5,0.0018972825727988723,11,controlled,localization_1.5
103,mechanism_localization,mechanism_localization-controlled-ganr-localization_2_0-s11-9e67035640,0.7567104115686409,0.7682280650572647,0.0016071878506991903,ganr,0.00644260585054075,0.008307924828867073,Q1,0.002085448650416486,11,controlled,localization_2.0
102,mechanism_localization,mechanism_localization-controlled-ganr-localization_2_0-s11-9e67035640,1.0713275204830268,1.07464620763447,0.0016176389732458583,ganr,0.006603911233375805,0.008500356495103336,Q2,0.0020694973179657466,11,controlled,localization_2.0
103,mechanism_localization,mechanism_localization-controlled-ganr-localization_2_0-s11-9e67035640,1.3334478417671438,1.3268929861309178,0.0016290536901243347,ganr,0.006597593737276094,0.008348256759172034,Q3,0.002050232798126652,11,controlled,localization_2.0
102,mechanism_localization,mechanism_localization-controlled-ganr-localization_2_0-s11-9e67035640,1.693324807316505,1.681481058923111,0.0016436373477883499,ganr,0.006660651177734582,0.008611760999908003,Q4,0.002143041281155785,11,controlled,localization_2.0
102,mechanism_localization,mechanism_localization-controlled-ganr-localization_2_0-s11-9e67035640,2.336668215883743,2.285430935687387,0.0015984441723084469,ganr,0.006442149652887398,0.008269716868732855,Q5,0.0020647021854670305,11,controlled,localization_2.0
103,mechanism_localization,mechanism_localization-controlled-silu-localization_0_5-s11-d0fc7c872e,0.21611193464281678,0.21841428000327529,0.0020182732374203764,silu,0.009615450534173611,0.012846275665214131,Q1,0.0026598904373476683,11,controlled,localization_0.5
102,mechanism_localization,mechanism_localization-controlled-silu-localization_0_5-s11-d0fc7c872e,0.24351373441777632,0.2441806081014395,0.0020325534034568325,silu,0.009638945827820747,0.012579744262625425,Q2,0.002673903470782934,11,controlled,localization_0.5
103,mechanism_localization,mechanism_localization-controlled-silu-localization_0_5-s11-d0fc7c872e,0.26193752604344883,0.2615472696575856,0.001951490542290526,silu,0.00923461224530773,0.011925319252499806,Q3,0.002535170833821424,11,controlled,localization_0.5
102,mechanism_localization,mechanism_localization-controlled-silu-localization_0_5-s11-d0fc7c872e,0.28364849513847895,0.28273386463732164,0.0018703862318515724,silu,0.008899839692478068,0.011486140439742148,Q4,0.0024168107502366876,11,controlled,localization_0.5
102,mechanism_localization,mechanism_localization-controlled-silu-localization_0_5-s11-d0fc7c872e,0.3232774910480701,0.31692267976286054,0.0019985817803435746,silu,0.00948525645026395,0.012120033017322096,Q5,0.0025767449451930074,11,controlled,localization_0.5
103,mechanism_localization,mechanism_localization-controlled-silu-localization_1_0-s11-0c0bc35ea7,0.3724232160597828,0.3782964868272448,0.0029400510252918202,silu,0.013316312941825965,0.018922324126409037,Q1,0.0040311829364711735,11,controlled,localization_1.0
102,mechanism_localization,mechanism_localization-controlled-silu-localization_1_0-s11-0c0bc35ea7,0.4753409300418758,0.4745718196569999,0.002806924229095303,silu,0.012370916184687416,0.01658407402255999,Q2,0.0037405320055669835,11,controlled,localization_1.0
103,mechanism_localization,mechanism_localization-controlled-silu-localization_1_0-s11-0c0bc35ea7,0.5631790267556076,0.5602281058750769,0.0027976090982652414,silu,0.012397110194367325,0.015840442143218364,Q3,0.003591639576663805,11,controlled,localization_1.0
102,mechanism_localization,mechanism_localization-controlled-silu-localization_1_0-s11-0c0bc35ea7,0.6559973175292635,0.6539304467795453,0.002944194397998092,silu,0.012812701193500404,0.017103505456715407,Q4,0.003989520089433547,11,controlled,localization_1.0
102,mechanism_localization,mechanism_localization-controlled-silu-localization_1_0-s11-0c0bc35ea7,0.78823020665026,0.7759991800338095,0.0030406640287444185,silu,0.013346706406935803,0.01688375150144416,Q5,0.003879260582023353,11,controlled,localization_1.0
103,mechanism_localization,mechanism_localization-controlled-silu-localization_1_5-s11-f31e1b92d4,0.5725995224327362,0.5873294649926666,0.0036120327093034648,silu,0.015159562884343017,0.020999751066770586,Q1,0.005018151580701834,11,controlled,localization_1.5
102,mechanism_localization,mechanism_localization-controlled-silu-localization_1_5-s11-f31e1b92d4,0.7680208611145469,0.7762849806916083,0.0032492164233083125,silu,0.01351119575973463,0.017490080588511144,Q2,0.004296612437836909,11,controlled,localization_1.5
103,mechanism_localization,mechanism_localization-controlled-silu-localization_1_5-s11-f31e1b92d4,0.9640657503338683,0.9707584111114467,0.0036604809957300425,silu,0.015258340649906244,0.02007197912524385,Q3,0.004864623080976824,11,controlled,localization_1.5
102,mechanism_localization,mechanism_localization-controlled-silu-localization_1_5-s11-f31e1b92d4,1.1500040960184108,1.145544067486083,0.0035086331125628433,silu,0.014637480901534291,0.019331959926284004,Q4,0.004714711940448974,11,controlled,localization_1.5
102,mechanism_localization,mechanism_localization-controlled-silu-localization_1_5-s11-f31e1b92d4,1.508550932901834,1.4623804500247197,0.0036773752502032198,silu,0.015267150976963635,0.01964554555530037,Q5,0.0047949374362876995,11,controlled,localization_1.5
103,mechanism_localization,mechanism_localization-controlled-silu-localization_2_0-s11-97bccb545a,0.7567104115686409,0.7682280650572647,0.004052624705154901,silu,0.016493446215058244,0.021594859826827115,Q1,0.0053361134623895615,11,controlled,localization_2.0
102,mechanism_localization,mechanism_localization-controlled-silu-localization_2_0-s11-97bccb545a,1.0713275204830268,1.07464620763447,0.004065222761068178,silu,0.016373748647137327,0.021275744657654395,Q2,0.005394438550487994,11,controlled,localization_2.0
103,mechanism_localization,mechanism_localization-controlled-silu-localization_2_0-s11-97bccb545a,1.3334478417671438,1.3268929861309178,0.004382917476443289,silu,0.017667867079898102,0.023189825389058595,Q3,0.005827185873617461,11,controlled,localization_2.0
102,mechanism_localization,mechanism_localization-controlled-silu-localization_2_0-s11-97bccb545a,1.693324807316505,1.681481058923111,0.004175386870326524,silu,0.01697214445912831,0.02277987411152803,Q4,0.005640808928657904,11,controlled,localization_2.0
102,mechanism_localization,mechanism_localization-controlled-silu-localization_2_0-s11-97bccb545a,2.336668215883743,2.285430935687387,0.00440263116408959,silu,0.01778426389165472,0.02316161067620921,Q5,0.005776786472494706,11,controlled,localization_2.0
103,mechanism_rank,mechanism_rank-controlled-ganr-rank_1-s11-faef0b3e7c,0.7828703213819377,0.8080016047674874,0.0016910694918355926,ganr,0.006720130020502206,0.008786601372809007,Q1,0.0022125709377406855,11,controlled,rank_1
102,mechanism_rank,mechanism_rank-controlled-ganr-rank_1-s11-faef0b3e7c,1.123415270498022,1.1257058454427886,0.0016920717116234156,ganr,0.006695868227042532,0.008557338362210364,Q2,0.002160079498305919,11,controlled,rank_1
103,mechanism_rank,mechanism_rank-controlled-ganr-rank_1-s11-faef0b3e7c,1.423714254119029,1.4170240152212368,0.001607898056374448,ganr,0.006435850244798772,0.008240876817443146,Q3,0.002051882830679976,11,controlled,rank_1
102,mechanism_rank,mechanism_rank-controlled-ganr-rank_1-s11-faef0b3e7c,1.8241468987476093,1.8157555897736022,0.001539319331092937,ganr,0.006126569031848609,0.00789209806694864,Q4,0.001992197557187389,11,controlled,rank_1
102,mechanism_rank,mechanism_rank-controlled-ganr-rank_1-s11-faef0b3e7c,2.529858989512869,2.4427537733438522,0.0016155591340565496,ganr,0.006439725743134359,0.00845030724930873,Q5,0.0021131478117935895,11,controlled,rank_1
103,mechanism_rank,mechanism_rank-controlled-ganr-rank_2-s11-598f577473,0.7783240814179756,0.8009044955079084,0.0015879826082577319,ganr,0.006310676332357766,0.008168707949427815,Q1,0.002053609594417623,11,controlled,rank_2
102,mechanism_rank,mechanism_rank-controlled-ganr-rank_2-s11-598f577473,1.1094719102369712,1.1141617993992161,0.001595362363370138,ganr,0.006403831023279759,0.008242106276917417,Q2,0.0020377137017574907,11,controlled,rank_2
103,mechanism_rank,mechanism_rank-controlled-ganr-rank_2-s11-598f577473,1.4074606923848731,1.3953361751625715,0.0015600073992334605,ganr,0.006208457478225805,0.00793313812394708,Q3,0.0020107224596228974,11,controlled,rank_2
102,mechanism_rank,mechanism_rank-controlled-ganr-rank_2-s11-598f577473,1.798482841096858,1.8028755020861287,0.0016012554799054474,ganr,0.006460052882879199,0.008240533559827398,Q4,0.0020261844956022948,11,controlled,rank_2
102,mechanism_rank,mechanism_rank-controlled-ganr-rank_2-s11-598f577473,2.5018229650161268,2.391247823383588,0.0016053897231947357,ganr,0.0063608375831444,0.008225534050883514,Q5,0.0020815375639026724,11,controlled,rank_2
103,mechanism_rank,mechanism_rank-controlled-ganr-rank_4-s11-223c248bd0,0.7567104115686409,0.7682280650572647,0.0016071878506991903,ganr,0.00644260585054075,0.008307924828867073,Q1,0.002085448650416486,11,controlled,rank_4
102,mechanism_rank,mechanism_rank-controlled-ganr-rank_4-s11-223c248bd0,1.0713275204830268,1.07464620763447,0.0016176389732458583,ganr,0.006603911233375805,0.008500356495103336,Q2,0.0020694973179657466,11,controlled,rank_4
103,mechanism_rank,mechanism_rank-controlled-ganr-rank_4-s11-223c248bd0,1.3334478417671438,1.3268929861309178,0.0016290536901243347,ganr,0.006597593737276094,0.008348256759172034,Q3,0.002050232798126652,11,controlled,rank_4
102,mechanism_rank,mechanism_rank-controlled-ganr-rank_4-s11-223c248bd0,1.693324807316505,1.681481058923111,0.0016436373477883499,ganr,0.006660651177734582,0.008611760999908003,Q4,0.002143041281155785,11,controlled,rank_4
102,mechanism_rank,mechanism_rank-controlled-ganr-rank_4-s11-223c248bd0,2.336668215883743,2.285430935687387,0.0015984441723084469,ganr,0.006442149652887398,0.008269716868732855,Q5,0.0020647021854670305,11,controlled,rank_4
103,mechanism_rank,mechanism_rank-controlled-ganr-rank_8-s11-d536199b94,0.7510786555175396,0.773934919267729,0.0020760929400177736,ganr,0.008510260368811518,0.010952543674238967,Q1,0.0026829074448297785,11,controlled,rank_8
102,mechanism_rank,mechanism_rank-controlled-ganr-rank_8-s11-d536199b94,1.0353694719746522,1.0250632543897344,0.001971681666186758,ganr,0.00812034380540502,0.010329796438684292,Q2,0.0025047858846530147,11,controlled,rank_8
103,mechanism_rank,mechanism_rank-controlled-ganr-rank_8-s11-d536199b94,1.3370063272626826,1.3384255386332948,0.0020115685685807884,ganr,0.008225773060032245,0.010390785346811393,Q3,0.0025593853631787323,11,controlled,rank_8
102,mechanism_rank,mechanism_rank-controlled-ganr-rank_8-s11-d536199b94,1.7963824180300587,1.7686386901135367,0.0019243566454736306,ganr,0.007928205589051638,0.010104186239159945,Q4,0.002444368432633129,11,controlled,rank_8
102,mechanism_rank,mechanism_rank-controlled-ganr-rank_8-s11-d536199b94,2.904733179706461,2.807633386594226,0.0018984295669831814,ganr,0.007817349757174066,0.010106625003442872,Q5,0.0024548134641716123,11,controlled,rank_8
103,mechanism_rank,mechanism_rank-controlled-silu-rank_1-s11-7cf8b83416,0.7828703213819377,0.8080016047674874,0.004161085078151002,silu,0.016310568024876255,0.02143266298374798,Q1,0.005564853191898316,11,controlled,rank_1
102,mechanism_rank,mechanism_rank-controlled-silu-rank_1-s11-7cf8b83416,1.123415270498022,1.1257058454427886,0.004142582084907689,silu,0.016218433710631162,0.021217663627421352,Q2,0.005474655574471548,11,controlled,rank_1
103,mechanism_rank,mechanism_rank-controlled-silu-rank_1-s11-7cf8b83416,1.423714254119029,1.4170240152212368,0.004243057585413623,silu,0.016807931869393007,0.021223047355206737,Q3,0.005356590692723806,11,controlled,rank_1
102,mechanism_rank,mechanism_rank-controlled-silu-rank_1-s11-7cf8b83416,1.8241468987476093,1.8157555897736022,0.004237848426626834,silu,0.016739946238543763,0.021760115625532657,Q4,0.005599977394484927,11,controlled,rank_1
102,mechanism_rank,mechanism_rank-controlled-silu-rank_1-s11-7cf8b83416,2.529858989512869,2.4427537733438522,0.004351220932471287,silu,0.017440363808121053,0.022746147945920857,Q5,0.005642657713710434,11,controlled,rank_1
103,mechanism_rank,mechanism_rank-controlled-silu-rank_2-s11-8219e6cb01,0.7783240814179756,0.8009044955079084,0.00424639079627243,silu,0.01674936648421998,0.022212928472027722,Q1,0.005755613636646173,11,controlled,rank_2
102,mechanism_rank,mechanism_rank-controlled-silu-rank_2-s11-8219e6cb01,1.1094719102369712,1.1141617993992161,0.004127494435978156,silu,0.016296785314831752,0.021166800718280383,Q2,0.0053996492809388836,11,controlled,rank_2
103,mechanism_rank,mechanism_rank-controlled-silu-rank_2-s11-8219e6cb01,1.4074606923848731,1.3953361751625715,0.0046177339945378424,silu,0.018533622064648647,0.023921573412953197,Q3,0.005972028620062913,11,controlled,rank_2
102,mechanism_rank,mechanism_rank-controlled-silu-rank_2-s11-8219e6cb01,1.798482841096858,1.8028755020861287,0.004210524725107569,silu,0.016904617626476902,0.021616534727575448,Q4,0.005396726486672198,11,controlled,rank_2
102,mechanism_rank,mechanism_rank-controlled-silu-rank_2-s11-8219e6cb01,2.5018229650161268,2.391247823383588,0.004510683573208356,silu,0.018009630420887594,0.023649290228383815,Q5,0.005923287040276285,11,controlled,rank_2
103,mechanism_rank,mechanism_rank-controlled-silu-rank_4-s11-8998e0a25f,0.7567104115686409,0.7682280650572647,0.004052624705154901,silu,0.016493446215058244,0.021594859826827115,Q1,0.0053361134623895615,11,controlled,rank_4
102,mechanism_rank,mechanism_rank-controlled-silu-rank_4-s11-8998e0a25f,1.0713275204830268,1.07464620763447,0.004065222761068178,silu,0.016373748647137327,0.021275744657654395,Q2,0.005394438550487994,11,controlled,rank_4
103,mechanism_rank,mechanism_rank-controlled-silu-rank_4-s11-8998e0a25f,1.3334478417671438,1.3268929861309178,0.004382917476443289,silu,0.017667867079898102,0.023189825389058595,Q3,0.005827185873617461,11,controlled,rank_4
102,mechanism_rank,mechanism_rank-controlled-silu-rank_4-s11-8998e0a25f,1.693324807316505,1.681481058923111,0.004175386870326524,silu,0.01697214445912831,0.02277987411152803,Q4,0.005640808928657904,11,controlled,rank_4
102,mechanism_rank,mechanism_rank-controlled-silu-rank_4-s11-8998e0a25f,2.336668215883743,2.285430935687387,0.00440263116408959,silu,0.01778426389165472,0.02316161067620921,Q5,0.005776786472494706,11,controlled,rank_4
103,mechanism_rank,mechanism_rank-controlled-silu-rank_8-s11-e8ee43fdc5,0.7510786555175396,0.773934919267729,0.004225329121457708,silu,0.01726716090959846,0.02257577711491482,Q1,0.0056381274786647725,11,controlled,rank_8
102,mechanism_rank,mechanism_rank-controlled-silu-rank_8-s11-e8ee43fdc5,1.0353694719746522,1.0250632543897344,0.004243087754774951,silu,0.017495015830571708,0.02269773925476622,Q2,0.005551874423838531,11,controlled,rank_8
103,mechanism_rank,mechanism_rank-controlled-silu-rank_8-s11-e8ee43fdc5,1.3370063272626826,1.3384255386332948,0.004876784544516676,silu,0.01962655129288699,0.025989280131375532,Q3,0.006709214960233544,11,controlled,rank_8
102,mechanism_rank,mechanism_rank-controlled-silu-rank_8-s11-e8ee43fdc5,1.7963824180300587,1.7686386901135367,0.004806247473407341,silu,0.019649402755928518,0.025436325561659246,Q4,0.0062918344027014,11,controlled,rank_8
102,mechanism_rank,mechanism_rank-controlled-silu-rank_8-s11-e8ee43fdc5,2.904733179706461,2.807633386594226,0.005101831689399642,silu,0.02141088273332592,0.028589471572449718,Q5,0.006636437095252801,11,controlled,rank_8
205,physics_factorial,physics_factorial-allen_cahn-ganr-no_physics-s11-66ba43503a,0.30358143570619117,0.30845486211904033,0.0008829048385604691,ganr,0.011332074649949201,0.01457602516789335,Q1,0.001175826432221309,11,allen_cahn,no_physics
205,physics_factorial,physics_factorial-allen_cahn-ganr-no_physics-s11-66ba43503a,0.3429892459569641,0.34419649948289655,0.0007818121989565278,ganr,0.009960699090659155,0.012870084534562549,Q2,0.0010565809128664828,11,allen_cahn,no_physics
205,physics_factorial,physics_factorial-allen_cahn-ganr-no_physics-s11-66ba43503a,0.36596502725402436,0.36563316074781327,0.0007953432339005573,ganr,0.010097429910172876,0.013452519130142032,Q3,0.0011133342661769996,11,allen_cahn,no_physics
205,physics_factorial,physics_factorial-allen_cahn-ganr-no_physics-s11-66ba43503a,0.3892126106727607,0.38827709915981046,0.0008209906272345708,ganr,0.01040368912657036,0.013986292419338707,Q4,0.0011602784308062236,11,allen_cahn,no_physics
204,physics_factorial,physics_factorial-allen_cahn-ganr-no_physics-s11-66ba43503a,0.42512691570694505,0.41877152055575684,0.000919528045346186,ganr,0.01162892092176124,0.015987235023975793,Q5,0.001337207659580353,11,allen_cahn,no_physics
205,physics_factorial,physics_factorial-allen_cahn-ganr-no_physics-s29-54871bf879,0.30358143570619117,0.30845486211904033,0.0008822026875282232,ganr,0.011323000332039335,0.014581941992252238,Q1,0.0011756864562601742,29,allen_cahn,no_physics
205,physics_factorial,physics_factorial-allen_cahn-ganr-no_physics-s29-54871bf879,0.3429892459569641,0.34419649948289655,0.0007798357372232066,ganr,0.009936789118831628,0.012837380739781216,Q2,0.0010538516232209347,29,allen_cahn,no_physics
205,physics_factorial,physics_factorial-allen_cahn-ganr-no_physics-s29-54871bf879,0.36596502725402436,0.36563316074781327,0.0007952099703409336,ganr,0.01009625062692117,0.013446806751686576,Q3,0.001112829874724795,29,allen_cahn,no_physics
205,physics_factorial,physics_factorial-allen_cahn-ganr-no_physics-s29-54871bf879,0.3892126106727607,0.38827709915981046,0.0008196303434261761,ganr,0.010385579195399683,0.013943135426927149,Q4,0.001157281231077971,29,allen_cahn,no_physics
204,physics_factorial,physics_factorial-allen_cahn-ganr-no_physics-s29-54871bf879,0.42512691570694505,0.41877152055575684,0.0009189520072362509,ganr,0.011618747552810596,0.015976898144210952,Q5,0.001336923068754599,29,allen_cahn,no_physics
205,physics_factorial,physics_factorial-allen_cahn-ganr-no_physics-s47-d7976a8fb1,0.30358143570619117,0.30845486211904033,0.0008803948639108224,ganr,0.01130086929684348,0.014565388200943082,Q1,0.0011744739780334852,47,allen_cahn,no_physics
205,physics_factorial,physics_factorial-allen_cahn-ganr-no_physics-s47-d7976a8fb1,0.3429892459569641,0.34419649948289655,0.0007780650851301402,ganr,0.009911279102357897,0.012815739903761421,Q2,0.0010520622566885674,47,allen_cahn,no_physics
205,physics_factorial,physics_factorial-allen_cahn-ganr-no_physics-s47-d7976a8fb1,0.36596502725402436,0.36563316074781327,0.0007910724209683477,ganr,0.010043477982068312,0.013395534076528848,Q3,0.0011089538651232718,47,allen_cahn,no_physics
205,physics_factorial,physics_factorial-allen_cahn-ganr-no_physics-s47-d7976a8fb1,0.3892126106727607,0.38827709915981046,0.0008158159632512689,ganr,0.010337281766584787,0.01391044168485026,Q4,0.0011544707110988917,47,allen_cahn,no_physics
204,physics_factorial,physics_factorial-allen_cahn-ganr-no_physics-s47-d7976a8fb1,0.42512691570694505,0.41877152055575684,0.0009166636211631281,ganr,0.011591064953722677,0.01599128276291134,Q5,0.0013376537078997601,47,allen_cahn,no_physics
205,physics_factorial,physics_factorial-allen_cahn-ganr-physics-s11-b3f30b4a95,0.30358143570619117,0.30845486211904033,0.0005370472986607506,ganr,0.006742159323341534,0.008529923587134246,Q1,0.000716331564232638,11,allen_cahn,physics
205,physics_factorial,physics_factorial-allen_cahn-ganr-physics-s11-b3f30b4a95,0.3429892459569641,0.34419649948289655,0.0006002955968455786,ganr,0.007532256748265957,0.010057935631839668,Q2,0.00084964044395088,11,allen_cahn,physics
205,physics_factorial,physics_factorial-allen_cahn-ganr-physics-s11-b3f30b4a95,0.36596502725402436,0.36563316074781327,0.0006638180365670543,ganr,0.008320958143650862,0.01158104816679642,Q3,0.0009816047437653525,11,allen_cahn,physics
205,physics_factorial,physics_factorial-allen_cahn-ganr-physics-s11-b3f30b4a95,0.3892126106727607,0.38827709915981046,0.0007198415001423177,ganr,0.009028251705639609,0.012573236591167828,Q4,0.0010622499458334245,11,allen_cahn,physics
204,physics_factorial,physics_factorial-allen_cahn-ganr-physics-s11-b3f30b4a95,0.42512691570694505,0.41877152055575684,0.0008542957257108623,ganr,0.01069791147173895,0.015032045384329899,Q5,0.0012754278747774447,11,allen_cahn,physics
205,physics_factorial,physics_factorial-allen_cahn-ganr-physics-s29-c865c31e8c,0.30358143570619117,0.30845486211904033,0.0005377553015659729,ganr,0.006750392720323772,0.00854752379135567,Q1,0.0007179627510546299,29,allen_cahn,physics
205,physics_factorial,physics_factorial-allen_cahn-ganr-physics-s29-c865c31e8c,0.3429892459569641,0.34419649948289655,0.0006000262235265632,ganr,0.007528309998843684,0.010058910724656756,Q2,0.0008498897840158251,29,allen_cahn,physics
205,physics_factorial,physics_factorial-allen_cahn-ganr-physics-s29-c865c31e8c,0.36596502725402436,0.36563316074781327,0.0006647734958889914,ganr,0.00833175292794205,0.011607039531981353,Q3,0.000984220451906482,29,allen_cahn,physics
205,physics_factorial,physics_factorial-allen_cahn-ganr-physics-s29-c865c31e8c,0.3892126106727607,0.38827709915981046,0.0007207868962122996,ganr,0.009041553202472595,0.01258918315452868,Q4,0.0010636585135948258,29,allen_cahn,physics
204,physics_factorial,physics_factorial-allen_cahn-ganr-physics-s29-c865c31e8c,0.42512691570694505,0.41877152055575684,0.000854269269957231,ganr,0.010696919367918003,0.015042752621339505,Q5,0.0012767085207337036,29,allen_cahn,physics
205,physics_factorial,physics_factorial-allen_cahn-ganr-physics-s47-b2274ef78d,0.30358143570619117,0.30845486211904033,0.000538543372084916,ganr,0.006760545773691707,0.00855179407124244,Q1,0.0007181250639523628,47,allen_cahn,physics
205,physics_factorial,physics_factorial-allen_cahn-ganr-physics-s47-b2274ef78d,0.3429892459569641,0.34419649948289655,0.0006010484193469829,ganr,0.007541788097095336,0.010068800104659565,Q2,0.0008503808539217658,47,allen_cahn,physics
205,physics_factorial,physics_factorial-allen_cahn-ganr-physics-s47-b2274ef78d,0.36596502725402436,0.36563316074781327,0.0006644430793752256,ganr,0.00832906052728224,0.011591547109703268,Q3,0.0009821809294044265,47,allen_cahn,physics
205,physics_factorial,physics_factorial-allen_cahn-ganr-physics-s47-b2274ef78d,0.3892126106727607,0.38827709915981046,0.000720230899563886,ganr,0.009032632116528367,0.012576021610694939,Q4,0.0010625046079073214,47,allen_cahn,physics
204,physics_factorial,physics_factorial-allen_cahn-ganr-physics-s47-b2274ef78d,0.42512691570694505,0.41877152055575684,0.0008548385587765059,ganr,0.010703644479668371,0.015036176138884184,Q5,0.0012757297507239556,47,allen_cahn,physics
205,physics_factorial,physics_factorial-allen_cahn-silu-no_physics-s11-0898b4255a,0.30358143570619117,0.30845486211904033,0.001027036655626552,silu,0.013161887738316015,0.016411341167891152,Q1,0.0013228451216715053,11,allen_cahn,no_physics
205,physics_factorial,physics_factorial-allen_cahn-silu-no_physics-s11-0898b4255a,0.3429892459569641,0.34419649948289655,0.0008131583134515723,silu,0.010340652068978799,0.013263748329543959,Q2,0.0010909998282864185,11,allen_cahn,no_physics
205,physics_factorial,physics_factorial-allen_cahn-silu-no_physics-s11-0898b4255a,0.36596502725402436,0.36563316074781327,0.0007914391192397574,silu,0.010030872771660253,0.0135689675527648,Q3,0.0011265717345940696,11,allen_cahn,no_physics
205,physics_factorial,physics_factorial-allen_cahn-silu-no_physics-s11-0898b4255a,0.3892126106727607,0.38827709915981046,0.0007849913906235178,silu,0.009926303769265774,0.013779379495533912,Q4,0.0011502255685198258,11,allen_cahn,no_physics
204,physics_factorial,physics_factorial-allen_cahn-silu-no_physics-s11-0898b4255a,0.42512691570694505,0.41877152055575684,0.00088663670758745,silu,0.011182103240793365,0.015967924692828366,Q5,0.0013419244150795712,11,allen_cahn,no_physics
205,physics_factorial,physics_factorial-allen_cahn-silu-no_physics-s29-9a005da064,0.30358143570619117,0.30845486211904033,0.0010172625509010246,silu,0.01302873277316028,0.016277608561992278,Q1,0.0013138291102717803,29,allen_cahn,no_physics
205,physics_factorial,physics_factorial-allen_cahn-silu-no_physics-s29-9a005da064,0.3429892459569641,0.34419649948289655,0.0008050350844049887,silu,0.010237693647934512,0.013197757717119335,Q2,0.0010859204123857612,29,allen_cahn,no_physics
205,physics_factorial,physics_factorial-allen_cahn-silu-no_physics-s29-9a005da064,0.36596502725402436,0.36563316074781327,0.000787624722929287,silu,0.009984594833472906,0.013583627072566856,Q3,0.0011279286213916255,29,allen_cahn,no_physics
205,physics_factorial,physics_factorial-allen_cahn-silu-no_physics-s29-9a005da064,0.3892126106727607,0.38827709915981046,0.0007817863630997839,silu,0.009893065021591726,0.013822056921502455,Q4,0.0011527056459111886,29,allen_cahn,no_physics
204,physics_factorial,physics_factorial-allen_cahn-silu-no_physics-s29-9a005da064,0.42512691570694505,0.41877152055575684,0.000882548758866776,silu,0.011139508541414793,0.016034826475989496,Q5,0.0013461721833318274,29,allen_cahn,no_physics
205,physics_factorial,physics_factorial-allen_cahn-silu-no_physics-s47-12306f6399,0.30358143570619117,0.30845486211904033,0.001010515516507614,silu,0.012945010300400427,0.016156690419165863,Q1,0.001303387639813383,47,allen_cahn,no_physics
205,physics_factorial,physics_factorial-allen_cahn-silu-no_physics-s47-12306f6399,0.3429892459569641,0.34419649948289655,0.0008003391516672485,silu,0.010173142027890736,0.013105366715994963,Q2,0.0010790599527213313,47,allen_cahn,no_physics
205,physics_factorial,physics_factorial-allen_cahn-silu-no_physics-s47-12306f6399,0.36596502725402436,0.36563316074781327,0.0007854599472716937,silu,0.00995630834054514,0.013533205963028108,Q3,0.0011235316836525353,47,allen_cahn,no_physics
205,physics_factorial,physics_factorial-allen_cahn-silu-no_physics-s47-12306f6399,0.3892126106727607,0.38827709915981046,0.00077890361161385,silu,0.009852013178739672,0.013751905850767486,Q4,0.0011476903456599382,47,allen_cahn,no_physics
204,physics_factorial,physics_factorial-allen_cahn-silu-no_physics-s47-12306f6399,0.42512691570694505,0.41877152055575684,0.0008827334760326964,silu,0.011134627375287977,0.01596236123081801,Q5,0.0013413836507810508,47,allen_cahn,no_physics
205,physics_factorial,physics_factorial-allen_cahn-silu-physics-s11-a24ec7d783,0.30358143570619117,0.30845486211904033,0.0005905823162554824,silu,0.0074608182228967845,0.009497736365357204,Q1,0.0007920416706668548,11,allen_cahn,physics
205,physics_factorial,physics_factorial-allen_cahn-silu-physics-s11-a24ec7d783,0.3429892459569641,0.34419649948289655,0.0006838304996499993,silu,0.00860031848784188,0.011090178785774767,Q2,0.0009321953991771571,11,allen_cahn,physics
205,physics_factorial,physics_factorial-allen_cahn-silu-physics-s11-a24ec7d783,0.36596502725402436,0.36563316074781327,0.0007415656679389817,silu,0.009310402179754642,0.0122980047885169,Q3,0.0010383199558868462,11,allen_cahn,physics
205,physics_factorial,physics_factorial-allen_cahn-silu-physics-s11-a24ec7d783,0.3892126106727607,0.38827709915981046,0.0007938620477697152,silu,0.009952606309844684,0.01318480652897809,Q4,0.0011133805369089019,11,allen_cahn,physics
204,physics_factorial,physics_factorial-allen_cahn-silu-physics-s11-a24ec7d783,0.42512691570694505,0.41877152055575684,0.0008941278241322967,silu,0.01119455263779404,0.015437218284552873,Q5,0.001310807311869619,11,allen_cahn,physics
205,physics_factorial,physics_factorial-allen_cahn-silu-physics-s29-9abdf7658a,0.30358143570619117,0.30845486211904033,0.0005931076782704927,silu,0.007489518318106811,0.00953667303010855,Q1,0.0007956215617128314,29,allen_cahn,physics
205,physics_factorial,physics_factorial-allen_cahn-silu-physics-s29-9abdf7658a,0.3429892459569641,0.34419649948289655,0.0006830818498113698,silu,0.008590930328865721,0.011077348767288274,Q2,0.0009314288713597135,29,allen_cahn,physics
205,physics_factorial,physics_factorial-allen_cahn-silu-physics-s29-9abdf7658a,0.36596502725402436,0.36563316074781327,0.0007451795759242932,silu,0.009354070697650993,0.012349928865727201,Q3,0.0010433689906986067,29,allen_cahn,physics
205,physics_factorial,physics_factorial-allen_cahn-silu-physics-s29-9abdf7658a,0.3892126106727607,0.38827709915981046,0.0007954889722467138,silu,0.009969086910182381,0.013190196663360118,Q4,0.0011141142908757539,29,allen_cahn,physics
204,physics_factorial,physics_factorial-allen_cahn-silu-physics-s29-9abdf7658a,0.42512691570694505,0.41877152055575684,0.0008955746847606493,silu,0.011211326027441341,0.0154425737593021,Q5,0.0013113731273863812,29,allen_cahn,physics
205,physics_factorial,physics_factorial-allen_cahn-silu-physics-s47-7f1bb06e91,0.30358143570619117,0.30845486211904033,0.0005917312279334553,silu,0.007470333953058231,0.009516965010574537,Q1,0.0007947672358418021,47,allen_cahn,physics
205,physics_factorial,physics_factorial-allen_cahn-silu-physics-s47-7f1bb06e91,0.3429892459569641,0.34419649948289655,0.000683879076509564,silu,0.008600426025536987,0.01108605891464839,Q2,0.0009319534373308028,47,allen_cahn,physics
205,physics_factorial,physics_factorial-allen_cahn-silu-physics-s47-7f1bb06e91,0.36596502725402436,0.36563316074781327,0.0007424854581150251,silu,0.009321687764025907,0.012303152026363276,Q3,0.0010390095921719862,47,allen_cahn,physics
205,physics_factorial,physics_factorial-allen_cahn-silu-physics-s47-7f1bb06e91,0.3892126106727607,0.38827709915981046,0.0007947983329459687,silu,0.00996184030862576,0.013180741675404572,Q4,0.0011131269470685224,47,allen_cahn,physics
204,physics_factorial,physics_factorial-allen_cahn-silu-physics-s47-7f1bb06e91,0.42512691570694505,0.41877152055575684,0.0008946760316090264,silu,0.011201930586748583,0.015415300131925923,Q5,0.0013085038129781554,47,allen_cahn,physics
205,physics_factorial,physics_factorial-ieee118-ganr-no_physics-s11-e99704fa87,0.0012815212877709968,0.0013085881754753416,0.0002927015833276246,ganr,0.008046116156258202,0.010275914528649411,Q1,0.0004070966968039698,11,ieee118,no_physics
205,physics_factorial,physics_factorial-ieee118-ganr-no_physics-s11-e99704fa87,0.0017006979806648034,0.0016946894934823438,0.0002720232704645211,ganr,0.007467089806310722,0.009781498699742758,Q2,0.00039213189823851394,11,ieee118,no_physics
205,physics_factorial,physics_factorial-ieee118-ganr-no_physics-s11-e99704fa87,0.0021175907516254905,0.0021101348565217494,0.000273541809798733,ganr,0.0075296814953583445,0.009943738884486538,Q3,0.0003966577776216564,11,ieee118,no_physics
205,physics_factorial,physics_factorial-ieee118-ganr-no_physics-s11-e99704fa87,0.0026864059221111576,0.0026763420563608916,0.0002832897748848586,ganr,0.007763438328096016,0.01015272174863841,Q4,0.0004119860284213421,11,ieee118,no_physics
204,physics_factorial,physics_factorial-ieee118-ganr-no_physics-s11-e99704fa87,0.004140207552341843,0.003753599137773711,0.0002897060418292931,ganr,0.007843830998867188,0.010713311461383296,Q5,0.0004531149969122685,11,ieee118,no_physics
205,physics_factorial,physics_factorial-ieee118-ganr-no_physics-s29-6eb3f3c12f,0.0012815212877709968,0.0013085881754753416,0.000294679154376259,ganr,0.008084056493463101,0.010404383615345078,Q1,0.0004125249789931866,29,ieee118,no_physics
205,physics_factorial,physics_factorial-ieee118-ganr-no_physics-s29-6eb3f3c12f,0.0017006979806648034,0.0016946894934823438,0.0002774184680468147,ganr,0.00759309818514543,0.010013899182935979,Q2,0.0004036600928986011,29,ieee118,no_physics
205,physics_factorial,physics_factorial-ieee118-ganr-no_physics-s29-6eb3f3c12f,0.0021175907516254905,0.0021101348565217494,0.00027871338485563926,ganr,0.007640472520811022,0.010057017820186568,Q3,0.00040250901345487513,29,ieee118,no_physics
205,physics_factorial,physics_factorial-ieee118-ganr-no_physics-s29-6eb3f3c12f,0.0026864059221111576,0.0026763420563608916,0.000290978969242201,ganr,0.007954788517718773,0.010604030852402717,Q4,0.00043019951091751536,29,ieee118,no_physics
204,physics_factorial,physics_factorial-ieee118-ganr-no_physics-s29-6eb3f3c12f,0.004140207552341843,0.003753599137773711,0.0002824280857310509,ganr,0.007684113959177936,0.010463433735369447,Q5,0.00043927035359081495,29,ieee118,no_physics
205,physics_factorial,physics_factorial-ieee118-ganr-no_physics-s47-d6ec341c90,0.0012815212877709968,0.0013085881754753416,0.0002982916657184619,ganr,0.008178824648034431,0.01047003839302997,Q1,0.0004175747764227573,47,ieee118,no_physics
205,physics_factorial,physics_factorial-ieee118-ganr-no_physics-s47-d6ec341c90,0.0017006979806648034,0.0016946894934823438,0.0002795374003570094,ganr,0.00764451646849795,0.01001951538386732,Q2,0.0004044104750353037,47,ieee118,no_physics
205,physics_factorial,physics_factorial-ieee118-ganr-no_physics-s47-d6ec341c90,0.0021175907516254905,0.0021101348565217494,0.0002737307597833071,ganr,0.0075093722640374614,0.009985341528807201,Q3,0.00039983926748782077,47,ieee118,no_physics
205,physics_factorial,physics_factorial-ieee118-ganr-no_physics-s47-d6ec341c90,0.0026864059221111576,0.0026763420563608916,0.0002827591546245589,ganr,0.007744644363288463,0.010254846962038882,Q4,0.000415572978051625,47,ieee118,no_physics
204,physics_factorial,physics_factorial-ieee118-ganr-no_physics-s47-d6ec341c90,0.004140207552341843,0.003753599137773711,0.0002890404929667163,ganr,0.007847604760574705,0.010756719142554265,Q5,0.0004502750685801273,47,ieee118,no_physics
205,physics_factorial,physics_factorial-ieee118-ganr-physics-s11-3afd646618,0.0012815212877709968,0.0013085881754753416,1.1007691777709037e-05,ganr,0.0002480264200663087,0.0004039152941261277,Q1,3.529275564889295e-05,11,ieee118,physics
205,physics_factorial,physics_factorial-ieee118-ganr-physics-s11-3afd646618,0.0017006979806648034,0.0016946894934823438,1.0738819685407575e-05,ganr,0.0002435923129523553,0.0003992071925094796,Q2,3.542814107382445e-05,11,ieee118,physics
205,physics_factorial,physics_factorial-ieee118-ganr-physics-s11-3afd646618,0.0021175907516254905,0.0021101348565217494,1.1107143382768866e-05,ganr,0.00025074995981291267,0.00042076776436196115,Q3,3.981660144807764e-05,11,ieee118,physics
205,physics_factorial,physics_factorial-ieee118-ganr-physics-s11-3afd646618,0.0026864059221111576,0.0026763420563608916,1.118007809843031e-05,ganr,0.00025716558170003917,0.0004704553243238915,Q4,4.380557429490821e-05,11,ieee118,physics
204,physics_factorial,physics_factorial-ieee118-ganr-physics-s11-3afd646618,0.004140207552341843,0.003753599137773711,1.416116768781056e-05,ganr,0.0002845159471371111,0.0006301566642148333,Q5,7.33000663965224e-05,11,ieee118,physics
205,physics_factorial,physics_factorial-ieee118-ganr-physics-s29-1198239c50,0.0012815212877709968,0.0013085881754753416,1.1018793271845456e-05,ganr,0.00026591043272368556,0.00044319475867656016,Q1,3.312144352881691e-05,29,ieee118,physics
205,physics_factorial,physics_factorial-ieee118-ganr-physics-s29-1198239c50,0.0017006979806648034,0.0016946894934823438,1.1198292372611673e-05,ganr,0.00026630570377606086,0.0004499322544923559,Q2,3.61258485458144e-05,29,ieee118,physics
205,physics_factorial,physics_factorial-ieee118-ganr-physics-s29-1198239c50,0.0021175907516254905,0.0021101348565217494,1.1650856831480742e-05,ganr,0.00026165387896859597,0.0004786213589759809,Q3,4.635207109983199e-05,29,ieee118,physics
205,physics_factorial,physics_factorial-ieee118-ganr-physics-s29-1198239c50,0.0026864059221111576,0.0026763420563608916,1.3759472806408845e-05,ganr,0.00029424605140928624,0.0006082541099108839,Q4,6.135395113123555e-05,29,ieee118,physics
204,physics_factorial,physics_factorial-ieee118-ganr-physics-s29-1198239c50,0.004140207552341843,0.003753599137773711,1.6870412325517967e-05,ganr,0.00030015198194172055,0.0008493495087672018,Q5,0.00010567599159594348,29,ieee118,physics
205,physics_factorial,physics_factorial-ieee118-ganr-physics-s47-e1da167db9,0.0012815212877709968,0.0013085881754753416,1.1836868865176326e-05,ganr,0.0002866473558143658,0.0004289712215710474,Q1,3.0481245856196873e-05,47,ieee118,physics
205,physics_factorial,physics_factorial-ieee118-ganr-physics-s47-e1da167db9,0.0017006979806648034,0.0016946894934823438,1.1950214834787366e-05,ganr,0.00028596933724467187,0.0004414882018238931,Q2,3.364084812995028e-05,47,ieee118,physics
205,physics_factorial,physics_factorial-ieee118-ganr-physics-s47-e1da167db9,0.0021175907516254905,0.0021101348565217494,1.2092821372777197e-05,ganr,0.0002748973771963709,0.0004614573579716611,Q3,4.2836251615321475e-05,47,ieee118,physics
205,physics_factorial,physics_factorial-ieee118-ganr-physics-s47-e1da167db9,0.0026864059221111576,0.0026763420563608916,1.4448223799074522e-05,ganr,0.00031294362435016655,0.0005945623084570582,Q4,5.840354791862314e-05,47,ieee118,physics
204,physics_factorial,physics_factorial-ieee118-ganr-physics-s47-e1da167db9,0.004140207552341843,0.003753599137773711,1.702448613981186e-05,ganr,0.0003159810442479154,0.0007966795328667682,Q5,9.695971923307142e-05,47,ieee118,physics
205,physics_factorial,physics_factorial-ieee118-silu-no_physics-s11-c81279ce2d,0.0012815212877709968,0.0013085881754753416,0.00029491773886964245,silu,0.008094270323243702,0.010355139752076773,Q1,0.00040980462611230105,11,ieee118,no_physics
205,physics_factorial,physics_factorial-ieee118-silu-no_physics-s11-c81279ce2d,0.0017006979806648034,0.0016946894934823438,0.0002668169184336791,silu,0.007313346691524238,0.009588265586130252,Q2,0.000384987869848448,11,ieee118,no_physics
205,physics_factorial,physics_factorial-ieee118-silu-no_physics-s11-c81279ce2d,0.0021175907516254905,0.0021101348565217494,0.0002746070881988455,silu,0.007552823676231279,0.0099047450987852,Q3,0.0003932171873857719,11,ieee118,no_physics
205,physics_factorial,physics_factorial-ieee118-silu-no_physics-s11-c81279ce2d,0.0026864059221111576,0.0026763420563608916,0.00028235311104568464,silu,0.007722101665479242,0.009993521670241748,Q4,0.00040357687659935083,11,ieee118,no_physics
204,physics_factorial,physics_factorial-ieee118-silu-no_physics-s11-c81279ce2d,0.004140207552341843,0.003753599137773711,0.0002837327608527095,silu,0.0076902319723996145,0.010399112626681636,Q5,0.0004320504464342798,11,ieee118,no_physics
205,physics_factorial,physics_factorial-ieee118-silu-no_physics-s29-84efa60875,0.0012815212877709968,0.0013085881754753416,0.00029429584736619666,silu,0.008087287648145671,0.01038124101101177,Q1,0.0004097588739976703,29,ieee118,no_physics
205,physics_factorial,physics_factorial-ieee118-silu-no_physics-s29-84efa60875,0.0017006979806648034,0.0016946894934823438,0.0002704797309756669,silu,0.007415651570488789,0.009721870022629123,Q2,0.00038984244764077183,29,ieee118,no_physics
205,physics_factorial,physics_factorial-ieee118-silu-no_physics-s29-84efa60875,0.0021175907516254905,0.0021101348565217494,0.00027612597592151553,silu,0.007595561032096945,0.009951379345911445,Q3,0.00039456542422611256,29,ieee118,no_physics
205,physics_factorial,physics_factorial-ieee118-silu-no_physics-s29-84efa60875,0.0026864059221111576,0.0026763420563608916,0.00028320495289825776,silu,0.007746354802209316,0.010061443183429677,Q4,0.00040595602802070795,29,ieee118,no_physics
204,physics_factorial,physics_factorial-ieee118-silu-no_physics-s29-84efa60875,0.004140207552341843,0.003753599137773711,0.0002876066968045124,silu,0.007799356644887398,0.01055120320243846,Q5,0.00043799166472869406,29,ieee118,no_physics
205,physics_factorial,physics_factorial-ieee118-silu-no_physics-s47-cf70ae18d7,0.0012815212877709968,0.0013085881754753416,0.00029182193901256014,silu,0.007994960571319418,0.010284875751231147,Q1,0.0004086134914423374,47,ieee118,no_physics
205,physics_factorial,physics_factorial-ieee118-silu-no_physics-s47-cf70ae18d7,0.0017006979806648034,0.0016946894934823438,0.00026636280446514117,silu,0.0072885896723552035,0.009610834232043017,Q2,0.00038703568079044446,47,ieee118,no_physics
205,physics_factorial,physics_factorial-ieee118-silu-no_physics-s47-cf70ae18d7,0.0021175907516254905,0.0021101348565217494,0.0002724921715595813,silu,0.007483090586431504,0.009815523399558617,Q3,0.000391298409900844,47,ieee118,no_physics
205,physics_factorial,physics_factorial-ieee118-silu-no_physics-s47-cf70ae18d7,0.0026864059221111576,0.0026763420563608916,0.00028051995706024644,silu,0.007662922602215668,0.009933082656378149,Q4,0.0004022839824322953,47,ieee118,no_physics
204,physics_factorial,physics_factorial-ieee118-silu-no_physics-s47-cf70ae18d7,0.004140207552341843,0.003753599137773711,0.0002855187023324443,silu,0.007733071905304048,0.010430555270601433,Q5,0.0004341543441229913,47,ieee118,no_physics
205,physics_factorial,physics_factorial-ieee118-silu-physics-s11-3fca082dd2,0.0012815212877709968,0.0013085881754753416,7.646164797773572e-05,silu,0.0020772060567762238,0.0026468328760581718,Q1,0.00010736354225842929,11,ieee118,physics
205,physics_factorial,physics_factorial-ieee118-silu-physics-s11-3fca082dd2,0.0017006979806648034,0.0016946894934823438,7.621675921696111e-05,silu,0.0020783065053951227,0.002662008404937048,Q2,0.00010862197903154015,11,ieee118,physics
205,physics_factorial,physics_factorial-ieee118-silu-physics-s11-3fca082dd2,0.0021175907516254905,0.0021101348565217494,7.406011438068996e-05,silu,0.002013688396029413,0.002578967456013064,Q3,0.00010575470653717216,11,ieee118,physics
205,physics_factorial,physics_factorial-ieee118-silu-physics-s11-3fca082dd2,0.0026864059221111576,0.0026763420563608916,7.492468862070949e-05,silu,0.002041536206943611,0.002590705831438671,Q4,0.00010539462274291804,11,ieee118,physics
204,physics_factorial,physics_factorial-ieee118-silu-physics-s11-3fca082dd2,0.004140207552341843,0.003753599137773711,7.664992697659427e-05,silu,0.00207827783450475,0.0026613994710211076,Q5,0.00011327013107286115,11,ieee118,physics
205,physics_factorial,physics_factorial-ieee118-silu-physics-s29-c7ba2eaaa6,0.0012815212877709968,0.0013085881754753416,7.667631826558822e-05,silu,0.0020835100183456937,0.002658474744762302,Q1,0.00010805424825472176,29,ieee118,physics
205,physics_factorial,physics_factorial-ieee118-silu-physics-s29-c7ba2eaaa6,0.0017006979806648034,0.0016946894934823438,7.640919126614151e-05,silu,0.002082285778359436,0.002668567980068154,Q2,0.0001088303041062769,29,ieee118,physics
205,physics_factorial,physics_factorial-ieee118-silu-physics-s29-c7ba2eaaa6,0.0021175907516254905,0.0021101348565217494,7.409533028006773e-05,silu,0.0020143137174903547,0.002582130776565385,Q3,0.00010600601154214522,29,ieee118,physics
205,physics_factorial,physics_factorial-ieee118-silu-physics-s29-c7ba2eaaa6,0.0026864059221111576,0.0026763420563608916,7.504391341137172e-05,silu,0.0020482249426365846,0.0025997559735719453,Q4,0.00010544668068372002,29,ieee118,physics
204,physics_factorial,physics_factorial-ieee118-silu-physics-s29-c7ba2eaaa6,0.004140207552341843,0.003753599137773711,7.680066401353549e-05,silu,0.002086774450198864,0.0026729032771426885,Q5,0.000113104496158597,29,ieee118,physics
205,physics_factorial,physics_factorial-ieee118-silu-physics-s47-de6d7ca6a5,0.0012815212877709968,0.0013085881754753416,7.676145491877541e-05,silu,0.0020862435162047207,0.0026634408930557183,Q1,0.00010830902224733589,47,ieee118,physics
205,physics_factorial,physics_factorial-ieee118-silu-physics-s47-de6d7ca6a5,0.0017006979806648034,0.0016946894934823438,7.668144008361719e-05,silu,0.002088644777958285,0.0026766550195585076,Q2,0.00010922364433715398,47,ieee118,physics
205,physics_factorial,physics_factorial-ieee118-silu-physics-s47-de6d7ca6a5,0.0021175907516254905,0.0021101348565217494,7.446935463887698e-05,silu,0.002023981241568504,0.002593585341835795,Q3,0.00010643882700732226,47,ieee118,physics
205,physics_factorial,physics_factorial-ieee118-silu-physics-s47-de6d7ca6a5,0.0026864059221111576,0.0026763420563608916,7.520780428716302e-05,silu,0.002050473489879696,0.002604268020403811,Q4,0.00010590005914229756,47,ieee118,physics
204,physics_factorial,physics_factorial-ieee118-silu-physics-s47-de6d7ca6a5,0.004140207552341843,0.003753599137773711,7.669339737108492e-05,silu,0.002081954909982681,0.002666184886021003,Q5,0.00011276313499963066,47,ieee118,physics
205,physics_factorial,physics_factorial-shallow_water-ganr-no_physics-s11-9b779cf0ec,0.2562744330627637,0.25688720201974835,0.00026622911203508573,ganr,0.008890193808203996,0.012052778519192486,Q1,0.0003695619105441602,11,shallow_water,no_physics
205,physics_factorial,physics_factorial-shallow_water-ganr-no_physics-s11-9b779cf0ec,0.2614559025628887,0.261565787691725,0.00025639010452702723,ganr,0.008566007184707696,0.011498830589556535,Q2,0.00035205740257276106,11,shallow_water,no_physics
205,physics_factorial,physics_factorial-shallow_water-ganr-no_physics-s11-9b779cf0ec,0.26453743697912835,0.2645718363319691,0.0002624815774744886,ganr,0.008765349633089899,0.011778761918973998,Q3,0.0003608822195217694,11,shallow_water,no_physics
205,physics_factorial,physics_factorial-shallow_water-ganr-no_physics-s11-9b779cf0ec,0.26789858341959866,0.26787509952338057,0.00024197606140514803,ganr,0.008082677321535649,0.010678712748119656,Q4,0.00032691780452555493,11,shallow_water,no_physics
204,physics_factorial,physics_factorial-shallow_water-ganr-no_physics-s11-9b779cf0ec,0.2735198895747848,0.2728809760975131,0.000228892514206045,ganr,0.0076435612567875184,0.010071981979821268,Q5,0.00030848147219534824,11,shallow_water,no_physics
205,physics_factorial,physics_factorial-shallow_water-ganr-no_physics-s29-8e97a2b2fc,0.2562744330627637,0.25688720201974835,0.000268024433917024,ganr,0.008949093182303688,0.012137828587247797,Q1,0.0003722165919820328,29,shallow_water,no_physics
205,physics_factorial,physics_factorial-shallow_water-ganr-no_physics-s29-8e97a2b2fc,0.2614559025628887,0.261565787691725,0.00025847558592592543,ganr,0.008635578479541325,0.011600901372585614,Q2,0.0003552296085428152,29,shallow_water,no_physics
205,physics_factorial,physics_factorial-shallow_water-ganr-no_physics-s29-8e97a2b2fc,0.26453743697912835,0.2645718363319691,0.0002637931985827375,ganr,0.00881088187951307,0.011839530508491023,Q3,0.0003626894853933455,29,shallow_water,no_physics
205,physics_factorial,physics_factorial-shallow_water-ganr-no_physics-s29-8e97a2b2fc,0.26789858341959866,0.26787509952338057,0.0002436707627324944,ganr,0.00813751585166505,0.010779874073404456,Q4,0.00033020105672521704,29,shallow_water,no_physics
204,physics_factorial,physics_factorial-shallow_water-ganr-no_physics-s29-8e97a2b2fc,0.2735198895747848,0.2728809760975131,0.00022910404397299367,ganr,0.007650424757418992,0.010091920130690412,Q5,0.00030908684428566506,29,shallow_water,no_physics
205,physics_factorial,physics_factorial-shallow_water-ganr-no_physics-s47-15a34dba79,0.2562744330627637,0.25688720201974835,0.00026187053276032916,ganr,0.008744446918080758,0.01181500967022092,Q1,0.00036213284221262856,47,shallow_water,no_physics
205,physics_factorial,physics_factorial-shallow_water-ganr-no_physics-s47-15a34dba79,0.2614559025628887,0.261565787691725,0.0002524151389050708,ganr,0.008435031748248568,0.011310454085086548,Q2,0.00034618777862956623,47,shallow_water,no_physics
205,physics_factorial,physics_factorial-shallow_water-ganr-no_physics-s47-15a34dba79,0.26453743697912835,0.2645718363319691,0.0002588439304367146,ganr,0.008644085997677527,0.011592813474770309,Q3,0.00035511870626155534,47,shallow_water,no_physics
205,physics_factorial,physics_factorial-shallow_water-ganr-no_physics-s47-15a34dba79,0.26789858341959866,0.26787509952338057,0.00023986637509930173,ganr,0.008012597345244276,0.010561170379747385,Q4,0.0003233120626411332,47,shallow_water,no_physics
204,physics_factorial,physics_factorial-shallow_water-ganr-no_physics-s47-15a34dba79,0.2735198895747848,0.2728809760975131,0.00022676208114704132,ganr,0.007569346452531119,0.009944213977989428,Q5,0.0003047658215865318,47,shallow_water,no_physics
205,physics_factorial,physics_factorial-shallow_water-ganr-physics-s11-62789bc33d,0.2562744330627637,0.25688720201974835,0.00013996860315995267,ganr,0.0046184953327467184,0.005861427416034848,Q1,0.00018388841335383567,11,shallow_water,physics
205,physics_factorial,physics_factorial-shallow_water-ganr-physics-s11-62789bc33d,0.2614559025628887,0.261565787691725,0.00014050938641620232,ganr,0.004641349880506041,0.005902445354722224,Q2,0.0001847755674954635,11,shallow_water,physics
205,physics_factorial,physics_factorial-shallow_water-ganr-physics-s11-62789bc33d,0.26453743697912835,0.2645718363319691,0.00014203749308451657,ganr,0.004684539721821583,0.005959471469303894,Q3,0.00018713550571840991,11,shallow_water,physics
205,physics_factorial,physics_factorial-shallow_water-ganr-physics-s11-62789bc33d,0.26789858341959866,0.26787509952338057,0.00013991690941435745,ganr,0.004616618032810214,0.0058508276392826375,Q4,0.00018340894322241147,11,shallow_water,physics
204,physics_factorial,physics_factorial-shallow_water-ganr-physics-s11-62789bc33d,0.2735198895747848,0.2728809760975131,0.00013735566912639722,ganr,0.0045332788916742995,0.005746077270973821,Q5,0.00018023961964451043,11,shallow_water,physics
205,physics_factorial,physics_factorial-shallow_water-ganr-physics-s29-3b2f103890,0.2562744330627637,0.25688720201974835,0.00013968962260502854,ganr,0.004611444465533252,0.005849881227526982,Q1,0.00018336072757423356,29,shallow_water,physics
205,physics_factorial,physics_factorial-shallow_water-ganr-physics-s29-3b2f103890,0.2614559025628887,0.261565787691725,0.00014031457864834053,ganr,0.004635980617135825,0.005893712603808255,Q2,0.00018440340360867396,29,shallow_water,physics
205,physics_factorial,physics_factorial-shallow_water-ganr-physics-s29-3b2f103890,0.26453743697912835,0.2645718363319691,0.0001416752763596619,ganr,0.004674195078357087,0.0059485147368451945,Q3,0.00018663743783643057,29,shallow_water,physics
205,physics_factorial,physics_factorial-shallow_water-ganr-physics-s29-3b2f103890,0.26789858341959866,0.26787509952338057,0.00013969028714537864,ganr,0.004609994728104972,0.00584010767143286,Q4,0.00018297224873741296,29,shallow_water,physics
204,physics_factorial,physics_factorial-shallow_water-ganr-physics-s29-3b2f103890,0.2735198895747848,0.2728809760975131,0.00013700538942356796,ganr,0.004524919750340981,0.005733931367700754,Q5,0.000179669064337143,29,shallow_water,physics
205,physics_factorial,physics_factorial-shallow_water-ganr-physics-s47-1c4025fb41,0.2562744330627637,0.25688720201974835,0.00013891917370273697,ganr,0.0045855176183847894,0.005817603852932171,Q1,0.0001824266742991922,47,shallow_water,physics
205,physics_factorial,physics_factorial-shallow_water-ganr-physics-s47-1c4025fb41,0.2614559025628887,0.261565787691725,0.00013968808703965774,ganr,0.004614458758685905,0.005865223575243428,Q2,0.00018360053679656774,47,shallow_water,physics
205,physics_factorial,physics_factorial-shallow_water-ganr-physics-s47-1c4025fb41,0.26453743697912835,0.2645718363319691,0.00014092628355180211,ganr,0.004649612762194171,0.005912881757049736,Q3,0.00018555222741609162,47,shallow_water,physics
205,physics_factorial,physics_factorial-shallow_water-ganr-physics-s47-1c4025fb41,0.26789858341959866,0.26787509952338057,0.00013898832929166175,ganr,0.0045866394587698615,0.005815531015205799,Q4,0.0001822623535736779,47,shallow_water,physics
204,physics_factorial,physics_factorial-shallow_water-ganr-physics-s47-1c4025fb41,0.2735198895747848,0.2728809760975131,0.000136740251103589,ganr,0.00451495967876957,0.005717451870563577,Q5,0.0001792013576593057,47,shallow_water,physics
205,physics_factorial,physics_factorial-shallow_water-silu-no_physics-s11-b131d18cef,0.2562744330627637,0.25688720201974835,0.00026417823703696786,silu,0.00882062674274107,0.011936869470501859,Q1,0.0003661621505853589,11,shallow_water,no_physics
205,physics_factorial,physics_factorial-shallow_water-silu-no_physics-s11-b131d18cef,0.2614559025628887,0.261565787691725,0.00025321681917535386,silu,0.008456995762009872,0.011322868978383109,Q2,0.0003469600604603929,11,shallow_water,no_physics
205,physics_factorial,physics_factorial-shallow_water-silu-no_physics-s11-b131d18cef,0.26453743697912835,0.2645718363319691,0.0002606880262416411,silu,0.008705039117619115,0.011682868967689712,Q3,0.0003582205708345115,11,shallow_water,no_physics
205,physics_factorial,physics_factorial-shallow_water-silu-no_physics-s11-b131d18cef,0.26789858341959866,0.26787509952338057,0.0002421028013343987,silu,0.008088796377155451,0.010713981461999113,Q4,0.0003280326733669295,11,shallow_water,no_physics
204,physics_factorial,physics_factorial-shallow_water-silu-no_physics-s11-b131d18cef,0.2735198895747848,0.2728809760975131,0.00022683344327673703,silu,0.007576734004561884,0.009980992911815454,Q5,0.0003056319508282338,11,shallow_water,no_physics
205,physics_factorial,physics_factorial-shallow_water-silu-no_physics-s29-8dc3ec76fe,0.2562744330627637,0.25688720201974835,0.0002628509875224599,silu,0.008773445728348525,0.01185998758205644,Q1,0.00036396850885947105,29,shallow_water,no_physics
205,physics_factorial,physics_factorial-shallow_water-silu-no_physics-s29-8dc3ec76fe,0.2614559025628887,0.261565787691725,0.0002527322011434146,silu,0.00844260533213789,0.011299717259926475,Q2,0.00034618193874290127,29,shallow_water,no_physics
205,physics_factorial,physics_factorial-shallow_water-silu-no_physics-s29-8dc3ec76fe,0.26453743697912835,0.2645718363319691,0.0002601887724920754,silu,0.008687933976087263,0.011650544708504415,Q3,0.0003572667088578572,29,shallow_water,no_physics
205,physics_factorial,physics_factorial-shallow_water-silu-no_physics-s29-8dc3ec76fe,0.26789858341959866,0.26787509952338057,0.00024232061471421903,silu,0.008094847118315983,0.010714460331661332,Q4,0.00032821229706985893,29,shallow_water,no_physics
204,physics_factorial,physics_factorial-shallow_water-silu-no_physics-s29-8dc3ec76fe,0.2735198895747848,0.2728809760975131,0.0002263342045312646,silu,0.007562531165608426,0.00996341850088584,Q5,0.00030505879771537995,29,shallow_water,no_physics
205,physics_factorial,physics_factorial-shallow_water-silu-no_physics-s47-0ab89073be,0.2562744330627637,0.25688720201974835,0.00025825692613754285,silu,0.008620606554278452,0.011621450078939024,Q1,0.0003565287150882171,47,shallow_water,no_physics
205,physics_factorial,physics_factorial-shallow_water-silu-no_physics-s47-0ab89073be,0.2614559025628887,0.261565787691725,0.000248181345078994,silu,0.008289156417132106,0.011071634862443705,Q2,0.0003393125000483686,47,shallow_water,no_physics
205,physics_factorial,physics_factorial-shallow_water-silu-no_physics-s47-0ab89073be,0.26453743697912835,0.2645718363319691,0.0002557518189487695,silu,0.008536970167290454,0.011422253526985119,Q3,0.00035043815185317273,47,shallow_water,no_physics
205,physics_factorial,physics_factorial-shallow_water-silu-no_physics-s47-0ab89073be,0.26789858341959866,0.26787509952338057,0.0002394860820175414,silu,0.007999421075766207,0.010543911069546736,Q4,0.00032307153732670095,47,shallow_water,no_physics
204,physics_factorial,physics_factorial-shallow_water-silu-no_physics-s47-0ab89073be,0.2735198895747848,0.2728809760975131,0.000224248981925716,silu,0.007487820258311875,0.009822030819461097,Q5,0.00030104820290447365,47,shallow_water,no_physics
205,physics_factorial,physics_factorial-shallow_water-silu-physics-s11-bb882638a2,0.2562744330627637,0.25688720201974835,0.00014371088828980824,silu,0.004738937072253733,0.0060192324516011924,Q1,0.00018919173762882102,11,shallow_water,physics
205,physics_factorial,physics_factorial-shallow_water-silu-physics-s11-bb882638a2,0.2614559025628887,0.261565787691725,0.00014395063808200675,silu,0.004751033706996705,0.0060465004944121456,Q2,0.00018957719506113838,11,shallow_water,physics
205,physics_factorial,physics_factorial-shallow_water-silu-physics-s11-bb882638a2,0.26453743697912835,0.2645718363319691,0.00014530119601802578,silu,0.0047884911170761905,0.006092701839873439,Q3,0.00019159949825203645,11,shallow_water,physics
205,physics_factorial,physics_factorial-shallow_water-silu-physics-s11-bb882638a2,0.26789858341959866,0.26787509952338057,0.00014282402329738185,silu,0.004710352975026234,0.0059748085507851266,Q4,0.00018749113151510894,11,shallow_water,physics
204,physics_factorial,physics_factorial-shallow_water-silu-physics-s11-bb882638a2,0.2735198895747848,0.2728809760975131,0.00013947894608761245,silu,0.004601850575851284,0.005836547740804367,Q5,0.00018322888035135945,11,shallow_water,physics
205,physics_factorial,physics_factorial-shallow_water-silu-physics-s29-6bf8cf68a9,0.2562744330627637,0.25688720201974835,0.0001434348808917831,silu,0.004730596874280559,0.00600723135804379,Q1,0.0001887346973398975,29,shallow_water,physics
205,physics_factorial,physics_factorial-shallow_water-silu-physics-s29-6bf8cf68a9,0.2614559025628887,0.261565787691725,0.00014390266002579916,silu,0.004749378238836319,0.006041706668236927,Q2,0.00018940271107403556,29,shallow_water,physics
205,physics_factorial,physics_factorial-shallow_water-silu-physics-s29-6bf8cf68a9,0.26453743697912835,0.2645718363319691,0.000145051576867709,silu,0.0047808742021758594,0.0060845878548752225,Q3,0.00019125767111941944,29,shallow_water,physics
205,physics_factorial,physics_factorial-shallow_water-silu-physics-s29-6bf8cf68a9,0.26789858341959866,0.26787509952338057,0.0001427254418566065,silu,0.004707989443519115,0.005968802633084196,Q4,0.0001871922995264267,29,shallow_water,physics
204,physics_factorial,physics_factorial-shallow_water-silu-physics-s29-6bf8cf68a9,0.2735198895747848,0.2728809760975131,0.00013940310006986724,silu,0.004601554567482032,0.005832547944157656,Q5,0.0001829717385218866,29,shallow_water,physics
205,physics_factorial,physics_factorial-shallow_water-silu-physics-s47-e37bd9c5e2,0.2562744330627637,0.25688720201974835,0.00014264221550888405,silu,0.004704351474823246,0.005973786265511535,Q1,0.00018773251563243798,47,shallow_water,physics
205,physics_factorial,physics_factorial-shallow_water-silu-physics-s47-e37bd9c5e2,0.2614559025628887,0.261565787691725,0.000143008251251261,silu,0.004719802899998428,0.0060062005371472995,Q2,0.00018832084865825135,47,shallow_water,physics
205,physics_factorial,physics_factorial-shallow_water-silu-physics-s47-e37bd9c5e2,0.26453743697912835,0.2645718363319691,0.0001442365622841648,silu,0.0047539647527946515,0.006049568901740525,Q3,0.00019019936672117353,47,shallow_water,physics
205,physics_factorial,physics_factorial-shallow_water-silu-physics-s47-e37bd9c5e2,0.26789858341959866,0.26787509952338057,0.0001419969631869939,silu,0.004683345257381656,0.0059419330735262154,Q4,0.00018644746942216012,47,shallow_water,physics
204,physics_factorial,physics_factorial-shallow_water-silu-physics-s47-e37bd9c5e2,0.2735198895747848,0.2728809760975131,0.0001390257489160399,silu,0.0045881656612532865,0.0058156724080712305,Q5,0.00018245411346447672,47,shallow_water,physics
205,scale_depth,scale_depth-controlled-silu-depth_2-s11-3bba68cd1d,0.7764876122729089,0.8068831193247231,0.0028390893425150753,silu,0.011628877572204608,0.015006578980665703,Q1,0.0036765803943990586,11,controlled,depth_2
205,scale_depth,scale_depth-controlled-silu-depth_2-s11-3bba68cd1d,1.06765522781564,1.0625333979207605,0.002979863556607242,silu,0.012182279791818617,0.015768317702078025,Q2,0.003827912396558071,11,controlled,depth_2
205,scale_depth,scale_depth-controlled-silu-depth_2-s11-3bba68cd1d,1.3428245757799175,1.346289299189377,0.0031366165159009297,silu,0.012823719353889589,0.016504231567775966,Q3,0.004047358920346256,11,controlled,depth_2
205,scale_depth,scale_depth-controlled-silu-depth_2-s11-3bba68cd1d,1.7028536807005983,1.6995566744979378,0.003311510891106126,silu,0.013446415608035962,0.017725948300288997,Q4,0.004344838349481516,11,controlled,depth_2
204,scale_depth,scale_depth-controlled-silu-depth_2-s11-3bba68cd1d,2.317556710370039,2.225380500755246,0.0032695850822606455,silu,0.01335286247689326,0.01716335241721767,Q5,0.004208938417813481,11,controlled,depth_2
205,scale_depth,scale_depth-controlled-silu-depth_4-s11-011955ddc1,0.7764876122729089,0.8068831193247231,0.002269919306215853,silu,0.009267248243449594,0.01196269422686033,Q1,0.002963661107538674,11,controlled,depth_4
205,scale_depth,scale_depth-controlled-silu-depth_4-s11-011955ddc1,1.06765522781564,1.0625333979207605,0.002356509963121381,silu,0.009694987241624733,0.012540726531391514,Q2,0.003015161616571644,11,controlled,depth_4
205,scale_depth,scale_depth-controlled-silu-depth_4-s11-011955ddc1,1.3428245757799175,1.346289299189377,0.002342334740516402,silu,0.009600451181547938,0.012495810618736676,Q3,0.003030643309690979,11,controlled,depth_4
205,scale_depth,scale_depth-controlled-silu-depth_4-s11-011955ddc1,1.7028536807005983,1.6995566744979378,0.0024317422143966968,silu,0.009895686037356195,0.013041202514792533,Q4,0.00318121708130618,11,controlled,depth_4
204,scale_depth,scale_depth-controlled-silu-depth_4-s11-011955ddc1,2.317556710370039,2.225380500755246,0.0024672681599382735,silu,0.010088057750790717,0.012863752913386052,Q5,0.0031340442828929962,11,controlled,depth_4
205,scale_depth,scale_depth-controlled-silu-depth_8-s11-97e76f19d1,0.7764876122729089,0.8068831193247231,0.0018935753704792616,silu,0.007858046604433398,0.010203883349289516,Q1,0.0024385037382660926,11,controlled,depth_8
205,scale_depth,scale_depth-controlled-silu-depth_8-s11-97e76f19d1,1.06765522781564,1.0625333979207605,0.0019237658688769266,silu,0.008034232912700561,0.01048374537817469,Q2,0.0024488169290165524,11,controlled,depth_8
205,scale_depth,scale_depth-controlled-silu-depth_8-s11-97e76f19d1,1.3428245757799175,1.346289299189377,0.0019466130122786924,silu,0.008136065331632516,0.010606607250182792,Q3,0.0024718468164778434,11,controlled,depth_8
205,scale_depth,scale_depth-controlled-silu-depth_8-s11-97e76f19d1,1.7028536807005983,1.6995566744979378,0.0018962727510148487,silu,0.007851714257366147,0.01056169836218668,Q4,0.002481527368939295,11,controlled,depth_8
204,scale_depth,scale_depth-controlled-silu-depth_8-s11-97e76f19d1,2.317556710370039,2.225380500755246,0.001892050824454493,silu,0.00786869027258534,0.01011569417833679,Q5,0.0023753084635366037,11,controlled,depth_8
205,scale_samples,scale_samples-controlled-silu-samples_10000-s11-f48d2f51b4,0.7768779040733713,0.8080005899388077,0.002385116747059439,silu,0.009742677843498134,0.012570834709786044,Q1,0.0031083885093759205,11,controlled,samples_10000
205,scale_samples,scale_samples-controlled-silu-samples_10000-s11-f48d2f51b4,1.0687267945355818,1.0650784861706213,0.0024379879448621603,silu,0.010040132551220524,0.013049576140986431,Q2,0.0031396656689090404,11,controlled,samples_10000
205,scale_samples,scale_samples-controlled-silu-samples_10000-s11-f48d2f51b4,1.3444707696426474,1.3493793338357816,0.002470923559769467,silu,0.010107846372000335,0.013076072313204104,Q3,0.003181742070077387,11,controlled,samples_10000
205,scale_samples,scale_samples-controlled-silu-samples_10000-s11-f48d2f51b4,1.7059904222449696,1.703387049906616,0.0025418536142130573,silu,0.010321835019854467,0.013546902863417202,Q4,0.0033242375529733965,11,controlled,samples_10000
204,scale_samples,scale_samples-controlled-silu-samples_10000-s11-f48d2f51b4,2.3230536846385665,2.229380903103534,0.0026063886818372553,silu,0.010659361677398995,0.013645837935097055,Q5,0.0033356048444004556,11,controlled,samples_10000
205,scale_samples,scale_samples-controlled-silu-samples_100000-s11-d066b471ec,0.7764876122729089,0.8068831193247231,0.002269919306215853,silu,0.009267248243449594,0.01196269422686033,Q1,0.002963661107538674,11,controlled,samples_100000
205,scale_samples,scale_samples-controlled-silu-samples_100000-s11-d066b471ec,1.06765522781564,1.0625333979207605,0.002356509963121381,silu,0.009694987241624733,0.012540726531391514,Q2,0.003015161616571644,11,controlled,samples_100000
205,scale_samples,scale_samples-controlled-silu-samples_100000-s11-d066b471ec,1.3428245757799175,1.346289299189377,0.002342334740516402,silu,0.009600451181547938,0.012495810618736676,Q3,0.003030643309690979,11,controlled,samples_100000
205,scale_samples,scale_samples-controlled-silu-samples_100000-s11-d066b471ec,1.7028536807005983,1.6995566744979378,0.0024317422143966968,silu,0.009895686037356195,0.013041202514792533,Q4,0.00318121708130618,11,controlled,samples_100000
204,scale_samples,scale_samples-controlled-silu-samples_100000-s11-d066b471ec,2.317556710370039,2.225380500755246,0.0024672681599382735,silu,0.010088057750790717,0.012863752913386052,Q5,0.0031340442828929962,11,controlled,samples_100000
205,scale_samples,scale_samples-controlled-silu-samples_1000000-s11-baafb2dd4f,0.7760343399022451,0.8073329010319708,0.0015142650092900844,silu,0.006196740178339196,0.007952975112762259,Q1,0.0019480238378228993,11,controlled,samples_1000000
205,scale_samples,scale_samples-controlled-silu-samples_1000000-s11-baafb2dd4f,1.0675218367719836,1.0629278831630193,0.0015349988621692762,silu,0.006319829874271106,0.008258446427286936,Q2,0.001985570365586197,11,controlled,samples_1000000
205,scale_samples,scale_samples-controlled-silu-samples_1000000-s11-baafb2dd4f,1.343148493361689,1.3462116474946995,0.001536832343618898,silu,0.006272090772715018,0.008121471735765691,Q3,0.0019877655634052407,11,controlled,samples_1000000
205,scale_samples,scale_samples-controlled-silu-samples_1000000-s11-baafb2dd4f,1.704097194739878,1.7018733837149793,0.0016186827449928387,silu,0.006566780300107403,0.008502261514476195,Q4,0.0020923246657897653,11,controlled,samples_1000000
204,scale_samples,scale_samples-controlled-silu-samples_1000000-s11-baafb2dd4f,2.319985841783078,2.226490095724605,0.0016532242936801041,silu,0.0067419490832350834,0.008579579383505754,Q5,0.002093854880105867,11,controlled,samples_1000000
205,scale_width,scale_width-controlled-silu-width_1024-s11-f023c9ec39,0.7764876122729089,0.8068831193247231,0.001463104887132919,silu,0.006112340952269177,0.008129349998034845,Q1,0.0019087577323613927,11,controlled,width_1024
205,scale_width,scale_width-controlled-silu-width_1024-s11-f023c9ec39,1.06765522781564,1.0625333979207605,0.001491179056772192,silu,0.006282585707324116,0.008589020217166225,Q2,0.0019623949909168053,11,controlled,width_1024
205,scale_width,scale_width-controlled-silu-width_1024-s11-f023c9ec39,1.3428245757799175,1.346289299189377,0.0015490710323830148,silu,0.006572088546767722,0.008855298344987645,Q3,0.001997580571980143,11,controlled,width_1024
205,scale_width,scale_width-controlled-silu-width_1024-s11-f023c9ec39,1.7028536807005983,1.6995566744979378,0.0016667301538224664,silu,0.006992016305543961,0.00968973332997761,Q4,0.002205728397232145,11,controlled,width_1024
204,scale_width,scale_width-controlled-silu-width_1024-s11-f023c9ec39,2.317556710370039,2.225380500755246,0.0017054690848636693,silu,0.0071535991405532245,0.009494444851698263,Q5,0.002183222572253905,11,controlled,width_1024
205,scale_width,scale_width-controlled-silu-width_128-s11-dcbad82970,0.7764876122729089,0.8068831193247231,0.003238787834756871,silu,0.013020890962502921,0.017090551630118498,Q1,0.004327426385924162,11,controlled,width_128
205,scale_width,scale_width-controlled-silu-width_128-s11-dcbad82970,1.06765522781564,1.0625333979207605,0.003463465233176621,silu,0.01407301887023618,0.018226564641600225,Q2,0.004501350930548172,11,controlled,width_128
205,scale_width,scale_width-controlled-silu-width_128-s11-dcbad82970,1.3428245757799175,1.346289299189377,0.0034061333210491105,silu,0.013950715237363779,0.018070974054039533,Q3,0.0043988281668120455,11,controlled,width_128
205,scale_width,scale_width-controlled-silu-width_128-s11-dcbad82970,1.7028536807005983,1.6995566744979378,0.0035676289844781333,silu,0.014537086287805449,0.01926286859690045,Q4,0.004725459944501488,11,controlled,width_128
204,scale_width,scale_width-controlled-silu-width_128-s11-dcbad82970,2.317556710370039,2.225380500755246,0.003638117158661147,silu,0.015035141173057848,0.01966743674122862,Q5,0.004738188914089638,11,controlled,width_128
205,scale_width,scale_width-controlled-silu-width_256-s11-ecc17c792e,0.7764876122729089,0.8068831193247231,0.002269919306215853,silu,0.009267248243449594,0.01196269422686033,Q1,0.002963661107538674,11,controlled,width_256
205,scale_width,scale_width-controlled-silu-width_256-s11-ecc17c792e,1.06765522781564,1.0625333979207605,0.002356509963121381,silu,0.009694987241624733,0.012540726531391514,Q2,0.003015161616571644,11,controlled,width_256
205,scale_width,scale_width-controlled-silu-width_256-s11-ecc17c792e,1.3428245757799175,1.346289299189377,0.002342334740516402,silu,0.009600451181547938,0.012495810618736676,Q3,0.003030643309690979,11,controlled,width_256
205,scale_width,scale_width-controlled-silu-width_256-s11-ecc17c792e,1.7028536807005983,1.6995566744979378,0.0024317422143966968,silu,0.009895686037356195,0.013041202514792533,Q4,0.00318121708130618,11,controlled,width_256
204,scale_width,scale_width-controlled-silu-width_256-s11-ecc17c792e,2.317556710370039,2.225380500755246,0.0024672681599382735,silu,0.010088057750790717,0.012863752913386052,Q5,0.0031340442828929962,11,controlled,width_256
205,scale_width,scale_width-controlled-silu-width_512-s11-63ac5e1901,0.7764876122729089,0.8068831193247231,0.0015798213879617566,silu,0.0064336359193824825,0.008312702644724045,Q1,0.0020556660431160236,11,controlled,width_512
205,scale_width,scale_width-controlled-silu-width_512-s11-63ac5e1901,1.06765522781564,1.0625333979207605,0.0016620467501214568,silu,0.006830688138202618,0.008879423297017207,Q2,0.002136599913711699,11,controlled,width_512
205,scale_width,scale_width-controlled-silu-width_512-s11-63ac5e1901,1.3428245757799175,1.346289299189377,0.0016317035601321373,silu,0.00674249749111635,0.008884827026641774,Q3,0.0021028030705431337,11,controlled,width_512
205,scale_width,scale_width-controlled-silu-width_512-s11-63ac5e1901,1.7028536807005983,1.6995566744979378,0.0017274584468351549,silu,0.007136709092574959,0.009535725976423418,Q4,0.002243931630771172,11,controlled,width_512
204,scale_width,scale_width-controlled-silu-width_512-s11-63ac5e1901,2.317556710370039,2.225380500755246,0.0018321292162771024,silu,0.007684979822456393,0.009999476777694081,Q5,0.0023039607572930432,11,controlled,width_512
