absolute_response_gap,allocation_concentration,allocation_overlap,allocation_spearman,best_step,best_val_mse,curvature_tail_error_mean,curvature_tail_error_ratio,curvature_tail_gap_error_spearman,curvature_tail_gap_mean,curvature_tail_gap_ratio,curvature_tail_threshold,depth,direction_alignment,error_kappa_spearman,family,gap_absolute,gap_error_spearman,gap_relative,gap_vector,geometry_probe_count,job_id,log_magnitude_mismatch,mae,magnitude_log_mismatch,magnitude_log_ratio,magnitude_ratio,model,nmae,nrmse,parameter_count,probe_center_count,probe_direction_count,probe_failure_rate,q1_nmae,q1_nrmse,q2_nmae,q2_nrmse,q3_nmae,q3_nrmse,q4_nmae,q4_nrmse,q5_nmae,q5_nrmse,q5_q1_ratio,q80_absolute_response_gap,residual_mean,residual_median,residual_p95,rmse,seed,system,system_kwargs,train_size,training_seconds,true_curvature_mean,true_curvature_median,true_response_median,underrepresentation,underrepresented_fraction,variant,width
0.0017689427772629059,1.0200362647231767,0.9015797638539222,0.030317953830198127,1500,6.2931380853115115e-06,0.0023254260564733154,1.026871667373837,-0.2505690128289061,9.183287172235552,0.8231128711172777,0.07454193556229939,4,0.6227421281358663,0.0015757322437593875,ablation,0.0017689427772629059,-0.15770471979829767,11.156777514328422,12.038409983752866,1024,ablation-ac_power-ganr-no_gate-s11-986e622af0,2.277378985068612,5.150396450197507e-05,2.1434462999360697,2.1434462999360697,8.528779876180181,ganr,0.001874871686352182,0.002524658352554264,273662,1024,16,0.0,0.001795967840115861,0.002348771632123173,0.00181611009937664,0.002423229053566222,0.0019428540486614878,0.002712268897167908,0.001858007301256907,0.0024842771033935745,0.0019281098292920165,0.0026572443828993255,1.131333649707489,0.0017394143832379968,0.005139910006668703,0.004771560738454531,0.00915157151660799,7.979432291747477e-05,11,ac_power,{},50000,44.66369731910527,0.06521419469836762,0.06439199901123416,0.00018916086920960572,2.275211736855147,0.0,no_gate,115
0.001811105166052624,1.0221190607328343,0.9011400185723529,0.026555459194621267,2500,4.185238594800467e-06,0.0018293128531613894,0.9831088608596176,-0.2533785572007633,9.362908536171075,0.8207153022242466,0.07454193556229939,4,0.6217091118034003,0.011025476539589442,ablation,0.001811105166052624,-0.16398679457835633,11.408229517344637,12.29584363349929,1024,ablation-ac_power-ganr-no_geom-s11-191ccc0d7e,2.2982143407526974,4.298732697604756e-05,2.174947970925408,2.174947970925408,8.801727164686174,ganr,0.001528065115763682,0.0021153754739613273,273662,1024,16,0.0,0.0015070878305649938,0.002050040911479335,0.001496934910986817,0.0020348215163294952,0.0015597883725824583,0.002157140626383109,0.0015833983678087491,0.002155469210330535,0.0014970437649127434,0.002034325571522012,0.9923341334949347,0.0017780740984172,0.005028042858144123,0.004230373526693553,0.010545249305938652,6.805330288497785e-05,11,ac_power,{},50000,23.058922408148646,0.06521419469836762,0.06439199901123416,0.00018916086920960572,2.301573752984117,0.0,no_geom,115
0.0017179709117959244,1.0466255693400393,0.8760563543642056,0.028816105339389168,1375,2.4298027710756287e-05,0.004488788020394664,0.9899148838254908,-0.06870777674081709,8.991157050748182,0.8303523133692005,0.07454193556229939,4,0.6232302782359245,-0.01388897208711823,ablation,0.0017179709117959244,-0.0359864950647307,10.828123082196356,11.724339385501962,1024,ablation-ac_power-ganr-no_physics-s11-9a95470cb1,2.2333211819928698,0.00010494123716271295,2.0757429617738694,2.0757429617738694,7.97046603491205,ganr,0.0037335733917920337,0.005082953175000825,273662,1024,16,0.0,0.0036937027189381274,0.0048296543033017475,0.0036475415526560245,0.0046794015258194484,0.0040586375825254605,0.00572386659002754,0.003659925610719618,0.004873218003559096,0.003724259351389916,0.005067425419089305,1.0492314979200494,0.0017016276376201423,0.009441725038656229,0.008508815542879033,0.017478362217866722,0.00017113685801144676,11,ac_power,{},50000,43.01710661686957,0.06521419469836762,0.06439199901123416,0.00018916086920960572,2.2362674833922416,0.0,no_physics,115
0.0017754775491945112,1.01480497648212,0.9015158696675338,0.021166136184822253,1500,7.392917723336723e-06,0.0023838361953642502,0.9788399253353105,-0.17513476619631987,9.098022337079765,0.8129141821369547,0.07454193556229939,4,0.624551269980872,0.023069545275731348,ablation,0.0017754775491945112,-0.1925370145197053,11.191860760951748,12.079068218766079,1024,ablation-ac_power-ganr-no_router-s11-ce77a6fb28,2.281507412156982,5.458556640706027e-05,2.1601009191938108,2.1601009191938108,8.672014934072227,ganr,0.002014582416685621,0.0027768900780319457,268954,1024,16,0.0,0.002002439956945676,0.00270366941288327,0.0020038533580020125,0.002731339427567893,0.0019672283599409387,0.0027090560343064375,0.0020597371990226172,0.002775458149074553,0.0019363781376650607,0.0026096130519849547,0.9652115896824787,0.0017175500222808492,0.006182599804140058,0.005329684049484257,0.012758422078336891,8.37949651518478e-05,11,ac_power,{},50000,23.36454331316054,0.06521419469836762,0.06439199901123416,0.00018916086920960572,2.2854895622058025,0.0,no_router,115
0.0018584962668325646,1.0201165104002554,0.8979738439276753,0.026272586456619694,1500,6.616630798816914e-06,0.0023367866341827896,1.0035056746939233,-0.28537142538758337,9.597989904489156,0.8207391821684131,0.07454193556229939,4,0.6237828269375033,0.012207247782705098,ablation,0.0018584962668325648,-0.18639110668049494,11.694323986252282,12.581915283937317,1024,ablation-ac_power-ganr-with_router-s11-3f71a76602,2.320466550575066,5.3751818761444224e-05,2.1859292747462016,2.1859292747462016,8.898914255199188,ganr,0.0019237894705864192,0.0026625087713509684,273662,1024,16,0.0,0.0018826223469063197,0.002539794982657374,0.0018721447594739879,0.0025376334988546924,0.0019052133034058486,0.0026433599953773167,0.0019943186290086075,0.0027568550664502766,0.001921024528039588,0.0026246816876305513,1.0334226603142433,0.0018252499977856097,0.006502158354342995,0.0053794355576534765,0.014465613573724546,8.520409479719983e-05,11,ac_power,{},50000,41.54137158766389,0.06521419469836762,0.06439199901123416,0.00018916086920960572,2.324020232355923,0.0,with_router,115
0.00666150698466763,1.2102603570048052,0.9498502447942511,0.4886750880659466,2500,0.00014243913756217808,0.014539077924232605,1.2905797047001324,0.37101029376941397,4.628715665171267,0.9139271325703684,0.4022423630942666,4,0.8150520772512106,0.6836269200164509,ablation,0.0066615069846676315,-0.02956580582576353,5.064644105874465,6.031213454657551,1024,ablation-allen_cahn-ganr-no_gate-s11-943d6cf868,1.7709852803468524,0.0006771209711093821,1.805917699863685,1.805917699863685,6.085553704902479,ganr,0.008487071428706255,0.011837152609947508,335734,1024,16,0.0,0.006742159323341534,0.008529923587134246,0.007532256748265957,0.010057935631839668,0.008320958143650862,0.01158104816679642,0.009028251705639609,0.012573236591167828,0.01069791147173895,0.015032045384329899,1.7622719864692407,0.007064714488067373,0.008436367178384287,0.007585565964070002,0.014607989417442914,0.0010043486079359062,11,allen_cahn,{},10000,26.394842717796564,0.3653166956251509,0.3656098387182945,0.001269468069234427,1.784737581979413,0.0,no_gate,122
0.00666150698466763,1.2102603570048052,0.9498502447942511,0.4886750880659466,2500,0.00014243913756217808,0.014539077924232605,1.2905797047001324,0.37101029376941397,4.628715665171267,0.9139271325703684,0.4022423630942666,4,0.8150520772512106,0.6836269200164509,ablation,0.0066615069846676315,-0.02956580582576353,5.064644105874465,6.031213454657551,1024,ablation-allen_cahn-ganr-no_geom-s11-67c9c55e73,1.7709852803468524,0.0006771209711093821,1.805917699863685,1.805917699863685,6.085553704902479,ganr,0.008487071428706255,0.011837152609947508,335734,1024,16,0.0,0.006742159323341534,0.008529923587134246,0.007532256748265957,0.010057935631839668,0.008320958143650862,0.01158104816679642,0.009028251705639609,0.012573236591167828,0.01069791147173895,0.015032045384329899,1.7622719864692407,0.007064714488067373,0.008436367178384287,0.007585565964070002,0.014607989417442914,0.0010043486079359062,11,allen_cahn,{},10000,28.316044924780726,0.3653166956251509,0.3656098387182945,0.001269468069234427,1.784737581979413,0.0,no_geom,122
0.006612930645133519,1.198646319131764,0.9498769612096316,0.47866849429582997,2500,0.00019454551511444151,0.015786442893935996,1.1615664623360589,0.3668189605939463,4.594419622086083,0.9125513211061872,0.4022423630942666,4,0.8104462679288778,0.6648183695729919,ablation,0.006612930645133519,-0.14425069066948,5.034697244771687,6.04200272957177,1024,ablation-allen_cahn-ganr-no_router-s11-82704658b1,1.7653226008549125,0.0008657666618364,1.7974730975824063,1.7974730975824063,6.034382280167988,ganr,0.010839457182677613,0.013862999160552125,330330,1024,16,0.0,0.00977602790468348,0.011873879140708763,0.010394734830459525,0.012773644559036672,0.01079785393939315,0.013623720300049186,0.011189784819625598,0.01422481234945697,0.012048471654014516,0.01611932986653373,1.357545388117497,0.006994854645440306,0.009374006373145595,0.008545393750632822,0.014514663540654602,0.0011737750964920222,11,allen_cahn,{},10000,23.110838850960135,0.3653166956251509,0.3656098387182945,0.001269468069234427,1.7791113294520506,0.0,no_router,122
0.006669597515799479,1.2138862177427219,0.9499887699351898,0.496409502181532,2500,0.0001424233487341553,0.014538046037702878,1.2905705624194441,0.41491412572606595,4.654411930513214,0.9180175236657421,0.4022423630942666,4,0.8149136818048777,0.6837118455403761,ablation,0.006669597515799478,-0.022771976253486873,5.07006871930685,6.038642723219741,1024,ablation-allen_cahn-ganr-with_router-s11-23101cb245,1.7719440381569747,0.0006770653444303275,1.8060275219850408,1.8060275219850408,6.0862220291423785,ganr,0.008486538990665185,0.011836513198830534,335734,1024,16,0.0,0.006742244751819052,0.008528955861111975,0.007530960304021711,0.010056312139987417,0.008321655404149784,0.011579836103266437,0.009028128659890403,0.012574098960590382,0.010698024784756668,0.015031101898373152,1.7623613186823845,0.00710393549260142,0.008434910810536206,0.0075742158467145375,0.014613779061575457,0.0010042719410745045,11,allen_cahn,{},10000,23.89963066391647,0.3653166956251509,0.3656098387182945,0.001269468069234427,1.7866642657852998,0.0,with_router,122
0.0005902210318515281,2.6172823275671435,0.9647748614303154,0.9690889756634002,2500,4.8054364015115425e-05,0.006510944069633546,0.9840995890591624,-0.05982365477566825,0.11270663513573637,0.595873991647522,1.8886486550124917,4,0.9725487834084887,-0.0026621843931049277,ablation,0.0005902210318515281,0.0835152394320864,0.18914508220792736,0.4677155264050895,1024,ablation-controlled-ganr-no_gate-s11-4dcae649b8,0.15985797314015626,0.0013380261897655544,0.06851521887018956,0.06851521887018956,1.05383183010879,ganr,0.005369807420057845,0.006868623092808556,269510,1024,16,0.0,0.005341884086987044,0.006882397080794901,0.005439678747365438,0.006937370412355073,0.00534375043654668,0.006778478005683355,0.005601338935244456,0.007195589391691787,0.005324847298351119,0.006783797087776854,0.9856735971696275,0.0006134523132694808,0.012266797542562918,0.011691936051901488,0.019688345981499746,0.001728055440429471,11,controlled,{},50000,41.7233416326344,1.4297525516694405,1.3341078372052204,0.0040220989499685725,0.058257190962968095,0.2685546875,no_gate,114
0.0009461293553502594,2.689428577480187,0.9416358179804702,0.930964679743938,2500,5.04966956214048e-05,0.007068470733602894,1.0674434020921841,0.052696020392528305,0.17577840997220193,0.7336783402260568,1.8886486550124917,4,0.954614690252509,0.14810367641799585,ablation,0.0009461293553502594,0.029315298440741,0.23958511562170703,0.5238979620305181,1024,ablation-controlled-ganr-no_geom-s11-6bb741a6b8,0.20289018509438977,0.0013367252156409166,0.10881659068196056,0.10881659068196056,1.0803228175182882,ganr,0.005436350991107077,0.007075206902101171,269510,1024,16,0.0,0.005064631203736531,0.006483201670799059,0.005289324492976797,0.006766681675967988,0.005302740690152694,0.006845338838642623,0.005571853615900676,0.007210735116409855,0.005658032175571392,0.0074612980123930014,1.1508662527034104,0.0012907828033327737,0.012993294551786721,0.012124203627167308,0.022295240125823106,0.0017308924711715405,11,controlled,{},50000,24.52157703973353,1.4297525516694405,1.3341078372052204,0.0040220989499685725,0.08903234372618234,0.2958984375,no_geom,114
0.0005738324869139302,2.6127306633445424,0.9646264103943877,0.9694322763929619,2500,4.0346512832911685e-05,0.006108416157583478,1.0041542748260932,-0.06687189201989106,0.10861888188437037,0.5907573291337563,1.8886486550124917,4,0.9732389185541982,0.02115684902725127,ablation,0.0005738324869139302,-0.0053875907481582145,0.1838637906424982,0.4525476948881779,1024,ablation-controlled-ganr-no_router-s11-e319379de0,0.15591821133134107,0.0012590449143135118,0.06492390869681135,0.06492390869681135,1.048930470831468,ganr,0.005008983429400641,0.006313192683153522,265138,1024,16,0.0,0.0048588507934075546,0.0061102075573038865,0.005077122148703189,0.00640241786338717,0.005029744075821973,0.006264224038075299,0.00511019220446801,0.006388879942530977,0.005011223208344637,0.006399740905958506,1.0473851904275369,0.0005850937235191861,0.01099284082757664,0.010594722674025118,0.01723907269773183,0.0016098654454910234,11,controlled,{},50000,23.568018997088075,1.4297525516694405,1.3341078372052204,0.0040220989499685725,0.05574027143692301,0.2822265625,no_router,114
0.0005954465939388573,2.6025243787132197,0.9631960785939279,0.9670342786639008,2500,3.946504511986859e-05,0.005971366407062739,0.986890420420091,0.07837333370478193,0.10973245045208517,0.59167047196342,1.8886486550124917,4,0.9725536248395057,-0.026415693619912736,ablation,0.0005954465939388573,0.0615029437272012,0.18546210374153904,0.4561456868158896,1024,ablation-controlled-ganr-with_router-s11-17a718c923,0.15787840520312568,0.001211756029828797,0.0690162610140542,0.0690162610140542,1.0508891952225463,ganr,0.004879165784600172,0.006266925992113514,269510,1024,16,0.0,0.005074660831123089,0.0065246726001744965,0.0049346094728894355,0.00642177222587578,0.004768404359791474,0.006125845880307716,0.004932932814227822,0.006310707373359628,0.0048669818058200455,0.006213799137641122,0.9523541667784128,0.0006330578212486022,0.01135386211914774,0.010827243856915303,0.018430775550922828,0.0015666219542735664,11,controlled,{},50000,41.48741097189486,1.4297525516694405,1.3341078372052204,0.0040220989499685725,0.05606269523491189,0.2822265625,with_router,114
0.0007288368995395785,1.4782768005705573,0.9276049651541457,0.6227353975931621,2500,3.0211191187845543e-05,0.0053488574219620185,1.0102285995251221,-0.009538800128149769,0.3404867228209888,0.7249830704841702,0.6960457043988385,4,0.9115058195097634,0.04120996799227523,ablation,0.0007288368995395785,0.012013647986553178,0.4696478258362631,0.9276622728953031,1024,ablation-duffing-ganr-no_gate-s11-922da7f38a,0.34560042455471607,0.001273590829372995,0.23340335711093355,0.23340335711093355,1.25932303102127,ganr,0.004319735691234633,0.0055236821441669364,269510,1024,16,0.0,0.004305272436221441,0.00563878978194926,0.004128456093599524,0.0052262897279125005,0.004444623600287227,0.005708729620667144,0.004375919649892287,0.005651776389612593,0.004411832200015654,0.005615750977060691,0.995914228800953,0.0007000276402820399,0.0093852069764463,0.008723683921597225,0.016322300203357235,0.0016580322728530102,11,duffing,{},50000,25.703673040494323,0.5917838791420774,0.5841400484624879,0.001898884082503015,0.25208708352504655,0.087890625,no_gate,114
0.0006133833000881596,1.5188826357812504,0.9366707409934196,0.6822043644052642,2375,1.9221814000047743e-05,0.00411838966599667,0.9929078060175561,0.025822178267470852,0.3026544888025631,0.7313279561455293,0.6960457043988385,4,0.9239616293468087,-0.057796127333524065,ablation,0.0006133833000881596,0.013421138509405623,0.41384236204739994,0.8593227466070702,1024,ablation-duffing-ganr-no_geom-s11-32d002eb00,0.30663441908028516,0.0010029727904580454,0.19129242739509417,0.19129242739509417,1.2096208315575905,ganr,0.0033866965904409056,0.00439621237000847,269510,1024,16,0.0,0.0035854739003383005,0.004672685041128577,0.003268069084480941,0.004279787466146663,0.0034807238897687272,0.004558786042285778,0.0032791680928147605,0.004291348054501239,0.003372241759243792,0.004396524798144758,0.9408990247463547,0.0005954111387196068,0.007483276319884871,0.00673559289906207,0.014092508370068394,0.0013302909440668453,11,duffing,{},50000,34.83024600148201,0.5917838791420774,0.5841400484624879,0.001898884082503015,0.20805330784165527,0.0888671875,no_geom,114
0.0006497109498141727,1.508427130910613,0.9320859929279162,0.6680636444102709,2500,2.1402029233286157e-05,0.004462503513934634,1.020057747902205,0.024854090345586492,0.32076605304786227,0.7453485150848665,0.6960457043988385,4,0.9230376595072239,0.040135552267362845,ablation,0.0006497109498141728,-0.010860609934911666,0.4303571370385561,0.8671506771828862,1024,ablation-duffing-ganr-no_router-s11-f28dc4d0c2,0.31774032074277736,0.001050971652057285,0.22324244754886835,0.22324244754886835,1.250123689880952,ganr,0.00351952563205466,0.004614224643754864,265138,1024,16,0.0,0.0035569205427832106,0.004569040329520667,0.0034509657879354394,0.004405589599953872,0.0037002871575433434,0.004935373789117919,0.00360659461829639,0.004737007465008108,0.003673710480599117,0.004806796982660689,1.0520364531702362,0.0006492544238853473,0.007914329483841385,0.007123998704355029,0.014881438935651399,0.0014238504428487563,11,duffing,{},50000,26.256429500877857,0.5917838791420774,0.5841400484624879,0.001898884082503015,0.22568080509854987,0.0986328125,no_router,114
0.0006056938263876172,1.523926145029951,0.9344907484496363,0.681985339478578,2500,1.9478140529827215e-05,0.00418288607743554,0.9974287468191153,0.022115585519076202,0.30536283242839796,0.7445873412143139,0.6960457043988385,4,0.9216319726409664,-0.031551122952578496,ablation,0.0006056938263876173,-0.031893663722194404,0.4101101583736241,0.8676988546747937,1024,ablation-duffing-ganr-with_router-s11-b50bfc7192,0.304447871724711,0.0010140706685942064,0.1937670076668086,0.1937670076668086,1.2138134489570245,ganr,0.003426697838462947,0.004425166968960253,269510,1024,16,0.0,0.003595095274654793,0.004669232689140521,0.003332983356194136,0.004362720238102524,0.003486552252992425,0.0045412264317894035,0.003340399838891045,0.004333931560270743,0.0034346288409817715,0.004433292611201687,0.949469196836651,0.0005923149549483873,0.007576044006587027,0.006796211979710524,0.014134448622125652,0.001338287911851867,11,duffing,{},50000,23.5870689637959,0.5917838791420774,0.5841400484624879,0.001898884082503015,0.20238806941273835,0.107421875,with_router,114
3.921803523056052e-06,2.5847001055073173,0.8764442374482002,0.7110193968600242,2500,2.1886461354370113e-07,0.0005682458403371298,1.3049093503790292,0.07828557897229457,0.6250675151765465,0.9982545501326128,0.0030805276267455483,4,0.6776335704756506,0.19706521350404116,ablation,3.921803523056051e-06,-0.017671147450110863,0.626160446845456,1.1905382264846676,1024,ablation-ieee118-ganr-no_gate-s11-b37280c9da,0.5141100736659354,1.1817978194645765e-05,0.2229356183860941,0.2229356183860941,0.9553921819830973,ganr,0.00025974206461686967,0.00048342883727740604,317593,1024,16,0.0,0.0002480264200663087,0.0004039152941261277,0.0002435923129523553,0.0003992071925094796,0.00025074995981291267,0.00042076776436196115,0.00025716558170003917,0.0004704553243238915,0.0002845159471371111,0.0006301566642148333,1.5601208307256096,5.789536529643894e-06,0.0006056004265113463,0.0006048457187777302,0.0006327138324731622,4.877292765077046e-05,11,ieee118,{},10000,15.339360678568482,0.002383570907053797,0.0021085492665156432,5.540507424052206e-06,0.11925672383853154,0.5615234375,no_gate,256
0.002893924041123502,0.9984729567540738,0.8254580943705669,-0.0038636028359917028,2500,4.7825042202020995e-06,0.0021750076936365203,1.0157105338438843,-0.013110278447159113,401.08690067573474,0.7017848239270094,0.0030805276267455483,4,0.545878671901167,0.006084697535941635,ablation,0.002893924041123502,0.007363866586796366,571.5240441241725,572.471569388909,1024,ablation-ieee118-ganr-no_geom-s11-2da3781da1,6.105591165868255,6.224336387263299e-05,5.95364304342224,5.95364304342224,385.15409825806654,ganr,0.0016906656392403764,0.002168015788441028,317593,1024,16,0.0,0.001725845701506094,0.002212723358481091,0.0017173112440203424,0.0022116559742790935,0.0016720475336271456,0.0021439668786312595,0.0016981625733154578,0.0021688646866076873,0.001724759108799372,0.0022215517407707173,1.0039898264985492,0.002881297513960877,0.00592777088653266,0.005610031318059356,0.009174403191684829,9.059310371918965e-05,11,ieee118,{},10000,17.854179106652737,0.002383570907053797,0.0021085492665156432,5.540507424052206e-06,6.21023262517873,0.0,no_geom,256
3.921803523056052e-06,2.5847001055073173,0.8764442374482002,0.7110193968600242,2500,2.1886461354370113e-07,0.0005682458403371298,1.3049093503790292,0.07828557897229457,0.6250675151765465,0.9982545501326128,0.0030805276267455483,4,0.6776335704756506,0.19706521350404116,ablation,3.921803523056051e-06,-0.017671147450110863,0.626160446845456,1.1905382264846676,1024,ablation-ieee118-ganr-no_router-s11-e26f7c15e7,0.5141100736659354,1.1817978194645765e-05,0.2229356183860941,0.2229356183860941,0.9553921819830973,ganr,0.00025974206461686967,0.00048342883727740604,317593,1024,16,0.0,0.0002480264200663087,0.0004039152941261277,0.0002435923129523553,0.0003992071925094796,0.00025074995981291267,0.00042076776436196115,0.00025716558170003917,0.0004704553243238915,0.0002845159471371111,0.0006301566642148333,1.5601208307256096,5.789536529643894e-06,0.0006056004265113463,0.0006048457187777302,0.0006327138324731622,4.877292765077046e-05,11,ieee118,{},10000,16.174105489626527,0.002383570907053797,0.0021085492665156432,5.540507424052206e-06,0.11925672383853154,0.5615234375,no_router,256
3.921803523056052e-06,2.5847001055073173,0.8764442374482002,0.7110193968600242,2500,2.1886461354370113e-07,0.0005682458403371298,1.3049093503790292,0.07828557897229457,0.6250675151765465,0.9982545501326128,0.0030805276267455483,4,0.6776335704756506,0.19706521350404116,ablation,3.921803523056051e-06,-0.017671147450110863,0.626160446845456,1.1905382264846676,1024,ablation-ieee118-ganr-with_router-s11-2d385ad241,0.5141100736659354,1.1817978194645765e-05,0.2229356183860941,0.2229356183860941,0.9553921819830973,ganr,0.00025974206461686967,0.00048342883727740604,317593,1024,16,0.0,0.0002480264200663087,0.0004039152941261277,0.0002435923129523553,0.0003992071925094796,0.00025074995981291267,0.00042076776436196115,0.00025716558170003917,0.0004704553243238915,0.0002845159471371111,0.0006301566642148333,1.5601208307256096,5.789536529643894e-06,0.0006056004265113463,0.0006048457187777302,0.0006327138324731622,4.877292765077046e-05,11,ieee118,{},10000,17.338089922443032,0.002383570907053797,0.0021085492665156432,5.540507424052206e-06,0.11925672383853154,0.5615234375,with_router,256
0.007144141289444757,1.0552870416356281,0.9515875111491902,0.16336799719261855,2500,3.432954690651968e-05,0.0057078296112629875,0.9808391683746351,-0.1826078477803624,7.1576954102386035,0.9959492658595243,0.2699500652143177,4,0.9044506411119717,-0.049094071865388736,ablation,0.007144141289444757,-0.28078681558901364,7.186807255750491,8.073743908452261,1024,ablation-shallow_water-ganr-no_gate-s11-cabfb4fcfa,2.085947031711582,0.00013957115190092037,2.133768928595763,2.133768928595763,8.446641787612066,ganr,0.004605656617363532,0.005843310825236062,352292,1024,16,0.0,0.0046184953327467184,0.005861427416034848,0.004641349880506041,0.005902445354722224,0.004684539721821583,0.005959471469303894,0.004616618032810214,0.0058508276392826375,0.0045332788916742995,0.005746077270973821,0.9803204685695726,0.007339520299933245,0.004221019861250032,0.004154269272202523,0.005118993209837208,0.0001833034202279755,11,shallow_water,{},10000,18.479356011375785,0.2647286723225135,0.264559792129602,0.0009526529484879175,2.0963992856054685,0.0,no_gate,256
0.007144141289444757,1.0552870416356281,0.9515875111491902,0.16336799719261855,2500,3.432954690651968e-05,0.0057078296112629875,0.9808391683746351,-0.1826078477803624,7.1576954102386035,0.9959492658595243,0.2699500652143177,4,0.9044506411119717,-0.049094071865388736,ablation,0.007144141289444757,-0.28078681558901364,7.186807255750491,8.073743908452261,1024,ablation-shallow_water-ganr-no_geom-s11-71ee75a39f,2.085947031711582,0.00013957115190092037,2.133768928595763,2.133768928595763,8.446641787612066,ganr,0.004605656617363532,0.005843310825236062,352292,1024,16,0.0,0.0046184953327467184,0.005861427416034848,0.004641349880506041,0.005902445354722224,0.004684539721821583,0.005959471469303894,0.004616618032810214,0.0058508276392826375,0.0045332788916742995,0.005746077270973821,0.9803204685695726,0.007339520299933245,0.004221019861250032,0.004154269272202523,0.005118993209837208,0.0001833034202279755,11,shallow_water,{},10000,15.707467259839177,0.2647286723225135,0.264559792129602,0.0009526529484879175,2.0963992856054685,0.0,no_geom,256
0.007144141289444757,1.0552870416356281,0.9515875111491902,0.16336799719261855,2500,3.432954690651968e-05,0.0057078296112629875,0.9808391683746351,-0.1826078477803624,7.1576954102386035,0.9959492658595243,0.2699500652143177,4,0.9044506411119717,-0.049094071865388736,ablation,0.007144141289444757,-0.28078681558901364,7.186807255750491,8.073743908452261,1024,ablation-shallow_water-ganr-no_router-s11-11c6e051c2,2.085947031711582,0.00013957115190092037,2.133768928595763,2.133768928595763,8.446641787612066,ganr,0.004605656617363532,0.005843310825236062,352292,1024,16,0.0,0.0046184953327467184,0.005861427416034848,0.004641349880506041,0.005902445354722224,0.004684539721821583,0.005959471469303894,0.004616618032810214,0.0058508276392826375,0.0045332788916742995,0.005746077270973821,0.9803204685695726,0.007339520299933245,0.004221019861250032,0.004154269272202523,0.005118993209837208,0.0001833034202279755,11,shallow_water,{},10000,19.25303298421204,0.2647286723225135,0.264559792129602,0.0009526529484879175,2.0963992856054685,0.0,no_router,256
0.007144141289444757,1.0552870416356281,0.9515875111491902,0.16336799719261855,2500,3.432954690651968e-05,0.0057078296112629875,0.9808391683746351,-0.1826078477803624,7.1576954102386035,0.9959492658595243,0.2699500652143177,4,0.9044506411119717,-0.049094071865388736,ablation,0.007144141289444757,-0.28078681558901364,7.186807255750491,8.073743908452261,1024,ablation-shallow_water-ganr-with_router-s11-414e12e608,2.085947031711582,0.00013957115190092037,2.133768928595763,2.133768928595763,8.446641787612066,ganr,0.004605656617363532,0.005843310825236062,352292,1024,16,0.0,0.0046184953327467184,0.005861427416034848,0.004641349880506041,0.005902445354722224,0.004684539721821583,0.005959471469303894,0.004616618032810214,0.0058508276392826375,0.0045332788916742995,0.005746077270973821,0.9803204685695726,0.007339520299933245,0.004221019861250032,0.004154269272202523,0.005118993209837208,0.0001833034202279755,11,shallow_water,{},10000,15.771691553294659,0.2647286723225135,0.264559792129602,0.0009526529484879175,2.0963992856054685,0.0,with_router,256
0.02316025511230719,0.9959097097360807,0.8790944404742236,0.020313293487590298,2500,0.00015751042519696057,0.011752372742700053,1.0097021208849981,0.3087364711454082,115.27930415438965,0.8211080892780734,0.07454193556229939,4,0.5637028597403969,0.04062895626206995,all_physics_factorial,0.023160255112307192,0.3589718524247192,140.3947977856903,141.33797444551743,1024,all_physics_factorial-ac_power-fourier-no_physics-s11-c6e6e0e2e4,4.656738134474941,0.00025813290730822345,4.560347923852229,4.560347923852229,95.61674144725737,fourier,0.009518258940286904,0.012407747427894791,271518,1024,16,0.0,0.009490879897303408,0.012459762709311824,0.009242478765161198,0.012188442899694648,0.009572810184470421,0.01255865087046324,0.009762868525215443,0.012723619794564494,0.00961890354947249,0.012550677491085545,1.0072966704017385,0.02331900140665684,0.026228712208070163,0.02414619329532061,0.046682252163583224,0.0003818236645913409,11,ac_power,{},50000,11.478657418861985,0.06521419469836762,0.06439199901123416,0.00018916086920960572,4.643847119660464,0.0,no_physics,125
0.02080998668131133,1.0432402946173347,0.8849938875414449,0.044130136435162004,2375,0.00012925165356136858,0.010820046934196097,1.0282678270759043,0.4597066484656851,103.20079877356595,0.821717303602086,0.07454193556229939,4,0.5745868380546154,0.04693100234246477,all_physics_factorial,0.02080998668131133,0.3345305682712252,125.59160957323664,126.52506422939464,1024,all_physics_factorial-ac_power-fourier-no_physics-s29-34fce254f2,4.559443859618806,0.00024070724776775184,4.465142112121301,4.465142112121301,86.93338304302878,fourier,0.008722743085786584,0.011362033944594766,271518,1024,16,0.0,0.008840138786661782,0.011410203400698603,0.008538895087900253,0.011296138124108922,0.008676233927416168,0.011410835363826512,0.008450636346791598,0.010720758721599373,0.008961624876361948,0.011550264759191834,1.0122750974346921,0.020998786828972132,0.02328861414794941,0.021617245630592044,0.04045231392936495,0.00036141969911530604,29,ac_power,{},50000,14.884576924145222,0.06521419469836762,0.06439199901123416,0.00018916086920960572,4.54791351366168,0.0,no_physics,125
0.021336362262765106,1.013025290418346,0.8816311943418952,-0.010463307345683428,2500,0.00013444767682813108,0.010950937769110079,0.9986845613178322,0.4342382749926871,106.48320163222766,0.8277880637835042,0.07454193556229939,4,0.5690195275057919,-0.04193878075602603,all_physics_factorial,0.021336362262765106,0.40633874767541656,128.63582635576245,129.5896285175237,1024,all_physics_factorial-ac_power-fourier-no_physics-s47-1c27ae9e00,4.583268216448064,0.00024420611066907277,4.483867386646262,4.483867386646262,88.5765710304739,fourier,0.008974734840482225,0.011659345843826122,271518,1024,16,0.0,0.00934789197376077,0.012317993953692659,0.00938741943496945,0.012652729979019848,0.008516367036951196,0.01093483957671871,0.008751742119786103,0.011340035594767615,0.008983160878413228,0.011540805975530775,0.936906286763609,0.021667641476971925,0.023028226684961458,0.02140728187257046,0.03992512965791261,0.00036098463617579424,47,ac_power,{},50000,14.408246964216232,0.06521419469836762,0.06439199901123416,0.00018916086920960572,4.574383576590761,0.0,no_physics,125
0.010991333381329339,1.0287884753638887,0.8700802714466499,0.04817844306558901,2500,5.1528179028537124e-05,0.0066947895926494855,1.015682961064763,0.28978005599587686,54.98736204251169,0.8211858404481436,0.07454193556229939,4,0.5649511701906356,0.03081775042915385,all_physics_factorial,0.010991333381329339,0.27427143310564334,66.96092325764359,67.91391260847374,1024,all_physics_factorial-ac_power-fourier-physics-s11-18bf67a8e1,3.920869064280499,0.0001384678911731742,3.813359677190924,3.813359677190924,45.30238510500049,fourier,0.005378982881720773,0.007097696197117167,271518,1024,16,0.0,0.005442591763148001,0.007151680045656778,0.005138766068895714,0.006789862661221101,0.005340682637768822,0.007086597037965834,0.005437043331879664,0.007099292181012626,0.005456191326314528,0.007143997627692947,0.9989257883581499,0.011038359679852635,0.013995799474537596,0.012813838163697995,0.025457908497714756,0.0002000403184508383,11,ac_power,{},50000,11.510945176705718,0.06521419469836762,0.06439199901123416,0.00018916086920960572,3.910509753537376,0.0,physics,125
0.010620814795000726,1.089306143872587,0.868678821449683,0.04711987474071954,2500,4.8656886065145954e-05,0.0065147704925839515,1.020093436938104,0.29220097226671865,54.39507150038673,0.8474340650647014,0.07454193556229939,4,0.5697180978862083,0.013713108414991773,all_physics_factorial,0.010620814795000726,0.2521611807989414,64.18796900291431,65.12705966492288,1024,all_physics_factorial-ac_power-fourier-physics-s29-883020e124,3.88675859961853,0.00013714391777507932,3.7821104731778314,3.7821104731778314,43.908625892382055,fourier,0.005280158562218393,0.006958822270947198,271518,1024,16,0.0,0.0052585566560461325,0.006881131978276729,0.0050830353745083216,0.006590540186633109,0.005244116985184471,0.006790843061155472,0.0051774326256569456,0.006899941348292689,0.005310396089915737,0.0069519127025343165,1.010286203560844,0.010981852341537935,0.012682697722756521,0.01171358344091281,0.022625511733483362,0.000198826013750861,29,ac_power,{},50000,10.93334660306573,0.06521419469836762,0.06439199901123416,0.00018916086920960572,3.874480627883745,0.0,physics,125
0.010888466442702957,1.023471821944073,0.8615323257387686,-0.011216707048852014,2500,4.783621261594817e-05,0.006643185094809399,1.0369892710033206,0.34729422908163976,54.67940426054574,0.8290227981563885,0.07454193556229939,4,0.5703188684135461,0.026483821793863098,all_physics_factorial,0.010888466442702957,0.31564398782275943,65.95645425209516,66.90764663001067,1024,all_physics_factorial-ac_power-fourier-physics-s47-ef74748d7f,3.9067098265354456,0.00013374735992227897,3.801260152318951,3.801260152318951,44.757585273583906,fourier,0.005203795193081473,0.006875366387253898,271518,1024,16,0.0,0.005275872934366992,0.006998147515140044,0.00520659157959539,0.006954742031887792,0.005079906651698694,0.006611647473158883,0.005257218276961135,0.006860634043667202,0.005389848832959774,0.007236083003822267,1.0339997818233275,0.011053232316098536,0.013061024405849156,0.012025531100946247,0.023082379722105934,0.00019325727986102046,47,ac_power,{},50000,13.443645568564534,0.06521419469836762,0.06439199901123416,0.00018916086920960572,3.8983154276606573,0.0,physics,125
0.0016914126606186583,1.067203760540576,0.8748414526366954,0.024020311047135395,3750,6.317603947536554e-06,0.00232818773820007,1.00036337965301,-0.056026521430262835,8.839586731913418,0.8285302948984211,0.07454193556229939,4,0.6233594679935184,0.004781958550890493,all_physics_factorial,0.0016914126606186583,-0.047611892926114,10.66899639801,11.586041017381735,1024,all_physics_factorial-ac_power-ganr-no_physics-s11-39bf997b2d,2.2213182282138435,5.207395075592071e-05,2.0787736238265238,2.0787736238265238,7.994660463672695,ganr,0.001888529102053831,0.002649273728014842,273662,1024,16,0.0,0.001806765569152227,0.002392902445388886,0.001862991691487107,0.0024572832176129895,0.002065471504334514,0.00320421735423946,0.0019039328318347071,0.002587709809401207,0.001910832204867588,0.0026850500106186228,1.1220892083556118,0.0016810367064679695,0.005481792413109825,0.004861872531995914,0.01048018658343517,8.572091444933426e-05,11,ac_power,{},50000,33.86412967555225,0.06521419469836762,0.06439199901123416,0.00018916086920960572,2.230995063298207,0.0,no_physics,115
0.0017091113457562543,1.0309590529091277,0.8743972727601589,0.0075040791967670405,3750,6.419036708393833e-06,0.00230116215126999,0.9828945961046166,-0.09534342744912314,8.681793797531443,0.8036369833126366,0.07454193556229939,4,0.6182794225281172,-0.01436249418854159,all_physics_factorial,0.001709111345756254,-0.05120559822258779,10.803128748187525,11.726616985592102,1024,all_physics_factorial-ac_power-ganr-no_physics-s29-a5ff7eabc7,2.231371516475026,5.339184129378509e-05,2.078044761897549,2.078044761897549,7.988834400200388,ganr,0.00191286562039066,0.002671988490851949,273662,1024,16,0.0,0.0018517190685323412,0.0024206522696744674,0.0018689910336710913,0.0024204390919444056,0.002084243172516621,0.0032513853926157323,0.0019277369729218384,0.0025852168321456206,0.0018928055704706028,0.0026269419001828448,1.0852206791916128,0.0016527780188379073,0.005456847539094976,0.004856540972746546,0.010191219392252801,8.8709466592008e-05,29,ac_power,{},50000,34.98001720942557,0.06521419469836762,0.06439199901123416,0.00018916086920960572,2.2351574939080736,0.0,no_physics,115
0.0017330636426487508,0.9999058111581879,0.8691771213060351,-0.03366700790358343,3625,6.692986062262207e-06,0.002314795306970326,0.967846420955272,0.05769664721204607,8.795046758024888,0.8034519150390159,0.07454193556229939,4,0.6202061136337009,-0.05799044238609541,all_physics_factorial,0.0017330636426487508,-0.019048183695729918,10.94657513834888,11.8471372594508,1024,all_physics_factorial-ac_power-ganr-no_physics-s47-814597eab2,2.2411575068479648,5.387151669952703e-05,2.0746397710320936,2.0746397710320936,7.9616779196761325,ganr,0.0019463202661832927,0.002752569433446295,273662,1024,16,0.0,0.0019169231968093057,0.002519944428626033,0.0019268322939944166,0.002509836807749019,0.002122155943559572,0.0033845112894806827,0.0019296636134781896,0.002618804442781406,0.0019179224486012107,0.002697172565943554,1.0703301768500317,0.0016645731650543592,0.005589161599882178,0.004935891326646575,0.010499879094002094,9.027993998528916e-05,47,ac_power,{},50000,52.67967760004103,0.06521419469836762,0.06439199901123416,0.00018916086920960572,2.244966832957942,0.0,no_physics,115
0.001832878015622394,1.0248535374633791,0.9001426451719824,0.029304312549173876,1500,6.448272870329674e-06,0.0023046838746516264,1.0050132352310372,-0.20144307782312543,9.431683357350723,0.8173691292832226,0.07454193556229939,4,0.6212224707828922,0.022217194317287747,all_physics_factorial,0.001832878015622394,-0.1693972176525284,11.539074598549702,12.427256608113872,1024,all_physics_factorial-ac_power-ganr-physics-s11-3a24c56a12,2.3083675423562364,5.273272971319817e-05,2.1795297341538546,2.1795297341538546,8.842149352708372,ganr,0.0018961279874728121,0.0026291763254307414,273662,1024,16,0.0,0.001837365437823155,0.002496215355864224,0.0018303260758230182,0.0024858657605736777,0.001891668920940752,0.0026209095587865286,0.0019633734524175223,0.0027168840173060166,0.001895198895448079,0.002588141833557019,1.0368263409151928,0.0017930747214829172,0.0063733004951907115,0.00518880672813153,0.014474321473358186,8.405986746059103e-05,11,ac_power,{},50000,41.29041913151741,0.06521419469836762,0.06439199901123416,0.00018916086920960572,2.3120965566598604,0.0,physics,115
0.0017791123687437402,1.0160831509464783,0.8992676233944148,0.024433203991130817,1500,5.54343796466128e-06,0.0021655574204904947,0.9979242561042848,-0.26063434135198005,9.177652687997716,0.8178238061954671,0.07454193556229939,4,0.6207421405779487,0.03462138348472927,all_physics_factorial,0.0017791123687437402,-0.18740694961018523,11.222041494111478,12.105188105168757,1024,all_physics_factorial-ac_power-ganr-physics-s29-e730659110,2.2808898955662977,4.958037063319775e-05,2.160796537420878,2.160796537420878,8.678049942623403,ganr,0.0017969094017218027,0.002447487194605223,273662,1024,16,0.0,0.001703815393551485,0.0022372052632880068,0.0017269774827068608,0.0023017516446024737,0.0018503090447543242,0.002606625421881592,0.0018224222753295554,0.0024312497316451515,0.0017668819487058974,0.0023404748884422763,1.0461601028966359,0.001738782556107529,0.005480570464829151,0.004863196065326765,0.010656758961242687,7.60021105687322e-05,29,ac_power,{},50000,30.235973924398422,0.06521419469836762,0.06439199901123416,0.00018916086920960572,2.287200140703596,0.0,physics,115
0.0018140986801842129,1.028762059367523,0.9009874078534652,0.03857269463915313,1500,5.813321877212729e-06,0.002236505071995089,1.0041085027186445,-0.15962028666545947,9.400235040569678,0.8226900242002532,0.07454193556229939,4,0.6223849239608762,0.010622038391388313,all_physics_factorial,0.0018140986801842129,-0.213418199252557,11.426217365049197,12.311401258333092,1024,all_physics_factorial-ac_power-ganr-physics-s47-181637cf81,2.2996938717330706,5.203885709287306e-05,2.1676612485328914,2.1676612485328914,8.737824709358899,ganr,0.0018451766015668474,0.0024855538811616915,273662,1024,16,0.0,0.0018159230880552837,0.0023554573441262492,0.0017891396933909377,0.002339654902807004,0.0018296607685885158,0.002457475176304353,0.001874479461911265,0.00252209171130863,0.0018344624751778357,0.002460034144923304,1.044397662754469,0.0017852826627887777,0.005885675277530067,0.005241542393758684,0.011176695939989295,8.019479650556827e-05,47,ac_power,{},50000,43.63098579645157,0.06521419469836762,0.06439199901123416,0.00018916086920960572,2.3010407517737126,0.0,physics,115
0.0016727378174629039,0.9962776150827468,0.8767751283020597,0.008071780452042057,2500,3.8402438804041594e-05,0.005691094883477649,0.9880364649462586,-0.10875875806159546,8.477554791498276,0.7973685084677927,0.07454193556229939,4,0.6285291779415711,0.00616898603461841,all_physics_factorial,0.001672737817462904,-0.05158469530076532,10.631915734656458,11.669217913230167,1024,all_physics_factorial-ac_power-gelu-no_physics-s11-4cafb81d49,2.2220500865237627,0.00013092330275602535,2.07644801024607,2.07644801024607,7.976089757768235,gelu,0.004716465302219985,0.006170578754914967,272402,1024,16,0.0,0.004715027083599451,0.006066293667212482,0.00487615905837772,0.006368617479933055,0.004897597067836421,0.006419594873043806,0.00495430871809149,0.006535109538862529,0.004766039348143022,0.006225043713217968,1.0261691989729262,0.0015931209774417282,0.009693723296845484,0.009154261083157627,0.016233452711675627,0.00019645406792046386,11,ac_power,{},50000,9.618558263406157,0.06521419469836762,0.06439199901123416,0.00018916086920960572,2.226976537905162,0.0,no_physics,256
0.002014330338635056,1.0062854854180705,0.8854690502052753,0.011691346738430726,2500,3.749051393242553e-05,0.005626387406301261,0.9861142175146647,-0.060230390996085854,10.101335488471427,0.8054629941349651,0.07454193556229939,4,0.651705458919682,1.0605911594306557e-05,all_physics_factorial,0.0020143303386350557,-0.04438487947929332,12.541029894638248,13.22000248051138,1024,all_physics_factorial-ac_power-gelu-no_physics-s29-3bb47ec3bb,2.3928622867202636,0.00012933778118968056,2.246836387295529,2.246836387295529,9.457767995487234,gelu,0.004668767617917699,0.006096212837813301,272402,1024,16,0.0,0.004683121440802087,0.00599657573971112,0.004799251048806663,0.006263134320282814,0.004861868193716157,0.0063564278548010385,0.004881022561993005,0.006415778778769918,0.0047116515896086205,0.006144717303621327,1.0247043596780023,0.001956966619154381,0.009690548699211769,0.009142956928422041,0.01646505475282888,0.00019360822916509175,29,ac_power,{},50000,13.35110953077674,0.06521419469836762,0.06439199901123416,0.00018916086920960572,2.392921472218724,0.0,no_physics,256
0.001585099117389519,0.9670003480223462,0.8662283903420087,-0.022387313586295688,2500,3.805661981459707e-05,0.005672834089034842,0.9873367975182235,-0.18350211029237645,7.965443725267326,0.785544899445738,0.07454193556229939,4,0.6253140659340564,9.957710464201414e-05,all_physics_factorial,0.001585099117389519,-0.12366711966239895,10.140023480373376,11.21020127307888,1024,all_physics_factorial-ac_power-gelu-no_physics-s47-b451d6f0e9,2.1682077725529494,0.00013106639088499605,2.0186410878483425,2.0186410878483425,7.528089443425062,gelu,0.004717557666200168,0.006157111813759826,272402,1024,16,0.0,0.004719764127283492,0.006050537316607026,0.00487557267754277,0.006360042349216404,0.004888066723962245,0.006387372120060825,0.004931631045720866,0.006492487178669929,0.004769201626217528,0.006203258746436623,1.0252409698243525,0.0014909366447544321,0.009700426340681112,0.00916149230721263,0.016294892128294002,0.0001963643089232489,47,ac_power,{},50000,9.606033498421311,0.06521419469836762,0.06439199901123416,0.00018916086920960572,2.171584276980202,0.0,no_physics,256
0.0018070418646126394,0.9931126677248958,0.8981870008022919,-0.028800839085187033,2500,1.761426574375946e-05,0.003974977291758362,1.028781008771168,-0.266721455335627,9.138286667766575,0.8029906756155506,0.07454193556229939,4,0.632077840036957,0.043816910002861024,all_physics_factorial,0.0018070418646126394,-0.1263196033903154,11.380314797256414,12.237429971267181,1024,all_physics_factorial-ac_power-gelu-physics-s11-044c75605d,2.2990607291643133,8.738710988349761e-05,2.168101606466625,2.168101606466625,8.741673168303356,gelu,0.0032030115523214776,0.004219134514138164,272402,1024,16,0.0,0.0030639700176211923,0.0040234730547631424,0.0030637875785741045,0.00396363212777017,0.0033318596326970982,0.004364520678316004,0.0031883357378746035,0.004126178522602723,0.003299903232267149,0.004414217369115597,1.0971161752630296,0.001739826509179085,0.008290156136436803,0.007704361722248929,0.014626964776059029,0.000129052076609231,11,ac_power,{},50000,10.008298581466079,0.06521419469836762,0.06439199901123416,0.00018916086920960572,2.2981603985744323,0.0,physics,256
0.0017579145998052061,1.0045794706654854,0.8973588356869953,0.002153994707102496,2500,1.7141404896392487e-05,0.0038856955710324585,1.0194678456858162,-0.1802245406805867,9.035410376579717,0.8091694842724974,0.07454193556229939,4,0.6156107708209968,0.037992699914169224,all_physics_factorial,0.0017579145998052061,-0.1472649265074029,11.166276722240973,12.177794144599554,1024,all_physics_factorial-ac_power-gelu-physics-s29-c6288ae228,2.2720904363978964,8.647255320591967e-05,2.1439613151503134,2.1439613151503134,8.533173379756054,gelu,0.0031675841061541924,0.004163118192177758,272402,1024,16,0.0,0.0030541211813975193,0.003987528317796489,0.0030156229658317183,0.0039031949967234217,0.0032804772819250796,0.004284644306918683,0.0031574784164006314,0.004078449424459284,0.003225434160505476,0.004305534314875249,1.0797501539135124,0.001696919755869822,0.008299166642790137,0.007678690324172691,0.014690994091831588,0.00012710561093243338,29,ac_power,{},50000,12.932942664250731,0.06521419469836762,0.06439199901123416,0.00018916086920960572,2.2721277962392534,0.0,physics,256
0.0017869957332797416,0.9860621148756306,0.8926709340736497,-0.0347189601065732,2500,1.6847336155478843e-05,0.0038536592296575566,1.0210340365057178,-0.18428772408797758,8.994434806389918,0.7986123748459493,0.07454193556229939,4,0.6267526177229313,0.025763849152421144,all_physics_factorial,0.0017869957332797416,-0.10051385585795007,11.262578805049106,12.157951937549814,1024,all_physics_factorial-ac_power-gelu-physics-s47-0179587964,2.2865799370866937,8.552729079239367e-05,2.1472844116045127,2.1472844116045127,8.561578314935169,gelu,0.003134656523857096,0.004126552133604118,272402,1024,16,0.0,0.00302919419729668,0.0039739761590620185,0.002982882399689192,0.003876187374742604,0.003248779762499292,0.0042683094871735815,0.0031036264480043077,0.0040002899918438846,0.0031943292554279376,0.004267812183223657,1.0739400571117148,0.0017078008634356637,0.008246418285157587,0.007643190786919713,0.014705603710206,0.00012568895274685707,47,ac_power,{},50000,13.42914368584752,0.06521419469836762,0.06439199901123416,0.00018916086920960572,2.285294835746888,0.0,physics,256
0.0020291015502778616,1.0458125774490548,0.8822271480510167,0.056359948322723695,2500,4.8192086978815496e-05,0.006536147785231259,0.9929900712757086,-0.1043013748241423,10.133321910791805,0.8067118315438822,0.07454193556229939,4,0.6417533837679967,0.00972365397682569,all_physics_factorial,0.0020291015502778616,0.010080779271868965,12.5612660116794,13.292767099281225,1024,all_physics_factorial-ac_power-relu-no_physics-s11-63b98a86b6,2.385518247155461,0.0001464907902102709,2.2493334617610534,2.2493334617610534,9.481414551080874,relu,0.005374166906863137,0.0069362757269429915,272402,1024,16,0.0,0.0054943881086246165,0.006983572356226591,0.005463721430237886,0.00698150237182296,0.005470743317990422,0.007108003734619338,0.005531475958501648,0.007145251141200772,0.005387249260754999,0.006954391453733744,0.9958214934986921,0.00199084503156349,0.012446621407719353,0.01173512942031316,0.020714860026960564,0.000214979330795075,11,ac_power,{},50000,13.31797632202506,0.06521419469836762,0.06439199901123416,0.00018916086920960572,2.3892356545262614,0.0,no_physics,256
0.0019616081360987496,0.9830947216383114,0.8781869606361047,-0.04089641745940919,2500,4.8711914132582024e-05,0.006478436025865251,0.9835349461368967,-0.04005237425304006,10.094631155183974,0.8146378553500507,0.07454193556229939,4,0.6145971294097157,-0.0026770930190973463,all_physics_factorial,0.0019616081360987496,0.023660548244045485,12.391556676243951,13.518131899275492,1024,all_physics_factorial-ac_power-relu-no_physics-s29-a93d7cbd14,2.356175642310509,0.0001473769870120009,2.210313323817297,2.210313323817297,9.118573803884724,relu,0.005407811155662455,0.00697580200125599,272402,1024,16,0.0,0.005472912230552771,0.0069586722959450445,0.0054838197882128336,0.0070384342681256325,0.005494277610268149,0.007119268484977007,0.0055367602608178915,0.007156853873635226,0.0053643861740638515,0.006909220200156022,0.9928934581647365,0.0019236083782370535,0.012431545795298381,0.011724103767158815,0.020647527270008865,0.0002159765678393272,29,ac_power,{},50000,9.340557526797056,0.06521419469836762,0.06439199901123416,0.00018916086920960572,2.3572117938390207,0.0,no_physics,256
0.002053462838874394,1.0240642987520008,0.893704798330339,0.03266206145840784,2500,4.9016693083103746e-05,0.006537887328266572,0.9901898320884118,-0.07154378682564667,10.515444175993162,0.8199035672293504,0.07454193556229939,4,0.6284120653153112,0.007586736016737,all_physics_factorial,0.002053462838874394,0.034869465703454686,12.82522066775164,13.798354973928644,1024,all_physics_factorial-ac_power-relu-no_physics-s47-af78357f2e,2.406243805596323,0.0001480713308807562,2.267387553672056,2.267387553672056,9.654148230296906,relu,0.005428764793357159,0.0070044206322363925,272402,1024,16,0.0,0.005503153107061902,0.00701043830765916,0.00554917467287996,0.007103299919400769,0.005448289055637517,0.007103539187106065,0.0055680053816560835,0.00717783811677131,0.0054022161264652944,0.006957107934274947,0.9923927191077414,0.0020319424258101577,0.01257676995077343,0.011849279962512126,0.02089251986292431,0.00021713216480624198,47,ac_power,{},50000,10.032172478735447,0.06521419469836762,0.06439199901123416,0.00018916086920960572,2.4157384589861075,0.0,no_physics,256
0.0020836410347691734,1.0127809710075955,0.9054609950234273,0.02938085616193405,2375,2.929177207988687e-05,0.005047413301243639,0.9997529556012047,-0.12967920770012953,10.58500594652075,0.8155659670664122,0.07454193556229939,4,0.6299091345895845,0.017370449181031398,all_physics_factorial,0.0020836410347691734,-0.04237040447750518,12.97872443671844,13.802169649183861,1024,all_physics_factorial-ac_power-relu-physics-s11-a21ca048f2,2.425791794514766,0.00011436556649492461,2.285466998719902,2.285466998719902,9.830278240121746,relu,0.004170289946145825,0.005397840545675097,272402,1024,16,0.0,0.004138475833700201,0.0053257938596768615,0.004001352618654732,0.005121608945551081,0.004388070845386572,0.005749233794871055,0.004192257187256518,0.005370584644264598,0.004191498802040029,0.005479432646395526,1.0288480535985272,0.0020473707036035567,0.010195477454087422,0.009559805931843367,0.01753135927515594,0.00016586849548575893,11,ac_power,{},50000,12.914935981854796,0.06521419469836762,0.06439199901123416,0.00018916086920960572,2.4259539711027243,0.0,physics,256
0.002030258148075304,1.0145067477959298,0.900269086747148,-0.0028988895644088404,2500,2.8561702492879704e-05,0.0049421654649168065,0.9903007996436907,-0.06854619659845941,10.280902476511686,0.8114325716059979,0.07454193556229939,4,0.6263890512171817,0.009918717813461125,all_physics_factorial,0.002030258148075304,-0.009569650329017952,12.670063830644104,13.56904857611212,1024,all_physics_factorial-ac_power-relu-physics-s29-8faecce951,2.398700060953261,0.00011324442234972757,2.274790934101933,2.274790934101933,9.725889282873979,relu,0.004133030942219103,0.005337874639860175,272402,1024,16,0.0,0.004104472085116196,0.005276381898858663,0.003941682377513012,0.005026534151372318,0.0043573495513508365,0.00569881354804116,0.004159644468458289,0.005312050756291891,0.004102353388488721,0.005341743265371705,1.0123875352023288,0.001973234771412352,0.010223847418361104,0.009552980461219482,0.017691841883082322,0.00016387586405266214,29,ac_power,{},50000,13.42999822832644,0.06521419469836762,0.06439199901123416,0.00018916086920960572,2.4056411657561005,0.0,physics,256
0.0020933480501827383,1.0050128125588218,0.9064158546749997,0.008267425434518274,2500,2.8227445000084117e-05,0.00491289611439008,0.9934828987765296,-0.09797328355922051,10.522479891017305,0.807489401159459,0.07454193556229939,4,0.6332841478368161,0.013680709534368068,all_physics_factorial,0.0020933480501827383,-0.02839566867534511,13.031105889325943,13.881324531394068,1024,all_physics_factorial-ac_power-relu-physics-s47-ffda141014,2.4300784618376783,0.00011216923861129707,2.296369181479707,2.296369181479707,9.938034119077,relu,0.004092947197214513,0.00529173439455956,272402,1024,16,0.0,0.004046481788148182,0.005204288090856906,0.0039081952817620275,0.005009006874446497,0.004327849414404676,0.005687088942529837,0.004102147318755508,0.005246779987292981,0.004088151341345363,0.005312640891411011,1.0208199082492115,0.0020354397067888124,0.010080380548544127,0.009446857661022344,0.017316205322834965,0.0001625085372153171,47,ac_power,{},50000,9.629319954663515,0.06521419469836762,0.06439199901123416,0.00018916086920960572,2.4345524649552965,0.0,physics,256
0.0019099484561330565,1.0347096026150644,0.8902785471448974,0.0296157731921894,2375,1.1722770068445243e-05,0.0030661596381753,0.9636195298120714,-0.05287431572202643,9.912772619446816,0.8237840629065695,0.07454193556229939,4,0.6136600013750455,-0.07558687906802088,all_physics_factorial,0.0019099484561330565,-0.05369076782776625,12.033217278410842,13.03517676443531,1024,all_physics_factorial-ac_power-resmlp-no_physics-s11-402f8dffe0,2.333728689290128,7.134730565042154e-05,2.1920688660740733,2.1920688660740733,8.953718027781758,resmlp,0.0025989257908623988,0.0034397439145450242,272466,1024,16,0.0,0.0026718969672197995,0.003515529692679425,0.0026934330532947057,0.0035570367926269168,0.002663861752431623,0.003501153408598862,0.0025284618323346895,0.003349203233786839,0.002501710212244132,0.0032798415715819197,0.9329580058480829,0.0018842334992439666,0.007014156477682877,0.006501424965901316,0.012411360325729943,0.00010839916539558054,11,ac_power,{},50000,14.321909612044692,0.06521419469836762,0.06439199901123416,0.00018916086920960572,2.334415991637794,0.0,no_physics,129
0.0017994898674070904,1.0286780041388526,0.8863074596501801,0.027951695604749298,2500,1.1620817531365901e-05,0.0031212803565416067,0.9742312612848611,-0.11396553885584544,9.39255543666127,0.8247023239299415,0.07454193556229939,4,0.6058489197205569,-0.014481439095915885,all_physics_factorial,0.0017994898674070904,-0.04733632921464844,11.389025062889441,12.359717235541478,1024,all_physics_factorial-ac_power-resmlp-no_physics-s29-22f1c9224e,2.274423610659505,7.210870541903042e-05,2.1453217089228307,2.1453217089228307,8.544789751098424,resmlp,0.0026160071167771457,0.0034513590963573273,272466,1024,16,0.0,0.002563125967838993,0.00337985714851246,0.002636532058372585,0.003475588029691235,0.0027581056970846763,0.00360118269838214,0.0025842381257814616,0.0034102798054312174,0.002565290579853803,0.0033967234096717626,1.0049902290002777,0.0017697094873824883,0.007109388949047431,0.006604549275489657,0.01263156408851925,0.0001084901506145138,29,ac_power,{},50000,13.875976851209998,0.06521419469836762,0.06439199901123416,0.00018916086920960572,2.2715501676873533,0.0,no_physics,129
0.001843561046401613,1.0303840056594669,0.8844972829198902,0.02042003433230813,2500,1.221697311848402e-05,0.003340847709105196,0.9978972021680493,-0.12433731247649427,9.583164907489701,0.8236666892909302,0.07454193556229939,4,0.6110091582534947,-0.00778422501966955,all_physics_factorial,0.001843561046401613,-0.10048919068736141,11.634760798375321,12.593027176616097,1024,all_physics_factorial-ac_power-resmlp-no_physics-s47-a40bdc2fa6,2.295910863026417,7.427507488521801e-05,2.163568494936941,2.163568494936941,8.702141613700867,resmlp,0.0026863807694637964,0.0035573528265646697,272466,1024,16,0.0,0.0027279050070476065,0.0036680627972368375,0.0027510961791969725,0.0036052027089729546,0.0028297873678688277,0.0036871004009803683,0.0026544371131888085,0.0034266929140263484,0.0027458869692111323,0.003686568426418618,1.0050450688019086,0.0018158202055671587,0.00804092645435903,0.007051396962456436,0.015751631436331744,0.00011274715375733855,47,ac_power,{},50000,11.890616884455085,0.06521419469836762,0.06439199901123416,0.00018916086920960572,2.298578321408188,0.0,no_physics,129
0.0017955332075750108,1.0100810728190852,0.8977628510791695,0.017341414240755307,2500,4.448038907867158e-06,0.0018729765951575705,0.9603055268314273,-0.10484043960942178,9.132791232502248,0.808461280227739,0.07454193556229939,4,0.6307794889073861,-0.030749018757599597,all_physics_factorial,0.001795533207575011,-0.0992500424683499,11.296510365876262,12.144036942832884,1024,all_physics_factorial-ac_power-resmlp-physics-s11-04fe45bcb6,2.291975042774509,4.4113303490548464e-05,2.165326862191184,2.165326862191184,8.717450862288832,resmlp,0.001585960139883251,0.0021210023110026853,272466,1024,16,0.0,0.001635677959524859,0.0021690821232811567,0.0015851204438106182,0.0020673397921925677,0.0016449665114547623,0.0022366413975601733,0.001605159685128074,0.0021233407137660728,0.0015226867291425418,0.002026736669600297,0.9343752584777497,0.0017340269648483358,0.005357241363102392,0.004865375731364109,0.010044034195175819,6.717430088787293e-05,11,ac_power,{},50000,12.133791455999017,0.06521419469836762,0.06439199901123416,0.00018916086920960572,2.2904881730344675,0.0,physics,129
0.0018103787810554996,1.0136978360012927,0.8945991613942332,0.012449753236535297,2500,3.3233177418878768e-06,0.0016806974639595258,0.9920887549677946,-0.20593249850259782,9.232966889153861,0.8096986402571884,0.07454193556229939,4,0.6254399667474799,0.003352842697231957,all_physics_factorial,0.0018103787810554996,-0.16884049111293895,11.402967017730386,12.278870028179693,1024,all_physics_factorial-ac_power-resmlp-physics-s29-d115a863a9,2.2961621427049055,3.7897292646264955e-05,2.163967624834139,2.163967624834139,8.705609913281553,resmlp,0.0013851150690908833,0.001853987194495047,272466,1024,16,0.0,0.0013852757821624974,0.001864552138590048,0.0013680138199268696,0.0017725466763857216,0.0014212109860972206,0.0019218347563748834,0.0013740716118554484,0.001830746404952303,0.0013777599345765707,0.0018205018164423187,0.976374850970357,0.0017525508276495746,0.004726000379375477,0.004148323744604896,0.0094691304699114,5.697740214093336e-05,29,ac_power,{},50000,13.737008512020111,0.06521419469836762,0.06439199901123416,0.00018916086920960572,2.299889385689628,0.0,physics,129
0.0018397311835971772,0.9995221463615063,0.8986805208979719,0.0003775212788784779,2500,5.199369297770318e-06,0.00200130189218851,0.9407728710966451,-0.23886838183059156,9.455664089639992,0.8135734794583795,0.07454193556229939,4,0.6222246077421851,-0.03122586009584435,all_physics_factorial,0.0018397311835971772,-0.20223659564766466,11.62238485936748,12.547620500583545,1024,all_physics_factorial-ac_power-resmlp-physics-s47-1b187b7856,2.3140097143470726,4.714505127749525e-05,2.174911989612433,2.174911989612433,8.801416008652964,resmlp,0.0017099129401173666,0.0023135295244104356,272466,1024,16,0.0,0.0017687897279981555,0.0024293381956467038,0.0016880385779438165,0.0022380067991771653,0.0018468801022759967,0.00254454879648825,0.001758184888291408,0.002299542436083588,0.0016284670862404158,0.0022176356333302753,0.9128558705017717,0.0017932689337237264,0.005898791777511194,0.005146872533817052,0.011825574448112221,7.181964765003257e-05,47,ac_power,{},50000,12.12968628294766,0.06521419469836762,0.06439199901123416,0.00018916086920960572,2.311947474352065,0.0,physics,129
0.001730188778607685,1.0466627941406605,0.8692990125721107,0.019660074386667618,2500,4.403495040605776e-05,0.005760054174592989,0.9703099373446062,-0.2296597066484657,9.005666501255762,0.8264008757888797,0.07454193556229939,4,0.6432611185515726,0.004314873757241971,all_physics_factorial,0.001730188778607685,-0.08320556693011945,10.897455175926552,11.824981689805027,1024,all_physics_factorial-ac_power-silu-no_physics-s11-b32df5883d,2.245456536250754,0.00013668933413750405,2.086645446385184,2.086645446385184,8.057839325487706,silu,0.0049347909951202055,0.006642174382500967,272402,1024,16,0.0,0.004944201762829983,0.006543649238087759,0.005050958151495514,0.0067825532264886605,0.005229637701663821,0.0069764198585009485,0.005163815103881773,0.007031044557009948,0.004829451464867948,0.006578814213412737,1.0053739089681484,0.00172293163089659,0.00835948829506517,0.007792368166516513,0.01453290656942836,0.00021104791727352963,11,ac_power,{},50000,9.487548004835844,0.06521419469836762,0.06439199901123416,0.00018916086920960572,2.2453244840558835,0.0,no_physics,256
0.0016808102472476707,1.0174959595145197,0.8757389683228916,-0.017340508994349472,2500,4.3086187361041084e-05,0.005698706311796765,0.9708413926188753,-0.14579682690030785,8.537325999211527,0.805583981600644,0.07454193556229939,4,0.6466887835515025,0.0033420244438881336,all_physics_factorial,0.0016808102472476707,-0.10551566635076175,10.597685895204128,11.467392394994498,1024,all_physics_factorial-ac_power-silu-no_physics-s29-948ad156d9,2.2260507874967157,0.00013530599722300036,2.0778082712053907,2.0778082712053907,7.986945733183433,silu,0.004894340330929815,0.006576937394322614,272402,1024,16,0.0,0.004885586375912485,0.006453939007155865,0.004978812562256808,0.006685034851581479,0.00517773147604996,0.006921504666280795,0.005084570370855232,0.006928400877568318,0.0047848556147382865,0.006494593738840144,1.0062992122545942,0.0016336031057264202,0.008523792673778305,0.007966485248338737,0.01490466959903205,0.00020816492113947163,29,ac_power,{},50000,9.575247311964631,0.06521419469836762,0.06439199901123416,0.00018916086920960572,2.2276618982817014,0.0,no_physics,256
0.0015771570832454488,1.0093032213074007,0.8698125478179529,-0.006505022441170159,2375,4.410475230542943e-05,0.00574994670731732,0.9710519319164133,-0.2722792550598264,8.029776921307729,0.8035250896535068,0.07454193556229939,4,0.6419465337906151,0.0028322030791788854,all_physics_factorial,0.001577157083245449,-0.104774236016737,9.993187549091093,10.89016190974355,1024,all_physics_factorial-ac_power-silu-no_physics-s47-d9d07af477,2.165991890870231,0.00013703535100222878,2.007666313837942,2.007666313837942,7.445923391622669,silu,0.0049500791179326355,0.006654879027569457,272402,1024,16,0.0,0.004925933710922803,0.006511579887531994,0.005056278000853897,0.006791926951131637,0.005219439772655799,0.006979820205484045,0.005133007267888287,0.006986227707792127,0.00485511841141443,0.006566296140069313,1.0084029150348115,0.0015233157300501476,0.008380917634051818,0.007805929637908998,0.014565347730682786,0.00021096671374022029,47,ac_power,{},50000,13.292292054742575,0.06521419469836762,0.06439199901123416,0.00018916086920960572,2.1663640102787416,0.0,no_physics,256
0.001811065115761127,1.0217448549502797,0.8943901532985541,0.04045432193691438,2375,2.0696010324172676e-05,0.004105844221336771,1.0329508743682785,-0.1453496956443008,9.454194834953068,0.826434291498985,0.07454193556229939,4,0.6213705669912002,0.03570191241685144,all_physics_factorial,0.001811065115761127,-0.16030211760603674,11.439741709900574,12.395444671266443,1024,all_physics_factorial-ac_power-silu-physics-s11-c951d8cd54,2.2966184560803287,9.170014279075888e-05,2.1626044599103125,2.1626044599103125,8.693750814017761,silu,0.003362928635518267,0.004576873730575244,272402,1024,16,0.0,0.003207534230860851,0.004326617627879277,0.0031655041979741297,0.004265449407464521,0.003413423148507565,0.0046891085624266365,0.003287161825888072,0.004320601765353552,0.0034364980284370917,0.004775071908391914,1.1036500839877663,0.0017863206283645879,0.007603932981426422,0.007089084014352702,0.013445856511786602,0.0001390058957493968,11,ac_power,{},50000,9.4468958042562,0.06521419469836762,0.06439199901123416,0.00018916086920960572,2.2992121761103377,0.0,physics,256
0.0018226322660182693,1.0218135026338029,0.8953331268319636,0.0025448041091481297,2500,1.9830778910545632e-05,0.0040423226372357235,1.0322661307397998,-0.26325305400398374,9.365553198503175,0.8155926149936208,0.07454193556229939,4,0.6249068454145255,0.03508725010728846,all_physics_factorial,0.0018226322660182695,-0.20407092661469134,11.483126534411337,12.350173186824993,1024,all_physics_factorial-ac_power-silu-physics-s29-3cff6adeb3,2.3029457710041057,8.984436167389406e-05,2.1745609993860695,2.1745609993860695,8.798321859634791,silu,0.003311112719080766,0.0044848225084588985,272402,1024,16,0.0,0.003159634765582436,0.004214714148912119,0.003091938994237909,0.004122246902310512,0.003389549344811671,0.00463821600242142,0.0032353048181138298,0.004227217353869029,0.003377620431512308,0.004682577155615021,1.111007055323945,0.0017765869115778422,0.007618782334711872,0.007080560270968922,0.01355477740129832,0.0001353916640371026,29,ac_power,{},50000,10.060566872358322,0.06521419469836762,0.06439199901123416,0.00018916086920960572,2.3030180653796117,0.0,physics,256
0.0018726183525399054,1.023774941155479,0.8976036587645715,0.031525485480294685,2500,2.0040642993990332e-05,0.004077904825756195,1.0362072452571829,-0.1065704614784583,9.657566300803252,0.8194634653281466,0.07454193556229939,4,0.6266823249823086,0.03602719762534868,all_physics_factorial,0.0018726183525399054,-0.13222792316357912,11.785231080358132,12.681520227322945,1024,all_physics_factorial-ac_power-silu-physics-s47-80845e59ef,2.328406922256473,9.063390491400014e-05,2.1994854771496644,2.1994854771496644,9.02037139151235,silu,0.0033288664627755806,0.004503629735474688,272402,1024,16,0.0,0.003204586400339096,0.0042827542504882245,0.0031021058070072748,0.004166290779266566,0.0033945230638678736,0.0046333383743202665,0.0032413350519233646,0.004224041492285044,0.003402201542882552,0.004701814420245182,1.0978482876315365,0.0018329732921540604,0.0075238566785376946,0.006992470902285958,0.013259192516077392,0.0001366793593633259,47,ac_power,{},50000,12.899131009355187,0.06521419469836762,0.06439199901123416,0.00018916086920960572,2.3287069082218785,0.0,physics,256
0.0017241583642548764,1.0592813079523828,0.8720649464150604,0.05686477406837851,2500,1.4035829735803418e-05,0.003362045814787353,0.992637186519568,-0.05479238344639299,9.020372249649165,0.8311943825221351,0.07454193556229939,4,0.6237106208743286,0.0119478332200844,all_physics_factorial,0.0017241583642548766,-0.06002296643659251,10.852301747129466,11.776866892913823,1024,all_physics_factorial-ac_power-swiglu-no_physics-s11-3feec2d947,2.233840031169172,7.783616758995159e-05,2.083887920523156,2.083887920523156,8.035651133935275,swiglu,0.0027723115728620538,0.0038963175061137584,270342,1024,16,0.0,0.002719254759765742,0.0037231673696755643,0.002778620961486046,0.0036010092933114854,0.0029087609817979687,0.0040259888536493885,0.00280859285036209,0.003875683793457639,0.0027820976350211458,0.003886530940263594,1.0438775790523394,0.0017227206417132217,0.007463796067869694,0.00681167802702926,0.013481275935943692,0.00013266675434652083,11,ac_power,{},50000,19.849458418786526,0.06521419469836762,0.06439199901123416,0.00018916086920960572,2.2360526059012527,0.0,no_physics,115
0.0017218454119771703,0.9927748191275807,0.8705175766622983,-0.01847263697160432,2500,1.3658388525072951e-05,0.0032799656337101353,0.9820815327501156,0.03691827666420581,8.753016327558466,0.8015870840283478,0.07454193556229939,4,0.6177862611591655,-0.025699956637579572,all_physics_factorial,0.0017218454119771703,-0.08732400221729489,10.91960749114181,11.852130333631356,1024,all_physics_factorial-ac_power-swiglu-no_physics-s29-c013e6d81c,2.2345334096643805,7.705011629289434e-05,2.087974412524333,2.087974412524333,8.068555070184143,swiglu,0.0027361785183450645,0.0038106164610902226,270342,1024,16,0.0,0.002754068901432548,0.0037245845108597386,0.00271348478052196,0.003518737010681801,0.0028785237752139503,0.003966230145646312,0.002757467219161014,0.0037965635437202595,0.002713242555809127,0.00378628604159125,1.016566017109186,0.0016584456789657711,0.007277280650614171,0.006663430132329383,0.013250197959354776,0.00012901738868235156,29,ac_power,{},50000,15.44995011948049,0.06521419469836762,0.06439199901123416,0.00018916086920960572,2.238380959416878,0.0,no_physics,115
0.0017098682611584553,1.0209213001242923,0.8719856758300186,-0.005663880891924754,2375,1.530915506009478e-05,0.0033773467137033237,0.9791973464614306,0.004206655430346422,8.612519768792964,0.7950948113658486,0.07454193556229939,4,0.6219879810904001,-0.02424577328159645,all_physics_factorial,0.0017098682611584553,-0.022445349939203205,10.83206637205694,11.746564456902124,1024,all_physics_factorial-ac_power-swiglu-no_physics-s47-0ee59be5d1,2.2290437893245834,7.954225505638175e-05,2.0802431222634477,2.0802431222634477,8.006415331759587,swiglu,0.002833368409493333,0.0040046802453245,270342,1024,16,0.0,0.0028318156370464795,0.003909972416370313,0.002808711232847931,0.003708154491544089,0.002938160800506206,0.004130634517386867,0.002907799093976634,0.004079035813117486,0.002791817355271515,0.004010140604692494,1.0256186432167131,0.0016421406394770172,0.0072784462392142925,0.006617836686307477,0.01315786965767705,0.00013587355526238938,47,ac_power,{},50000,15.564595004543662,0.06521419469836762,0.06439199901123416,0.00018916086920960572,2.2235037685082037,0.0,no_physics,115
0.0017664458863037896,1.0059556007305472,0.9004865697468558,-0.0030574082683642086,2500,3.996407031081617e-06,0.0017433285470024196,0.9685336522456035,-0.18442701731414798,8.997115546929171,0.8078877657940914,0.07454193556229939,4,0.6232555054282949,0.011128104659895572,all_physics_factorial,0.0017664458863037896,-0.23431884119519347,11.136590907631458,12.01785045504088,1024,all_physics_factorial-ac_power-swiglu-physics-s11-49ba1a5b42,2.2767293212526365,3.946811676559037e-05,2.1478449059745772,2.1478449059745772,8.566377597078471,swiglu,0.001456614671782351,0.0020448208112616053,270342,1024,16,0.0,0.0014004865884906725,0.001922986569306209,0.001495879168792638,0.0020737047631797785,0.0015572094059972928,0.00226104137594644,0.0014666081793045442,0.002039156758974245,0.001435068433163076,0.0019219268069304845,0.9994488976716531,0.0017006326200398388,0.0046919631643045885,0.004216863879165174,0.008834651906276251,5.995713239353697e-05,11,ac_power,{},50000,19.689219314604998,0.06521419469836762,0.06439199901123416,0.00018916086920960572,2.276630627836961,0.0,physics,115
0.0017028294984501998,1.0213851626749642,0.9015779028793144,0.04025589415993133,2500,3.77212927560322e-06,0.0017388533523827834,0.9762996739614989,-0.17765040186095746,8.725234197391744,0.8124368257345739,0.07454193556229939,4,0.6218736407040345,0.01494945148773335,all_physics_factorial,0.0017028294984501998,-0.2109453901723768,10.73958481572118,11.627071590926835,1024,all_physics_factorial-ac_power-swiglu-physics-s29-125393ee91,2.24318880767996,3.939118962972868e-05,2.1127727243025753,2.1127727243025753,8.271143155981996,swiglu,0.0014478547945559527,0.001979752264502974,270342,1024,16,0.0,0.001402123352500078,0.0018733670513829113,0.0014720450794139586,0.001998450617506783,0.0015192075772785514,0.0021446002828373755,0.0014582837501188153,0.002004955459877214,0.0014370077707162954,0.0018945002654230413,1.0112808720664377,0.0016524332689377683,0.004701669973833499,0.004176313651671295,0.008994520268770848,5.9816750595995614e-05,29,ac_power,{},50000,23.51864466443658,0.06521419469836762,0.06439199901123416,0.00018916086920960572,2.2449362562644195,0.0,physics,115
0.0017893796499434665,1.02514620420765,0.9021395814315405,0.05037952176167656,2500,4.1012399378814735e-06,0.001805636160463616,0.9769423584571549,-0.1738936635511415,9.2099879694287,0.8174714162864932,0.07454193556229939,4,0.6204081691295047,0.01950515431657249,all_physics_factorial,0.0017893796499434665,-0.2493441657427938,11.266434258052326,12.147948928087205,1024,all_physics_factorial-ac_power-swiglu-physics-s47-bd5fe6b405,2.287163215088539,4.063085552084788e-05,2.152886398001852,2.152886398001852,8.6096735484516,swiglu,0.00149348552763794,0.0020797808706458686,270342,1024,16,0.0,0.00143793042138807,0.00194331693153481,0.0015181519013646827,0.0020924397834614556,0.0015808345867502043,0.002287238048449553,0.0015186080515756702,0.002100484148200903,0.0014915325283278186,0.0019883053001465817,1.0231502993061663,0.0017499437602031724,0.0048866501833484295,0.004315706093451298,0.009384746405966234,6.190244091621915e-05,47,ac_power,{},50000,22.584085777401924,0.06521419469836762,0.06439199901123416,0.00018916086920960572,2.2914745499827656,0.0,physics,115
0.0658815364235166,1.0267056171998656,0.9233547511956897,0.06248980759602317,2500,0.00027806710568256676,0.018303604786176337,1.1263920380540136,0.11374963435528129,43.67529580055454,0.8753831945331101,0.4022423630942666,4,0.7418657722188948,0.39092992275230665,all_physics_factorial,0.0658815364235166,-0.008905266522423287,49.892773899833635,50.85772231282445,1024,all_physics_factorial-allen_cahn-fourier-no_physics-s11-d2839085c9,3.8598749041601503,0.0009772879496451766,3.9117891863473755,3.9117891863473755,49.98831070266848,fourier,0.01253695353082913,0.01650545335286937,334880,1024,16,0.0,0.01216623273373719,0.01528625270541725,0.011923680249245538,0.015241810181351843,0.012263035313863956,0.016120409689417886,0.012711308487919746,0.016934926464867578,0.013703504439311554,0.018642323129405655,1.219548275739224,0.06737347153138198,0.012240696257093201,0.011675656117527987,0.017554807648163646,0.0013453668852056026,11,allen_cahn,{},10000,12.466623689979315,0.3653166956251509,0.3656098387182945,0.001269468069234427,3.863711270847144,0.0,no_physics,132
0.06353990347463653,1.035671977627302,0.9287379802050258,0.07175856966597524,2500,0.0002780330542009324,0.018149377775135922,1.1237976174174225,0.17371397528938168,41.91309485342717,0.8712811190850812,0.4022423630942666,4,0.7405854745186711,0.36663512087833483,all_physics_factorial,0.06353990347463653,-0.029452348276232027,48.105133848693356,49.06676143590688,1024,all_physics_factorial-allen_cahn-fourier-no_physics-s29-97342205e2,3.8287057563576266,0.0009824968180406812,3.88613277990783,3.88613277990783,48.722108960637726,fourier,0.012587032815733541,0.016546705577149743,334880,1024,16,0.0,0.012242151848737864,0.015444189296264023,0.011772623204811695,0.015139099741491422,0.01222506907074413,0.01600556257550092,0.01266449848749043,0.0166676421054169,0.013658399860947346,0.018469159497856012,1.1958646157182065,0.06473709365421106,0.012287512725719804,0.011668364376307675,0.017404096308702096,0.0013517388513095488,29,allen_cahn,{},10000,12.236483126878738,0.3653166956251509,0.3656098387182945,0.001269468069234427,3.832858455173867,0.0,no_physics,132
0.06635875254325994,1.0392163959245762,0.9273704521555579,0.09488722417924325,2500,0.0002754793385975063,0.018401536403320855,1.1256262186136436,0.24096753074897964,43.960488214897204,0.8756010395133798,0.4022423630942666,4,0.7372297443193276,0.37657348589156703,all_physics_factorial,0.06635875254325994,0.0182411285852228,50.20607129398623,51.17509700665879,1024,all_physics_factorial-allen_cahn-fourier-no_physics-s47-d48b235af1,3.869327627161339,0.000984495877281669,3.9208703434582928,3.9208703434582928,50.44433002560173,fourier,0.012639626546357651,0.016671573874521842,334880,1024,16,0.0,0.012334039341602055,0.015484815693266324,0.011897030659521123,0.015259088446808467,0.012423811086230903,0.016288572829124527,0.01273532329072629,0.016990184611478883,0.013769298092109961,0.018785537049166464,1.2131585820124084,0.06785872478732456,0.01237772256706544,0.011756810418711985,0.017670008246693437,0.0013565525548380778,47,allen_cahn,{},10000,13.464585676789284,0.3653166956251509,0.3656098387182945,0.001269468069234427,3.8695189814512116,0.0,no_physics,132
0.024702733369202583,1.123995426495913,0.9458728163384283,0.3456370364244331,2500,0.00021911282965447754,0.016779115526581966,1.161450331991208,0.24519925896003675,16.85431673861259,0.9033067312536667,0.4022423630942666,4,0.7720993171432378,0.5498518413382447,all_physics_factorial,0.024702733369202583,-0.06853933463271582,18.658464678128873,19.624756030719695,1024,all_physics_factorial-allen_cahn-fourier-physics-s11-a71bade925,2.9318893337027543,0.0009148236690366861,2.974536636775711,2.974536636775711,19.580548351299264,fourier,0.011488788741915184,0.014725658375027971,334880,1024,16,0.0,0.010557406855797735,0.012930466362977743,0.011116918855439353,0.013750499732286637,0.011325806103133287,0.014366262468020289,0.011608735607901962,0.014850937772419484,0.012772740802843055,0.017151511906665428,1.326441864136726,0.026009357727271056,0.009981927171555695,0.009313046278373715,0.01481449595367993,0.0012407205918186495,11,allen_cahn,{},10000,15.841960670426488,0.3653166956251509,0.3656098387182945,0.001269468069234427,2.937616646301445,0.0,physics,132
0.02493849012447601,1.121420588128668,0.9492492989086816,0.36156047716543877,2250,0.0002201937895733863,0.01667732335051584,1.1530482214930666,0.1998425986544274,16.957069941381064,0.9007332201887872,0.4022423630942666,4,0.771827612921461,0.5393112527716186,all_physics_factorial,0.02493849012447601,-0.10388192010585794,18.825851607679116,19.78845546443003,1024,all_physics_factorial-allen_cahn-fourier-physics-s29-b35f790a0f,2.9423054288883446,0.0009162261234337138,2.9938744076871573,2.9938744076871573,19.96287719582557,fourier,0.01150937711689023,0.014756875057813607,334880,1024,16,0.0,0.01054642915116218,0.012936673631627208,0.011191488700227459,0.01383163631355244,0.01128141052735191,0.014365767337244432,0.011657698329904882,0.014940041760445987,0.012667216616724581,0.017027289068904824,1.3162030328474081,0.02618163984434482,0.01004857407189532,0.009374401194018727,0.014858193616884206,0.0012423290787749541,29,allen_cahn,{},10000,12.2460962459445,0.3653166956251509,0.3656098387182945,0.001269468069234427,2.95018255490681,0.0,physics,132
0.02402471328810713,1.1454962363084171,0.9476405225165545,0.38350943914956004,2375,0.00021599186584353447,0.016638057608792077,1.1638741808363262,0.19053641821398223,16.59080550928083,0.9150421417327879,0.4022423630942666,4,0.7690619521753826,0.5501250692904656,all_physics_factorial,0.02402471328810713,-0.08967725171661539,18.131192819014124,19.095308252465337,1024,all_physics_factorial-allen_cahn-fourier-physics-s47-9c2db71e80,2.906079603493665,0.000907694935396535,2.9525697544056833,2.9525697544056833,19.15511448139672,fourier,0.011397539104298169,0.01460345544660908,334880,1024,16,0.0,0.01040489126209101,0.01272574269878219,0.011048873957660294,0.013646939248356369,0.011146453038924347,0.014178921985582653,0.011496987616970001,0.014712303054296116,0.012652128011303871,0.01701180038736362,1.3368021647170025,0.025581845351153393,0.009880154399113376,0.009215495383351983,0.014745836603757924,0.0012304337478716383,47,allen_cahn,{},10000,13.415360601618886,0.3653166956251509,0.3656098387182945,0.001269468069234427,2.913613734870177,0.0,physics,132
0.007500280575772111,1.1151501329400235,0.9400605918153677,0.28159879926328585,3750,0.00015576135774608701,0.014508275906921074,1.1973315281411694,0.16387848058948892,5.030416831705327,0.879080019381588,0.4022423630942666,4,0.8292823808958147,0.5218953401044274,all_physics_factorial,0.007500280575772111,-0.12345030756026035,5.722365109883974,6.707829371899544,1024,all_physics_factorial-allen_cahn-ganr-no_physics-s11-e37851e5c8,1.8756477839752594,0.0007225579745652809,1.8975408543756425,1.8975408543756425,6.669473062022888,ganr,0.009193111461208504,0.012464260183580449,335734,1024,16,0.0,0.008446146859381373,0.01089885553373848,0.00828426950782809,0.010930514052343914,0.00891227023654385,0.01207125819854789,0.009436420451295556,0.012788336663321286,0.010826662178908953,0.0148722245824132,1.364567548984824,0.0076626582151760134,0.009604934622532476,0.00891202700422809,0.014263323799943188,0.0010323710221530238,11,allen_cahn,{},10000,33.9518819861114,0.3653166956251509,0.3656098387182945,0.001269468069234427,1.884739755690195,0.0,no_physics,122
0.007643579640496253,1.1106925238298448,0.9416133310233744,0.29239376206995205,3750,0.00015588743553962559,0.014518938874050593,1.197650187000564,0.20985638868381828,5.119973538559469,0.8779213977763337,0.4022423630942666,4,0.8312210191812563,0.5216620882805235,all_physics_factorial,0.007643579640496253,-0.1839739311386882,5.831927039855422,6.808702079854842,1024,all_physics_factorial-allen_cahn-ganr-no_physics-s29-d3b739e940,1.8923735855501773,0.000722835244978273,1.9185490964014078,1.9185490964014078,6.811069954006781,ganr,0.009197131098423886,0.012468697651768045,335734,1024,16,0.0,0.008443522459545572,0.010893463442465836,0.008282448875061197,0.010922219487050066,0.008927201973201359,0.012085861274157167,0.009443178309998811,0.012806755404401326,0.010828756114664375,0.014889049858591845,1.3667875177833775,0.007792405463114707,0.009591430239003362,0.00890201247020584,0.014342330986214014,0.001032785654179302,29,allen_cahn,{},10000,81.03325804695487,0.3653166956251509,0.3656098387182945,0.001269468069234427,1.9034139918419433,0.0,no_physics,122
0.007546607141675998,1.1119261985315816,0.9426620353940545,0.28955382528073814,3750,0.00015638282638974488,0.014557774466218774,1.1985389315080495,0.23462551016144081,5.092126760973927,0.8845499535250297,0.4022423630942666,4,0.832922372348619,0.5229937839746799,all_physics_factorial,0.007546607141675998,-0.16112841758457905,5.756743008895356,6.712303565472679,1024,all_physics_factorial-allen_cahn-ganr-no_physics-s47-876e69793d,1.8815603832038044,0.0007252688402603037,1.9103345583437616,1.9103345583437616,6.755348531701395,ganr,0.009227743256465542,0.01249450606058934,335734,1024,16,0.0,0.008489005236673603,0.010943537521475064,0.008313424754304858,0.010959608475622062,0.00893632988221908,0.012078634697083633,0.009476567376273061,0.012808419511700305,0.01086274761078479,0.01493076866589538,1.3643457279326696,0.007764708996711448,0.009609278159178343,0.008906555850577053,0.014356316544437423,0.0010348283520663188,47,allen_cahn,{},10000,34.93604022450745,0.3653166956251509,0.3656098387182945,0.001269468069234427,1.8924740934417592,0.0,no_physics,122
0.00666150698466763,1.2102603570048052,0.9498502447942511,0.4886750880659466,2500,0.00014243913756217808,0.014539077924232605,1.2905797047001324,0.37101029376941397,4.628715665171267,0.9139271325703684,0.4022423630942666,4,0.8150520772512106,0.6836269200164509,all_physics_factorial,0.0066615069846676315,-0.02956580582576353,5.064644105874465,6.031213454657551,1024,all_physics_factorial-allen_cahn-ganr-physics-s11-f36d395226,1.7709852803468524,0.0006771209711093821,1.805917699863685,1.805917699863685,6.085553704902479,ganr,0.008487071428706255,0.011837152609947508,335734,1024,16,0.0,0.006742159323341534,0.008529923587134246,0.007532256748265957,0.010057935631839668,0.008320958143650862,0.01158104816679642,0.009028251705639609,0.012573236591167828,0.01069791147173895,0.015032045384329899,1.7622719864692407,0.007064714488067373,0.008436367178384287,0.007585565964070002,0.014607989417442914,0.0010043486079359062,11,allen_cahn,{},10000,23.502562487497926,0.3653166956251509,0.3656098387182945,0.001269468069234427,1.784737581979413,0.0,physics,122
0.006655764803903353,1.220693722818507,0.9497597907092015,0.501482044828696,2500,0.00014241399185266346,0.014552155975208737,1.2899761989524892,0.38487554150241676,4.655410352574722,0.9201878352888364,0.4022423630942666,4,0.8136741932109219,0.6859243795150561,all_physics_factorial,0.006655764803903353,-0.024331268775481005,5.059195714224414,6.024386721540134,1024,all_physics_factorial-allen_cahn-ganr-physics-s29-2a3225e8b3,1.7700948245128199,0.0006775494073207903,1.8017138529449388,1.8017138529449388,6.060024560930124,ganr,0.008492199025310388,0.011851478447782194,335734,1024,16,0.0,0.006750392720323772,0.00854752379135567,0.007528309998843684,0.010058910724656756,0.00833175292794205,0.011607039531981353,0.009041553202472595,0.01258918315452868,0.010696919367918003,0.015042752621339505,1.759895963852435,0.007104991090707624,0.008443694505885816,0.007587572388196757,0.014560070086882343,0.0010057430303392336,29,allen_cahn,{},10000,46.8801332116127,0.3653166956251509,0.3656098387182945,0.001269468069234427,1.7844424743049347,0.0,physics,122
0.006690838689008419,1.2097307763200071,0.9499773427084713,0.4949146497925756,2375,0.000142543955007568,0.014547339936783527,1.2899484979437295,0.378438801521082,4.663755616694917,0.9167803730274837,0.4022423630942666,4,0.8150995501440137,0.6832623962878192,all_physics_factorial,0.006690838689008419,-0.05154585911236678,5.087102379050499,6.055046723666003,1024,all_physics_factorial-allen_cahn-ganr-physics-s47-08858678bf,1.7749971792569712,0.0006779131719894841,1.809874379694,1.809874379694,6.109679911469961,ganr,0.008496934574932424,0.011848569446834892,335734,1024,16,0.0,0.006760545773691707,0.00855179407124244,0.007541788097095336,0.010068800104659565,0.00832906052728224,0.011591547109703268,0.009032632116528367,0.012576021610694939,0.010703644479668371,0.015036176138884184,1.7582481539688974,0.007117816372526671,0.008440583287507946,0.007594796029760728,0.014505551330896585,0.0010052065102399293,47,allen_cahn,{},10000,31.60615522041917,0.3653166956251509,0.3656098387182945,0.001269468069234427,1.7881991934813963,0.0,physics,122
0.0074596765294700105,1.1511017119973548,0.945197777654089,0.36521749383091334,2500,0.00020449898147489876,0.015427317799181507,1.0965092431003916,0.2048752629159644,5.120389503398857,0.9011597262764719,0.4022423630942666,4,0.8188244017257655,0.078908652814534,all_physics_factorial,0.007459676529470011,0.005572238663185751,5.681999931972042,6.682798439466804,1024,all_physics_factorial-allen_cahn-gelu-no_physics-s11-eb8e5711c9,1.8674685695300917,0.0008464866831165185,1.8960556438803515,1.8960556438803515,6.659575551712581,gelu,0.010774284404591284,0.014397182376799959,334852,1024,16,0.0,0.012532063774804474,0.015655360238709167,0.010154581798729722,0.013023853995000162,0.010075819954623923,0.013480163462946249,0.010039023498724984,0.01377240840492082,0.011232021905451523,0.015783999943516102,1.0082169750708683,0.007817703235234308,0.010766054824589663,0.010080288090878452,0.015848591461626566,0.0011883200509116005,11,allen_cahn,{},10000,9.480477491393685,0.3653166956251509,0.3656098387182945,0.001269468069234427,1.876545472507495,0.0,no_physics,256
0.007456820988125571,1.157004121305088,0.948186504207667,0.40089697625348686,2500,0.0002039880200754851,0.015438129473657998,1.0991226715039455,0.2660667771726261,5.09593719204846,0.8977416101153614,0.4022423630942666,4,0.8185869371664092,0.08579210178098848,all_physics_factorial,0.007456820988125571,0.026254738573778698,5.676396342365843,6.678492192771239,1024,all_physics_factorial-allen_cahn-gelu-no_physics-s29-343e1b4d2b,1.867547344402162,0.0008427853542319931,1.9005544810640504,1.9005544810640504,6.689602750641756,gelu,0.010730331264768309,0.014386781532226061,334852,1024,16,0.0,0.012433321044085609,0.015550355150852775,0.010092748783559622,0.012980956605681238,0.010060210592367648,0.013503474487577164,0.01000258244881295,0.013784532079234696,0.011192124121531177,0.015803649031267648,1.016288623504588,0.007781810600187252,0.010769397120183325,0.010093562530591196,0.0158737046435286,0.0011872014482508019,29,allen_cahn,{},10000,12.799942623823881,0.3653166956251509,0.3656098387182945,0.001269468069234427,1.8787360446509926,0.0,no_physics,256
0.00746443753634913,1.1630631131477822,0.9479374898354718,0.40034877691152276,2500,0.00020197761477902532,0.015400533150202105,1.1005885272902678,0.24672034098981765,5.120452020919255,0.9010747476013595,0.4022423630942666,4,0.817567326612352,0.08929434366282811,all_physics_factorial,0.007464437536349129,0.0054274662935412344,5.682605171823738,6.684559824868905,1024,all_physics_factorial-allen_cahn-gelu-no_physics-s47-3f7a29be2d,1.8683351099684702,0.0008398289645921907,1.895670286352741,1.895670286352741,6.657009019519189,gelu,0.010691402603768139,0.014327226948249217,334852,1024,16,0.0,0.01239391230974259,0.015482051302350013,0.01005599956340586,0.012921378522104515,0.010012448319958268,0.013431370843718782,0.009960347161260676,0.013724829466888244,0.01117149649864465,0.015763339992717534,1.0181686964391357,0.007820928471050276,0.010733702901206886,0.010050050101860605,0.01585960511263816,0.001182754168546411,47,allen_cahn,{},10000,9.585635866969824,0.3653166956251509,0.3656098387182945,0.001269468069234427,1.8791032220375998,0.0,no_physics,256
0.006683408127421071,1.1820174733759514,0.9500439353843666,0.4622881052857448,2500,0.00014855654444545507,0.01440590557322353,1.230434955853139,0.3753200261871265,4.600770221778568,0.9039600048350076,0.4022423630942666,4,0.8152769584092389,0.6992322951684428,all_physics_factorial,0.006683408127421071,-0.10347037944353049,5.089572765576403,6.049312150224713,1024,all_physics_factorial-allen_cahn-gelu-physics-s11-2f04f7fa9f,1.7754189761644994,0.000718360242775144,1.8072066137937637,1.8072066137937637,6.093402705669401,gelu,0.00905527393051123,0.01207621006949516,334852,1024,16,0.0,0.007359112109941306,0.009346296993826247,0.008351377834093005,0.010768372247760406,0.00904583379077935,0.011863834535555354,0.009630739633778493,0.012702529557338034,0.01084762804308662,0.01476746182171405,1.5800334433486103,0.0070053462690459695,0.008968826134388458,0.008241586254606921,0.013734994035444764,0.0010147234819327833,11,allen_cahn,{},10000,9.853329550474882,0.3653166956251509,0.3656098387182945,0.001269468069234427,1.7888260640271345,0.0,physics,256
0.006685255298279782,1.1830561581406684,0.9495356204379737,0.45218699708533,2500,0.0001483857340645045,0.014402384400842225,1.2305721796386617,0.37759747043501274,4.6013556777182725,0.903706124329303,0.4022423630942666,4,0.8146390248105173,0.6965034466418711,all_physics_factorial,0.006685255298279782,-0.10670767470138044,5.091650431309435,6.050930749849805,1024,all_physics_factorial-allen_cahn-gelu-physics-s29-ba20c308b7,1.7755853365874648,0.0007171867697092636,1.8061826583414908,1.8061826583414908,6.087166233806467,gelu,0.009041849322880187,0.01207639470655339,334852,1024,16,0.0,0.007354405518613309,0.009354510153665726,0.008337908341175993,0.010759821196888073,0.009050308569032297,0.011888438718251381,0.009603625928274465,0.012672994299242681,0.010830059522130453,0.014772350510594777,1.5791687932270806,0.007007476960103047,0.008967438239464243,0.00823872835256476,0.013731258438198177,0.0010147469834996484,29,allen_cahn,{},10000,10.16040575131774,0.3653166956251509,0.3656098387182945,0.001269468069234427,1.7894208586703138,0.0,physics,256
0.006675285293924013,1.184768009588487,0.949876267119659,0.45888091427651806,2500,0.00014846956764813513,0.014385215127314457,1.2299932598476315,0.3621888537560418,4.594075262068594,0.9037277191827839,0.4022423630942666,4,0.8147783898680049,0.6973528024640583,all_physics_factorial,0.006675285293924013,-0.10627286585365854,5.083472781185565,6.043227963022404,1024,all_physics_factorial-allen_cahn-gelu-physics-s47-5a860ac46d,1.7744932411064216,0.0007174661115495646,1.803954464912525,1.803954464912525,6.073617948961772,gelu,0.009044446841993214,0.01207121082117878,334852,1024,16,0.0,0.007344580211777997,0.00933970334689659,0.008354993347382246,0.01077177456687442,0.00903257396866687,0.011853942453603036,0.009607645639580713,0.012675527904006535,0.010821844080544755,0.01475184368035133,1.5794766849048896,0.006994795926353218,0.008961761533384105,0.008243947467289098,0.01363351446676411,0.00101430429957244,47,allen_cahn,{},10000,12.831518279388547,0.3653166956251509,0.3656098387182945,0.001269468069234427,1.7892190388470302,0.0,physics,256
0.008861737750002976,1.0717748273776815,0.94385353846517,0.19772446758100276,2500,0.0002368418063269928,0.016423643952867557,1.0882715930755462,0.16811160173280773,5.89655165909847,0.8715199364794457,0.4022423630942666,4,0.8077839887804562,0.08466095728131035,all_physics_factorial,0.008861737750002976,0.01581960562549174,6.765825326862774,7.761088775258681,1024,all_physics_factorial-allen_cahn-relu-no_physics-s11-269f6280e2,2.0170677043961867,0.0009099288228361101,2.0390430657052967,2.0390430657052967,7.6832533282094815,relu,0.011621847326862571,0.015435159414069049,334852,1024,16,0.0,0.013389729138383702,0.016806221077764198,0.010950752393658445,0.014097175890777303,0.01093615296096095,0.014421415455625164,0.010872691654427322,0.014789324760502386,0.012023949430581108,0.016751723079590664,0.9967572723266364,0.009008350108100893,0.011665932964144924,0.010986741467368945,0.01684452319191998,0.001266593725162799,11,allen_cahn,{},10000,12.7422014195472,0.3653166956251509,0.3656098387182945,0.001269468069234427,2.0221414383760052,0.0,no_physics,256
0.00886647638191207,1.0634365758891644,0.9441707267087092,0.18777998936056073,2500,0.00023583708389196545,0.016388530669352752,1.0881683074105426,0.1436558900140686,5.893370245448677,0.87025477970546,0.4022423630942666,4,0.8096130924930689,0.08471780899077318,all_physics_factorial,0.00886647638191207,0.011526748354910235,6.772005604431502,7.765681594900805,1024,all_physics_factorial-allen_cahn-relu-no_physics-s29-242c1ba3e1,2.0174034108370575,0.0009070321262393803,2.044210046121392,2.044210046121392,7.723055299223789,relu,0.011585261179682603,0.015405339544113092,334852,1024,16,0.0,0.013339088797644363,0.01674036405438675,0.010899300670271856,0.014032128731153663,0.010952223550444852,0.014456579356357867,0.010843185062874868,0.014756673746842737,0.011985869234333636,0.016717633292856967,0.9986421584706322,0.009004367966457098,0.011643754314322656,0.010960511198664218,0.01666908756173429,0.0012643345241581177,29,allen_cahn,{},10000,9.59917109273374,0.3653166956251509,0.3656098387182945,0.001269468069234427,2.024295910284744,0.0,no_physics,256
0.00883948152490202,1.0807220357260667,0.9465916754293852,0.2541580314355196,2500,0.00023406681430060416,0.016408413377030612,1.090822980387216,0.2863520496998231,5.892891554582533,0.8735366388167234,0.4022423630942666,4,0.8067402843674204,0.09161666949788999,all_physics_factorial,0.00883948152490202,0.03306881884343037,6.746015327490941,7.740501821056267,1024,all_physics_factorial-allen_cahn-relu-no_physics-s47-a397a87154,2.0150875917184616,0.0009040286269876003,2.042966971475682,2.042966971475682,7.713460914892507,relu,0.011547849430772484,0.015375819606952994,334852,1024,16,0.0,0.013291166293049208,0.01670444868861867,0.010861090115241478,0.01401501478101115,0.010921653919290305,0.014414649840332146,0.010836628079371852,0.014745396434970902,0.011961485693831432,0.016742170455244627,1.0022581868656137,0.009002923323515438,0.011616047670203387,0.01094969936736442,0.016762051896733396,0.0012618896485563126,47,allen_cahn,{},10000,9.69796740449965,0.3653166956251509,0.3656098387182945,0.001269468069234427,2.021447458467198,0.0,no_physics,256
0.006910359201231595,1.1648229356283344,0.9510787184145172,0.44913913301981256,2500,0.00017421416123397648,0.015119581717209875,1.1793693887591616,0.3353317268181248,4.735794316288685,0.8991649026552824,0.4022423630942666,4,0.8174112517206572,0.6864385035941635,all_physics_factorial,0.006910359201231594,-0.1878667589049424,5.266880749352683,6.250924036522681,1024,all_physics_factorial-allen_cahn-relu-physics-s11-9ee15bddcc,1.805012620921704,0.0008017686769690021,1.835341512443557,1.835341512443557,6.267275039656752,relu,0.010081248952967857,0.013102392173381825,334852,1024,16,0.0,0.008765687204081411,0.01090778351046966,0.009547711520653115,0.011988183012364095,0.010094954015860622,0.01290685914827071,0.010499831982143994,0.013539622681890325,0.011481937650841273,0.01545135405512833,1.4165438872432328,0.007211405631563927,0.009411694158698384,0.008665469257927364,0.01407344482658506,0.0011033863604476809,11,allen_cahn,{},10000,9.956780778244138,0.3653166956251509,0.3656098387182945,0.001269468069234427,1.8185420198840925,0.0,physics,256
0.006906359184403542,1.165794261709492,0.9506011067392744,0.4438886815141978,2500,0.0001741047017276287,0.015120393092305421,1.1796676136797024,0.32114749759719186,4.726825215858262,0.8980422660015502,0.4022423630942666,4,0.8154968822576916,0.6845120610113724,all_physics_factorial,0.006906359184403541,-0.19055147387525925,5.263477449568172,6.247193506986129,1024,all_physics_factorial-allen_cahn-relu-physics-s29-52b4d1e497,1.8044449465243109,0.0008007230252539615,1.8378577227444644,1.8378577227444644,6.283065050237912,relu,0.010069338097026677,0.013102113861580438,334852,1024,16,0.0,0.008756872970787768,0.010909566088760302,0.009526519435102007,0.011972804324041889,0.010099496596321466,0.012931340036952182,0.010484750801436314,0.013523970784898084,0.011476401149749547,0.015456233995313876,1.4167597381565733,0.007194988263323327,0.00940909060466001,0.008672014236687817,0.014128889889826884,0.0011034051274016585,29,allen_cahn,{},10000,12.87077926658094,0.3653166956251509,0.3656098387182945,0.001269468069234427,1.8162224919795351,0.0,physics,256
0.006903654661819298,1.1588377569633135,0.9500611208445888,0.43085422850654453,2500,0.00017406741972081363,0.015093968500253751,1.1790294808605424,0.34591244027802925,4.702362353033522,0.8936849193729506,0.4022423630942666,4,0.815559836502852,0.6875237934518273,all_physics_factorial,0.006903654661819298,-0.18066989351620052,5.261767599628861,6.245726506376104,1024,all_physics_factorial-allen_cahn-relu-physics-s47-4d407c85cf,1.8040123179779095,0.0008001488318003597,1.8346275485249741,1.8346275485249741,6.262801520698055,relu,0.010061928499833398,0.013091407716014301,334852,1024,16,0.0,0.008743289781162804,0.010888748250026363,0.009535992755340932,0.011985089534868645,0.010072455271697514,0.01288947545330322,0.010474548314882759,0.01351404949761231,0.01144942503164775,0.015431534132147179,1.4172000103051163,0.007158463392201805,0.0094046579333947,0.008668777372888195,0.014066435496221033,0.0011024359839013574,47,allen_cahn,{},10000,11.171846775338054,0.3653166956251509,0.3656098387182945,0.001269468069234427,1.816634524248943,0.0,physics,256
0.007849919596989746,1.1253886200147638,0.9464856368863792,0.3601979248623131,2500,0.000148093793541193,0.014097422045095313,1.198952174226549,0.25909236533827357,5.291557083830166,0.8844836813887902,0.4022423630942666,4,0.8176841669917616,0.5052847279343394,all_physics_factorial,0.007849919596989746,-0.13758548431800302,5.982650890202429,6.921034749452476,1024,all_physics_factorial-allen_cahn-resmlp-no_physics-s11-87f5060a6c,1.9122316303853362,0.0006989627229013625,1.9489699170577721,1.9489699170577721,7.021451213600942,resmlp,0.008915841653194688,0.012124785646199654,335772,1024,16,0.0,0.008106220255433979,0.010600569099665304,0.007981876663921151,0.010640813516386894,0.008628514143546437,0.01170010903031029,0.009203050378724407,0.012407218049882927,0.010537922188780269,0.014481954135751915,1.3661487416000297,0.008070820117396158,0.009441869398666196,0.008753000897313252,0.01437561888929235,0.001000422012323885,11,allen_cahn,{},10000,11.821852764114738,0.3653166956251509,0.3656098387182945,0.001269468069234427,1.9215564490010504,0.0,no_physics,136
0.007846101701189268,1.1425461901468816,0.9478365565098583,0.38849656453401044,2500,0.00015023525338619947,0.014216238405116183,1.1938000054883653,0.2637767965343845,5.366090737220801,0.8977784365115,0.4022423630942666,4,0.8159737070082034,0.4860747621772405,all_physics_factorial,0.007846101701189268,-0.11825527725126957,5.9770768810975605,6.918250152790378,1024,all_physics_factorial-allen_cahn-resmlp-no_physics-s29-da9349b91c,1.9112110193785876,0.00070600724111156,1.9355049564223665,1.9355049564223665,6.927543011251675,resmlp,0.009003506413082807,0.01221906722058511,335772,1024,16,0.0,0.008316597455458501,0.010849836027313289,0.008148876905887448,0.010822368835199955,0.008719685136957306,0.011777413810612047,0.009280517160698658,0.012512750011709721,0.010578465288143622,0.014589467572308055,1.3446717107595587,0.008180409173953069,0.009554239994332615,0.008890467576917,0.014247616453419638,0.0010088150296165782,29,allen_cahn,{},10000,13.207986852154136,0.3653166956251509,0.3656098387182945,0.001269468069234427,1.921050842735377,0.0,no_physics,136
0.007865010227469386,1.1212210843727275,0.9472447650834264,0.3461292110721694,2500,0.00014912440383341163,0.014131546900284377,1.1941337006577348,0.3599392681533897,5.272659441328743,0.8795543456482472,0.4022423630942666,4,0.8159209488792292,0.468481130641585,all_physics_factorial,0.007865010227469386,-0.10757570542164366,5.994694321523363,6.939090480995693,1024,all_physics_factorial-allen_cahn-resmlp-no_physics-s47-4a625fa53f,1.9137280182132907,0.000704080848796495,1.9418912299207445,1.9418912299207445,6.971924205421222,resmlp,0.008982150708142692,0.012170039296823948,335772,1024,16,0.0,0.008422388124717763,0.010993278558710169,0.008063932694275529,0.010677545418905825,0.00867961568594843,0.011697856967557459,0.009167156417227016,0.012359261983161385,0.010524934003712355,0.01451392517915819,1.3202544720072205,0.008039538991910577,0.009518874180997934,0.0088268256601582,0.014248140394681825,0.001003758767171523,47,allen_cahn,{},10000,15.481049759313464,0.3653166956251509,0.3656098387182945,0.001269468069234427,1.9265913608497893,0.0,no_physics,136
0.006603993187252317,1.1937984596193996,0.94926380054717,0.46182173574851576,2500,0.0001519516808912158,0.014389255485893199,1.2104607770018732,0.3825242718446602,4.556298357452437,0.9064694449166967,0.4022423630942666,4,0.8146911551207423,0.6942502771618624,all_physics_factorial,0.006603993187252317,-0.07729768301623632,5.026422438178438,5.997925073708295,1024,all_physics_factorial-allen_cahn-resmlp-physics-s11-c6b4777293,1.7645058814905656,0.0007397497237454158,1.7983742360865704,1.7983742360865704,6.039820261588787,resmlp,0.009368867208076727,0.012220566266716177,335772,1024,16,0.0,0.0078782159519608,0.009725589458759933,0.008695719006449379,0.010963423139440731,0.009343499519703615,0.012035702868728368,0.009882914165834497,0.012811810183882218,0.01098140945359345,0.014741334842096561,1.5157266204383013,0.006941698181979398,0.008835808302868816,0.008111410217084298,0.013675545728344392,0.0010146244568129236,11,allen_cahn,{},10000,11.790818898007274,0.3653166956251509,0.3656098387182945,0.001269468069234427,1.779065353557679,0.0,physics,136
0.0066020061515078485,1.195832743746381,0.9496124190262477,0.4695287801301767,2500,0.00015204564260784537,0.014456824377018212,1.215668128273815,0.36914376453873043,4.565389192044937,0.908520841653535,0.4022423630942666,4,0.8142600061537562,0.6850692457621057,all_physics_factorial,0.006602006151507849,-0.07207554001859666,5.025079208679234,5.995899991735341,1024,all_physics_factorial-allen_cahn-resmlp-physics-s29-70db6c09cb,1.7645409736425866,0.0007373720508148306,1.7970819137516134,1.7970819137516134,6.0320198574769535,resmlp,0.009325816580692904,0.0122468554084802,335772,1024,16,0.0,0.007769374286632121,0.009642320246240439,0.008656798663235328,0.010984977858399792,0.009334189752739018,0.012054442532234678,0.009832050900851926,0.012844524384106997,0.010966070802974742,0.014828736469066702,1.5378805194577994,0.006955217404806739,0.00888845203323229,0.00819049997383569,0.013867510341627953,0.0010204196725122777,29,allen_cahn,{},10000,13.282452806830406,0.3653166956251509,0.3656098387182945,0.001269468069234427,1.7781717310587573,0.0,physics,136
0.006689543721913055,1.1822937605829589,0.949626014038546,0.45678212842429006,2500,0.00014628008648287505,0.014124740320047645,1.2171031754510808,0.4022537643994372,4.600368624902145,0.9031599402153618,0.4022423630942666,4,0.8155745073026854,0.6864488748122451,all_physics_factorial,0.006689543721913055,-0.10504453588799083,5.093636708250335,6.060971408798222,1024,all_physics_factorial-allen_cahn-resmlp-physics-s47-0f4cb6f9aa,1.7761524336334567,0.0007170716896938257,1.8096231887104377,1.8096231887104377,6.108145383589224,resmlp,0.009079016180482053,0.01194877033920936,335772,1024,16,0.0,0.007524740219223402,0.009366189449691434,0.008452915273613125,0.010709927441012318,0.009082084952873319,0.01176059832627961,0.009617563069716,0.012575697450217867,0.010712054409401425,0.014488656220847254,1.5469104376619862,0.007009244833756595,0.008814884166003201,0.008092493872561144,0.013568500206451405,0.0009922848266668745,47,allen_cahn,{},10000,11.919272657483816,0.3653166956251509,0.3656098387182945,0.001269468069234427,1.7892468080275816,0.0,physics,136
0.007419181481619373,1.1600849676358327,0.9485316018276636,0.408408912094986,2500,0.00021107115026097745,0.015568005140349585,1.090544325398237,0.2512780153501135,5.091874775694396,0.9015984166490433,0.4022423630942666,4,0.8189171078919502,0.036302291949789,all_physics_factorial,0.007419181481619373,0.034578222230169514,5.647608382698016,6.660007663476868,1024,all_physics_factorial-allen_cahn-silu-no_physics-s11-1067da8b90,1.863257622048332,0.0008581980121714262,1.8964234037280447,1.8964234037280447,6.6620246724629375,silu,0.010893640268395392,0.014661985250694592,334852,1024,16,0.0,0.013161887738316015,0.016411341167891152,0.010340652068978799,0.013263748329543959,0.010030872771660253,0.0135689675527648,0.009926303769265774,0.013779379495533912,0.011182103240793365,0.015967924692828366,0.9729810945658522,0.007777048249068128,0.01076513705058099,0.010082558436429374,0.01628791007120843,0.0012146151991864872,11,allen_cahn,{},10000,11.082988239824772,0.3653166956251509,0.3656098387182945,0.001269468069234427,1.871980182786504,0.0,no_physics,256
0.007446963491544063,1.1699640368257007,0.9491996753753768,0.40459392434375224,2375,0.00021038632257841527,0.0156222718418555,1.0958740434349574,0.3009165494282013,5.130608411347848,0.9056439166117654,0.4022423630942666,4,0.8189142344109874,0.05167901974107717,all_physics_factorial,0.007446963491544063,0.014887559455689864,5.665149753937182,6.676482740592622,1024,all_physics_factorial-allen_cahn-silu-no_physics-s29-ec042c3bb0,1.8664781306333071,0.0008525831838285155,1.8981696664328496,1.8981696664328496,6.673668603893976,silu,0.010824448781728144,0.01465458119892041,334852,1024,16,0.0,0.01302873277316028,0.016277608561992278,0.010237693647934512,0.013197757717119335,0.009984594833472906,0.013583627072566856,0.009893065021591726,0.013822056921502455,0.011139508541414793,0.016034826475989496,0.9850849045129596,0.007841184373467465,0.010782019728767498,0.010100950078667709,0.016303450970416227,0.001214176740790092,29,allen_cahn,{},10000,9.583204971626401,0.3653166956251509,0.3656098387182945,0.001269468069234427,1.876499570865982,0.0,no_physics,256
0.007452375534771899,1.1633986949955983,0.9489420882287497,0.4096014345361561,2375,0.0002082589635392651,0.015554880165513357,1.0971262759503448,0.3086473234806591,5.103039336966431,0.8996556919095986,0.4022423630942666,4,0.81726208046661,0.05596442269866247,all_physics_factorial,0.007452375534771899,0.04493092187611759,5.672213695591454,6.682103199062986,1024,all_physics_factorial-allen_cahn-silu-no_physics-s47-678ac72b25,1.8673102498837575,0.0008492819001226331,1.9022532418922755,1.9022532418922755,6.700976383796178,silu,0.01077976143013885,0.014572676617515372,334852,1024,16,0.0,0.012945010300400427,0.016156690419165863,0.010173142027890736,0.013105366715994963,0.00995630834054514,0.013533205963028108,0.009852013178739672,0.013751905850767486,0.011134627375287977,0.01596236123081801,0.9879722156390809,0.007796489778758507,0.010716247386830984,0.010041051426371687,0.016216456804893767,0.0012078182146255721,47,allen_cahn,{},10000,12.80189074575901,0.3653166956251509,0.3656098387182945,0.001269468069234427,1.8777176440061862,0.0,no_physics,256
0.006681117364887926,1.1877683978749534,0.9499034742013601,0.4611225055432372,2375,0.00016044591029640287,0.015014710435319985,1.2416429637667434,0.36294521597414714,4.603956906124235,0.9048771139343427,0.4022423630942666,4,0.8148471043900489,0.7017029696552463,all_physics_factorial,0.006681117364887926,-0.09753980849009371,5.087936069138219,6.054124597343133,1024,all_physics_factorial-allen_cahn-silu-physics-s11-2c1a1cdc58,1.7750095977741083,0.0007425099541604959,1.8121378651580577,1.8121378651580577,6.123524718664785,silu,0.009321798106599702,0.012543892585816042,334852,1024,16,0.0,0.0074608182228967845,0.009497736365357204,0.00860031848784188,0.011090178785774767,0.009310402179754642,0.0122980047885169,0.009952606309844684,0.01318480652897809,0.01119455263779404,0.015437218284552873,1.6253576316204992,0.007010351468172798,0.009150649321168054,0.008372160882630838,0.014496233664403241,0.0010619411255801759,11,allen_cahn,{},10000,9.768102552741766,0.3653166956251509,0.3656098387182945,0.001269468069234427,1.7893406567611303,0.0,physics,256
0.006671629410000884,1.1818608113999096,0.9490958421393895,0.4481397074601245,2500,0.00016019433678593487,0.01502633581138619,1.2406972898883888,0.36534941705784846,4.590596750179543,0.9033894498938014,0.4022423630942666,4,0.8147522549717703,0.7010016830877619,all_physics_factorial,0.006671629410000884,-0.10075260621557827,5.081525748080403,6.046721348346525,1024,all_physics_factorial-allen_cahn-silu-physics-s29-4c17cc5ffc,1.7737762052841224,0.0007437107054845912,1.8049079613752268,1.8049079613752268,6.079411882816315,silu,0.009335170684794707,0.012553284431075692,334852,1024,16,0.0,0.007489518318106811,0.00953667303010855,0.008590930328865721,0.011077348767288274,0.009354070697650993,0.012349928865727201,0.009969086910182381,0.013190196663360118,0.011211326027441341,0.0154425737593021,1.6192831305579873,0.006989731744861693,0.009149023007766276,0.008346884216342366,0.01435572222415201,0.0010629597581351769,29,allen_cahn,{},10000,9.781045688316226,0.3653166956251509,0.3656098387182945,0.001269468069234427,1.7874610399265594,0.0,physics,256
0.006674256836836432,1.1905359716879649,0.9499200639287605,0.4690107668442886,2500,0.00016016510198824108,0.015000269664142477,1.24026187835888,0.36599713055954086,4.612889665023183,0.9077534986964099,0.4022423630942666,4,0.8148994687298728,0.7016660668943566,all_physics_factorial,0.006674256836836432,-0.08664707907159716,5.08165451485186,6.047114971576018,1024,all_physics_factorial-allen_cahn-silu-physics-s47-fbb5d90d31,1.7741491447854583,0.0007431185702666546,1.8102677661007083,1.8102677661007083,6.1120838225180965,silu,0.009327554851736279,0.012540765462876257,334852,1024,16,0.0,0.007470333953058231,0.009516965010574537,0.008600426025536987,0.01108605891464839,0.009321687764025907,0.012303152026363276,0.00996184030862576,0.013180741675404572,0.011201930586748583,0.015415300131925923,1.619770600690199,0.007023778825346416,0.009143600616638102,0.008340803522937862,0.01438803234326446,0.0010618227578467496,47,allen_cahn,{},10000,10.107319658622146,0.3653166956251509,0.3656098387182945,0.001269468069234427,1.787753733581094,0.0,physics,256
0.007967088698959056,1.0529066249125383,0.9347077334430323,0.15242437280952723,2500,0.00015155933215282857,0.013918275152374409,1.1794236587372757,0.11059046398573635,5.226218093620906,0.8593942431655273,0.4022423630942666,4,0.8350911932240345,0.43948820050425574,all_physics_factorial,0.007967088698959058,-0.1242113627422931,6.081281245695159,7.028550451121999,1024,all_physics_factorial-allen_cahn-swiglu-no_physics-s11-9246322fbe,1.9256455568476336,0.0006947179057767893,1.9473314790356535,1.9473314790356535,7.009956461726348,swiglu,0.008868725615099098,0.012297671398252998,334746,1024,16,0.0,0.008823216349462397,0.012034819554268626,0.007713585461742253,0.010487124382831368,0.00838483481624785,0.011536608660035934,0.008945866712626753,0.012195928033608382,0.010391990779971534,0.01429020823300807,1.1874052758804747,0.007966531242244376,0.00943944566191452,0.00866681194326932,0.014502501413325248,0.0010106608625052053,11,allen_cahn,{},10000,19.409094493836164,0.3653166956251509,0.3656098387182945,0.001269468069234427,1.9283913119787126,0.0,no_physics,122
0.00787156804320482,1.0626664673071324,0.9377988818884074,0.19883650132322436,2500,0.00015064410399645567,0.013933776100071479,1.1822900224121036,0.07170675990026605,5.227519568694373,0.8703233867010904,0.4022423630942666,4,0.8353763626937587,0.4455556648308418,all_physics_factorial,0.00787156804320482,-0.10402833533009083,6.006410546439501,6.944591765881067,1024,all_physics_factorial-allen_cahn-swiglu-no_physics-s29-db166b3594,1.916517468519328,0.0006960087577403472,1.9379650294745288,1.9379650294745288,6.94460588787963,swiglu,0.008878366863245979,0.01227787282860444,334746,1024,16,0.0,0.008784874661028839,0.01192156129893156,0.00769987460219291,0.010458285714855204,0.008404594915224217,0.011535286894702288,0.008987516279089012,0.012212819267312196,0.010424371652923444,0.014301577622765337,1.1996396498877273,0.007967646110695233,0.00941564121223533,0.008639822892390625,0.014525698264571233,0.0010101797227826473,29,allen_cahn,{},10000,20.118768360465765,0.3653166956251509,0.3656098387182945,0.001269468069234427,1.9212831784046367,0.0,no_physics,122
0.007924749886283833,1.0568841405106475,0.9345552998282557,0.14912520787139685,2500,0.00014989706687629223,0.013914005284881514,1.1840785520663455,0.0010084829574737778,5.203145639396544,0.8599540326355002,0.4022423630942666,4,0.8318086843876045,0.4499430588834847,all_physics_factorial,0.007924749886283833,-0.163820665099063,6.050492749537401,6.9830920697306365,1024,all_physics_factorial-allen_cahn-swiglu-no_physics-s47-f605b66dd8,1.9213602650111887,0.0006905257004374032,1.9397860287830908,1.9397860287830908,6.957262318518846,swiglu,0.008812123065183584,0.012235055894629686,334746,1024,16,0.0,0.008689065357014324,0.011794374451872855,0.007670291862611414,0.010433065083265195,0.008357274042843714,0.011516951672954709,0.00890149923922429,0.012183212410916678,0.010341317728163263,0.014284646462354713,1.211140660375288,0.007943313686990333,0.00940180517675801,0.00862294145655438,0.014489586362793258,0.0010059808981026297,47,allen_cahn,{},10000,21.183451058343053,0.3653166956251509,0.3656098387182945,0.001269468069234427,1.9257046731170335,0.0,no_physics,122
0.006708856960184939,1.201951621079159,0.9490380748549937,0.4666359367176883,2500,0.00011402738891774788,0.013070909787815273,1.308356638507918,0.39769609003914136,4.657900427185116,0.9126989912959683,0.4022423630942666,4,0.8153323980825654,0.6868626953544095,all_physics_factorial,0.006708856960184939,-0.027999751895429508,5.103435493635449,6.0465492716678515,1024,all_physics_factorial-allen_cahn-swiglu-physics-s11-f7eb42e62b,1.7772402615064213,0.0005884841778068974,1.8125276904919687,1.8125276904919687,6.125912450644288,swiglu,0.007464356881899302,0.010529946669017009,334746,1024,16,0.0,0.005354359320656927,0.007089548306263887,0.006542097960735689,0.008946857704537094,0.007449018859173125,0.010425595369522807,0.008238101923369039,0.011438669406962244,0.009656366331546332,0.01350014972926463,1.904232702291729,0.007103176535381881,0.007858806312067656,0.007300785650032652,0.013406803490685404,0.0008736280335268807,11,allen_cahn,{},10000,19.366001546382904,0.3653166956251509,0.3656098387182945,0.001269468069234427,1.7890776793462935,0.0,physics,122
0.006719032721807678,1.2008621666248809,0.9491287779880966,0.4717237567949359,2500,0.00011444167466834188,0.013113811939553374,1.306960914958083,0.3789054338287529,4.658511059663858,0.9114425962888275,0.4022423630942666,4,0.815728837341571,0.6867059647915027,all_physics_factorial,0.006719032721807678,-0.038465462055646944,5.111140381887111,6.053138168751511,1024,all_physics_factorial-allen_cahn-swiglu-physics-s29-62758f59a5,1.7786560226785788,0.000590409879440604,1.8101131025091914,1.8101131025091914,6.111138580016394,swiglu,0.007485758897982148,0.010574927035321683,334746,1024,16,0.0,0.005386707047065592,0.007122252219483684,0.0065716306655682274,0.008983737857205668,0.007472903203709921,0.010460831394719037,0.0082720491468066,0.011502116499906314,0.009657534238656805,0.013548860455307194,1.9023280891742131,0.007104332285012227,0.007877508773514728,0.00731571182738887,0.013407575725004997,0.0008776994273677728,29,allen_cahn,{},10000,18.499930890277028,0.3653166956251509,0.3656098387182945,0.001269468069234427,1.7915925854793313,0.0,physics,122
0.006724044488448674,1.1994655635994955,0.9491124490162665,0.4714835200450611,2500,0.00011489757162053138,0.013136814012198086,1.3101351965728047,0.4183309885640261,4.65704685813156,0.9105245092856785,0.4022423630942666,4,0.8156636082950144,0.6871143315034689,all_physics_factorial,0.006724044488448673,-0.031873737125384445,5.1146858877913015,6.056963780802171,1024,all_physics_factorial-allen_cahn-swiglu-physics-s47-aea997a05e,1.7792040809129164,0.0005900039793714898,1.8146234208901557,1.8146234208901557,6.138764124317712,swiglu,0.007476971777372984,0.010580361539210706,334746,1024,16,0.0,0.005332983576258219,0.007082124795706904,0.006539619782962608,0.008972605836906523,0.007466481799976624,0.010469389373110101,0.00826719597714625,0.011508791028638376,0.00968506041836363,0.013570788658179631,1.9162029828118918,0.007103038190980655,0.007879993767089834,0.007335757060149375,0.013422475942086282,0.0008790278001689417,47,allen_cahn,{},10000,18.20012855157256,0.3653166956251509,0.3656098387182945,0.001269468069234427,1.7931782382366952,0.0,physics,122
0.018156513252777406,1.131942654742512,0.8415481207382918,0.215473980312567,2500,0.0005877697258256376,0.0244572350758895,1.05830253073517,0.19815018595645695,3.6493212985852423,0.6335150449373763,1.8886486550124917,4,0.6695208603572791,0.0957803335777126,all_physics_factorial,0.01815651325277741,0.08136613976110435,5.760433517322358,6.583826579594985,1024,all_physics_factorial-controlled-fourier-no_physics-s11-6df90430b6,1.638448013157543,0.0047236052483671355,1.547306158704922,1.547306158704922,4.6987953740152255,fourier,0.01894422840984365,0.024276516872914784,270387,1024,16,0.0,0.01794365900226678,0.022954904606811807,0.01838777148923174,0.02359752195509667,0.019056833006416567,0.0244325361490967,0.018814336533446576,0.023919928160468812,0.019800136409826297,0.0255937001886106,1.114955632663171,0.016984475303314848,0.04350855353356054,0.04155250488643696,0.07058407120239565,0.00612015773659229,11,controlled,{},50000,10.992076778784394,1.4297525516694405,1.3341078372052204,0.0040220989499685725,1.6235357265136066,0.0,no_physics,125
0.01798827102284977,1.1206898224311062,0.8388170947443951,0.19814069093770115,2500,0.0006007533520460129,0.02457176422032076,1.0501477696406005,0.17858088061177585,3.516976208284135,0.6151627080727038,1.8886486550124917,4,0.6705065771158141,0.08123485668049495,all_physics_factorial,0.01798827102284977,0.0730818722730849,5.717147938474314,6.557132945746201,1024,all_physics_factorial-controlled-fourier-no_physics-s29-1319f6aff1,1.631407274972843,0.004727466615387283,1.5531533811740001,1.5531533811740001,4.726350805768719,fourier,0.018976643303469556,0.02429941059372425,270387,1024,16,0.0,0.018337341016689008,0.023367565293357522,0.018492030878155048,0.023802847169037116,0.019797234408887632,0.025430023754814735,0.018768763795642716,0.02368343816983589,0.020052027408963936,0.025667569833632557,1.098427222151759,0.01643146491162268,0.043810128694492655,0.04179652608958234,0.07174635813027427,0.006109924336710706,29,controlled,{},50000,16.099198123440146,1.4297525516694405,1.3341078372052204,0.0040220989499685725,1.6161733563551308,0.0,no_physics,125
0.01775521136376369,1.0945183420450162,0.8368217045961126,0.16169792933266575,2500,0.0005424947594292462,0.023094463980306856,1.0555132416276063,0.15758660556337145,3.427385780401248,0.6070747096994303,1.8886486550124917,4,0.6745082071442638,0.11861727523067019,all_physics_factorial,0.01775521136376369,0.024992858611687287,5.645739685150426,6.484381596210131,1024,all_physics_factorial-controlled-fourier-no_physics-s47-4341237c90,1.623382472317446,0.004484103002261378,1.543820401506975,1.543820401506975,4.682445082010457,fourier,0.018028805015507042,0.023119466655287687,270387,1024,16,0.0,0.016865637064985527,0.021661076480858067,0.017630083728336722,0.02219589917102567,0.018276106105178467,0.02310287125573692,0.017660619743502394,0.023095468114350304,0.01891413375165275,0.024120941039586875,1.1135615102463903,0.016103324947434598,0.04183312249743221,0.03993799599386168,0.0673937865255624,0.005799459792948001,47,controlled,{},50000,14.51614760234952,1.4297525516694405,1.3341078372052204,0.0040220989499685725,1.6170756927770844,0.0,no_physics,125
0.01358166172867465,1.0443211722394943,0.8291151088635792,0.059892957406480214,2500,0.00040120817720890045,0.019321769427821146,1.0261893648497076,0.28337396052429964,2.526034698228842,0.5682569104634236,1.8886486550124917,4,0.6802212472866537,-0.004864838888491524,all_physics_factorial,0.01358166172867465,0.17019210222802375,4.445233576075328,5.267258029452849,1024,all_physics_factorial-controlled-fourier-physics-s11-2a4f096c61,1.4230175436057526,0.003857102123209307,1.3369477421978802,1.3369477421978802,3.8074045715816487,fourier,0.015527072683505281,0.019967484978220713,270387,1024,16,0.0,0.015624016345035994,0.020236760811601508,0.015759115128286656,0.02003630994480452,0.014735519872363882,0.01886501173165162,0.014957762609301227,0.019280325015913317,0.015716122963072607,0.020264518513329437,1.0013716474680086,0.011222956447071645,0.03558540824542647,0.0343055170044788,0.05685996951103131,0.005007947274652212,11,controlled,{},50000,13.10504000261426,1.4297525516694405,1.3341078372052204,0.0040220989499685725,1.4006078667004966,0.0,physics,125
0.014409941009901247,1.0436118414346685,0.831888493434868,0.06946018256920104,2500,0.00043943681521341205,0.02012269179266257,1.0162583315237765,0.06233093284673565,2.707207716980624,0.5753509527244376,1.8886486550124917,4,0.6757863819251967,-0.016250681728774766,all_physics_factorial,0.014409941009901246,0.19509148576639723,4.705315432539541,5.53844270653902,1024,all_physics_factorial-controlled-fourier-physics-s29-9c8123895d,1.4665227659366304,0.004022592799324144,1.3704849755428912,1.3704849755428912,3.937259829967536,fourier,0.01623197382814018,0.020869651522406114,270387,1024,16,0.0,0.01641480879125968,0.021109783871273984,0.01618743817466344,0.02079120043552802,0.015707661320086264,0.02028010424234251,0.01585508011789478,0.02039056352816071,0.01624722996359065,0.021155840349630188,1.002181759824594,0.012332136940081999,0.03726351099162942,0.035740210802755246,0.060196003662795594,0.005213967870344377,29,controlled,{},50000,11.000916915014386,1.4297525516694405,1.3341078372052204,0.0040220989499685725,1.4487513295356784,0.0,physics,125
0.014694355828317813,1.0238941548142309,0.8266012246336176,0.03902708363135684,2500,0.00045087430044077337,0.02027268468062299,1.0016054215672843,0.22964856319037202,2.7377622160372703,0.570406375969829,1.8886486550124917,4,0.6814854918271434,-0.03627577158286245,all_physics_factorial,0.014694355828317813,0.21187301069308342,4.799669729116213,5.625493081860062,1024,all_physics_factorial-controlled-fourier-physics-s47-5dc129dadc,1.4809007819999584,0.004010790783736326,1.3687820637509405,1.3687820637509405,3.9305606234714237,fourier,0.01631942410712863,0.021055842614648178,270387,1024,16,0.0,0.016421808950031928,0.02127866385965666,0.016987381689868287,0.021798449471964576,0.016572802163794226,0.02112037018616035,0.015624917525484245,0.020327950392966764,0.016438991629841134,0.021152941332362927,0.9940916155204604,0.012407886005210613,0.038278071632176974,0.03665969154079638,0.06164211505853822,0.005162500592081688,47,controlled,{},50000,15.00024221278727,1.4297525516694405,1.3341078372052204,0.0040220989499685725,1.4601270263703592,0.0,physics,125
0.0008324990116399117,2.6426721163936366,0.9482784569313341,0.9457902242328875,3750,2.7381222025724128e-05,0.0053834313821265935,1.0904103101384717,0.077817553732362,0.1549379707239405,0.7028960760951828,1.8886486550124917,4,0.9629995231016867,0.185807032758744,all_physics_factorial,0.0008324990116399117,-0.027645051766683353,0.2204279921217821,0.4913895012499574,1024,all_physics_factorial-controlled-ganr-no_physics-s11-cf115e7eec,0.1868981716104456,0.00098704131630156,0.10013932889197008,0.10013932889197008,1.0767500738351017,ganr,0.004016447684518603,0.005235049271749989,269510,1024,16,0.0,0.003746691872212174,0.00475052935553672,0.003821867108967793,0.004953689063200314,0.003934509143003044,0.005108192621453366,0.0042071714380502254,0.005415881937950454,0.0043364394065873516,0.005661391668095837,1.1917391188199926,0.0011001493570433273,0.009599354031126123,0.008978482316598483,0.016691264678061805,0.0012807700037176428,11,controlled,{},50000,34.938857797533274,1.4297525516694405,1.3341078372052204,0.0040220989499685725,0.08220182637396202,0.2900390625,no_physics,114
0.0008273563938133084,2.5938821706993256,0.9496572390167625,0.9435151500250338,3750,2.673746166692581e-05,0.0053483854608540994,1.0729613446341932,0.08455098828543967,0.150944971725931,0.6795917062797735,1.8886486550124917,4,0.9636846364716057,0.13515687584936698,all_physics_factorial,0.0008273563938133084,0.01648094959230384,0.22211126229340733,0.5021064910130524,1024,all_physics_factorial-controlled-ganr-no_physics-s29-3be5d40358,0.1883147074031852,0.0009812606274346252,0.10199476075780732,0.10199476075780732,1.0810732762684192,ganr,0.003990867794262452,0.0051700976561785215,269510,1024,16,0.0,0.003878040727632901,0.004984552624809573,0.003966855359324583,0.005105997695155924,0.003917288057735602,0.005014369699404835,0.004181663347657779,0.005415357326379051,0.004370198310383908,0.005605102890880271,1.1244946764092807,0.001055472508610285,0.00950832434778977,0.008946540746599362,0.016155332545465875,0.0012636706500791575,29,controlled,{},50000,36.63508724421263,1.4297525516694405,1.3341078372052204,0.0040220989499685725,0.08642803071206578,0.271484375,no_physics,114
0.0007295751247142555,2.6142152640686174,0.9569302890685599,0.9568127615156282,3750,2.66659972112393e-05,0.0054155160024010685,1.0936332962505426,0.14685545541920295,0.1374305457419531,0.6529174854560431,1.8886486550124917,4,0.9675126797288003,0.1389005726521708,all_physics_factorial,0.0007295751247142555,0.01146135827194049,0.21048685140659393,0.48908715540193864,1024,all_physics_factorial-controlled-ganr-no_physics-s47-b3c5f566cf,0.17876874261530257,0.0009776967141928992,0.0901272091166706,0.0901272091166706,1.0710842658426616,ganr,0.003973548125428244,0.005180073340242732,269510,1024,16,0.0,0.0038409883432608347,0.004879228197139981,0.0038497814887623314,0.0049484365630327815,0.004002504698853478,0.0051478749009772305,0.00405748229132377,0.005322579644367671,0.004389633961738077,0.005724992086777668,1.1733396872344364,0.0008573071641851704,0.009467454748303013,0.008788103227911305,0.016445309032088892,0.001263077359969095,47,controlled,{},50000,50.113367792218924,1.4297525516694405,1.3341078372052204,0.0040220989499685725,0.081218722460681,0.2607421875,no_physics,114
0.0006925492685567647,2.474843112670213,0.9617863902146425,0.9684898254774336,2500,3.0467388569377363e-05,0.005100761083776884,0.9708334618495973,-0.16952124918165232,0.1333006522259126,0.5820150613698997,1.8886486550124917,4,0.9647054167608119,-0.020633136041770975,all_physics_factorial,0.0006925492685567647,0.00874484791860382,0.22903299428739934,0.5245700270283267,1024,all_physics_factorial-controlled-ganr-physics-s11-81af9b4553,0.18665782732400665,0.0010407841800822496,0.07928008711625983,0.07928008711625983,1.0753164559895043,ganr,0.004251459544412835,0.0055085200386889585,269510,1024,16,0.0,0.00437806265844451,0.005771873859776347,0.004280868013875358,0.00561000055527473,0.00422066707965936,0.005411797849050084,0.0042286902360696285,0.005496586396560042,0.004152657842346849,0.0053105088796238506,0.9200666904092091,0.0006884526445039089,0.010010093357039965,0.009497833940498879,0.01649785507910424,0.0013409908787770386,11,controlled,{},50000,35.82266398333013,1.4297525516694405,1.3341078372052204,0.0040220989499685725,0.07769234823729944,0.19140625,physics,114
0.0006726272367291069,2.499332092203572,0.9630061880625909,0.9713497335669836,2500,3.0340272132889368e-05,0.005018525387698812,0.9612592304935347,-0.03972782103606301,0.12651305903916923,0.5693087638751076,1.8886486550124917,4,0.9627114848965893,-0.08567762722623559,all_physics_factorial,0.0006726272367291069,0.06783111901866819,0.22222222292527907,0.5186502382605795,1024,all_physics_factorial-controlled-ganr-physics-s29-fc72ad83cb,0.181821664316056,0.0010549878364751579,0.07834149556567596,0.07834149556567596,1.0763224704412795,ganr,0.004286653343623274,0.005543787526894256,269510,1024,16,0.0,0.004451525688719669,0.005740571073130985,0.004401997900560049,0.005649925364936247,0.0042122116649095835,0.00534291397044363,0.004163587125236231,0.0054009239094786774,0.0041170258609000195,0.005213504708493802,0.9081857261372231,0.0006587847678891231,0.009924365991465773,0.009359035649272415,0.016507423385312255,0.001360302091745227,29,controlled,{},50000,32.28946946002543,1.4297525516694405,1.3341078372052204,0.0040220989499685725,0.0749870283786975,0.21875,physics,114
0.0006935950271065259,2.5061417527365273,0.9626620220073387,0.9693341298011585,2500,3.2970088795991614e-05,0.004925566739269308,0.8979418252171166,-0.06777451212547533,0.12929274683693862,0.5576887546870418,1.8886486550124917,4,0.964582109342208,-0.18651654477505183,all_physics_factorial,0.0006935950271065258,0.14494975323653528,0.23183674720049507,0.5318499074251901,1024,all_physics_factorial-controlled-ganr-physics-s47-86bb7fc230,0.1877445959208727,0.0010704695200712024,0.08032238716000425,0.08032238716000425,1.0771347796003443,ganr,0.004391045306880993,0.00573549872386707,269510,1024,16,0.0,0.0047214357229145056,0.0062526186350547516,0.0046698153875944755,0.006123401794864309,0.004359807441607986,0.005640860030594828,0.00428712860287657,0.0056265266393576005,0.004015695226928312,0.005191157204871655,0.830237298620436,0.0006636385427645224,0.010502552438275421,0.009973250540122883,0.017438299266471044,0.0013787586845316149,47,controlled,{},50000,30.950987482443452,1.4297525516694405,1.3341078372052204,0.0040220989499685725,0.0788655846539954,0.17578125,physics,114
0.0009113420898838643,2.4809751208987634,0.9475466379937605,0.9348443423217222,2500,9.599637996871024e-05,0.009748854300298142,1.0204937207304923,0.1886629243219902,0.1658059799186571,0.6854246874994476,1.8886486550124917,4,0.953286135447305,0.07170291377583864,all_physics_factorial,0.0009113420898838643,0.05772381937987268,0.2419025502620092,0.5323791798911262,1024,all_physics_factorial-controlled-gelu-no_physics-s11-52d2dee6d4,0.20575556990792493,0.0018551823981495374,0.1046837423721913,0.1046837423721913,1.0821061944904495,gelu,0.007587441736089977,0.009778116872340314,270092,1024,16,0.0,0.007279001411413047,0.009301392303323473,0.007834806604700331,0.01009165055646864,0.007871342660696605,0.010078838219433423,0.007780660943191911,0.01009713026273812,0.0079423838820464,0.010121915957874362,1.0882151432595428,0.0011567942139829213,0.018308075346692914,0.01751327383745367,0.02989434651685812,0.002366569676991909,11,controlled,{},50000,9.584493972361088,1.4297525516694405,1.3341078372052204,0.0040220989499685725,0.09543594840266102,0.279296875,no_physics,256
0.0008647673070022822,2.4602236192952125,0.9496229898369374,0.9386452484621985,2500,9.226435940945521e-05,0.00962807077142814,1.0303624968140186,0.15254001197921743,0.1508409327259599,0.6380549533769476,1.8886486550124917,4,0.9526643657157434,0.07436428232959014,all_physics_factorial,0.0008647673070022822,0.055857771260997065,0.23640743156623795,0.5250332081698538,1024,all_physics_factorial-controlled-gelu-no_physics-s29-5c679aafeb,0.2005331605628093,0.0018212042516442865,0.09986750797669157,0.09986750797669157,1.079904620828565,gelu,0.007414124588368112,0.00956618048348746,270092,1024,16,0.0,0.00719303212862273,0.009187398274697034,0.007585862074733672,0.00980179961150933,0.007654309112462099,0.009891112739370303,0.007515684808621799,0.009798407755073008,0.007846220920346238,0.01000617239582456,1.089119258428418,0.0009988411467603774,0.017786257206064044,0.0169047865219408,0.029123052849264974,0.002336655041931946,29,controlled,{},50000,13.317857353016734,1.4297525516694405,1.3341078372052204,0.0040220989499685725,0.08767621580194902,0.275390625,no_physics,256
0.0008686446566167744,2.476073038857813,0.9492878762268667,0.9406316608254058,2500,9.44888306548819e-05,0.009679565072774322,1.0229918688465847,0.11604379379030798,0.1497415628272255,0.6331378931964723,1.8886486550124917,4,0.9541188674154268,0.0654883524962449,all_physics_factorial,0.0008686446566167744,0.06342043442886774,0.23650703020038388,0.5228614514424019,1024,all_physics_factorial-controlled-gelu-no_physics-s47-5c7581031e,0.20096846943590924,0.0018510323055686798,0.10524665052512484,0.10524665052512484,1.07972130020271,gelu,0.007530581201433465,0.009690237622464359,270092,1024,16,0.0,0.00737460615957771,0.009351927463119277,0.007759658804747504,0.00995982448651997,0.0077000434710526745,0.009893552580237965,0.007674701487647459,0.009972827474190331,0.007867817169119972,0.010067339903462584,1.0764989295698286,0.0009950489033358051,0.01798938943698931,0.01705402553074948,0.029450150801171297,0.0023712848624500658,47,controlled,{},50000,10.310371769592166,1.4297525516694405,1.3341078372052204,0.0040220989499685725,0.09142454237647285,0.275390625,no_physics,256
0.0008956715179479477,2.419313470833183,0.9456079147603358,0.9301457893748659,2500,8.064966823440045e-05,0.008522739607709207,0.9830388667727603,0.1562605340502291,0.1498908412359432,0.622586530986105,1.8886486550124917,4,0.9516059394871362,0.016188197375008942,all_physics_factorial,0.0008956715179479477,0.05961889126314283,0.24075503367946857,0.5265466054720345,1024,all_physics_factorial-controlled-gelu-physics-s11-d576a2f3d0,0.20484543610190592,0.0016520011644201133,0.1034197984999416,0.1034197984999416,1.076955021385192,gelu,0.006827035687793069,0.008968658939008237,270092,1024,16,0.0,0.006636508789350194,0.008691711266165046,0.007026625569486601,0.009359264061878834,0.006894357795331724,0.009089150683851894,0.0071076739612099885,0.00938561123435516,0.006857905688422578,0.008998702964101298,1.0353200524655373,0.0010332010722342902,0.016848751081765017,0.015874215084828072,0.028904213163020883,0.002122118254249066,11,controlled,{},50000,10.111208576709032,1.4297525516694405,1.3341078372052204,0.0040220989499685725,0.08675466847935703,0.3037109375,physics,256
0.0009005714006117449,2.473629418129719,0.9464159052315514,0.9313262418639582,2500,8.123720908770338e-05,0.008632663268771957,0.9870542260472606,0.090551740468861,0.15467427601580694,0.6453386683838774,1.8886486550124917,4,0.9503764585423031,0.024651122505543233,all_physics_factorial,0.0009005714006117449,0.05970915885845075,0.23967923137653901,0.5287259410122341,1024,all_physics_factorial-controlled-gelu-physics-s29-11eb652692,0.20520141695855348,0.0016585894725070886,0.10418778824572847,0.10418778824572847,1.0714944044568817,gelu,0.0068681575795584635,0.009021489873645951,270092,1024,16,0.0,0.006655075120967799,0.008701773828747308,0.007115312540359337,0.009461049943811915,0.006916031245147179,0.009164380626749145,0.0071487707851298505,0.009441330729259248,0.006921156120904387,0.009059128344953206,1.0410668586932628,0.001063677485078609,0.01695789661977144,0.01602288085714456,0.028758179978438124,0.002130065108145377,29,controlled,{},50000,12.86353044398129,1.4297525516694405,1.3341078372052204,0.0040220989499685725,0.08426460752861173,0.2939453125,physics,256
0.0009114373520665802,2.432677235927463,0.9441184676738951,0.9272656194120591,2500,8.182375313481316e-05,0.008665545270214273,0.989650917465084,0.1160869746904208,0.1553183349562076,0.6442405867031599,1.8886486550124917,4,0.9490334042092512,0.015454411343966811,all_physics_factorial,0.0009114373520665802,0.07416182005936628,0.24108747285084048,0.5309729190871288,1024,all_physics_factorial-controlled-gelu-physics-s47-8316d506d7,0.2059908843289239,0.0016602523594378056,0.10740780339411912,0.10740780339411912,1.0761431085812276,gelu,0.006882524392189518,0.00905490663220826,270092,1024,16,0.0,0.006726766329682266,0.008799068695443307,0.00714965243921899,0.009487969047633014,0.006884700995714924,0.009150389353415306,0.007103722983249871,0.009408408983388057,0.006941211440862089,0.009141821342472134,1.0389532868639069,0.0010794513220573623,0.017028289218144806,0.015999762325968583,0.029260303052374002,0.0021287635696026186,47,controlled,{},50000,14.28532324358821,1.4297525516694405,1.3341078372052204,0.0040220989499685725,0.0854457631070549,0.3076171875,physics,256
0.0032852799216074417,2.1545502975702746,0.8467997024648928,0.6055453494921679,2500,0.00015617597091477364,0.012382161345165022,1.0129776718893995,0.19815297182098032,0.61031269777888,0.766957346833698,1.8886486550124917,4,0.8127638724529723,0.07061467348544452,all_physics_factorial,0.0032852799216074417,0.09792174424218582,0.7957583303667294,1.3482586073582312,1024,all_physics_factorial-controlled-relu-no_physics-s11-bc5fa8c504,0.5483696484917677,0.0024203471097178804,0.34868445901001355,0.34868445901001355,1.3430876328361385,relu,0.00979304652692272,0.012491287468409483,270092,1024,16,0.0,0.009761989724688655,0.01233019157294116,0.009769998910072901,0.012631306388985778,0.009776315569354687,0.012476395425255936,0.01040198312353934,0.013289970898381525,0.01013253717886216,0.01285328979286238,1.0424241762041369,0.004181620418962144,0.022713466605321263,0.02193144798372068,0.036140917699243325,0.003092479316676246,11,controlled,{},50000,13.134388344362378,1.4297525516694405,1.3341078372052204,0.0040220989499685725,0.35444906335036097,0.234375,no_physics,256
0.0032039187366523026,2.10245956508139,0.8522187249936028,0.6039661862527715,2500,0.0001520898222224787,0.012327677250620301,1.0149378349923979,0.11764148709448259,0.5913783617412008,0.7577660593669715,1.8886486550124917,4,0.8182420324403545,0.0548612849581575,all_physics_factorial,0.0032039187366523026,0.12808471094699947,0.7804233964176635,1.337465693787183,1024,all_physics_factorial-controlled-relu-no_physics-s29-baf940d734,0.5421147160122586,0.0023960629113570064,0.3438507668005212,0.3438507668005212,1.3291376800000403,relu,0.009691238914929495,0.012349491171739807,270092,1024,16,0.0,0.0097847481197644,0.012415840111661216,0.009747086657016983,0.012585674785739865,0.009598963767085624,0.01232093591196765,0.010260258743187036,0.01308913140211741,0.010144147052381144,0.012842842351591284,1.034391731537282,0.004059955419183499,0.022454119853548723,0.02165966393510186,0.03594728428184685,0.00305761165459004,29,controlled,{},50000,9.594462031498551,1.4297525516694405,1.3341078372052204,0.0040220989499685725,0.33997789353075003,0.216796875,no_physics,256
0.003221530230381632,2.053469147041404,0.8516396991794062,0.5745038243866676,2500,0.00015424468438141048,0.012379351019390587,1.0118224401571276,0.16043515203855635,0.5927353337301343,0.7569131064684875,1.8886486550124917,4,0.8168824339344691,0.04628828857020241,all_physics_factorial,0.0032215302303816324,0.07900136792790215,0.7830956138355778,1.3342322537555806,1024,all_physics_factorial-controlled-relu-no_physics-s47-525aea2d61,0.545852861623802,0.002406829408030245,0.3462655522564062,0.3462655522564062,1.3436400193912605,relu,0.009745329141338873,0.012444798234598133,270092,1024,16,0.0,0.009868723260972096,0.012528591540340603,0.009834284773627328,0.01270468160240981,0.009507662763369505,0.012260466957907997,0.010448613270879011,0.0133553448869885,0.010055855808861633,0.012869608349416665,1.0272190858787302,0.004122652471567684,0.022601618937426342,0.021723840915073796,0.036144334250021455,0.0030742786344771403,47,controlled,{},50000,10.18553414940834,1.4297525516694405,1.3341078372052204,0.0040220989499685725,0.3544416320609419,0.224609375,no_physics,256
0.003521959152223376,2.294251011072964,0.8247242123623781,0.5454697558293398,2500,0.00013888065586797893,0.011641128559082035,1.0229511192698535,0.06502904263765652,0.6961356553498779,0.8715078256037949,1.8886486550124917,4,0.800575607015394,0.03654049468922108,all_physics_factorial,0.003521959152223376,0.06723322053143552,0.7987715484569329,1.3410842007271682,1024,all_physics_factorial-controlled-relu-physics-s11-e61c3e5ad1,0.5747496276538953,0.002242411924208551,0.3763672246157471,0.3763672246157471,1.3312963312393746,relu,0.009167826844669874,0.011793262686547215,270092,1024,16,0.0,0.009033380055055776,0.011616213613635322,0.00935463865751439,0.01212068120723473,0.008904345890963703,0.011522428061394453,0.009430616429718474,0.012144425653008563,0.009457404749749859,0.01223125331775337,1.0529466592621974,0.004970647360409849,0.0215381346699584,0.020559624063252985,0.03539269470851008,0.0028561434894363597,11,controlled,{},50000,12.927566982805729,1.4297525516694405,1.3341078372052204,0.0040220989499685725,0.3240446788433684,0.279296875,physics,256
0.0035725907130255115,2.2713796499705126,0.8232360286748929,0.536623553840927,2500,0.0001365969073958695,0.011586373760492442,1.0240922368191592,0.03794626067334345,0.687691812689086,0.8507365025886476,1.8886486550124917,4,0.7981334627016585,0.03947347069236821,all_physics_factorial,0.0035725907130255115,0.06584357789142407,0.8083487784955222,1.3491338342492205,1024,all_physics_factorial-controlled-relu-physics-s29-623216160f,0.5795515690151725,0.0022331238845996553,0.3977136871527474,0.3977136871527474,1.3265989935085791,relu,0.009119200706300309,0.011715174022737604,270092,1024,16,0.0,0.009012870162761403,0.011644504821976893,0.00934802116317005,0.012037010892718634,0.00872839858897353,0.011351942162980607,0.009282705956837124,0.01198787300643772,0.009336847180870305,0.0121897809172446,1.046826902784101,0.005012438874280932,0.021386679902491025,0.020515757461227305,0.03486058879800416,0.0028445322960033216,29,controlled,{},50000,14.415405511856079,1.4297525516694405,1.3341078372052204,0.0040220989499685725,0.33347623582182195,0.2724609375,physics,256
0.003612794599883275,2.3191614755428036,0.8218806499304142,0.5343260943423216,2500,0.0001364999043289572,0.01159564908119066,1.0196932493354678,0.15830953740719586,0.7168655188320159,0.8778954114748477,1.8886486550124917,4,0.7957418586424485,0.02727639296187683,all_physics_factorial,0.003612794599883275,0.1115350967384307,0.8165728052134312,1.3640751971162812,1024,all_physics_factorial-controlled-relu-physics-s47-0be6c06b3a,0.5810108704865555,0.0022318414984410025,0.3779870475275333,0.3779870475275333,1.3238470372654816,relu,0.00910691626011,0.011713194415865378,270092,1024,16,0.0,0.009111706965916237,0.01176812197835624,0.009302688219139377,0.012001522720754658,0.008915317383547429,0.011502710919108428,0.0093503155798579,0.0120364053192947,0.009297538297040622,0.012192170065637999,1.0360336244017239,0.0051673804553176855,0.02136068849800619,0.020322301833794423,0.03489890358727918,0.002848220341874405,47,controlled,{},50000,10.139955719932914,1.4297525516694405,1.3341078372052204,0.0040220989499685725,0.330808233038449,0.2734375,physics,256
0.0008864294406650524,2.6434806014492347,0.9473990157889627,0.9347816344503254,2500,5.812912786495872e-05,0.007742744001189758,1.0760886140910222,0.26385201487651655,0.1648281288824903,0.6965132541564288,1.8886486550124917,4,0.9546267208086747,0.1705067927008082,all_physics_factorial,0.0008864294406650524,0.1286941876475216,0.23664751230343678,0.5469740606704673,1024,all_physics_factorial-controlled-resmlp-no_physics-s11-c1d9af7cb8,0.200762668257936,0.0014040949627373096,0.10406373220961943,0.10406373220961943,1.08014158433966,resmlp,0.0057736202938174,0.007628756646201982,271299,1024,16,0.0,0.005190757978706762,0.00677081360728984,0.00563606150999704,0.007327475626619257,0.005666836165144277,0.007485195153698708,0.006063084806609782,0.008288322951147212,0.006183114812749362,0.008206721565612465,1.2120731778492095,0.0011474862032542258,0.014160193300405357,0.013176443387627398,0.02468486666809728,0.0018196657280254867,11,controlled,{},50000,15.412687394768,1.4297525516694405,1.3341078372052204,0.0040220989499685725,0.09165635613534971,0.27734375,no_physics,129
0.000911416986224009,2.491752330170646,0.9449530155368954,0.9302989436556753,2500,6.574675353476778e-05,0.00826036962946075,1.0650368197113713,0.23172263932804948,0.16929874489968286,0.6687515008028605,1.8886486550124917,4,0.9549856968001351,0.16957455654101994,all_physics_factorial,0.0009114169862240091,0.067141365960947,0.25315643358771317,0.5956051028653896,1024,all_physics_factorial-controlled-resmlp-no_physics-s29-45ce25e1ca,0.2134685530581647,0.0015517810517314558,0.10970582193239872,0.10970582193239872,1.0821663603822675,resmlp,0.006239582798415609,0.00809722202561125,271299,1024,16,0.0,0.005739202054855431,0.0074501196306110355,0.006090860272991402,0.007957176135074816,0.006430168534127695,0.008285469039557682,0.006570898810394582,0.00857416658023412,0.006764422733306106,0.008635278880796342,1.1590792240859766,0.0010765894365065973,0.014403872905410044,0.01368211139512752,0.02376069976347784,0.0020276419827541777,29,controlled,{},50000,14.925186675041914,1.4297525516694405,1.3341078372052204,0.0040220989499685725,0.09433387977906049,0.2822265625,no_physics,129
0.0007702347539372349,2.5930038080952906,0.9542608811548472,0.9489737746763464,2500,4.82673967781011e-05,0.006989517076237838,1.0461385760996256,0.13909125099246422,0.13746942325842748,0.6393803628074513,1.8886486550124917,4,0.9627238374279863,0.1415184111472713,all_physics_factorial,0.000770234753937235,0.05823170731707317,0.21500413721624767,0.4983546482629334,1024,all_physics_factorial-controlled-resmlp-no_physics-s47-0bd65f64b8,0.1837815618233258,0.0013602131392189392,0.08910671027262054,0.08910671027262054,1.0723962710632144,resmlp,0.005412738735339308,0.006992696982900987,271299,1024,16,0.0,0.0050111663118175,0.006489612614890081,0.0054451884216828355,0.006968371076777828,0.0053104349102868,0.0068444312060131655,0.0057341574528945545,0.007383076976789211,0.0056401939964958545,0.007297377375537648,1.1244704127322165,0.0008759790586988965,0.012730954208753616,0.012089774506165173,0.02120326262889073,0.0017811397387453528,47,controlled,{},50000,12.870926467701793,1.4297525516694405,1.3341078372052204,0.0040220989499685725,0.07960302867426436,0.279296875,no_physics,129
0.0010168507634350688,2.5301418081649096,0.9437287769349807,0.9240874669193905,2500,6.044033943908289e-05,0.007680508587402433,1.0655128591645353,0.31601732807733557,0.191657083645792,0.7051982831259405,1.8886486550124917,4,0.9433542089255984,0.19299247639653816,all_physics_factorial,0.0010168507634350688,0.043085459731063584,0.271777581187849,0.5839559033393675,1024,all_physics_factorial-controlled-resmlp-physics-s11-51e0764487,0.22745182681211287,0.0013407219469691255,0.12384649063944339,0.12384649063944339,1.095883122393307,resmlp,0.005645335762311204,0.007721558577711315,271299,1024,16,0.0,0.005059619328918542,0.006704304478560085,0.005411820049284658,0.00749665837369291,0.005742043528070481,0.007746561514365278,0.006063648820179627,0.00865609768133472,0.006066588552433005,0.008262771966544253,1.2324577430765626,0.0013309779524352898,0.014591591102095854,0.013206902403115055,0.026959207139110725,0.0017483033490537797,11,controlled,{},50000,14.578770998865366,1.4297525516694405,1.3341078372052204,0.0040220989499685725,0.109148038178519,0.2412109375,physics,129
0.0010257459230477973,2.351685252903037,0.941506589018827,0.9212121919927043,2500,5.2360664994921535e-05,0.007392721985364826,1.1074857588192726,0.26368625593737377,0.19217377900581595,0.6730353556484304,1.8886486550124917,4,0.9430285467794477,0.18831086608611686,all_physics_factorial,0.0010257459230477973,0.013247331199485015,0.28553296255984606,0.6044014549066937,1024,all_physics_factorial-controlled-resmlp-physics-s29-65d5037c9d,0.2345436221136213,0.0012754554096222307,0.11995073436468838,0.11995073436468838,1.095544996708,resmlp,0.005299526111488549,0.007180479060247977,271299,1024,16,0.0,0.004760168983948297,0.00625294225909658,0.005126500445136807,0.006783480497657349,0.005256115533300667,0.007235273464302652,0.005448685692347302,0.007683447044909863,0.00580011926866384,0.008020206657371026,1.2826292527655259,0.0013263074921961294,0.013217318328132546,0.011953776423285609,0.024661829918419986,0.0016584044059195736,29,controlled,{},50000,14.031663503497839,1.4297525516694405,1.3341078372052204,0.0040220989499685725,0.11082581514604939,0.2451171875,physics,129
0.001076445409039589,2.4508404926978384,0.9384804855989102,0.9133267246620411,2500,6.412625225493684e-05,0.00823928889966586,1.0993185866848345,0.21137607778133746,0.19780323470373434,0.6847220031873132,1.8886486550124917,4,0.9402849909446553,0.1920150002682211,all_physics_factorial,0.0010764454090395892,0.018279964773621343,0.2888810842692068,0.6054486870569676,1024,all_physics_factorial-controlled-resmlp-physics-s47-dca6d071fb,0.23866695872312702,0.0013537387176184722,0.1306017215085074,0.1306017215085074,1.1042423976939633,resmlp,0.005713591597586192,0.007955764715753173,271299,1024,16,0.0,0.005014022339275733,0.0067393546210119835,0.0057880276087487765,0.008056718386658382,0.005753652182109277,0.008054724489055535,0.006032315612545907,0.008784952125108296,0.006411280148550494,0.008965706182226345,1.3303508550022038,0.001377235591487337,0.01495921347138993,0.013366028781996608,0.028648735088886754,0.0017769028297178386,47,controlled,{},50000,10.292266316711903,1.4297525516694405,1.3341078372052204,0.0040220989499685725,0.11748422465078527,0.240234375,physics,129
0.0009767817040984483,2.3548018155020194,0.940710958655341,0.9172412001108647,2500,0.00014789127453695983,0.012009529046497477,1.0234595906826562,0.25255115543731105,0.16916834599345126,0.6613003000626192,1.8886486550124917,4,0.9439556666595144,0.0729474375938774,all_physics_factorial,0.0009767817040984483,0.10345506848580215,0.25581168793879655,0.5499279521724254,1024,all_physics_factorial-controlled-silu-no_physics-s11-80f2ac140a,0.21851679783619432,0.0022929825080332477,0.11723165326194158,0.11723165326194158,1.0735345263144809,silu,0.009321828303642775,0.01211445236872626,270092,1024,16,0.0,0.008990148017361583,0.011608618232905939,0.00956032619726934,0.012485219704921776,0.009451206272326765,0.01222585696264267,0.009648771351262112,0.012649288104924624,0.009909152789626901,0.012567086611978216,1.0825652424640333,0.0012066726506871175,0.022166122094310337,0.020984455337429236,0.036893716180719426,0.002969744323714759,11,controlled,{},50000,9.377062030136585,1.4297525516694405,1.3341078372052204,0.0040220989499685725,0.09641116838024759,0.3115234375,no_physics,256
0.0009887014257470648,2.3318520008940142,0.9398659669475942,0.9157235600994205,2500,0.0001519399374956265,0.012282286178471597,1.0341473006589208,0.23616470031062387,0.1703024229074829,0.6548025999876992,1.8886486550124917,4,0.9430629241368529,0.09231661495958801,all_physics_factorial,0.000988701425747065,0.10526209677419353,0.2600820810892964,0.5555085655263003,1024,all_physics_factorial-controlled-silu-no_physics-s29-617dd3e5ba,0.221349326803277,0.0023246305577857415,0.1180697994660413,0.1180697994660413,1.0749925364496395,silu,0.009420828851977302,0.012252670583972326,270092,1024,16,0.0,0.009018371948596846,0.011722652736976275,0.00967273329072222,0.012599214376988988,0.00963659226425572,0.012512237280810592,0.009656462586448747,0.012700891933967184,0.01009487413626327,0.012874545413165456,1.0982621171192604,0.0012165087315259122,0.022357215581169383,0.021253112521678545,0.03732992557209398,0.003022653315168875,29,controlled,{},50000,9.411230005323887,1.4297525516694405,1.3341078372052204,0.0040220989499685725,0.09709485864339817,0.318359375,no_physics,256
0.0009862254194230567,2.3296553855479933,0.9399185608334186,0.9165505753343822,2500,0.000153945671627298,0.012355588657385544,1.0336087904634417,0.3153946873563539,0.17030676204651418,0.6548601173524219,1.8886486550124917,4,0.9435765435220058,0.07155737027036692,all_physics_factorial,0.0009862254194230567,0.11568182935769974,0.2600658637375244,0.5580205341418827,1024,all_physics_factorial-controlled-silu-no_physics-s47-4a2bbf9f46,0.22093590324234552,0.002356441420637094,0.11530971314434443,0.11530971314434443,1.0776391542524548,silu,0.009532145595689401,0.012367037503510947,270092,1024,16,0.0,0.009218376770074255,0.011908761745250506,0.009740804821099201,0.012680093448241244,0.009597718618321047,0.012447319069448504,0.009673425031531022,0.012761156924652942,0.010142201771442446,0.012947153982194794,1.0871956513328032,0.0012124613712248492,0.02251760420590314,0.02135048542562383,0.0373865932544734,0.0030639133186343348,47,controlled,{},50000,13.467130677774549,1.4297525516694405,1.3341078372052204,0.0040220989499685725,0.0977887842022036,0.314453125,no_physics,256
0.0009629956271689419,2.3768756811810356,0.940745077366077,0.9176289808490092,2500,0.00013634207425639033,0.011192089780053593,1.0080620397103421,0.19017146996141576,0.17149792224866958,0.6754273819477357,1.8886486550124917,4,0.9437948879834022,0.06077886953722909,all_physics_factorial,0.000962995627168942,0.06785161558543737,0.25391023051822326,0.5491741667724913,1024,all_physics_factorial-controlled-silu-physics-s11-fe0370e131,0.21621804254479987,0.002078360376963775,0.11168433637441841,0.11168433637441841,1.0723876119593494,silu,0.008664048503347526,0.011577973309616529,270092,1024,16,0.0,0.008265885027843898,0.01098768611719726,0.008856093658381657,0.0118350808694804,0.008667447637910464,0.01170834708378147,0.009210852109142817,0.012461961990237018,0.00891609332712325,0.011892990527047719,1.08239263482723,0.0012449222731096795,0.021482234354313772,0.01982852539654091,0.038048664294382466,0.002677337200867001,11,controlled,{},50000,9.40137181058526,1.4297525516694405,1.3341078372052204,0.0040220989499685725,0.08802141843955738,0.3232421875,physics,256
0.0009480393935858676,2.370440426403975,0.9416307898679217,0.9164563291252413,2500,0.00013256273814477026,0.011120844903999016,1.011030473463843,0.19682272151105287,0.1640507776814156,0.6530926986621013,1.8886486550124917,4,0.9428294182517865,0.0629377928080967,all_physics_factorial,0.0009480393935858676,0.02883008636721264,0.25119064723504525,0.543429114121303,1024,all_physics_factorial-controlled-silu-physics-s29-b1c027a2eb,0.21420401205695733,0.002050792917122254,0.10697634230564772,0.10697634230564772,1.0709733255184284,silu,0.00854638663518192,0.01145252535230463,270092,1024,16,0.0,0.00819744052872443,0.010955224232326467,0.008772041824310867,0.011751296902218879,0.008500076053918745,0.011618902423586661,0.009119524546334612,0.01234106442479354,0.008813587946536371,0.011820268687937573,1.0789618210696728,0.0011923994617595714,0.021234895783580784,0.01950125139393642,0.037696542787905796,0.002649332798318436,29,controlled,{},50000,9.965670695528388,1.4297525516694405,1.3341078372052204,0.0040220989499685725,0.08520752983706435,0.3232421875,physics,256
0.001028070974865005,2.313592755202237,0.934425039099804,0.9004090037372147,2500,0.00014208722859621048,0.011565306265009487,1.023043495461977,0.2043765931662743,0.18021046852895337,0.6981772996180461,1.8886486550124917,4,0.9388596577327677,0.05629240129461412,all_physics_factorial,0.001028070974865005,0.07583729704599097,0.25811562281893385,0.550661540224704,1024,all_physics_factorial-controlled-silu-physics-s47-63731e0ed2,0.2229536216990945,0.0021038656910961264,0.12394403982909946,0.12394403982909946,1.0741499061964832,silu,0.008809438906551432,0.011830146986074938,270092,1024,16,0.0,0.008468078997327499,0.01125749132676217,0.009043608984830222,0.012087187883479589,0.00865587456770362,0.011775232642026194,0.009267353880644084,0.012586002052521115,0.009128706204196403,0.012331087754481948,1.095367288906325,0.0014148209192803858,0.021983552807841828,0.020184089498151224,0.03917850775164136,0.0027100165293554223,47,controlled,{},50000,13.800256447866559,1.4297525516694405,1.3341078372052204,0.0040220989499685725,0.08850548002389302,0.318359375,physics,256
0.0008743150300544287,2.5640501354923,0.9512027916589761,0.9422511354695657,2500,6.729290180373937e-05,0.008232969602110967,1.0656686778157098,0.31629312866515297,0.1626126847367052,0.6708897837764767,1.8886486550124917,4,0.9583083785474893,0.11047152161862528,all_physics_factorial,0.0008743150300544287,0.12470652135040411,0.2423836055772815,0.5331263985935571,1024,all_physics_factorial-controlled-swiglu-no_physics-s11-307224f249,0.20202874651949243,0.0015020642787704048,0.10703129202620736,0.10703129202620736,1.094794752251366,swiglu,0.006122043380205228,0.008168455779160953,269301,1024,16,0.0,0.005694258937059728,0.0073768689568523785,0.006101465393177468,0.008176727431819124,0.006276188808110815,0.008377600419937362,0.006238522249209334,0.008292129548775215,0.006555890140246787,0.008842214177667588,1.1986405383349055,0.0011132751999526898,0.014742455772128897,0.013498852523692699,0.026438774743776903,0.0019790937723091887,11,controlled,{},50000,21.263434635475278,1.4297525516694405,1.3341078372052204,0.0040220989499685725,0.09930557765281477,0.2275390625,no_physics,115
0.0007962442786088441,2.5281618172624207,0.9562667649958962,0.9506044140261785,2500,5.5382704886142164e-05,0.007476224510913794,1.0511460107793997,0.1561268125531055,0.1466193131297238,0.6266890553134891,1.8886486550124917,4,0.9640709876365985,0.10721348392461195,all_physics_factorial,0.0007962442786088441,0.016378600869036548,0.23395863049878907,0.5207325108868226,1024,all_physics_factorial-controlled-swiglu-no_physics-s29-a6c85d3bec,0.1938371600886705,0.0014331672872291905,0.1009488815901175,0.1009488815901175,1.09424125573549,swiglu,0.005730808690433754,0.0074422539477431784,269301,1024,16,0.0,0.005349029991974811,0.00691158632791183,0.005692423950755263,0.007396809523710031,0.005842844329271514,0.007596461396389742,0.005956463888284607,0.007711913262188658,0.006053820970991885,0.007976887165777883,1.1541326096968405,0.0009056817171051021,0.013414963836776764,0.012518112443376481,0.022826373027243607,0.0018828011845752413,29,controlled,{},50000,13.54118630848825,1.4297525516694405,1.3341078372052204,0.0040220989499685725,0.09788119503400446,0.2109375,no_physics,115
0.0008404591776671848,2.5674543726490566,0.9530505495563877,0.9459161987697589,2500,6.18765625404194e-05,0.008008861106584306,1.0686375502794756,0.18807649983981278,0.15613922367652838,0.6511145621192171,1.8886486550124917,4,0.9628439145728283,0.11566032696159073,all_physics_factorial,0.0008404591776671848,0.02896965077605321,0.23980299744538625,0.5266650758076077,1024,all_physics_factorial-controlled-swiglu-no_physics-s47-27e2695e3d,0.19948962152430244,0.0014967653966819,0.10481461430290054,0.10481461430290054,1.0935260871150327,swiglu,0.006005480520501587,0.007829916139863441,269301,1024,16,0.0,0.005740195336911712,0.007485665350989739,0.005914553164318339,0.0075899451258739795,0.006074450289467927,0.007833888267315755,0.006187130307651191,0.00802929557448317,0.006556097325948572,0.008526193164536332,1.1390027158252563,0.001025399469514847,0.01430924249168365,0.013410866595200355,0.024284730733931774,0.001971948973931445,47,controlled,{},50000,24.572871854528785,1.4297525516694405,1.3341078372052204,0.0040220989499685725,0.10036684296440722,0.2138671875,no_physics,115
0.0010057331985257446,2.3594283694781346,0.9444067785056054,0.9329163462913954,2500,7.204210851341486e-05,0.008802449773215478,1.1006508474129622,0.27397445362232037,0.17752258599162224,0.6226266912705816,1.8886486550124917,4,0.94519490377777,0.13918079670624417,all_physics_factorial,0.0010057331985257446,0.022485862509834774,0.2851188175523852,0.6046800082483701,1024,all_physics_factorial-controlled-swiglu-physics-s11-011b3cf098,0.2325128321519343,0.001555726895724871,0.1234102225501868,0.1234102225501868,1.1139223520304014,swiglu,0.006307784112902599,0.008420136401587444,269301,1024,16,0.0,0.005875262858500578,0.00790033547686104,0.0062150014540361415,0.008263956615537874,0.006424569881394581,0.008588710237885546,0.0065375714411043465,0.008719830266824737,0.007027110698237371,0.009602634626057684,1.2154717548618583,0.0011571613739107096,0.015553312603676286,0.01424435664089184,0.028097496942937877,0.002070467280509034,11,controlled,{},50000,19.773473769426346,1.4297525516694405,1.3341078372052204,0.0040220989499685725,0.1196691294052305,0.2353515625,physics,115
0.0010360520335724562,2.310569592802426,0.941293506200125,0.9290850864566196,2500,7.669454498682171e-05,0.009045430824208457,1.0888398608385352,0.30780042066554303,0.18073096792672316,0.6214198545151511,1.8886486550124917,4,0.9438646330164501,0.13508514904155638,all_physics_factorial,0.0010360520335724562,0.038109856680494957,0.29083552225368536,0.6037190274178175,1024,all_physics_factorial-controlled-swiglu-physics-s29-5f857ec659,0.23649576631804115,0.0016079010259741665,0.13324971284129034,0.13324971284129034,1.1243683905351156,swiglu,0.0065156158999886684,0.008727116302182135,269301,1024,16,0.0,0.006044216025460729,0.007956001568047764,0.006495448243125393,0.008587669213183255,0.006604142539579484,0.00881291252836824,0.006833402816930744,0.009149921539895424,0.007109317984508943,0.009911300421177096,1.2457640105278562,0.0012032904236430604,0.016107280414665512,0.014798202715619841,0.02883725268371536,0.0021441506295644436,29,controlled,{},50000,19.175470860674977,1.4297525516694405,1.3341078372052204,0.0040220989499685725,0.12717990901256299,0.2333984375,physics,115
0.0010349177201957245,2.3661403397485907,0.9425721228823896,0.9287910601888277,2500,7.453341822838411e-05,0.00922477180243074,1.1300191909088626,0.4256271677508322,0.1821500543250165,0.6271503148422916,1.8886486550124917,4,0.9464228044586988,0.1653147128245476,all_physics_factorial,0.001034917720195724,0.040152148451469846,0.2904408241759736,0.6090738133581717,1024,all_physics_factorial-controlled-swiglu-physics-s47-c7df09cb8f,0.2361323025237907,0.0015172354179574597,0.12806708243151382,0.12806708243151382,1.1192826872129351,swiglu,0.006241202087864611,0.008639025910593626,269301,1024,16,0.0,0.005638698383106511,0.007470124577995232,0.006201464588416526,0.008418642098866919,0.0064350038012573035,0.008817803379087719,0.006643783078348284,0.009272813363653922,0.00710435804818244,0.010367267612132242,1.3878306183368256,0.0012030849650808638,0.016340121405282314,0.014506923119741853,0.03163547704877046,0.0020588906597747,47,controlled,{},50000,19.954796938225627,1.4297525516694405,1.3341078372052204,0.0040220989499685725,0.1254576985838312,0.2177734375,physics,115
0.01757119116062777,1.0526371227612865,0.8859480022137163,0.05160711411916172,2500,0.0004005133523605764,0.0188944048014978,0.9865850577135382,0.28460809850816954,8.303264108427353,0.7714480611287616,0.6960457043988385,4,0.6782945346510032,-0.07235099197124668,all_physics_factorial,0.017571191160627768,0.26460518963235813,10.763218584383042,11.654032024788217,1024,all_physics_factorial-duffing-fourier-no_physics-s11-03a5ae3a8b,2.24120199331303,0.004751406034321929,2.2162525485519264,2.2162525485519264,9.172891777850001,fourier,0.015526252847254904,0.019975730223138113,270387,1024,16,0.0,0.015979225741319866,0.020622851342936496,0.01612412058446604,0.020621607161235712,0.015669326856608563,0.01986943559929765,0.014905960795447587,0.01918683661919721,0.01541837950061566,0.019746019313462947,0.9574825025457078,0.017372575328028977,0.03607823145024485,0.032555753507044136,0.06700605958408719,0.006509994959400539,11,duffing,{},50000,12.333504054695368,0.5917838791420774,0.5841400484624879,0.001898884082503015,2.225444943778415,0.0,no_physics,125
0.017880784379662035,1.081591401989105,0.8940326208402454,0.1220672028109577,2500,0.00040726721636019647,0.01927740569788622,1.0032130014274543,0.22024069869482246,8.581378583216878,0.7892327205041884,0.6960457043988385,4,0.6813889896697254,-0.02603766942636435,all_physics_factorial,0.017880784379662035,0.12499414383806592,10.87306488982718,11.760806266412658,1024,all_physics_factorial-duffing-fourier-no_physics-s29-4d0e7ad4de,2.2582115680209727,0.0047787387908829375,2.2461562284984407,2.2461562284984407,9.451337360306468,fourier,0.01564659700879825,0.020078804320470406,270387,1024,16,0.0,0.01649982492034805,0.021072551000597687,0.015148925887645846,0.019452045954925508,0.015703365084397073,0.01987585047613811,0.015363386854040411,0.019846096404224814,0.015827619134410987,0.019997187621244836,0.9489685240613559,0.01817013672384221,0.036037903502348596,0.032547860058346326,0.06696464477037721,0.006510556463330182,29,duffing,{},50000,16.22318620607257,0.5917838791420774,0.5841400484624879,0.001898884082503015,2.2437744886287376,0.0,no_physics,125
0.018555873613693177,1.0233459810563692,0.8903167969971598,0.07579802499821185,2500,0.0004292403464205563,0.019266892127659852,0.9739823333424871,0.13334679834519647,8.641736580209438,0.7614194143837385,0.6960457043988385,4,0.6771060829688408,-0.03938838870610113,all_physics_factorial,0.01855587361369318,0.18193874722838135,11.349509110171171,12.246817292751135,1024,all_physics_factorial-duffing-fourier-no_physics-s47-9dcc8ccdda,2.2924318391170564,0.004898221351110226,2.2806403206265724,2.2806403206265724,9.782942664675158,fourier,0.016073246922367716,0.020631491172348606,270387,1024,16,0.0,0.01652149111973019,0.02119638387596514,0.01607239771739089,0.020523618406379503,0.01629439987871981,0.02084829247525237,0.016058329885127842,0.020717279202648046,0.015822377317782244,0.020075635596217768,0.9471254962022931,0.018263558017667998,0.03685658143413109,0.033233712530730125,0.06884511291341575,0.00666225480979546,47,duffing,{},50000,15.092303732410073,0.5917838791420774,0.5841400484624879,0.001898884082503015,2.274674583117108,0.0,no_physics,125
0.012660100690630066,1.0023317214399097,0.8756323797210447,0.017948856930834704,2500,0.00027681695064529777,0.015053698397312486,0.9879933100662476,0.1875457926481035,5.893612574481781,0.7513076636024862,0.6960457043988385,4,0.6712668863527023,-0.013702882483370288,all_physics_factorial,0.012660100690630066,0.16732239289035117,7.844472857127766,8.72681331084608,1024,all_physics_factorial-duffing-fourier-physics-s11-cbc11ce752,1.9429430244442767,0.0038433284841856334,1.9093926453262196,1.9093926453262196,6.748990089203829,fourier,0.01255853470548396,0.0165277436885975,270387,1024,16,0.0,0.012358345983841716,0.016688881250983206,0.012309665231424249,0.01620099033914414,0.012181052301676886,0.015959889644022476,0.01233308067841036,0.015847381695449796,0.012101786924606624,0.015734592984781234,0.9428189192642407,0.012145669463402614,0.029227570029711363,0.025503357917431746,0.05742839906487154,0.00537648399914107,11,duffing,{},50000,12.844888651743531,0.5917838791420774,0.5841400484624879,0.001898884082503015,1.9232852307220738,0.0,physics,125
0.0126886167725012,0.9924352268626758,0.8731865113220841,-0.02342254667048136,2500,0.00028095132438465953,0.015413833368188537,0.9952667667493176,0.2572174785140198,5.90510084256908,0.7515857992894299,0.6960457043988385,4,0.673608110723906,-0.012218557774837279,all_physics_factorial,0.0126886167725012,0.22399675228882052,7.856855262768304,8.74400746486085,1024,all_physics_factorial-duffing-fourier-physics-s29-46def16ca4,1.9469559066762412,0.003897563670207421,1.924804052659515,1.924804052659515,6.8538055741216635,fourier,0.012796098891546119,0.01681545413262248,270387,1024,16,0.0,0.012621804612496576,0.01688594782267629,0.01279989218773505,0.016614211619157226,0.012289303153660565,0.016300175083188893,0.012254827616598067,0.015905699733370894,0.012435474759746044,0.01617712295601253,0.9580227965816718,0.012342337552669353,0.029179222444643743,0.025608237174964223,0.057040330703509994,0.005395410186137789,29,duffing,{},50000,12.580336075276136,0.5917838791420774,0.5841400484624879,0.001898884082503015,1.9296256539851084,0.0,physics,125
0.013421583617346359,0.9976111480842829,0.8749201361364985,0.016121756759173163,2500,0.0002926555462181568,0.015587253453350618,0.9765837371206147,0.2452842278280007,6.186889063693893,0.7470882182936653,0.6960457043988385,4,0.674518967948339,-0.06683511327873543,all_physics_factorial,0.013421583617346359,0.23710444084829407,8.281336677781676,9.170627080145984,1024,all_physics_factorial-duffing-fourier-physics-s47-df6963bfcb,1.9944290230988362,0.003979666382054404,1.9655512718212895,1.9655512718212895,7.138846961368945,fourier,0.013046667384286665,0.01705216914486905,270387,1024,16,0.0,0.013118017916674076,0.017080805450078753,0.013609535023358564,0.017629141321181856,0.012579818367285065,0.016410331210115734,0.012711354778830246,0.016562355791787626,0.012532845901948924,0.01627690019896145,0.9529351672866458,0.012875017395921012,0.030381972798903235,0.026303852084932244,0.05978262401307677,0.005528564987115076,47,duffing,{},50000,14.24083836749196,0.5917838791420774,0.5841400484624879,0.001898884082503015,1.9741365047502821,0.0,physics,125
0.0005863991439330513,1.504834677049808,0.9360915373937753,0.6792924884664903,3750,1.0890275007113814e-05,0.0031368489464144327,0.9952018973475016,0.053764399437255354,0.2917286486838346,0.730103962374099,0.6960457043988385,4,0.9289921551816571,-0.03636458631356841,all_physics_factorial,0.0005863991439330513,-0.015437334596953005,0.3995713812252334,0.8479067464312493,1024,all_physics_factorial-duffing-ganr-no_physics-s11-ca0c601734,0.29752439156956134,0.0007623312459955855,0.18104205657764122,0.18104205657764122,1.1977426444920818,ganr,0.0025707239074827387,0.00332245025304397,269510,1024,16,0.0,0.0026783735736451244,0.0034934948602411346,0.0024779118112733794,0.003219307928945518,0.0026732589479754017,0.0035028632036443307,0.0025182300495651872,0.003239435457999289,0.0025706021073337135,0.003328703254723729,0.9528290116030023,0.000564525261408255,0.005660150513052497,0.005108853524147597,0.010390242817460218,0.0010089325961900569,11,duffing,{},50000,33.943464236333966,0.5917838791420774,0.5841400484624879,0.001898884082503015,0.19310318622256348,0.109375,no_physics,114
0.0006208877921109481,1.5182609041063888,0.9349222385371088,0.676907164187111,3625,1.0505890713830013e-05,0.0029496479473685605,0.9613567068521627,-0.05445111504227549,0.3099028474988498,0.7440013446098456,0.6960457043988385,4,0.9232987917493726,-0.0938615576496674,all_physics_factorial,0.0006208877921109481,0.02922298565910879,0.4165353325555653,0.8474994483049294,1024,all_physics_factorial-duffing-ganr-no_physics-s29-80c3d5e2dc,0.3089767572945784,0.0007409465185325757,0.20047995045724698,0.20047995045724698,1.2219892234690346,ganr,0.002495803862531041,0.003231369202618053,269510,1024,16,0.0,0.0026655161817639296,0.0034350042843319358,0.0024485839905517242,0.003122072724762623,0.0026210690646651536,0.003375241073295971,0.0024891762790011326,0.0032302080059138844,0.0024368328063514282,0.0031794413246106486,0.9256003956423039,0.0006089216422160669,0.005484883848292191,0.0049391268510116035,0.010131452948934633,0.0009846255228349381,29,duffing,{},50000,34.47084450908005,0.5917838791420774,0.5841400484624879,0.001898884082503015,0.21506396866136332,0.095703125,no_physics,114
0.0005858567137516943,1.4987400813357987,0.9333652307016577,0.6689856769902008,3750,1.0582162758510094e-05,0.0031211958389191627,1.0111899325448692,-0.04492763716900446,0.2831345810038642,0.7171656470624376,0.6960457043988385,4,0.9267081449791192,-0.046797841713754375,all_physics_factorial,0.0005858567137516943,0.00549930486016737,0.39479663054637926,0.8425493986524887,1024,all_physics_factorial-duffing-ganr-no_physics-s47-cbbd8ed993,0.2957879768632128,0.0007439487564512888,0.18228817531187969,0.18228817531187969,1.198943695891489,ganr,0.0025192093605778945,0.0032594188515056403,269510,1024,16,0.0,0.0027277915435589993,0.003526975846819358,0.0023875351902652824,0.0030985182939902915,0.0025185204162787318,0.0032765731981138817,0.0024949265611323816,0.003211063909685402,0.002585194968432304,0.003358804032641208,0.952318410592517,0.000554417697791759,0.005498687834627935,0.0049371816449074075,0.010141991522842607,0.0009814365668418881,47,duffing,{},50000,53.23438946902752,0.5917838791420774,0.5841400484624879,0.001898884082503015,0.189727828432663,0.130859375,no_physics,114
0.0006832622338922273,1.4702635212716098,0.9381480027493148,0.6843871593591302,2500,6.996621777943801e-06,0.0024315184424164153,0.9798794103901595,-0.039907509297822844,0.3348549136033193,0.7275913241894149,0.6960457043988385,4,0.9034637803503096,-0.041864818771904726,all_physics_factorial,0.0006832622338922273,-0.008913491971246692,0.4602238955726553,0.9123911097189096,1024,all_physics_factorial-duffing-ganr-physics-s11-929cadacff,0.3325863487076659,0.0005867505555532568,0.22037249668438236,0.22037249668438236,1.2465412740434019,ganr,0.0019466627254435044,0.002646686371963256,269510,1024,16,0.0,0.0020532785644508575,0.0028583434268712516,0.0020052463752378543,0.002676955452214613,0.0019786796678856757,0.0027220375738566532,0.001946221915139908,0.0026915525334313497,0.0019481982834148445,0.002632903980899811,0.9211293353163629,0.0006558291641802971,0.0046826374745265525,0.0038952507282846525,0.010202763466979332,0.0008266751536023099,11,duffing,{},50000,35.00155699625611,0.5917838791420774,0.5841400484624879,0.001898884082503015,0.22783439549876935,0.052734375,physics,114
0.0006746605808301243,1.474832210855337,0.9386239352624943,0.6817768757599598,2500,7.116706001397688e-06,0.002410592147309621,0.9683053878074018,-0.0951567745260548,0.3295095513674524,0.7251781349244407,0.6960457043988385,4,0.9031344519437676,-0.0390094369143838,all_physics_factorial,0.0006746605808301243,-0.04933927070667334,0.4543842891812856,0.9094518510697156,1024,all_physics_factorial-duffing-ganr-physics-s29-a767dc0697,0.3305386499710107,0.0005965124662046606,0.21372431251365448,0.21372431251365448,1.2381768423538375,ganr,0.0019838832888730736,0.002672328923715454,269510,1024,16,0.0,0.002083678513400517,0.002833971510037224,0.0019615251221605412,0.0025999315128528836,0.002044220359327502,0.002770945706281722,0.0020114662196891783,0.0027678242196750814,0.001958078251501257,0.0025847451091983455,0.9120575489357672,0.0006445799216286027,0.004686970818160565,0.003927995654389374,0.010096059759133786,0.0008300889317270177,29,duffing,{},50000,23.400275640189648,0.5917838791420774,0.5841400484624879,0.001898884082503015,0.22356243568645756,0.0693359375,physics,114
0.00066459498701028,1.5027080038533125,0.9383612273539225,0.703405156998784,2500,7.620357791893184e-06,0.002451091209950378,0.9599585714343849,0.008739257009931606,0.3351694982244119,0.7533416764313826,0.6960457043988385,4,0.9045360539390792,-0.05824034627351405,all_physics_factorial,0.00066459498701028,-0.0032276169444245763,0.4449103357883061,0.9085394075454538,1024,all_physics_factorial-duffing-ganr-physics-s47-07f615e421,0.3256126004783528,0.0006127898684554907,0.20368042419962165,0.20368042419962165,1.225906348799163,ganr,0.0020333630833185845,0.0027719064177058627,269510,1024,16,0.0,0.0021573192391325102,0.003022821538705977,0.0020280360256730756,0.0026678693557229127,0.0020776460297770114,0.002831064747845577,0.0020585450451696507,0.0027759838855625,0.0019796569254662876,0.002667332630033127,0.8823983142501263,0.0006652912933803838,0.004824515176313885,0.004012977285926849,0.010650322221604008,0.0008633057964379848,47,duffing,{},50000,23.618206476792693,0.5917838791420774,0.5841400484624879,0.001898884082503015,0.21782596825475536,0.0634765625,physics,114
0.0006707325009973196,1.5211692386080542,0.9379231308543935,0.6982843904227165,2500,6.5809246734716e-05,0.007859023269904768,1.0341243856114803,-0.022362134529397833,0.3379446468374799,0.766113666496696,0.6960457043988385,4,0.9065388271059939,0.049796587779844075,all_physics_factorial,0.0006707325009973197,-0.03221041055718475,0.4411155440978383,0.8988623207420888,1024,all_physics_factorial-duffing-gelu-no_physics-s11-657934a28f,0.3252453041930391,0.0017938985125863496,0.21164612950686748,0.21164612950686748,1.2342843606118854,gelu,0.006048860708975536,0.00799401974259257,270092,1024,16,0.0,0.006108504564699415,0.007994063778955125,0.005883206424829643,0.00789594803405439,0.005990518259908381,0.007831700748139476,0.006127453137660881,0.008071874057142919,0.0063120064749003085,0.008383920649804266,1.0487682962794795,0.0006785968703836661,0.014377217348419465,0.012628607062298805,0.02794652875848085,0.002415071773181253,11,duffing,{},50000,8.44158530421555,0.5917838791420774,0.5841400484624879,0.001898884082503015,0.2254410516386987,0.0693359375,no_physics,256
0.0006750997005974947,1.508254173647073,0.9376293884050932,0.6888696154602675,2500,6.653288437519222e-05,0.007879840399209078,1.0353851217748073,-0.011607304536780376,0.3389065517725393,0.7644480666163954,0.6960457043988385,4,0.9071047055907757,0.0580085584900937,all_physics_factorial,0.0006750997005974947,-0.047213562155782846,0.4433349583479353,0.9016425483086734,1024,all_physics_factorial-duffing-gelu-no_physics-s29-2049574f99,0.32710782061612753,0.001794935038569895,0.21272153002119598,0.21272153002119598,1.2349019975344158,gelu,0.006054332796800882,0.008029968125257053,270092,1024,16,0.0,0.006111637595236746,0.008039845318245474,0.005878991865127657,0.007837908504675412,0.006007531248818717,0.007929361122106904,0.0061531566666233805,0.008119916544652727,0.006303486260045684,0.00842872530995458,1.0483690887468433,0.0006831481223554373,0.014413239902757618,0.012593079131128691,0.02855376476855827,0.0024231084599211313,29,duffing,{},50000,12.989806925877929,0.5917838791420774,0.5841400484624879,0.001898884082503015,0.22670290483578664,0.078125,no_physics,256
0.0006651739358539256,1.5242598549706887,0.9378645873773479,0.6897682233924611,2500,6.513787957374007e-05,0.007747139278688281,1.02955426283398,-0.008287946957139473,0.33974622949693845,0.7770264673382486,0.6960457043988385,4,0.9106821785079533,0.04050026598598097,all_physics_factorial,0.0006651739358539256,-0.02477838226879336,0.43723894072844105,0.894902988596566,1024,all_physics_factorial-duffing-gelu-no_physics-s47-ede8dfe69e,0.3231094120582094,0.0017792725836074282,0.2012064869181722,0.2012064869181722,1.2228772628587359,gelu,0.00599718409176909,0.007950413597537226,270092,1024,16,0.0,0.006086813558136377,0.008006445803880874,0.005809879973955957,0.007830956547743339,0.005921102620765145,0.007800882806440353,0.0060410384813859965,0.007962316668545074,0.0062333029437477315,0.008277149951792347,1.03381077628481,0.0006876911128051292,0.014341222968204524,0.012532024325731275,0.028530853308428368,0.002403695639404616,47,duffing,{},50000,9.253736540675163,0.5917838791420774,0.5841400484624879,0.001898884082503015,0.2190658662275804,0.0791015625,no_physics,256
0.000628603253762411,1.4857546800642663,0.9339217218708165,0.669611526357199,2500,3.039301373064518e-05,0.005180232355927155,0.984173326297443,-0.011982003315178782,0.30011621779692943,0.7284306016368766,0.6960457043988385,4,0.911040098767147,-0.07410018507259852,all_physics_factorial,0.000628603253762411,0.0009575383556254917,0.41200385750204616,0.8519756458164475,1024,all_physics_factorial-duffing-gelu-physics-s11-dc0b81af30,0.31001247471965604,0.001286046036043183,0.18938994014628016,0.18938994014628016,1.2032950316037203,gelu,0.004274669262190834,0.005520606714706733,270092,1024,16,0.0,0.004507750041143754,0.005982824702615706,0.004326925526383963,0.005578039085143886,0.0041662277061878805,0.005339166810626214,0.004193222503184459,0.005360107090643157,0.004279534788096395,0.005444098363852331,0.9099545172152808,0.0006099271389753069,0.010112549746501207,0.008759877768852817,0.019435552338984342,0.0017440524994508284,11,duffing,{},50000,9.866765324026346,0.5917838791420774,0.5841400484624879,0.001898884082503015,0.1997868460110559,0.125,physics,256
0.0006261931165174299,1.4902711239631856,0.9352698452432855,0.6751674370574351,2500,3.04595068882918e-05,0.005084037088434267,0.9623623548898902,-0.045782897577690794,0.3047885617396061,0.7404316637396982,0.6960457043988385,4,0.9099699056206705,-0.09109718099563693,all_physics_factorial,0.0006261931165174299,0.003198459069451398,0.41163631522753974,0.8548990851662006,1024,all_physics_factorial-duffing-gelu-physics-s29-9ed41e4aef,0.3088375337313237,0.001284851693285134,0.1928207072287736,0.1928207072287736,1.210160576240583,gelu,0.004272385860677717,0.0055212670350197725,270092,1024,16,0.0,0.004522892459085692,0.005979018534858139,0.004377823710422264,0.0056551224098075415,0.004246176837905838,0.005446456180004832,0.0042199431614046105,0.00538558702634471,0.004190671568814091,0.005336811894749036,0.8925899566350248,0.0006102022304814563,0.010065655032944824,0.00868490750051912,0.019307410190054743,0.001745786469003511,29,duffing,{},50000,13.023417742922902,0.5917838791420774,0.5841400484624879,0.001898884082503015,0.1961160591334854,0.119140625,physics,256
0.0006223057890543616,1.5050880850805988,0.9357462881622642,0.6851925045597597,2500,3.0583720217691734e-05,0.005208368055014873,0.9864888936403162,-0.041560919892465624,0.30314057979900294,0.7442995161969127,0.6960457043988385,4,0.9107847421076141,-0.06373077748372791,all_physics_factorial,0.0006223057890543616,-0.012355305861526358,0.4072830536662659,0.8515068235685903,1024,all_physics_factorial-duffing-gelu-physics-s47-f0e3e407be,0.30647551414332974,0.0012899560171672191,0.18216023525547614,0.18216023525547614,1.1987825387950588,gelu,0.0042780558658082985,0.005525329116833645,270092,1024,16,0.0,0.0044790934466398345,0.005945958938773538,0.00430967255718008,0.00554201941920049,0.004235177339183531,0.00540002684471922,0.0041941292696519635,0.005394629642579335,0.004274209729061315,0.005470140088672605,0.9199760955296674,0.0006091807323930184,0.010135178250979815,0.008780712044900791,0.019503929176820773,0.0017482383661532256,47,duffing,{},50000,13.215603774413466,0.5917838791420774,0.5841400484624879,0.001898884082503015,0.19600831309161842,0.1201171875,physics,256
0.001934279576066984,1.388214973784852,0.8491976898032599,0.26195653923181456,2500,9.122302435571328e-05,0.009134694793358036,1.0029039323764126,0.02136200916549428,0.8697822177146303,0.8010273032224603,0.6960457043988385,4,0.7765257041670716,0.019072826514555465,all_physics_factorial,0.001934279576066984,0.059036437844217145,1.0858334219265378,1.791718444851183,1024,all_physics_factorial-duffing-relu-no_physics-s11-23f21cffcc,0.6445774571225141,0.0022281699184167223,0.5051404318240069,0.5051404318240069,1.6560350027409434,relu,0.007522629542185925,0.009519152019128006,270092,1024,16,0.0,0.007323753933004506,0.009274150947653046,0.007554782129385137,0.009598520388964166,0.007464110727616089,0.009313768277652812,0.007560136000836981,0.009597003765281035,0.007499496896552665,0.009485592737556395,1.0227990455511031,0.0020939063019162624,0.01649250715072596,0.015211889979116596,0.029072923017493715,0.0028939790926111797,11,duffing,{},50000,11.637844398617744,0.5917838791420774,0.5841400484624879,0.001898884082503015,0.5365354858336031,0.0849609375,no_physics,256
0.001944737580145612,1.392264586477348,0.8444638858848883,0.24292143131750232,2500,9.011028305394575e-05,0.009005246047433212,1.0021554246207673,0.07304815366828711,0.8827935740452512,0.8131886163791711,0.6960457043988385,4,0.7797323867453756,0.02723139886274229,all_physics_factorial,0.0019447375801456123,0.01994082370717402,1.0855950959766325,1.7857754933906036,1024,all_physics_factorial-duffing-relu-no_physics-s29-eb55070776,0.6437246126510254,0.0022060037014710017,0.510938073248422,0.510938073248422,1.666854180600609,relu,0.007443725813736586,0.009432913596890993,270092,1024,16,0.0,0.007158267291218513,0.009108169454076219,0.00740236216194004,0.009416352867672437,0.007411984039601567,0.009239278729799566,0.0074762256249475,0.009504019425756832,0.007395771540571041,0.009361710870202395,1.0278367038958314,0.002160018596576895,0.016398861971665936,0.01511971467677031,0.028899096074137688,0.0028710261072748653,29,duffing,{},50000,8.527683245018125,0.5917838791420774,0.5841400484624879,0.001898884082503015,0.5376518030524076,0.080078125,no_physics,256
0.001958696174960796,1.4367739787774847,0.8494592814934584,0.2688331932622845,2500,9.083905024453998e-05,0.009085228807217322,1.0000341308588427,0.1391511470797175,0.9180858859943334,0.837095823095097,0.6960457043988385,4,0.7784290867477781,0.014072446534582644,all_physics_factorial,0.001958696174960796,0.06751598151062155,1.0967512447974974,1.7921688851889654,1024,all_physics_factorial-duffing-relu-no_physics-s47-c68e575119,0.6504510580238354,0.002224110952336116,0.5202102569594501,0.5202102569594501,1.6823813449729914,relu,0.007504666092897481,0.009507746174725563,270092,1024,16,0.0,0.0072578851715394375,0.009265860388007736,0.007558415541667607,0.009671401334095922,0.0073260998363354375,0.00917009040742077,0.007550089460420369,0.009585677250231728,0.007463204666867635,0.009439527534471389,1.0187426897440004,0.0021708094498499764,0.0165002036579914,0.015248870974680482,0.02928630529186443,0.0028920320584552347,47,duffing,{},50000,8.658406749367714,0.5917838791420774,0.5841400484624879,0.001898884082503015,0.5504153736253572,0.076171875,no_physics,256
0.0021578919412095603,1.3814121464875613,0.8232417653080054,0.2389483607216937,2500,6.007397314533591e-05,0.0071785971583737465,0.9733976161714817,0.15351227869788692,1.0163338715061776,0.8751717915787893,0.6960457043988385,4,0.7521005150309006,-0.04638928501180173,all_physics_factorial,0.0021578919412095603,0.18389778985766395,1.161296423497306,1.8785973406621386,1024,all_physics_factorial-duffing-relu-physics-s11-5269f2c75e,0.6784627107574621,0.001817480013470049,0.5205543953092495,0.5205543953092495,1.6758998686405617,relu,0.0060409442490726665,0.007705582203918636,270092,1024,16,0.0,0.006141762061739219,0.007803443659701172,0.006080708903654908,0.00773012461362321,0.005993854211345666,0.007590502779835437,0.006044020702611625,0.007828373196198444,0.005847233060382766,0.007504003287422344,0.9616271500971797,0.002526107498500933,0.013732267307698828,0.012439613045193436,0.024950395397799453,0.002421419789262612,11,duffing,{},50000,12.54144711792469,0.5917838791420774,0.5841400484624879,0.001898884082503015,0.5180080390021711,0.1279296875,physics,256
0.0021751935294689077,1.3486516726112183,0.8219486062123181,0.2068009374329447,2500,5.8222474763169885e-05,0.007034350047214725,0.964254958253897,0.16556810742293598,1.0251439143948196,0.8712011953283473,0.6960457043988385,4,0.7538795076636565,-0.04880861749874829,all_physics_factorial,0.0021751935294689077,0.14919153672841712,1.1767016848598937,1.892488940785064,1024,all_physics_factorial-duffing-relu-physics-s29-370894d89d,0.6824172481298147,0.0017914735619429052,0.5199165091890245,0.5199165091890245,1.6734958189740383,relu,0.005957117842811734,0.007608949768901379,270092,1024,16,0.0,0.006039549117475693,0.007746032821471504,0.005950774087001732,0.007587552815579323,0.006012385525427496,0.007648954508538807,0.0059569825786586605,0.007684753120141187,0.005726438171089765,0.007348170952462997,0.9486366920747277,0.002562031833267921,0.013548818235558792,0.012289012642011765,0.024303529401349246,0.0023888329030530378,29,duffing,{},50000,11.88976744003594,0.5917838791420774,0.5841400484624879,0.001898884082503015,0.5277832285041643,0.13671875,physics,256
0.0022093731572966424,1.3280857600857023,0.8193049504819565,0.19343349903440382,2500,6.071158713893965e-05,0.007226960544511745,0.9685897843925162,0.2122313381900238,1.016115297396455,0.8541331459500686,0.6960457043988385,4,0.7504538822610994,-0.049147190830412704,all_physics_factorial,0.0022093731572966424,0.14570815973463985,1.1896450831049419,1.9018966865664473,1024,all_physics_factorial-duffing-relu-physics-s47-1554d9df1e,0.6903005039025154,0.0018229382539132176,0.5643358641330769,0.5643358641330769,1.7420215098894718,relu,0.006062501437674787,0.007756807237397306,270092,1024,16,0.0,0.006180607809394633,0.007914927708225187,0.00617743061774701,0.007776699422429974,0.006058797670156033,0.007744789933658151,0.006120583914771601,0.007958908435742646,0.005863996789660848,0.007550933046844586,0.9540116252732999,0.002561250773766693,0.01379958006859828,0.012481478635431921,0.02521611854984909,0.0024330235155131156,47,duffing,{},50000,8.988209463655949,0.5917838791420774,0.5841400484624879,0.001898884082503015,0.5411503291889672,0.1376953125,physics,256
0.0006998198018052584,1.5244955257768524,0.923262937937916,0.6100819862670767,2500,2.7224898076383397e-05,0.004986989663146284,1.001079038010716,0.07889707623518268,0.34198713620530247,0.7660728103786861,0.6960457043988385,4,0.9144949810077826,-0.01143389913096345,all_physics_factorial,0.0006998198018052584,0.005809916136184822,0.44641596930747474,0.9039573849575372,1024,all_physics_factorial-duffing-resmlp-no_physics-s11-c50d03a4de,0.3325464683821925,0.0011996523349028052,0.21995449176359194,0.21995449176359194,1.2381904133828885,resmlp,0.0039316495192942245,0.005180699573670843,271299,1024,16,0.0,0.004060488302671336,0.005360973564932891,0.003925964435891523,0.005175217938168712,0.003984267104668424,0.005265449398082007,0.004005889418104011,0.005249644390757386,0.004076998207497322,0.005249621554483733,0.9792291439044706,0.0007375836854744186,0.009810048976155821,0.008424788632380071,0.019076928248519427,0.0016901746021788665,11,duffing,{},50000,14.689427310600877,0.5917838791420774,0.5841400484624879,0.001898884082503015,0.23547251283231924,0.1435546875,no_physics,129
0.0006578045931438954,1.52921079523664,0.93055611547532,0.6456047045990987,2500,2.3841086658649147e-05,0.00475216248852535,1.0039078310884344,0.05862573303060272,0.3375919318446151,0.7787572240548095,0.6960457043988385,4,0.921061719891006,-0.013643415617623916,all_physics_factorial,0.0006578045931438954,0.009829456047493025,0.43350086704409835,0.8978260608168664,1024,all_physics_factorial-duffing-resmlp-no_physics-s29-8d705cd435,0.32225753567429616,0.0011115976785289717,0.2128895737855938,0.2128895737855938,1.2341312465462528,resmlp,0.003752935805511791,0.004848432969549746,271299,1024,16,0.0,0.003908014900159929,0.004934907037258846,0.0038192185397043833,0.004971903260954905,0.0038077601893028727,0.004956998191451658,0.003813851956637156,0.005000901483531728,0.00384034630241889,0.004972050270624695,1.0075266328393657,0.0006786117715095666,0.008410580016507976,0.007636612667053181,0.015308284816990288,0.0014649978749865047,29,duffing,{},50000,14.780246410518885,0.5917838791420774,0.5841400484624879,0.001898884082503015,0.2262801731726684,0.1083984375,no_physics,129
0.0006106454680375474,1.467877744294327,0.9289781962034769,0.6163987845111222,2500,2.0793806470464915e-05,0.004615365630990919,1.0358968000416369,-0.151346269030937,0.2864800437742296,0.7040158692927009,0.6960457043988385,4,0.9266178003555448,0.026078673735784274,all_physics_factorial,0.0006106454680375474,-0.07717041207710464,0.4069227076685724,0.8530295019059693,1024,all_physics_factorial-duffing-resmlp-no_physics-s47-d1ad3a387d,0.30527106296090023,0.001050317748970258,0.17754205000403253,0.17754205000403253,1.1872735492191606,resmlp,0.0035254790164316162,0.0045757048322626,271299,1024,16,0.0,0.0036288545983457986,0.004658873773569211,0.003506167418887255,0.004491760073405757,0.00355842320030241,0.004727273004433365,0.0035896459728561765,0.004738046590857659,0.003690720431842519,0.004856692862757726,1.0424607102065706,0.0005824750443251445,0.008187312263509426,0.007260637549173748,0.015765680137813796,0.0014047331275616908,47,duffing,{},50000,11.619312696158886,0.5917838791420774,0.5841400484624879,0.001898884082503015,0.19789358220897227,0.1533203125,no_physics,129
0.0007781366487628859,1.4721718487269388,0.9316243584535235,0.642032926382233,2500,8.989109119283967e-06,0.0027344720991065146,0.9821371660412402,-0.06924126979704975,0.37757360471247403,0.7282888043329592,0.6960457043988385,4,0.8980405920445058,-0.060283263893855944,all_physics_factorial,0.0007781366487628859,-0.07967918514412416,0.5184393917167163,1.0093202306082931,1024,all_physics_factorial-duffing-resmlp-physics-s11-6c58b8cd5c,0.3675422782391352,0.0006756874944538709,0.2564031025340363,0.2564031025340363,1.2922735716686422,resmlp,0.0022198180218746307,0.0029983187372454594,271299,1024,16,0.0,0.0023353186992642813,0.0032833677725344398,0.0022102621567971596,0.0030771843688812525,0.0022909331429531075,0.00312312163570864,0.0021325413440437166,0.002838546609161547,0.0022382283525824846,0.0030238021423600395,0.9209453073317946,0.0007539940727688066,0.0053632907240775025,0.0044458273406281085,0.011800178114442122,0.0009692641478147222,11,duffing,{},50000,11.945148041471839,0.5917838791420774,0.5841400484624879,0.001898884082503015,0.26975620157784563,0.048828125,physics,129
0.0007821743012357945,1.4587826395351204,0.9336813647558722,0.6585522874794363,2500,7.934301720524672e-06,0.002737142903735948,1.0178374444038798,-0.17155910908052538,0.38423664467612684,0.729242069052313,0.6960457043988385,4,0.8968460836088258,0.03327503620985623,all_physics_factorial,0.0007821743012357944,-0.10405345871182319,0.5268986266459665,1.0341447892240139,1024,all_physics_factorial-duffing-resmlp-physics-s29-5e583d3d5b,0.3721023275183888,0.0006391630335833497,0.2525956761529559,0.2525956761529559,1.2871184892759593,resmlp,0.0021462683747517784,0.0028204739296893992,271299,1024,16,0.0,0.0021732406239834317,0.002875149849493843,0.002111285139234336,0.002762570948846596,0.0022464764434978342,0.0029649221442633175,0.002137238766077516,0.002834138365300833,0.002223605112035319,0.0028876429244570636,1.00434519090037,0.0007541453543593883,0.004857068338995684,0.0042468226333886,0.009395452346023717,0.000864410024075815,29,duffing,{},50000,14.305366424843669,0.5917838791420774,0.5841400484624879,0.001898884082503015,0.2726400113498145,0.0458984375,physics,129
0.00072802149970498,1.472620952527081,0.9316286803807492,0.6389314963164294,2500,7.696757165831514e-06,0.0027304531882922345,1.0283240234194653,-0.09620983131590309,0.35360346480412147,0.7339881861199563,0.6960457043988385,4,0.8992385003714518,0.02414124526142622,all_physics_factorial,0.00072802149970498,-0.029408762338173234,0.48175634361822234,0.965029229331483,1024,all_physics_factorial-duffing-resmlp-physics-s47-3c261353b6,0.34790445729280567,0.0006279195062099575,0.23785862731362234,0.23785862731362234,1.2662480666734384,resmlp,0.0020868170548954926,0.0027774548641175713,271299,1024,16,0.0,0.0020678366917687005,0.0027733064097525393,0.0020886109274339346,0.002702448121560963,0.002247585810516988,0.003063072442041474,0.0021309985059987636,0.0028103081624019422,0.0021882780348936,0.0030032759835002484,1.0829225263169637,0.0007095045787502118,0.0049191935604917785,0.004206613887775714,0.009942412575868817,0.0008713878888891034,47,duffing,{},50000,11.762551952153444,0.5917838791420774,0.5841400484624879,0.001898884082503015,0.2425866490965795,0.076171875,physics,129
0.0006940743261187395,1.500373424763118,0.9361014910025638,0.6688459561190186,2500,0.00010541990923229605,0.009357626106349132,1.0003490593851676,-0.004589711802315053,0.3423972975793408,0.7593667102426293,0.6960457043988385,4,0.9051029251823747,0.0023366868428581645,all_physics_factorial,0.0006940743261187395,0.013764338656033187,0.4508984828554568,0.9167330532649186,1024,all_physics_factorial-duffing-silu-no_physics-s11-4394112c84,0.3334398884626492,0.002223362418798456,0.21356443448529117,0.21356443448529117,1.238083333002574,silu,0.00737406837869088,0.010100310117678512,270092,1024,16,0.0,0.007348539565377286,0.010404058463390741,0.007155232513164818,0.009898020171849367,0.007285170038070882,0.00990276949353859,0.007375374909316142,0.01004562310662778,0.007482589346788126,0.010075265722641768,0.968397645793138,0.0007056874504556076,0.019336716449844374,0.0157752855658626,0.04296159803636917,0.003178644857489887,11,duffing,{},50000,9.61298200301826,0.5917838791420774,0.5841400484624879,0.001898884082503015,0.2327820388327433,0.087890625,no_physics,256
0.0006897861942994177,1.508393569637489,0.936930603253208,0.6893383319326228,2500,0.00010536971967667341,0.00935767408109026,1.0024789416103645,-0.02148319427226254,0.3450948139065936,0.7712751217356358,0.6960457043988385,4,0.9029536560760215,0.011520277519490736,all_physics_factorial,0.0006897861942994178,-0.01375281632215149,0.44743413106598184,0.914430673878356,1024,all_physics_factorial-duffing-silu-no_physics-s29-64e7ed6a8c,0.33101992007511105,0.0022151675267664474,0.20871784528898152,0.20871784528898152,1.2320973183987787,silu,0.007350000486678201,0.010103653473002485,270092,1024,16,0.0,0.007288771579085585,0.01036407670159213,0.007124050164878016,0.009903401420338343,0.007287914077044984,0.009934469847645693,0.007317850269473758,0.010016593389785066,0.007458258878407466,0.010088873845185161,0.973446466643315,0.0007122625275837256,0.019359936768304244,0.015804469998023235,0.04356437913139964,0.0031745674535390775,29,duffing,{},50000,10.361953536048532,0.5917838791420774,0.5841400484624879,0.001898884082503015,0.2316812480218581,0.072265625,no_physics,256
0.0006898272413679188,1.4841288073387626,0.9354312102925998,0.6728317895715613,2375,0.00010467838728800416,0.009321987195720331,0.9976454445054588,0.04097867420707331,0.34043415593999615,0.7552184076722912,0.6960457043988385,4,0.9016054595726457,0.000739183981832487,all_physics_factorial,0.0006898272413679186,0.02171910762820971,0.4507757656348325,0.9204113174512221,1024,all_physics_factorial-duffing-silu-no_physics-s47-34e494dcf3,0.3323072101815191,0.002220765684856849,0.21391566374250917,0.21391566374250917,1.238146385818161,silu,0.007379978010683779,0.010085346262941452,270092,1024,16,0.0,0.007325244969288422,0.01032529398388327,0.007209076579257189,0.009921118205756979,0.0073456080020604594,0.009932147767040368,0.007402575853367222,0.009992163743496704,0.007460493620644,0.010056638336725368,0.973980823444132,0.000698797581115352,0.019321019418090668,0.015820395895414438,0.04308826223222183,0.0031617786209977346,47,duffing,{},50000,13.144387517124414,0.5917838791420774,0.5841400484624879,0.001898884082503015,0.23184016694525802,0.0810546875,no_physics,256
0.0006362349636724616,1.456847017366338,0.9309678160109587,0.6417339491989128,2500,3.651857696240768e-05,0.005683870972479382,0.9831826090733371,0.010381524146480754,0.3068670749458399,0.7423575171720415,0.6960457043988385,4,0.9107189292708218,-0.03327190696302124,all_physics_factorial,0.0006362349636724616,0.025893522906086833,0.4133683135786492,0.8581491499931284,1024,all_physics_factorial-duffing-silu-physics-s11-565c5d1e16,0.3118202913062078,0.0013995240537398104,0.19251817061628615,0.19251817061628615,1.2078252292484764,silu,0.004638368087328655,0.006023128278173967,270092,1024,16,0.0,0.0048454953438768315,0.006486087021114969,0.0045791423096091565,0.005995941354949217,0.004735750310530349,0.006075674763883905,0.00469413275732082,0.006017964317004314,0.004618483237226905,0.005984197701681026,0.9226206312372807,0.0006253530957217583,0.01086453339959576,0.00936175864652532,0.021314326974455983,0.0019081675864365628,11,duffing,{},50000,9.363818446174264,0.5917838791420774,0.5841400484624879,0.001898884082503015,0.19915000380792514,0.1455078125,physics,256
0.0006404354472765007,1.465703004206154,0.9315038243652912,0.6269568968600242,2500,3.620447387220338e-05,0.005533322834607256,0.9630351842928883,0.021830034405426864,0.306522923516833,0.7351045059097275,0.6960457043988385,4,0.9069293708016559,-0.05589088539804019,all_physics_factorial,0.0006404354472765007,0.06943510389099491,0.4169787030994947,0.8677907015853934,1024,all_physics_factorial-duffing-silu-physics-s29-8d533a9999,0.3136825769224669,0.0013962272241314737,0.19003783872646413,0.19003783872646413,1.205626299318391,silu,0.004619254482972277,0.006001931138553889,270092,1024,16,0.0,0.00481580197933979,0.006451053828355452,0.004624966720332734,0.006047326557081708,0.004762548560830608,0.006122167981784151,0.004629641218244253,0.005951863870798397,0.0044934424348870225,0.005827437266453817,0.9033310559027513,0.0006300023795616653,0.010872556985694863,0.009312780337861055,0.021680581891802945,0.0019095842310426886,29,duffing,{},50000,10.324115622788668,0.5917838791420774,0.5841400484624879,0.001898884082503015,0.1975789947373715,0.138671875,physics,256
0.0006272514571257991,1.4568037980597175,0.9331906489008278,0.6426065173270866,2500,3.6477162211667746e-05,0.005613222363943707,0.973439946997322,-0.0356270284576061,0.2986307678933978,0.7317722257056918,0.6960457043988385,4,0.9111273209898181,-0.04760987009155281,all_physics_factorial,0.0006272514571257991,0.04982877431871825,0.408092514860632,0.8547690354469518,1024,all_physics_factorial-duffing-silu-physics-s47-5b2c8118a9,0.30869332354925877,0.0013984224854306036,0.18327816275567704,0.18327816275567704,1.1960180695922271,silu,0.004628828840656438,0.006018315835676651,270092,1024,16,0.0,0.004882955361588149,0.006529840420927993,0.0045230774210672335,0.00594105810926456,0.004747866344918143,0.006099033048460492,0.004662390902027679,0.005998591287013049,0.0045683904576270026,0.0059110991247972935,0.905244040245203,0.0006155082871406242,0.010892241255239014,0.009348509108784125,0.021874384291598624,0.0019084549720021367,47,duffing,{},50000,12.875301601365209,0.5917838791420774,0.5841400484624879,0.001898884082503015,0.1955133439405221,0.13671875,physics,256
0.0006478216377836458,1.533027320038507,0.9335042424079589,0.6792319040125885,2500,2.4402001145062968e-05,0.005126372770746178,1.0692898860814606,0.15166803638339066,0.32854348525099775,0.770222825219577,0.6960457043988385,4,0.9210737926140744,0.012377847614619842,all_physics_factorial,0.0006478216377836457,0.04540527099277591,0.42655641262946964,0.8584369032365391,1024,all_physics_factorial-duffing-swiglu-no_physics-s11-b59cfcd18e,0.3165759850738771,0.0011353444777950812,0.20828403457468203,0.20828403457468203,1.23156295667004,swiglu,0.0037601004151323926,0.005021923581250585,269301,1024,16,0.0,0.0038948168341141334,0.005131883325725206,0.003730843999627295,0.004853693685885034,0.003937503669940536,0.005335500538802077,0.0038530095377190435,0.005128895695734582,0.004234240086887664,0.005707486966629427,1.1121622617604776,0.0006641748330035222,0.008830435352932885,0.007810586031653049,0.017442615759446597,0.0015903614644094007,11,duffing,{},50000,21.176722211763263,0.5917838791420774,0.5841400484624879,0.001898884082503015,0.22418190314884368,0.087890625,no_physics,115
0.0006392514617001026,1.5378229321223902,0.9322867081349553,0.6741837694907374,2500,2.2818829165771604e-05,0.004823472533901995,1.0593851430241246,0.16964800601746735,0.32737273832490954,0.7801002261355108,0.6960457043988385,4,0.9202859058899302,0.02624775364780774,all_physics_factorial,0.0006392514617001026,0.06494729454259353,0.4196547153263379,0.8553231391498898,1024,all_physics_factorial-duffing-swiglu-no_physics-s29-4b56b4c5c9,0.3123151522430711,0.0010981852250866837,0.20238129003122834,0.20238129003122834,1.2240978258871218,swiglu,0.0036322436790108036,0.004834330635012437,269301,1024,16,0.0,0.0036634362672884157,0.004831504623195311,0.0035903674968544618,0.004632470054866546,0.0037207965821978947,0.005098174750153218,0.003650476455637051,0.004838864313638613,0.003947429525469372,0.0053048946735256685,1.0979798400808074,0.0006734044697680872,0.008529620659888753,0.00755069503075034,0.016760214846324038,0.0015359592199745982,29,duffing,{},50000,22.97817262634635,0.5917838791420774,0.5841400484624879,0.001898884082503015,0.213302396016327,0.1005859375,no_physics,115
0.000597372388638433,1.5615508944549195,0.9349310120845116,0.7024671205564694,2500,2.2756023099645972e-05,0.00485967073721684,1.0597223102337072,0.03243860651056539,0.3047824914991568,0.7691447364659033,0.6960457043988385,4,0.9215534690413876,0.018749832361776696,all_physics_factorial,0.0005973723886384332,0.06383605428796223,0.39626155786956757,0.8523615222380729,1024,all_physics_factorial-duffing-swiglu-no_physics-s47-cf055874dc,0.296971638509373,0.001089992608582446,0.17998216395908584,0.17998216395908584,1.1920240045346588,swiglu,0.003607932959627423,0.004810000639088752,269301,1024,16,0.0,0.003702963698250987,0.004914300685190635,0.0035121431397451557,0.004626628824174604,0.003799467093694992,0.005214802986148261,0.0036953039296855382,0.00486229385366264,0.004006062025574003,0.005367813293409673,1.0922842612349117,0.0006186957649344559,0.008391020012106945,0.00740636462441548,0.016555897198757944,0.0015245915734480753,47,duffing,{},50000,24.08053059875965,0.5917838791420774,0.5841400484624879,0.001898884082503015,0.18868775159071371,0.1279296875,no_physics,115
0.0006722728634195903,1.4638704406648007,0.9386455699931285,0.695915897020957,2375,7.277309578057611e-06,0.0023565801721897963,0.9514037557621516,-0.09371508963519104,0.318920450322331,0.6975770806127254,0.6960457043988385,4,0.9062792781233322,-0.016821087547385736,all_physics_factorial,0.0006722728634195904,-0.045472438040912666,0.45718309730331635,0.9172273968804195,1024,all_physics_factorial-duffing-swiglu-physics-s11-9973cf6ba7,0.3308783158523934,0.0005935432975073468,0.21678764777992163,0.21678764777992163,1.242080356293179,swiglu,0.001963395319899493,0.002711864882045644,269301,1024,16,0.0,0.002012662460202731,0.002909261655657917,0.0019148880347615814,0.002620292322126531,0.0020889969730704555,0.002966985477062914,0.0020132135478254684,0.0027199668370206957,0.0019203101230561375,0.002557332375882343,0.879031410223572,0.0006165757117040796,0.004740416481270522,0.003864370353055979,0.010279685220782202,0.0008517866272693342,11,duffing,{},50000,19.618624897673726,0.5917838791420774,0.5841400484624879,0.001898884082503015,0.2266012860081012,0.0498046875,physics,115
0.0006835566673925783,1.4711989676482438,0.9382847292871974,0.6939329156533868,2500,7.074573659338057e-06,0.002345957775601616,0.9404322906889733,-0.09610257553175189,0.3329670024424777,0.723022067047467,0.6960457043988385,4,0.9046063839766934,-0.06667810331878977,all_physics_factorial,0.0006835566673925783,-0.06271355992060652,0.46052121728757434,0.9055803158147575,1024,all_physics_factorial-duffing-swiglu-physics-s29-a6fd54d00d,0.3335335479376859,0.000594171588568841,0.22526384446051023,0.22526384446051023,1.2526531806559518,swiglu,0.0019538723615928153,0.002694269777380369,269301,1024,16,0.0,0.0020384062422508314,0.002885984439426452,0.0019582876050003996,0.0026653452898326912,0.002127993785193385,0.003029768554191283,0.0019615585749095843,0.0026832008770316315,0.0019124431583881663,0.0025613955766452773,0.8875292401626108,0.0006480253037052094,0.0047726156618179754,0.00389518515547373,0.010794850608834358,0.0008577528052715952,29,duffing,{},50000,16.780167432501912,0.5917838791420774,0.5841400484624879,0.001898884082503015,0.23074606519443416,0.0576171875,physics,115
0.0007048944470094041,1.4462950796432954,0.9372775589363089,0.6706178250840426,2500,7.348238341364777e-06,0.002479788996162274,0.9900446543647389,-0.06639550918638826,0.3375090657307689,0.7092939789472342,0.6960457043988385,4,0.9045214809005048,0.009110321597167584,all_physics_factorial,0.0007048944470094042,-0.06794237491953364,0.4758380526953223,0.9186018012990123,1024,all_physics_factorial-duffing-swiglu-physics-s47-0570c8f9d2,0.3419969140568655,0.0005955827286671706,0.23471333586241486,0.23471333586241486,1.2645462249138313,swiglu,0.00199347588042375,0.00274162504203392,269301,1024,16,0.0,0.0019922840338378804,0.0027979902001081854,0.001976976886335666,0.002734792113556432,0.0021170067308517748,0.0030278636735819498,0.001977851183927339,0.00265547400597527,0.002018917269458174,0.0027027699523585053,0.9659683412236403,0.0006547687735165629,0.004688506402359811,0.0038616452456260793,0.010128229145971283,0.0008456456144260306,47,duffing,{},50000,19.904701249673963,0.5917838791420774,0.5841400484624879,0.001898884082503015,0.24547570117977513,0.0478515625,physics,115
0.06393703771550832,1.0694119278241592,0.8099969573728381,0.059384097167584575,2375,0.00017916546494234353,0.013189508677624672,1.03401068533355,0.3661043863436921,9045.583475497082,0.7331780939206967,0.0030805276267455483,4,0.48035397545832825,0.060915852317430796,all_physics_factorial,0.06393703771550831,0.2081933740433445,12337.498283841918,12338.435410930335,1024,all_physics_factorial-ieee118-fourier-no_physics-s11-e62b344126,9.104509760911473,0.0003864745832011184,9.00273949448005,9.00273949448005,8125.312732658049,fourier,0.010532029706609552,0.013678188568140041,298617,1024,16,0.0,0.010145003780178963,0.013356707200652284,0.010465627865252524,0.01349735985611589,0.00989495728309476,0.012608865828182447,0.011101563856438696,0.014743152706225246,0.010884722919214749,0.014089590946949738,1.0548700915044138,0.06699043354063645,0.02210939023540037,0.02154432365983388,0.030140071469428174,0.0005753345915468365,11,ieee118,{},10000,12.33976860716939,0.002383570907053797,0.0021085492665156432,5.540507424052206e-06,9.188274499816288,0.0,no_physics,128
0.06775348098116625,1.021655216721044,0.8057299179735715,0.03485993267648952,2500,0.00019279257685411721,0.013207395751456652,1.0155295165766094,0.31036063016255516,9311.029915479347,0.7088391713048353,0.0030805276267455483,4,0.4823615564673179,0.00984277769830484,all_physics_factorial,0.06775348098116625,0.2398131951398326,13135.602958199317,13136.54304116199,1024,all_physics_factorial-ieee118-fourier-no_physics-s29-9d41828032,9.156345933893368,0.00040261598058257027,9.057696815779302,9.057696815779302,8584.359852829788,fourier,0.010957678606926256,0.014495603973791849,298617,1024,16,0.0,0.011100562725787973,0.014664040864420524,0.0105167875563925,0.014085762871299683,0.010082094411424882,0.012871173990987311,0.011225640823778835,0.015303842759610248,0.011019900141798924,0.01464462172712163,0.998675730824918,0.0684751710508462,0.020236592091595958,0.019758854851066383,0.028109128555318764,0.0006156603332980973,29,ieee118,{},10000,11.827450826764107,0.002383570907053797,0.0021085492665156432,5.540507424052206e-06,9.235946809814092,0.0,no_physics,128
0.06689986457816904,1.0567411794952561,0.8122362463524618,0.08050749678134611,2500,0.00019310973584651947,0.013823712882491478,1.038114649563596,0.16473513393043696,9351.113921285449,0.7215704102537002,0.0030805276267455483,4,0.4799262009776498,0.103283026965167,all_physics_factorial,0.06689986457816904,0.1606626403690723,12959.392165204847,12960.33969101952,1024,all_physics_factorial-ieee118-fourier-no_physics-s47-bed09b508c,9.150680788128359,0.0004034820933669112,9.04279183602234,9.04279183602234,8457.362216715275,fourier,0.011023539004136149,0.014548924647267895,298617,1024,16,0.0,0.0101815007783497,0.01303840686007411,0.010715668165332903,0.013758584818338877,0.010816682897732265,0.01390179860723652,0.011736454206225539,0.018041630086492157,0.011464912807167962,0.014706539850624954,1.1279399399369074,0.06873193209387976,0.022253582168000767,0.021450393764134077,0.03134258212343326,0.0006105535874557319,47,ieee118,{},10000,13.289434481412172,0.002383570907053797,0.0021085492665156432,5.540507424052206e-06,9.231302106204478,0.0,no_physics,128
0.010117353011913705,1.017497348968125,0.8252199145746882,0.034130974626278524,2500,5.0742837629513815e-06,0.002319705753857782,1.0268342913891175,0.011917928431140392,1411.4154181673694,0.7130254289808202,0.0030805276267455483,4,0.5064977925566877,0.11315941053930331,all_physics_factorial,0.010117353011913703,0.02052897682569201,1979.4741685227264,1980.4188730621358,1024,all_physics_factorial-ieee118-fourier-physics-s11-24cec447b1,7.3192576210912055,6.621992409939081e-05,7.170505371788613,7.170505371788613,1300.5018761168149,fourier,0.001792789769456517,0.0022655887899768624,298617,1024,16,0.0,0.0017773636834886412,0.0022364315588970438,0.0017937959520136061,0.002260085619130346,0.0017833660764363434,0.0022427410553471296,0.001806737704233278,0.0022780832912895213,0.0018279689899053076,0.0023369484011856903,1.0449451904256883,0.010299675964933832,0.006296798404983037,0.006177596237262181,0.008607374296163798,9.774590049655694e-05,11,ieee118,{},10000,15.488172687590122,0.002383570907053797,0.0021085492665156432,5.540507424052206e-06,7.418762501895593,0.0,physics,128
0.009975733348577275,1.0033778202699906,0.8209904180334691,0.028263200951291034,2500,4.565388735500164e-06,0.002170612526801056,1.0162684575706502,0.09004192726107729,1368.2537732941357,0.700565869308686,0.0030805276267455483,4,0.5088555384421329,0.0571881482011301,all_physics_factorial,0.009975733348577277,0.11837853604892352,1953.0694160769206,1954.0163666286921,1024,all_physics_factorial-ieee118-fourier-physics-s29-eed5143f94,7.304902473077704,6.284306725715824e-05,7.174022594622443,7.174022594622443,1305.0842475014542,fourier,0.0016973114467087457,0.0021443293496911206,298617,1024,16,0.0,0.0016949125704051572,0.002129516578396292,0.0016884527926194668,0.002122591444431878,0.001716450948424868,0.0021647563317262427,0.0017057578026148097,0.0021464141430901553,0.0017073845952411547,0.002190524932928394,1.0286489220844885,0.00995997006167385,0.006029896532658425,0.005870550053650312,0.008230139341784872,9.286466303511303e-05,29,ieee118,{},10000,12.180749980732799,0.002383570907053797,0.0021085492665156432,5.540507424052206e-06,7.40289464670554,0.0,physics,128
0.010067618597291434,0.9929124011262558,0.8213433663721381,-0.026490572026321435,2500,5.117234195495257e-06,0.0023110534286149027,1.0258165894067812,0.06667688150325249,1369.2748120944732,0.6946544779310082,0.0030805276267455483,4,0.5086401455964673,0.09746330958085973,all_physics_factorial,0.010067618597291434,0.049116915367284165,1971.1595557157943,1972.106892971693,1024,all_physics_factorial-ieee118-fourier-physics-s47-ce5f62e6e1,7.313940004677727,6.548157904193368e-05,7.186112942133317,7.186112942133317,1320.9585775895548,fourier,0.0017868280036633605,0.00225741731841616,298617,1024,16,0.0,0.0017779496065917042,0.0022340234481347584,0.0017811377599112974,0.002247043206827883,0.0017702766192925982,0.0022263845189308532,0.0018127017587207498,0.0022890984456665794,0.001819721245713143,0.0023296111050479583,1.0427872218588432,0.00999286342188752,0.0061758419845653985,0.006023654957452643,0.008401552267411414,9.613014606550237e-05,47,ieee118,{},10000,13.196679767221212,0.002383570907053797,0.0021085492665156432,5.540507424052206e-06,7.417405011369688,0.0,physics,128
0.005308410656703821,1.0595667318397506,0.8027223122164716,0.055223484103426076,3625,4.136368079343811e-05,0.00593784672698845,0.9929905639766828,-0.1232647546349821,768.2700197764902,0.738142898765344,0.0030805276267455483,4,0.5007863079376493,-0.07443843430369787,all_physics_factorial,0.005308410656703821,-0.04374235569701738,1040.8147542454699,1041.7519039755107,1024,all_physics_factorial-ieee118-ganr-no_physics-s11-f0aa236918,6.638369559238477,0.00018141234726707473,6.490518376756725,6.490518376756725,658.8649542519763,ganr,0.004950268323531275,0.0066016178238136655,317593,1024,16,0.0,0.0052963749681757665,0.006809517112104266,0.004852954504523723,0.00641082656063178,0.004882776855039964,0.006481619275499528,0.0050540334947978315,0.006814310912866925,0.004954402078223441,0.006775496148763519,0.9950039095605951,0.0055240107140992565,0.010265195909402305,0.00982501720223611,0.01515014354266047,0.0002757700900424009,11,ieee118,{},10000,23.364188358187675,0.002383570907053797,0.0021085492665156432,5.540507424052206e-06,6.713984775390095,0.0,no_physics,256
0.005330021889757019,1.0538174602168167,0.8001042005172864,0.03204806970173807,3750,3.984484646935016e-05,0.00580589064426506,0.9865004489650987,-0.12671644077948488,765.7383740044522,0.7314006824039636,0.0030805276267455483,4,0.49864120912865306,-0.0704079196767041,all_physics_factorial,0.005330021889757019,-0.023614660074386666,1046.9478528344105,1047.8841827203091,1024,all_physics_factorial-ieee118-ganr-no_physics-s29-0616458030,6.64150431119557,0.00017889398823650544,6.49551388461749,6.49551388461749,662.1644920211097,ganr,0.0048727610539511705,0.006554802113983483,317593,1024,16,0.0,0.005122357602597833,0.00659003331187559,0.004757892680483585,0.006296837454792972,0.004788348127619421,0.006329539720090183,0.005104726805084243,0.007340412752331689,0.004819691007170636,0.006617947088994564,1.0042357566036384,0.005521018434416767,0.010179424009399413,0.009778343374036345,0.015126843682540877,0.00027484300233525757,29,ieee118,{},10000,23.984139621257782,0.002383570907053797,0.0021085492665156432,5.540507424052206e-06,6.719690180546539,0.0,no_physics,256
0.005344827220657164,1.0474350588833965,0.7992936511685111,0.039502337994420995,3750,4.10947177442722e-05,0.005924617562090719,0.9969082934313788,-0.16225850036912703,764.604597684743,0.7292513829823081,0.0030805276267455483,4,0.49806190568655817,-0.07044248667834918,all_physics_factorial,0.005344827220657164,-0.05283439355196337,1048.4787763553581,1049.4142396285922,1024,all_physics_factorial-ieee118-ganr-no_physics-s47-3ef5a65e02,6.642557539979149,0.00018099553683061117,6.499657298038693,6.499657298038693,664.9137907664384,ganr,0.004939250411429737,0.006613280720069414,317593,1024,16,0.0,0.005235029315920457,0.006736973270263635,0.004845193988564876,0.006371764695727285,0.0048338054230510795,0.006404926678354772,0.005055740175605089,0.006991307445482163,0.004942814152970794,0.006839918199915901,1.015280590485145,0.0055155194055000354,0.01010725345595638,0.009679156878526319,0.015089425999499022,0.0002762822156157528,47,ieee118,{},10000,31.161624670028687,0.002383570907053797,0.0021085492665156432,5.540507424052206e-06,6.723412849722996,0.0,no_physics,256
3.921803523056052e-06,2.5847001055073173,0.8764442374482002,0.7110193968600242,2500,2.1886461354370113e-07,0.0005682458403371298,1.3049093503790292,0.07828557897229457,0.6250675151765465,0.9982545501326128,0.0030805276267455483,4,0.6776335704756506,0.19706521350404116,all_physics_factorial,3.921803523056051e-06,-0.017671147450110863,0.626160446845456,1.1905382264846676,1024,all_physics_factorial-ieee118-ganr-physics-s11-b49a86d61c,0.5141100736659354,1.1817978194645765e-05,0.2229356183860941,0.2229356183860941,0.9553921819830973,ganr,0.00025974206461686967,0.00048342883727740604,317593,1024,16,0.0,0.0002480264200663087,0.0004039152941261277,0.0002435923129523553,0.0003992071925094796,0.00025074995981291267,0.00042076776436196115,0.00025716558170003917,0.0004704553243238915,0.0002845159471371111,0.0006301566642148333,1.5601208307256096,5.789536529643894e-06,0.0006056004265113463,0.0006048457187777302,0.0006327138324731622,4.877292765077046e-05,11,ieee118,{},10000,15.70158058218658,0.002383570907053797,0.0021085492665156432,5.540507424052206e-06,0.11925672383853154,0.5615234375,physics,256
4.170552820638673e-06,2.524838822085693,0.8712275338411404,0.6865994921679421,2375,3.0899275316187413e-07,0.0007882890303697815,1.4899678605283109,0.18288364836817983,0.6814352789395399,1.0175412405567752,0.0030805276267455483,4,0.6675380100765074,0.49876707674701376,all_physics_factorial,4.170552820638674e-06,-0.012469746888634574,0.6696881185539705,1.2408278598816804,1024,all_physics_factorial-ieee118-ganr-physics-s29-c05351f2b9,0.5325477330082813,1.2843850650795457e-05,0.21453383409447646,0.21453383409447646,0.9878074860420549,ganr,0.0002787397421389518,0.000584727200685125,317593,1024,16,0.0,0.00026591043272368556,0.00044319475867656016,0.00026630570377606086,0.0004499322544923559,0.00026165387896859597,0.0004786213589759809,0.00029424605140928624,0.0006082541099108839,0.00030015198194172055,0.0008493495087672018,1.9164249850415085,6.393652245445521e-06,0.0007076058587752041,0.000708101397548767,0.0007518406542702044,6.130058073414976e-05,29,ieee118,{},10000,16.653530096635222,0.002383570907053797,0.0021085492665156432,5.540507424052206e-06,0.15233326267364508,0.521484375,physics,256
4.065296709185766e-06,2.460136850950018,0.8707667121016018,0.6529796911880408,2375,2.854755507541995e-07,0.0007410710118473255,1.4539136011482923,0.1669582538201167,0.6461269169195323,0.9879022585572578,0.0030805276267455483,4,0.6786538101533716,0.49607173351333955,all_physics_factorial,4.065296709185766e-06,-0.0028790859022959727,0.6540393154512497,1.2093424855051338,1024,all_physics_factorial-ieee118-ganr-physics-s47-ad5aa0c7d0,0.5241925054805041,1.3401374256561298e-05,0.2237188063919715,0.2237188063919715,0.9875574002754137,ganr,0.0002955356692383485,0.0005625473346331139,317593,1024,16,0.0,0.0002866473558143658,0.0004289712215710474,0.00028596933724467187,0.0004414882018238931,0.0002748973771963709,0.0004614573579716611,0.00031294362435016655,0.0005945623084570582,0.0003159810442479154,0.0007966795328667682,1.8571864330409864,6.164281113102696e-06,0.0006421457170887748,0.0006418156172829535,0.0006990690068101019,5.704999918094266e-05,47,ieee118,{},10000,16.04971008747816,0.002383570907053797,0.0021085492665156432,5.540507424052206e-06,0.1420051432954238,0.5185546875,physics,256
0.005343455950334381,1.0649300006943323,0.8017720512695591,0.057433905836492376,2500,0.0001007563914754428,0.009080220287689515,0.9994655061326975,-0.06388544525079745,773.0243590777233,0.7380881820269002,0.0030805276267455483,4,0.49721250778155124,-0.030346228810528578,all_physics_factorial,0.005343455950334381,-0.034744262302410414,1047.3333375354732,1048.2679149272606,1024,all_physics_factorial-ieee118-gelu-no_physics-s11-f6d6e3ed93,6.642957365833766,0.00028470238293881717,6.48944237663912,6.48944237663912,658.1565389081313,gelu,0.007788547243109632,0.010107738252112766,300153,1024,16,0.0,0.00802962177809816,0.01023340465230359,0.00743429297487846,0.009687829508954651,0.007670926856001852,0.009884143755181336,0.007817898396367094,0.01003356721903566,0.0076822413491644285,0.010141653140725007,0.9910341167288905,0.005564916732964147,0.016159967101862637,0.015590965669189317,0.023300773144230732,0.000407602545641463,11,ieee118,{},10000,9.428556855767965,0.002383570907053797,0.0021085492665156432,5.540507424052206e-06,6.725033517247247,0.0,no_physics,256
0.005384015379436027,1.0404306880655299,0.7986484034965307,0.027253929439954222,2375,0.00010446670057717711,0.009288023390788347,1.0007391164624444,-0.028436712122689473,763.1237483691126,0.7219563071015913,0.0030805276267455483,4,0.504882223875388,-0.03784207138259065,all_physics_factorial,0.005384015379436026,-0.038603048333452544,1057.0220674888133,1057.962252912379,1024,all_physics_factorial-ieee118-gelu-no_physics-s29-66e4dabbe3,6.650505736202492,0.0002901765906389394,6.505015666586692,6.505015666586692,668.4861775423899,gelu,0.007940370338006571,0.010277969946063573,300153,1024,16,0.0,0.008258586171172758,0.010475481572411438,0.007591000839475246,0.009875013115307004,0.007850630123944474,0.01006954724539325,0.007962497599430686,0.010198855998748146,0.007870785323987673,0.010379882403515533,0.9908740072487285,0.005527130678461838,0.016342302310610023,0.01572433275187042,0.02375098746248052,0.000414250954962971,29,ieee118,{},10000,12.777034612372518,0.002383570907053797,0.0021085492665156432,5.540507424052206e-06,6.732848011526726,0.0,no_physics,256
0.0053297843787151085,1.064982375220843,0.803138238521321,0.06221083524068378,2375,0.00010073687008116394,0.009168004684436461,1.0047768430900836,-0.04381468429190288,770.8039187863164,0.7383264836709869,0.0030805276267455483,4,0.5015965355916795,-0.020695329822616407,all_physics_factorial,0.0053297843787151085,-0.03559938487947929,1043.9879048545713,1044.929226726997,1024,all_physics_factorial-ieee118-gelu-no_physics-s47-df75e98269,6.6421801895222465,0.0002860630500375585,6.485711330224393,6.485711330224393,655.7052684821009,gelu,0.007819646666776106,0.010163409184500208,300153,1024,16,0.0,0.008080666147776264,0.01031228449495494,0.007465572553312209,0.009764672695161387,0.00768332825348377,0.009888517111460033,0.007815040901840173,0.010012196838135864,0.00777484014049257,0.010261304638820683,0.9950563954903302,0.005564706705045593,0.01617433234182654,0.015630919157653737,0.02313965550218912,0.0004109129261613381,47,ieee118,{},10000,9.5467150490731,0.002383570907053797,0.0021085492665156432,5.540507424052206e-06,6.71962987113896,0.0,no_physics,256
0.002882557213948583,1.0053913452997256,0.8263564302123672,-0.0004689288141048565,2500,8.798226190265268e-06,0.002985937046591952,1.013766958711694,0.006876906576033207,401.8042378789435,0.7059504007262584,0.0030805276267455483,4,0.5452786695463367,0.00041151831056433725,all_physics_factorial,0.002882557213948583,0.02165116944424576,569.1678019667963,570.1120540746498,1024,all_physics_factorial-ieee118-gelu-physics-s11-ab44f347a7,6.1015420137669345,8.578303382601434e-05,5.929706523499986,5.929706523499986,376.0441388622743,gelu,0.0023362933071489093,0.0029566453809979493,300153,1024,16,0.0,0.0023602053436870937,0.0029841203228282,0.0023753074324859803,0.0030116559451293153,0.002313267993199605,0.0029324738291443093,0.0023298440492825695,0.002936391270716728,0.0023741245378361,0.0030141975476924523,1.0100790925332885,0.002886531101753714,0.008224238811820642,0.007950108393637433,0.011647110709913849,0.00012131798583275078,11,ieee118,{},10000,9.733021164312959,0.002383570907053797,0.0021085492665156432,5.540507424052206e-06,6.203954569865148,0.0,physics,256
0.0028805729088348937,1.0008342640758965,0.8256207728965658,0.005146459927759101,2500,8.875573257682845e-06,0.0030028818884222795,1.0152201180323686,0.0037943474808820044,399.4668720115787,0.7020184107741605,0.0030805276267455483,4,0.5462717076305621,0.0034278887418639583,all_physics_factorial,0.0028805729088348937,0.016364496906515986,569.0262048413533,569.9708859141444,1024,all_physics_factorial-ieee118-gelu-physics-s29-abb1af23d8,6.100711923245772,8.606058957238967e-05,5.942635804026402,5.942635804026402,380.93775422867935,gelu,0.0023457120487469078,0.002969008500043717,300153,1024,16,0.0,0.00236839396319508,0.0029989017377643605,0.0023875588223952254,0.0030273403410215624,0.002317050795431955,0.002938232042606882,0.002337302331764483,0.002946053785708965,0.002388796583691742,0.0030301044906969857,1.0104047266836713,0.002873305294182096,0.008280274113778059,0.007984838222363691,0.011681924390115613,0.00012161776333993325,29,ieee118,{},10000,9.618430364876986,0.002383570907053797,0.0021085492665156432,5.540507424052206e-06,6.203644564165437,0.0,physics,256
0.002893029091256883,1.0065170743290066,0.8274693421324741,0.03799268873828767,2500,8.891897778084967e-06,0.002999343480135351,1.012144460876252,0.007772562020308951,403.3096018865869,0.7056178893169044,0.0030805276267455483,4,0.5439371120985428,-0.0018361861633645659,all_physics_factorial,0.002893029091256883,0.013524805986696229,571.5694117067006,572.515692049262,1024,all_physics_factorial-ieee118-gelu-physics-s47-61f11ae7a8,6.105089809598063,8.62251336585674e-05,5.9302488136122165,5.9302488136122165,376.2482140577411,gelu,0.0023494869252723284,0.0029729518805952987,300153,1024,16,0.0,0.0023738931210683643,0.003004961523810501,0.0023893815400253173,0.0030302137028308694,0.0023312637678466084,0.0029537037640371888,0.002345771274446887,0.0029556959516981933,0.002386221989935933,0.0030276171891939914,1.0075394194581104,0.0028931566422611093,0.008321017149280064,0.008020251181549337,0.01178972377503458,0.0001219047851074656,47,ieee118,{},10000,12.867220588028431,0.002383570907053797,0.0021085492665156432,5.540507424052206e-06,6.211751573892929,0.0,physics,256
0.005822296430266666,1.0411851495436364,0.8045712520748645,0.02543217133967527,2500,0.00010596025822451338,0.009702789766879704,1.023752977618965,0.06186847933584989,820.5791111071376,0.7189335895574321,0.0030805276267455483,4,0.49676029974986013,0.014183847721908303,all_physics_factorial,0.005822296430266665,-0.02022555164151348,1141.383742568319,1142.3258256891595,1024,all_physics_factorial-ieee118-relu-no_physics-s11-f11307689d,6.735240511091354,0.00029194003397226015,6.597153633918104,6.597153633918104,733.0058142395671,relu,0.007977667755780293,0.010204744792965301,300153,1024,16,0.0,0.00802328910627923,0.01018687336249849,0.0075967090754655055,0.009801690910543857,0.007721831388579451,0.00982541931000215,0.00799795867267086,0.010151077586991238,0.008024153843981401,0.01035933885328095,1.016930169311554,0.005948519521238814,0.019565989881927506,0.019044506395655792,0.02713801624950184,0.00041283530608840664,11,ieee118,{},10000,12.745252495631576,0.002383570907053797,0.0021085492665156432,5.540507424052206e-06,6.817940727822569,0.0,no_physics,256
0.005875230444048229,1.0544631609828938,0.8052208782221018,0.040456870037908585,2375,0.00010823412594618276,0.009837401073183576,1.0229106151243548,0.022607290607457756,848.4931857423468,0.7363881179811215,0.0030805276267455483,4,0.4955889392417408,0.016800926257063156,all_physics_factorial,0.005875230444048229,-0.03413787014519705,1152.2363886975418,1153.1700694800465,1024,all_physics_factorial-ieee118-relu-no_physics-s29-4e61835780,6.7427423521866,0.0002954165337673269,6.58727251792145,6.58727251792145,725.7992474105442,relu,0.00807355939469289,0.010300068499690174,300153,1024,16,0.0,0.008103913143957168,0.010277686030411947,0.00781587525777307,0.010089144378586228,0.007813562738779593,0.009899836534815796,0.008096161647777763,0.01026860265555738,0.008140209603798493,0.010440234429351804,1.0158156610796314,0.006093555167456938,0.019737317936802952,0.019245360243080822,0.02715884784775383,0.0004165174287266332,29,ieee118,{},10000,9.53366863541305,0.002383570907053797,0.0021085492665156432,5.540507424052206e-06,6.820256491449721,0.0,no_physics,256
0.00587571841903608,1.0544417382998572,0.8037786739062264,0.0365258431085044,2375,0.0001055460306815803,0.00980082410658241,1.0279123538084434,0.03394854508225265,836.6585462604974,0.7271501890917981,0.0030805276267455483,4,0.502853009686272,0.02351960920177383,all_physics_factorial,0.00587571841903608,-0.03077007411844646,1150.5993655938867,1151.5388899423135,1024,all_physics_factorial-ieee118-relu-no_physics-s47-33a7902980,6.742807917439681,0.0002933593087230168,6.591524104489814,6.591524104489814,728.8912380703462,relu,0.008016354119395813,0.01025165457720305,300153,1024,16,0.0,0.008047253245677542,0.01019725359160894,0.0076845952645190055,0.009928422969003198,0.007753869067242683,0.00984302761782295,0.008007019761706492,0.010131580811899578,0.008120804766017443,0.010500482425897687,1.029736323762534,0.0060726780166836,0.019558473239193894,0.01912935825249787,0.02701113359266849,0.0004155747557610659,47,ieee118,{},10000,9.538802728056908,0.002383570907053797,0.0021085492665156432,5.540507424052206e-06,6.821886873676096,0.0,no_physics,256
0.0030409979096672163,1.0098998789549267,0.8270894238016927,0.05542068253343822,2500,1.146827889897395e-05,0.003428999100801063,1.0154659530582026,0.0024320597289353815,423.91581753309157,0.7061164415886613,0.0030805276267455483,4,0.5460629706646032,0.047959071686574636,all_physics_factorial,0.003040997909667216,-0.010302229364852299,600.3483173105861,601.2969979653931,1024,all_physics_factorial-ieee118-relu-physics-s11-1c5ac2bdee,6.154801446460837,9.82675233705979e-05,5.99072944656295,5.99072944656295,399.70609589170067,relu,0.0026848366843367256,0.003378094822468794,300153,1024,16,0.0,0.002684516991081283,0.0033812708647138366,0.0026946878180627966,0.003388963842312261,0.002684128695084872,0.00337600255287195,0.0026942816963811955,0.0033849701904630765,0.002737780798952512,0.00344957148726429,1.0201996897862349,0.0030410679641453197,0.009377319237849083,0.009121469602274394,0.01282079512963941,0.0001373442538364866,11,ieee118,{},10000,9.65861183591187,0.002383570907053797,0.0021085492665156432,5.540507424052206e-06,6.258965150022524,0.0,physics,256
0.0030494325829578503,1.011990973483827,0.8275819667934468,0.05508546196623989,2500,1.1624046237557195e-05,0.0034505199466231457,1.015124642499146,-0.01890626958810993,428.434708169531,0.7112405242350601,0.0030805276267455483,4,0.5460075945176943,0.04856384334096273,all_physics_factorial,0.0030494325829578503,0.009512239825477433,602.3766835140798,603.3223291766425,1024,all_physics_factorial-ieee118-relu-physics-s29-177e43f31e,6.1575315275166425,9.890255458699708e-05,5.988897118320497,5.988897118320497,398.9746016331875,relu,0.002702948349758253,0.0034013905849413343,300153,1024,16,0.0,0.002696602238331961,0.0034010119463036923,0.0027170038524396076,0.0034204569114071027,0.0026907248922906813,0.0033884819019795046,0.002720251574043571,0.0034141049657687318,0.002752810209665522,0.003470956438978176,1.0205657885884527,0.0030709666377299978,0.00946228132296036,0.009222789986210376,0.01302412417596348,0.00013827060131684876,29,ieee118,{},10000,13.74906943924725,0.002383570907053797,0.0021085492665156432,5.540507424052206e-06,6.256442558962918,0.0,physics,256
0.003040727672345434,1.0034952173566711,0.8255844446791207,-0.0063498565016808515,2500,1.1687425285344943e-05,0.0034699979957860502,1.0174878067153332,0.014330487108411916,423.4189153161974,0.7044659715624038,0.0030805276267455483,4,0.5432865856523168,0.05710510022530577,all_physics_factorial,0.0030407276723454337,-0.011250905246405835,601.0494933873321,601.9952064548551,1024,all_physics_factorial-ieee118-relu-physics-s47-d0350a3709,6.1547169135367525,9.922088961689935e-05,5.9952516445734645,5.9952516445734645,401.5179552561093,relu,0.0027092913510498974,0.0034085948511863623,300153,1024,16,0.0,0.00270990234381468,0.0034141462603236483,0.002718867473268823,0.003419074309705618,0.0027040356215683003,0.003404780273148799,0.002728182164162988,0.0034220514219617574,0.002773018367331502,0.0034903631740965946,1.0223238572578672,0.0030414687546253,0.009490252655759498,0.00928219538024743,0.01308954859725935,0.00013878733459013216,47,ieee118,{},10000,11.948620811104774,0.002383570907053797,0.0021085492665156432,5.540507424052206e-06,6.256980992051762,0.0,physics,256
0.0054806689680240465,1.0544061210966436,0.7999459771197115,0.02890646234174952,2500,5.311138374963775e-05,0.006880654839666553,1.005909959761798,-0.18862670808318588,787.5560125362568,0.7327997503045868,0.0030805276267455483,4,0.5006447367785236,0.017382228560188822,all_physics_factorial,0.0054806689680240465,-0.11211328097060297,1074.721999030309,1075.6595915748678,1024,all_physics_factorial-ieee118-resmlp-no_physics-s11-f9d275762d,6.671270710560318,0.00019806602592341687,6.509394566141632,6.509394566141632,671.41981791178,resmlp,0.005403209854940061,0.007368813026122906,299497,1024,16,0.0,0.005583150090488957,0.00760098942488527,0.005372376942119867,0.007238755665296283,0.005172886278628467,0.006960078073788741,0.005620932010674811,0.007967593022651214,0.005371971855928885,0.007336204819562257,0.9651644555041583,0.005700751253557654,0.013273515860595893,0.012603412064222948,0.02097626178226733,0.00032582147199506956,11,ieee118,{},10000,11.679781623184681,0.002383570907053797,0.0021085492665156432,5.540507424052206e-06,6.750198089077122,0.0,no_physics,132
0.005494800592389838,1.043839263227906,0.8017160569776824,0.04539774962449038,2375,5.3943331295158714e-05,0.0069058227293624505,0.9761662096412204,-0.19387945564207212,779.5349627525744,0.7234404299517739,0.0030805276267455483,4,0.49888268549535175,-0.040382751591445526,all_physics_factorial,0.005494800592389838,-0.127847994599814,1077.538564999111,1078.4779781829775,1024,all_physics_factorial-ieee118-resmlp-no_physics-s29-2e977e9895,6.673208604865442,0.00020558799615411741,6.534094854019257,6.534094854019257,688.2106630111201,resmlp,0.0055497505825356595,0.007514999030756344,299497,1024,16,0.0,0.005796280377185811,0.007738276305685401,0.005681882063031774,0.007512395187164592,0.005355520826927274,0.007122206681831234,0.005963129461003584,0.008687275775485765,0.005385220165650051,0.007281614531085677,0.9409866284738102,0.0056768394176970665,0.014362627716488975,0.013456005243080507,0.022706566059082674,0.00034543576997059065,29,ieee118,{},10000,13.263560386374593,0.002383570907053797,0.0021085492665156432,5.540507424052206e-06,6.754439448725156,0.0,no_physics,132
0.0054880889377228355,1.0387152011012772,0.8022222508879535,0.03342387660038624,2250,5.245029024081305e-05,0.006527251389818118,0.9522062511763381,-0.14473262665236586,781.8121588264657,0.7244484281945522,0.0030805276267455483,4,0.4985603480463725,-0.042032144070524274,all_physics_factorial,0.0054880889377228355,-0.11107432631785993,1079.1826283271448,1080.1202416108633,1024,all_physics_factorial-ieee118-resmlp-no_physics-s47-53d6979f4f,6.672426860855716,0.00020048274904711745,6.512175434527984,6.512175434527984,673.2895981538891,resmlp,0.0054240127490666696,0.007359769065619687,299497,1024,16,0.0,0.005577702630028565,0.007569685508854451,0.0055967486308107816,0.007482279484506955,0.0053014785410452755,0.007166657379785803,0.005706444841816523,0.008082478729045118,0.005095610517495485,0.006849647780493848,0.90487877897723,0.005664246648872106,0.01365756681315715,0.013027151623801126,0.021369886923223124,0.00033619121633032557,47,ieee118,{},10000,15.349660923704505,0.002383570907053797,0.0021085492665156432,5.540507424052206e-06,6.743444372180944,0.0,no_physics,132
0.002850011870520177,0.988833998239277,0.8232588805293886,-0.0684395675380874,2500,1.7657224589129328e-06,0.001301204695122897,1.0197171974786063,-0.1364126422532072,392.9705377997477,0.6972805132821995,0.0030805276267455483,4,0.5455314193528487,0.048065857234818675,all_physics_factorial,0.002850011870520177,-0.06907357529861956,563.575964499537,564.5211092936567,1024,all_physics_factorial-ieee118-resmlp-physics-s11-db194541aa,6.089309931009275,3.77838615570551e-05,5.929808313229417,5.929808313229417,376.08242257890174,resmlp,0.0010072229224041289,0.0013232020927116065,299497,1024,16,0.0,0.0010236780354154007,0.0013441798699772892,0.0010145663348058423,0.0013183100456431542,0.0009896570604534486,0.0012946920056850293,0.0010209346131495318,0.0013333533947539002,0.0010143154209564704,0.0013475907854686672,1.0025375439459867,0.002825936642127646,0.0034530232808313572,0.0032487382085059553,0.005629368264206748,6.129043911215639e-05,11,ieee118,{},10000,11.55085777118802,0.002383570907053797,0.0021085492665156432,5.540507424052206e-06,6.1897402426696,0.0,physics,132
0.0029081632865771818,0.9975086470431618,0.827205003298802,0.02590517935054717,2500,1.7914376257976983e-06,0.0013245125644325794,1.0076239884225269,-0.08858213425081139,406.2562000649524,0.7067375169465293,0.0030805276267455483,4,0.5466694112570176,-0.011113665420928402,all_physics_factorial,0.002908163286577182,-0.00675411048923539,574.8332164679592,575.7806516509077,1024,all_physics_factorial-ieee118-resmlp-physics-s29-a05a322ee7,6.110188037992744,3.871240962661642e-05,5.942728685224098,5.942728685224098,380.97320658405727,resmlp,0.0010268098737108286,0.0013474253448435534,299497,1024,16,0.0,0.0010648375271333724,0.0013872193484481435,0.0010542478621527395,0.0013740584764792877,0.001017881181183624,0.0013263875724577449,0.001036289904462406,0.001361164680252442,0.0010356463137578815,0.0013852093984919797,0.9985510943468225,0.002910074178077722,0.0035660551175189007,0.0032992322778965712,0.005968277965801513,6.2977614292553e-05,29,ieee118,{},10000,13.417497247457504,0.002383570907053797,0.0021085492665156432,5.540507424052206e-06,6.209700569749047,0.0,physics,132
0.0028931541868463325,1.0006138649571252,0.8251669335051786,0.0037547944531864668,2500,1.8053867734124651e-06,0.0012805831973316344,1.0021918341019342,-0.04134501539190149,400.3718281800961,0.7005201852241183,0.0030805276267455483,4,0.5444212863137872,0.0029190843823760815,all_physics_factorial,0.0028931541868463325,-0.027474708980044345,571.5350344287433,572.4805059714131,1024,all_physics_factorial-ieee118-resmlp-physics-s47-6f08fcfb19,6.103618129745577,3.815470928151059e-05,5.948826124642259,5.948826124642259,383.30317642948467,resmlp,0.0010153638620410894,0.0013383781508298717,299497,1024,16,0.0,0.0010186197606364116,0.001347617117292895,0.00101238942278692,0.0013171891642911368,0.0010115610603619457,0.0013291224037018713,0.0010165543284126922,0.0013378556591957312,0.0009887584623770624,0.001331750382822963,0.9882260812315852,0.002877743985362855,0.0034733826341327074,0.003221665089294192,0.005644777987826545,6.254293309870246e-05,47,ieee118,{},10000,12.43892620690167,0.002383570907053797,0.0021085492665156432,5.540507424052206e-06,6.201088190417906,0.0,physics,132
0.005374992912096,1.0351293181598917,0.7991595379591079,0.01823606591087905,2500,9.92298882920295e-05,0.008970825783135373,1.0045896210237817,-0.11018372776531876,767.3473835797566,0.7267245165903697,0.0030805276267455483,4,0.5022703945946215,-0.04600813157141835,all_physics_factorial,0.005374992912096,-0.047889770045061154,1055.8985778820015,1056.8373333341228,1024,all_physics_factorial-ieee118-silu-no_physics-s11-d5dbb55d4c,6.649236108545835,0.000278925930759957,6.494868969775827,6.494868969775827,661.7375338842115,silu,0.007637382103580775,0.010038154919678246,300153,1024,16,0.0,0.008094270323243702,0.010355139752076773,0.007313346691524238,0.009588265586130252,0.007552823676231279,0.0099047450987852,0.007722101665479242,0.009993521670241748,0.0076902319723996145,0.010399112626681636,1.0042464781410645,0.005554613712959552,0.014647755212598028,0.014141315747018521,0.021591703322892095,0.0004047198502044442,11,ieee118,{},10000,11.133332591503859,0.002383570907053797,0.0021085492665156432,5.540507424052206e-06,6.728479595947245,0.0,no_physics,256
0.005376927981022134,1.0417433956548043,0.8022378006484241,0.033895163525498886,2250,0.00010083697270601988,0.009093718042377201,1.010124507344525,-0.1458567229875611,772.6478773919113,0.7321225789045088,0.0030805276267455483,4,0.5025097417089096,-0.04510183463271583,all_physics_factorial,0.005376927981022134,-0.05794889045847936,1055.3531603246568,1056.2919027798114,1024,all_physics_factorial-ieee118-silu-no_physics-s29-a6b3fa52e1,6.65052667374678,0.000280800775233383,6.492716535362797,6.492716535362797,660.3147092795277,silu,0.007693193566610411,0.010128214030114336,300153,1024,16,0.0,0.008087287648145671,0.01038124101101177,0.007415651570488789,0.009721870022629123,0.007595561032096945,0.009951379345911445,0.007746354802209316,0.010061443183429677,0.007799356644887398,0.01055120320243846,1.0163720494733148,0.005579413450392828,0.014904090675907665,0.014353307077880895,0.02192794051835423,0.000407850325221863,29,ieee118,{},10000,9.501568920910358,0.002383570907053797,0.0021085492665156432,5.540507424052206e-06,6.731183906808562,0.0,no_physics,256
0.005349977985845888,1.0696109452354376,0.80102027850279,0.047524665170588655,2375,9.740286623127759e-05,0.008999151528452674,1.0129854135118732,-0.1287529077460963,769.7455119785033,0.735274270761695,0.0030805276267455483,4,0.5013329188914113,-0.034896813085616187,all_physics_factorial,0.005349977985845888,-0.0645669904692082,1046.8821534868866,1047.8164516653792,1024,all_physics_factorial-ieee118-silu-no_physics-s47-0b336ee800,6.64423576257103,0.0002777550530219827,6.496623445132503,6.496623445132503,662.899553396496,silu,0.007596353771315888,0.010012703832026954,300153,1024,16,0.0,0.007994960571319418,0.010284875751231147,0.0072885896723552035,0.009610834232043017,0.007483090586431504,0.009815523399558617,0.007662922602215668,0.009933082656378149,0.007733071905304048,0.010430555270601433,1.0141644413499937,0.0055884312613502605,0.014566697305309946,0.014041428266694005,0.021413858901599275,0.0004048575683284519,47,ieee118,{},10000,12.788405496627092,0.002383570907053797,0.0021085492665156432,5.540507424052206e-06,6.722636296878619,0.0,no_physics,256
0.002902971698633585,1.0128777465386078,0.8289447247503459,0.1011076975001788,2500,6.89646503815311e-06,0.002616120967716915,1.0149662034151343,0.028674903539440872,405.7268544415888,0.7084946687665803,0.0030805276267455483,4,0.5445937254273773,-0.005422604785065445,all_physics_factorial,0.0029029716986335844,0.02968555539660968,572.6604197995158,573.6041587321592,1024,all_physics_factorial-ieee118-silu-physics-s11-35b74542a0,6.108290254685407,7.510653549499312e-05,5.941905792467623,5.941905792467623,380.6606069723639,silu,0.0020416226847329876,0.0026073440101895776,300153,1024,16,0.0,0.0020772060567762238,0.0026468328760581718,0.0020783065053951227,0.002662008404937048,0.002013688396029413,0.002578967456013064,0.002041536206943611,0.002590705831438671,0.00207827783450475,0.0026613994710211076,1.0055034056342194,0.002915078325020482,0.0071591834340250194,0.006798077621326813,0.010930242786943104,0.00010762420317107496,11,ieee118,{},10000,9.635484976693988,0.002383570907053797,0.0021085492665156432,5.540507424052206e-06,6.206472092275083,0.0,physics,256
0.0028917156344533314,1.018901908289665,0.8286700155717809,0.0942974729096631,2500,6.939241302461596e-06,0.0026271191393433674,1.016194754194314,-0.0024710618322630966,404.3212768081976,0.708849576814308,0.0030805276267455483,4,0.5464367507561441,-0.0006444236821400471,all_physics_factorial,0.0028917156344533314,0.016450763536227736,570.3907994489988,571.3370967825291,1024,all_physics_factorial-ieee118-silu-physics-s29-8ff0c252bf,6.104383350571174,7.527589093600108e-05,5.930728299504693,5.930728299504693,376.42857066880356,silu,0.002047637208543884,0.0026163663189941837,300153,1024,16,0.0,0.0020835100183456937,0.002658474744762302,0.002082285778359436,0.002668567980068154,0.0020143137174903547,0.002582130776565385,0.0020482249426365846,0.0025997559735719453,0.002086774450198864,0.0026729032771426885,1.0054273723716254,0.0029122129387313574,0.007191001329376132,0.0068501265497184025,0.011015430537602634,0.00010791898411179401,29,ieee118,{},10000,9.700038712471724,0.002383570907053797,0.0021085492665156432,5.540507424052206e-06,6.20579182499314,0.0,physics,256
0.0028970722110964074,1.0070486538685128,0.8275873313446183,0.051401410843287317,2500,6.954970103834057e-06,0.002619456492112247,1.011968226480158,0.006681896059394631,403.840479098063,0.7059059500888923,0.0030805276267455483,4,0.543969973998099,-0.011282968850582933,all_physics_factorial,0.0028970722110964074,0.016026191796008865,572.088220884395,573.0330626149348,1024,all_physics_factorial-ieee118-silu-physics-s47-b46bc4757f,6.106211684257169,7.541028459328257e-05,5.941566843255858,5.941566843255858,380.53070011107354,silu,0.0020500037480973027,0.002619180091128508,300153,1024,16,0.0,0.0020862435162047207,0.0026634408930557183,0.002088644777958285,0.0026766550195585076,0.002023981241568504,0.002593585341835795,0.002050473489879696,0.002604268020403811,0.002081954909982681,0.002666184886021003,1.0010302436117275,0.0029033510118775274,0.007222805003632805,0.0068697479797098435,0.01109006513161008,0.00010812010316849724,47,ieee118,{},10000,9.760606616735458,0.002383570907053797,0.0021085492665156432,5.540507424052206e-06,6.202755364550454,0.0,physics,256
0.005242078103531804,1.0697407350611399,0.7934527770464345,0.06344569192117873,2500,6.242519884835929e-05,0.006944441607788934,0.9572506829771095,-0.14458497583262525,754.9992336744745,0.7332142693859816,0.0030805276267455483,4,0.5309206646464266,-0.04468600243187182,all_physics_factorial,0.005242078103531804,-0.03872337905013947,1029.7115934564888,1030.6580026199586,1024,all_physics_factorial-ieee118-swiglu-no_physics-s11-32592b8fea,6.641369504376626,0.00021064514423991157,6.452716911630595,6.452716911630595,634.4262198188229,swiglu,0.005754494546461864,0.007875088914368632,297321,1024,16,0.0,0.006002331201989345,0.00833016957168723,0.0060098758582241745,0.008265507046261786,0.00557693960966451,0.007628656678203282,0.005833606318211466,0.00793946951122207,0.005531146364292215,0.007424445520965647,0.8912718351136598,0.0054218069544402885,0.01608587095213894,0.014540289330293037,0.02825035920347995,0.00034355075261069195,11,ieee118,{},10000,19.351966368034482,0.002383570907053797,0.0021085492665156432,5.540507424052206e-06,6.728387631883587,0.0,no_physics,118
0.005240517112892929,1.0046335910320454,0.7929259359749591,0.041686496405836486,2500,6.158017640700564e-05,0.00687493370643156,0.9507982305746662,-0.1731122285523255,740.3306549260828,0.7167648238071699,0.0030805276267455483,4,0.5296705896752472,-0.05707965274300837,all_physics_factorial,0.005240517112892929,-0.041207643408912094,1032.8780519581592,1033.8215382023723,1024,all_physics_factorial-ieee118-swiglu-no_physics-s29-eab2649e0f,6.638835846135411,0.00020881847055420234,6.425296157677288,6.425296157677288,617.2636490193648,swiglu,0.00572238628832209,0.00781089412626206,297321,1024,16,0.0,0.006046176632121445,0.008363549252043993,0.005934447620673944,0.008100461381871522,0.005571398669424184,0.0075789288757771795,0.005886921343272589,0.008015867827793177,0.005469317652200908,0.007335992486535283,0.8771386722858621,0.00537213180110368,0.016088361249082046,0.014665912321521469,0.02805253587416484,0.0003317489064282036,29,ieee118,{},10000,20.168064454570413,0.002383570907053797,0.0021085492665156432,5.540507424052206e-06,6.713153964671802,0.0,no_physics,118
0.0052964026473607175,1.0834480238646813,0.7950803640338198,0.05584297439382018,2500,6.0213282267795876e-05,0.006828098871083128,0.9485932474585793,-0.19216754189243776,778.7154266387738,0.7479189151593039,0.0030805276267455483,4,0.5290344396279434,-0.06142040984192832,all_physics_factorial,0.0052964026473607175,-0.03419086617552392,1041.1762703887632,1042.1180933960172,1024,all_physics_factorial-ieee118-swiglu-no_physics-s47-5cec22f60a,6.652558354006756,0.00020764285259990454,6.463334584623817,6.463334584623817,641.19562831744,swiglu,0.005687644288326364,0.00775922971256269,297321,1024,16,0.0,0.0059749550318545855,0.008239667011859821,0.005947437098515158,0.008125875104217271,0.005565763281651397,0.007565413885726181,0.005849647545802049,0.007946894724604175,0.005443597247788776,0.007281677903083052,0.883734487401265,0.005616466692150951,0.016059291923591318,0.014496124348144885,0.02861263509795093,0.0003289249027565118,47,ieee118,{},10000,24.886565379798412,0.002383570907053797,0.0021085492665156432,5.540507424052206e-06,6.732549321676451,0.0,no_physics,118
0.0028619395565679952,0.9994301406438186,0.8253980459951769,-0.03909857574565482,2500,1.3257434829938575e-06,0.0010826560296868179,1.0085051622425876,-0.15328940953601428,399.62847230222513,0.7064955140925895,0.0030805276267455483,4,0.5462639277293524,0.058682184750733134,all_physics_factorial,0.0028619395565679952,-0.0888269459444961,565.6489876167168,566.5966002660814,1024,all_physics_factorial-ieee118-swiglu-physics-s11-738dc6423a,6.093952856135742,3.1370382581680806e-05,5.926425636113475,5.926425636113475,374.812404458565,swiglu,0.0008345323918927162,0.0011600335010689905,297321,1024,16,0.0,0.0008456331120135369,0.0011688635171757784,0.0008662670508383984,0.0012076623928193345,0.0008096239938775042,0.0011191417202975945,0.000851111391088232,0.0011630587401937678,0.000819807658004801,0.0011560098845389403,0.9890033075308098,0.002867262973945235,0.0029063955762159478,0.002501495121306121,0.005684489282204552,5.670647569874521e-05,11,ieee118,{},10000,19.22686749137938,0.002383570907053797,0.0021085492665156432,5.540507424052206e-06,6.195366833188956,0.0,physics,118
0.0028274991326329977,1.0152310381999743,0.8276391850620742,0.04738713477219083,2500,1.327819518337492e-06,0.0010871988569998996,1.0107688981752843,-0.18717945146327536,397.0078854180147,0.7112035865541841,0.0030805276267455483,4,0.5477378451045541,0.06678944862670767,all_physics_factorial,0.0028274991326329977,-0.108096613260854,558.2197459682918,559.1686438439217,1024,all_physics_factorial-ieee118-swiglu-physics-s29-a8d625506f,6.081922645518067,3.1446644382601576e-05,5.915666693456577,5.915666693456577,370.8014346205548,swiglu,0.0008383487408278724,0.001161708513463242,297321,1024,16,0.0,0.0008482061383620535,0.0011713978643838122,0.0008672383182935827,0.0012042343449408105,0.0008152406084944635,0.0011197759339289402,0.0008567895392796058,0.0011668339729156221,0.0008252169759010988,0.0011574380033984228,0.9880827331090171,0.0028473628500427293,0.002895070402128607,0.002498658668731466,0.005714864084904017,5.640568225810063e-05,29,ieee118,{},10000,16.04923413321376,0.002383570907053797,0.0021085492665156432,5.540507424052206e-06,6.182704519865092,0.0,physics,118
0.002815127043348395,1.0000968183422179,0.8257492600014773,-0.00994540581861097,2500,1.3491729760062299e-06,0.0010951430272609153,1.010047381428804,-0.13991308102686964,393.24334189937355,0.7065641266001965,0.0030805276267455483,4,0.5469947664086725,0.060154964773621346,all_physics_factorial,0.0028151270433483945,-0.08347932014877332,556.557185816323,557.5062221470965,1024,all_physics_factorial-ieee118-swiglu-physics-s47-590469616e,6.0775130282950895,3.161706284879043e-05,5.908512451079881,5.908512451079881,368.15812443858135,swiglu,0.000843779681671269,0.0011728747701329376,297321,1024,16,0.0,0.0008542134727425168,0.0011820259039141937,0.0008749679614499198,0.0012218790589378016,0.0008209575849505706,0.0011329658487740301,0.0008602720154390994,0.001176467968221194,0.0008301791364202371,0.0011698699913926596,0.9897160354258899,0.0028165711141406344,0.0028856113262019025,0.0024658352742071847,0.005686237151127217,5.659910182486137e-05,47,ieee118,{},10000,23.769120005890727,0.002383570907053797,0.0021085492665156432,5.540507424052206e-06,6.181908927908088,0.0,physics,118
0.06827755956848675,1.024792086499038,0.9380392504997638,0.0626379215542522,2500,0.0003380574635230005,0.0183126526603868,1.0223939526100407,0.3597665445529384,67.18247740073278,0.9799506493533294,0.2699500652143177,4,0.7811776643523725,0.11488496665116943,all_physics_factorial,0.06827755956848675,0.25200609309062294,68.55700074801376,69.50560212875429,1024,all_physics_factorial-shallow_water-fourier-no_physics-s11-2a1b0556f6,4.188438486196798,0.00041802120613265595,4.256806699233334,4.256806699233334,70.58422783907935,fourier,0.013817297848202043,0.018170678926746307,334880,1024,16,0.0,0.013496349923815723,0.017635354869275918,0.013612984248506639,0.017900102949971654,0.013765533496845993,0.018119668094775946,0.014119882340062638,0.018556580461894106,0.01407641715872184,0.01855253164853718,1.0520078436787883,0.06908802849611954,0.012855584386644985,0.012483653311887345,0.017171377749562636,0.0005697033391232788,11,shallow_water,{},10000,12.340310534462333,0.2647286723225135,0.264559792129602,0.0009526529484879175,4.188453987322981,0.0,no_physics,132
0.06529888944123513,1.0143139550843137,0.9434652169769936,0.04934887078892782,2500,0.0003340897965244949,0.01814040469759984,1.022331463480219,0.2978367761975735,64.67051146423394,0.9858436256984612,0.2699500652143177,4,0.7851184947244814,0.0935704371110793,all_physics_factorial,0.06529888944123513,0.21509967768757599,65.59915769442185,66.546280986684,1024,all_physics_factorial-shallow_water-fourier-no_physics-s29-0786620cad,4.148882624720956,0.00041686831391394744,4.217275828365614,4.217275828365614,67.8484020170205,fourier,0.013756207454543085,0.018120390597488864,334880,1024,16,0.0,0.013391433439674732,0.017597644743525348,0.013533044244858215,0.01777378112331866,0.013667931634494536,0.018054795155991725,0.013786114895520939,0.01816021063543579,0.013953089873183127,0.018364140148022758,1.0435567040742442,0.06647739641385812,0.01284609788153998,0.012447509352895663,0.016981461527564846,0.0005699227516229049,29,shallow_water,{},10000,12.440592283383012,0.2647286723225135,0.264559792129602,0.0009526529484879175,4.151100989766677,0.0,no_physics,132
0.06796729768617879,1.0285577234736196,0.9417532838172163,0.05599465345826479,2500,0.00032655909308232367,0.018286343440604817,1.023702390901646,0.37424886127787604,66.99821850394247,0.9819234832598309,0.2699500652143177,4,0.780523027201067,0.11607638268006579,all_physics_factorial,0.06796729768617879,0.294514027966526,68.23160831383619,69.17657516587657,1024,all_physics_factorial-shallow_water-fourier-no_physics-s47-aad747030b,4.186777846845368,0.00041854517340776095,4.255820333081438,4.255820333081438,70.51463916774415,fourier,0.01382901298840057,0.018188293409703994,334880,1024,16,0.0,0.01331255331795108,0.017406434437382552,0.013800708684905311,0.018136025701321744,0.01381953860949,0.018199017271366445,0.013944783387788304,0.01833491421077481,0.014088723226806456,0.01853536678041943,1.0648571852608915,0.06890186495427789,0.012884599435830322,0.01249239738577793,0.017444876214440314,0.0005709106743172119,47,shallow_water,{},10000,13.419095331802964,0.2647286723225135,0.264559792129602,0.0009526529484879175,4.185608769433634,0.0,no_physics,132
0.020504098600507736,1.0336487014578486,0.9660934175427308,0.15971584203561978,2000,0.00033279755734838545,0.018338191622579852,1.0317509466473458,0.33315318076081957,20.424884527358092,0.9917127413300862,0.2699500652143177,4,0.8272750111135457,0.15274137668979326,all_physics_factorial,0.020504098600507736,0.29185056952292393,20.595565304489497,21.56424758713642,1024,all_physics_factorial-shallow_water-fourier-physics-s11-06a36e70e8,3.043589367289229,0.00044075180160588906,3.103189579023193,3.103189579023193,22.26886658202435,fourier,0.014287672402014274,0.01807782529305531,334880,1024,16,0.0,0.014060211334174599,0.01740083552975798,0.014128679088210017,0.01778033603292657,0.014246797610045768,0.01791920457119838,0.014404173222942289,0.01835361063936166,0.014401655675730582,0.018576907999255245,1.0675871263472383,0.020990127776508896,0.01246605258564485,0.011905488903033347,0.01715632185863588,0.0005857264790533499,11,shallow_water,{},10000,15.86315706372261,0.2647286723225135,0.264559792129602,0.0009526529484879175,3.051013108455701,0.0,physics,132
0.02046144150000774,1.0160595279742255,0.9675154255639392,0.09748182801659394,2250,0.0003332167980261147,0.018342366464337727,1.030158186405735,0.3608196013427867,20.247699604149,0.9854342958747908,0.2699500652143177,4,0.8273390684953474,0.14367799379515053,all_physics_factorial,0.020461441500007744,0.2890194169766111,20.546980847845052,21.51420938686012,1024,all_physics_factorial-shallow_water-fourier-physics-s29-4dfc64c6ad,3.0426133535005535,0.0004434699989609438,3.1040946679235164,3.1040946679235164,22.289030871478317,fourier,0.014381812533010381,0.01810652440021347,334880,1024,16,0.0,0.014178435152845805,0.017486043772655457,0.014262092840491285,0.017835710158395742,0.014270726459938836,0.017907182737811434,0.014491102172953173,0.018371472985371246,0.01449338313040987,0.01858196914425043,1.0626742896131127,0.020819443570459933,0.012470428499530136,0.01193263451061158,0.017058529842141904,0.0005865454518009004,29,shallow_water,{},10000,12.274967266246676,0.2647286723225135,0.264559792129602,0.0009526529484879175,3.0461826852541325,0.0,physics,132
0.019927853791087434,1.0370681240903337,0.9662042758237365,0.13909058499034402,2250,0.00033184950007125735,0.018264095005919214,1.0278774114034905,0.31201543368945966,19.818072612968102,0.9905639500113178,0.2699500652143177,4,0.8292030849549752,0.1391893574315142,all_physics_factorial,0.019927853791087434,0.3347534712288105,20.00685832827014,20.975561126932483,1024,all_physics_factorial-shallow_water-fourier-physics-s47-fe9f6d84e8,3.0176936079652457,0.0004425226610299539,3.0772414783068616,3.0772414783068616,21.698464159808793,fourier,0.014349930191294274,0.018060330994667334,334880,1024,16,0.0,0.014159563166119356,0.017430229924599607,0.014210878290275793,0.01778187090920409,0.01429962245685309,0.017918566024509704,0.014477479836529188,0.01835277215685718,0.014410089796843124,0.018503238939471645,1.0615602329695994,0.02037532910754709,0.012431602396524162,0.011902836027543407,0.017112205064370473,0.0005851023707682858,47,shallow_water,{},10000,13.682308815419674,0.2647286723225135,0.264559792129602,0.0009526529484879175,3.023010356098945,0.0,physics,132
0.00786824515699523,1.035745388958712,0.9536679546587019,0.12832005266075386,3750,4.646253728424199e-05,0.006360853421998976,0.9515754777899612,-0.11185942527614881,7.787474665605712,0.983770545702959,0.2699500652143177,4,0.9054558717829159,-0.11467030031828908,all_physics_factorial,0.00786824515699523,-0.2829461411916172,7.915946151895742,8.811910082693865,1024,all_physics_factorial-shallow_water-ganr-no_physics-s11-bdcb453099,2.172096884422472,0.00015861333925412294,2.2190705397800294,2.2190705397800294,9.198777002987002,ganr,0.005289198337457033,0.00684749454196763,352292,1024,16,0.0,0.005536925640698412,0.007214428626035107,0.005318046711058184,0.0068982786739739945,0.005465860523558672,0.007094008802277286,0.00515859582046276,0.006635075742958935,0.005054725184349594,0.006482410241275334,0.8985341150762657,0.007985989038557679,0.004819159160984957,0.004477416477019267,0.007107772170882233,0.00021080492816275044,11,shallow_water,{},10000,30.02672639489174,0.2647286723225135,0.264559792129602,0.0009526529484879175,2.178915975241871,0.0,no_physics,256
0.007899368857527423,1.0500800642156793,0.9526661398204418,0.14336180575423788,3750,4.6620043576695025e-05,0.006398997841378478,0.9520813541048706,-0.17095318354668412,7.854457513581288,0.9882820805008474,0.2699500652143177,4,0.9029884737143677,-0.11132891289964952,all_physics_factorial,0.007899368857527421,-0.3122960736892926,7.9475866946821085,8.842829154509182,1024,all_physics_factorial-shallow_water-ganr-no_physics-s29-304f56d78b,2.175326488388528,0.0001596712067897659,2.218349645119492,2.218349645119492,9.192149725865972,ganr,0.005324465585740214,0.006889035851233427,352292,1024,16,0.0,0.005573698574898456,0.007270845272592869,0.0053470656810555,0.006936336762236498,0.005505443203035399,0.00713741012361355,0.005180019109694604,0.006666703893236008,0.005076187915948981,0.006514393728770684,0.8959609900277212,0.008055020345694375,0.004847729496206442,0.004508527935375055,0.0072285471067136745,0.00021211419542823692,29,shallow_water,{},10000,28.684258876368403,0.2647286723225135,0.264559792129602,0.0009526529484879175,2.1812153261814284,0.0,no_physics,256
0.007883475368096853,1.0415903988593607,0.9529035338477541,0.14417272771976253,3625,4.7103967517614365e-05,0.006393536295088968,0.9527450142114229,-0.18707219567912414,7.8383163483985365,0.9883665370498697,0.2699500652143177,4,0.90340879052072,-0.10767882528073813,all_physics_factorial,0.007883475368096853,-0.3160603341141549,7.930576415299096,8.827532455811095,1024,all_physics_factorial-shallow_water-ganr-no_physics-s47-1fe9657237,2.1733330327568234,0.00015947871762746728,2.2198634445265997,2.2198634445265997,9.206074245691681,ganr,0.005316594972939685,0.006877028390965929,352292,1024,16,0.0,0.0055571990968269645,0.00723794763752525,0.005352030713099222,0.006944262919890156,0.005473073787765354,0.007095216810335072,0.005184495826460276,0.006657755552949546,0.005082408717879184,0.006510526763462142,0.8994990140172079,0.008037224429536477,0.00484146755618119,0.00449872533006406,0.007153557113569333,0.00021179925624665373,47,shallow_water,{},10000,28.598461201414466,0.2647286723225135,0.264559792129602,0.0009526529484879175,2.1790753308702353,0.0,no_physics,256
0.007144141289444757,1.0552870416356281,0.9515875111491902,0.16336799719261855,2500,3.432954690651968e-05,0.0057078296112629875,0.9808391683746351,-0.1826078477803624,7.1576954102386035,0.9959492658595243,0.2699500652143177,4,0.9044506411119717,-0.049094071865388736,all_physics_factorial,0.007144141289444757,-0.28078681558901364,7.186807255750491,8.073743908452261,1024,all_physics_factorial-shallow_water-ganr-physics-s11-4a7a709559,2.085947031711582,0.00013957115190092037,2.133768928595763,2.133768928595763,8.446641787612066,ganr,0.004605656617363532,0.005843310825236062,352292,1024,16,0.0,0.0046184953327467184,0.005861427416034848,0.004641349880506041,0.005902445354722224,0.004684539721821583,0.005959471469303894,0.004616618032810214,0.0058508276392826375,0.0045332788916742995,0.005746077270973821,0.9803204685695726,0.007339520299933245,0.004221019861250032,0.004154269272202523,0.005118993209837208,0.0001833034202279755,11,shallow_water,{},10000,15.819769199937582,0.2647286723225135,0.264559792129602,0.0009526529484879175,2.0963992856054685,0.0,physics,256
0.007128256223728254,1.0541916919296723,0.9514887955865817,0.16172203570917673,2500,3.423333328100853e-05,0.005693862624099669,0.9804883276946164,-0.18096975944059837,7.124815179450101,0.9935859594205922,0.2699500652143177,4,0.9043440995285252,-0.053181091749517205,all_physics_factorial,0.007128256223728254,-0.26800311583577713,7.1708090396173905,8.057455333927535,1024,all_physics_factorial-shallow_water-ganr-physics-s29-37256d6920,2.083914078274793,0.0001393993537728688,2.1313989755670284,2.1313989755670284,8.426647367587595,ganr,0.004601312831755878,0.005837514721261433,352292,1024,16,0.0,0.004611444465533252,0.005849881227526982,0.004635980617135825,0.005893712603808255,0.004674195078357087,0.0059485147368451945,0.004609994728104972,0.00584010767143286,0.004524919750340981,0.005733931367700754,0.9801791087175208,0.007306104313442698,0.004211342918024141,0.004143522837199808,0.005132961541815316,0.000183010492203477,29,shallow_water,{},10000,18.44126666150987,0.2647286723225135,0.264559792129602,0.0009526529484879175,2.095123174982306,0.0,physics,256
0.007145817009614214,1.0514193698325698,0.951755496152167,0.15218244850153778,2500,3.394571831449866e-05,0.005681120709779092,0.9824864183347587,-0.14958420971988132,7.145762235834507,0.9940416270314696,0.2699500652143177,4,0.904839535711864,-0.04371471774193548,all_physics_factorial,0.007145817009614214,-0.26484257653243687,7.188594563362571,8.075696888436514,1024,all_physics_factorial-shallow_water-ganr-physics-s47-df8a1b5216,2.086219137213526,0.00013872922721475225,2.1347721655855096,2.1347721655855096,8.45511992010213,ganr,0.004578994776477694,0.005807999508636408,352292,1024,16,0.0,0.0045855176183847894,0.005817603852932171,0.004614458758685905,0.005865223575243428,0.004649612762194171,0.005912881757049736,0.0045866394587698615,0.005815531015205799,0.00451495967876957,0.005717451870563577,0.9827846678975717,0.007327871745166819,0.00419561053574113,0.004137708184881166,0.00509014853737049,0.00018211957101284577,47,shallow_water,{},10000,15.893302405253053,0.2647286723225135,0.264559792129602,0.0009526529484879175,2.0961061678075312,0.0,physics,256
0.007953876745474264,1.0480632890256694,0.953213067078339,0.15005727639296185,2500,0.00011813719902420416,0.009909168250713933,0.9317710522334025,-0.16460698416236016,7.941568321846177,0.9925526386339393,0.2699500652143177,4,0.9003070961690924,-0.09840994027608897,all_physics_factorial,0.007953876745474264,-0.24148253656748442,8.001155820588258,8.898293251951124,1024,all_physics_factorial-shallow_water-gelu-no_physics-s11-5f55ec5499,2.181403814495154,0.0002530462179004303,2.231952911801341,2.231952911801341,9.318045648617673,gelu,0.008447910027819765,0.011060905742954357,334852,1024,16,0.0,0.008887836357609603,0.011765284575457344,0.008534642002354187,0.011182088383226579,0.008809807737494927,0.011574955248198085,0.008339203777795401,0.010877085876872077,0.007921160438692293,0.010251834823857655,0.8713630986234893,0.008144655497281947,0.007586726740380829,0.0068015376478318765,0.012542363266432677,0.0003392555466410411,11,shallow_water,{},10000,9.906297367066145,0.2647286723225135,0.264559792129602,0.0009526529484879175,2.187242041476699,0.0,no_physics,256
0.007958493817445199,1.0367289586176265,0.9517931433009001,0.11144638259065875,2500,0.00011822853412013501,0.009902473819183865,0.931299499686934,-0.17513615912858155,7.851872793357125,0.980715578395772,0.2699500652143177,4,0.902187731573786,-0.09368840971675844,all_physics_factorial,0.007958493817445199,-0.23503408643873824,8.006269061414326,8.902656406734419,1024,all_physics_factorial-shallow_water-gelu-no_physics-s29-423645467e,2.1813736229938216,0.00025345425867572604,2.231203058874015,2.231203058874015,9.311061245138758,gelu,0.008460000117510899,0.011071562558496707,334852,1024,16,0.0,0.008880991763688654,0.011749638957296549,0.008539290673618314,0.011188569912758151,0.008806379011149447,0.011562264068324276,0.00835283222967552,0.010894197993441646,0.007913759515539224,0.010244983929286106,0.8719403180404918,0.008053343893249687,0.007595151460358294,0.0068131799843167366,0.012539082163768004,0.0003396731107810018,29,shallow_water,{},10000,12.822405815124512,0.2647286723225135,0.264559792129602,0.0009526529484879175,2.186728328903955,0.0,no_physics,256
0.007943360000298607,1.0423823619584438,0.9532435778800822,0.12801771153708602,2375,0.00011446741700638086,0.009833935056668693,0.9363196618129666,-0.08437965761725007,7.870320745727662,0.9849448174034084,0.2699500652143177,4,0.9025501842662148,-0.09048765959158858,all_physics_factorial,0.007943360000298605,-0.19341930566483084,7.9906210040030885,8.888584249222696,1024,all_physics_factorial-shallow_water-gelu-no_physics-s47-2278b5a4d6,2.1800195819726556,0.000250084498023158,2.2287656394525976,2.2287656394525976,9.288393801846148,gelu,0.008344414448663958,0.010894993938953823,334852,1024,16,0.0,0.008740251853149214,0.011532490691732202,0.008414589737268396,0.01099957726642974,0.008679340633475217,0.011374015025220823,0.008262720562968838,0.010753273703099362,0.007856430957852864,0.010140409715508225,0.8792905181166131,0.008071683062539444,0.00750208144147921,0.006776050333405895,0.012279330518010051,0.00033451273837748093,47,shallow_water,{},10000,9.681844526901841,0.2647286723225135,0.264559792129602,0.0009526529484879175,2.1860225407166256,0.0,no_physics,256
0.007119505312101838,1.0526707283027563,0.9520126689043302,0.1625012964022602,2500,4.1916780901374295e-05,0.006336505768783979,0.9861788277646695,-0.09767658898747754,7.119394528564284,0.9940790417120451,0.2699500652143177,4,0.9051122367725339,-0.025450790358343463,all_physics_factorial,0.007119505312101838,-0.22659430655890136,7.16179924314968,8.049319270072072,1024,all_physics_factorial-shallow_water-gelu-physics-s11-d0e2153eaf,2.0830686499611524,0.00015431977246850372,2.1326916260618227,2.1326916260618227,8.437547044841251,gelu,0.00508189902663367,0.006437265692254922,334852,1024,16,0.0,0.005096311248112079,0.006457697930868894,0.00510885450925515,0.006477852196517003,0.0051600261289514015,0.006558874868532075,0.0051117782977170585,0.006468221276420442,0.00503108483376202,0.006373289971814473,0.9869290945538136,0.0073011759028327634,0.004650648553466123,0.004593111859090233,0.005563946252819498,0.00020265292301784377,11,shallow_water,{},10000,9.85060603544116,0.2647286723225135,0.264559792129602,0.0009526529484879175,2.0930343071793436,0.0,physics,256
0.007149490950358788,1.0507585948203262,0.9519512316311393,0.1511745627995136,2500,4.1934257751563564e-05,0.0063348007280213,0.9864910878617345,-0.11736568650666517,7.136110037172394,0.992180837808108,0.2699500652143177,4,0.9052564940220574,-0.024521247586009584,all_physics_factorial,0.007149490950358788,-0.21659980509262566,7.192348174086132,8.078863390174376,1024,all_physics_factorial-shallow_water-gelu-physics-s29-3780f463cb,2.0867571848125968,0.00015436574003618755,2.135659453995295,2.135659453995295,8.462625587556799,gelu,0.0050840930672626326,0.006439688805539568,334852,1024,16,0.0,0.005088949277409397,0.006448163401884364,0.005108383401406178,0.006474697308847263,0.005156893441361953,0.006557890556489333,0.005112746531117275,0.006466074141644096,0.005032877555946813,0.006372621298140558,0.988284710073921,0.00731786564769069,0.0046508987093685835,0.0045986099253060835,0.005552756483026133,0.00020263533739886284,29,shallow_water,{},10000,10.080152917653322,0.2647286723225135,0.264559792129602,0.0009526529484879175,2.0983550959671557,0.0,physics,256
0.007131219930637842,1.0535681143701094,0.9522428674662498,0.16355971944066947,2500,4.163008270552382e-05,0.0063200080510938715,0.9881490797501168,-0.06314161942304744,7.118233384130263,0.9922298905526151,0.2699500652143177,4,0.9043711631607435,-0.020645172466204134,all_physics_factorial,0.007131219930637842,-0.19792605813246547,7.173975962532046,8.061221654504227,1024,all_physics_factorial-shallow_water-gelu-physics-s47-f9afbde2c6,2.0844777391302953,0.00015366624979531855,2.1361773815820984,2.1361773815820984,8.467009646259179,gelu,0.0050615601076154995,0.006409846445595118,334852,1024,16,0.0,0.005065466531025898,0.006418281363072558,0.005081632948280858,0.006444881358355538,0.005130442376539691,0.006520315767387618,0.0050897795343182875,0.006441650808258141,0.0050188961216467935,0.006354772097903519,0.990104942183676,0.007299122507178297,0.004631964735669783,0.0045745068177527656,0.005500930073319717,0.00020170844451975742,47,shallow_water,{},10000,12.90386339649558,0.2647286723225135,0.264559792129602,0.0009526529484879175,2.096313100201945,0.0,physics,256
0.009679937538703281,1.0131175711995293,0.9606900784897523,0.04068412041341821,2500,0.00017542172281537205,0.012255454085202778,0.945098947631941,0.03908289339889401,9.424926917358075,0.9677354047163456,0.2699500652143177,4,0.8943085856917926,-0.07087738493312351,all_physics_factorial,0.009679937538703281,-0.022119137132537013,9.739156872245085,10.646547134569893,1024,all_physics_factorial-shallow_water-relu-no_physics-s11-4035635883,2.3594515821890916,0.0003094190741842482,2.4048057539415675,2.4048057539415675,11.076279013682027,relu,0.010314043513790647,0.01330760350382711,334852,1024,16,0.0,0.010731989669739962,0.013987680245523364,0.010434320889016357,0.013491161850236764,0.010636521543835004,0.013756699919465874,0.010208019684964096,0.013135807658269626,0.009814166300580327,0.012492258538694685,0.8930900849476255,0.009666985904887819,0.009264160791819404,0.008520923037100298,0.014177994522278636,0.0004089837032076249,11,shallow_water,{},10000,12.788292929530144,0.2647286723225135,0.264559792129602,0.0009526529484879175,2.360269714994951,0.0,no_physics,256
0.009646634930441288,1.0090110137078963,0.9622985516793834,0.03908375652671482,2500,0.00017328221292700619,0.012205537667661828,0.9436889389143651,0.09958351325375046,9.388067944430226,0.9673319275196925,0.2699500652143177,4,0.898945827179137,-0.0878227929869108,all_physics_factorial,0.009646634930441288,0.014283659520062941,9.705115356320238,10.615864245321387,1024,all_physics_factorial-shallow_water-relu-no_physics-s29-1c35d9c072,2.356543480499427,0.00030863458208448517,2.4021962174937332,2.4021962174937332,11.047412277383197,relu,0.010286362704371842,0.013272335395662672,334852,1024,16,0.0,0.010709351584584196,0.01394749931552232,0.010415320466668558,0.013452659236513563,0.010626136816044364,0.013771138194805951,0.010159820826145066,0.013086847580332872,0.009760781644186981,0.012442350571527112,0.892084687731792,0.00962959302511213,0.009243124056130909,0.00850313783366504,0.014193825180628585,0.00040803590783353036,29,shallow_water,{},10000,9.637991497293115,0.2647286723225135,0.264559792129602,0.0009526529484879175,2.358992471945256,0.0,no_physics,256
0.009652560998757739,1.0281214023063863,0.9613585482231574,0.09238125625849367,2500,0.00016885963850654662,0.01215221140745771,0.9483069614422752,0.0033945759217729236,9.491879620100814,0.9776749785938763,0.2699500652143177,4,0.8978438686005263,-0.056787202274515405,all_physics_factorial,0.009652560998757739,-0.001860124901652242,9.708624878333637,10.618684528496907,1024,all_physics_factorial-shallow_water-relu-no_physics-s47-00a849df3f,2.3570232055463896,0.00030592744367380066,2.401895704260671,2.401895704260671,11.044092885151265,relu,0.010194659913790328,0.013133328742074396,334852,1024,16,0.0,0.010530282273840815,0.013675067257792179,0.010262315641266059,0.013253440277994093,0.010545100137121191,0.013628878695162825,0.01015690201607106,0.013050370657612378,0.009719576359402616,0.012371326634887114,0.9046629461977833,0.00974034125254396,0.009162636960773301,0.008483093271489155,0.014026706260392001,0.00040385544510478826,47,shallow_water,{},10000,9.856870079413056,0.2647286723225135,0.264559792129602,0.0009526529484879175,2.3563783407332295,0.0,no_physics,256
0.007863885935767766,1.0467212432765833,0.9620287637405339,0.1791627253057721,2500,7.21873584552668e-05,0.00842418297600645,0.999447026267074,0.10001253639035533,7.828709798474645,0.9898432589305041,0.2699500652143177,4,0.9086351661943892,0.02429757349259709,all_physics_factorial,0.007863885935767766,0.050773985676990194,7.9090398685276,8.807144403966626,1024,all_physics_factorial-shallow_water-relu-physics-s11-3c718f18c4,2.1742267251159824,0.0002033109177659698,2.219689505032128,2.219689505032128,9.204472547692465,relu,0.006691032211234523,0.00845137264971476,334852,1024,16,0.0,0.006659507106757381,0.008414629862963697,0.0066892263506386305,0.008443432791790518,0.006730674753614568,0.008522866385708218,0.006741965358600974,0.008510510986889416,0.006694951834750147,0.008455806314631085,1.0048934358775092,0.008029523639125347,0.006113964988065131,0.006050471040311006,0.007089996309423751,0.00026619223256939934,11,shallow_water,{},10000,10.291709877550602,0.2647286723225135,0.264559792129602,0.0009526529484879175,2.1819064721245702,0.0,physics,256
0.007870501718215742,1.0387721542487134,0.9606681017014375,0.14262417521994133,2500,7.200529216788709e-05,0.008415349844693446,0.9996870896230512,0.13461993843239403,7.795138247556315,0.984695396331058,0.2699500652143177,4,0.9086027382092029,0.025244427705457404,all_physics_factorial,0.007870501718215742,0.05522488108862026,7.916293989593877,8.816091336617358,1024,all_physics_factorial-shallow_water-relu-physics-s29-e4e2b8a10e,2.1748763718157447,0.00020305241007929345,2.2210077896290947,2.2210077896290947,9.216614620036342,relu,0.006683482549475026,0.008443027046562968,334852,1024,16,0.0,0.006647537736796697,0.00839865106609874,0.006679306301475702,0.008433466801398887,0.006724310955504883,0.008513787649203937,0.00673242860657792,0.008500411523025508,0.006690669727552455,0.008447318730395942,1.0057947001148375,0.007996046900043779,0.006108272570352296,0.0060444991168376976,0.007082989199095052,0.00026585424391269857,29,shallow_water,{},10000,12.92349212616682,0.2647286723225135,0.264559792129602,0.0009526529484879175,2.1817737933538615,0.0,physics,256
0.007858990852440552,1.0392187869051897,0.9612061191063749,0.15710605017523782,2500,7.181966793723404e-05,0.00839822914575999,0.9993381229556206,0.14622863590143612,7.797248289861062,0.9864332706983995,0.2699500652143177,4,0.907289145732089,0.020278648254774337,all_physics_factorial,0.007858990852440552,0.06536254559759673,7.904486315978143,8.803790228903814,1024,all_physics_factorial-shallow_water-relu-physics-s47-ba309e8e6f,2.173581184719142,0.00020268788800414697,2.215722976233657,2.215722976233657,9.168035029513755,relu,0.0066716703728523135,0.008427385209095448,334852,1024,16,0.0,0.006634119892452743,0.008385341799105417,0.006667075648177472,0.008418227717006635,0.006710975614883087,0.008498735850521988,0.006720880899324601,0.008486631816365692,0.00667415130982716,0.008429717788645015,1.0052920907224476,0.007996936646161707,0.006097928567141004,0.00604413716248354,0.007073037303477784,0.00026535403422471576,47,shallow_water,{},10000,11.181417610496283,0.2647286723225135,0.264559792129602,0.0009526529484879175,2.179410541921321,0.0,physics,256
0.008226592365538188,1.0365412193748826,0.9543004508139046,0.11711133636721262,2500,0.00012993195559829473,0.011415749547616566,1.0316111850467573,0.3955175439818361,8.190593094724509,0.98960724516653,0.2699500652143177,4,0.9048866228181516,0.1436147941849653,all_physics_factorial,0.008226592365538188,0.35554580770331157,8.276609871976238,9.197534293515504,1024,all_physics_factorial-shallow_water-resmlp-no_physics-s11-e46e1a4ce6,2.211640789287879,0.0002620658668673769,2.256994431023404,2.256994431023404,9.554329988059292,resmlp,0.008701252697701958,0.01129195051011643,335772,1024,16,0.0,0.008384273647417447,0.010821983359673895,0.008615713334748424,0.01115952889524986,0.00865515314625967,0.011231513534441573,0.008841573386922055,0.011446425700598879,0.008921878570709023,0.011590927423858864,1.0710538945245744,0.008399289215234486,0.008091595717646912,0.007711526393725019,0.011080041175442793,0.00035097621633852665,11,shallow_water,{},10000,12.700227484107018,0.2647286723225135,0.264559792129602,0.0009526529484879175,2.2156963520091235,0.0,no_physics,136
0.008186326746728484,1.0508102843644165,0.9526017090448635,0.1514216838924254,2500,0.00012843566946685314,0.011282862484559798,1.0214875517399047,0.4387680907077488,8.145940161125909,0.9892178092611922,0.2699500652143177,4,0.9012651940774457,0.08850679046563191,all_physics_factorial,0.008186326746728484,0.3504834798118875,8.234728575307184,9.15467414097394,1024,all_physics_factorial-shallow_water-resmlp-no_physics-s29-77532b4ace,2.206805366755055,0.00026171453307583225,2.256377912033155,2.256377912033155,9.548441172758494,resmlp,0.008670638937274494,0.011238546051300055,335772,1024,16,0.0,0.00852465772545366,0.010999907851541127,0.008576941122278258,0.011115144984232312,0.00858441394648157,0.011151726365914673,0.008802548167594881,0.011393538009251407,0.008836708848974672,0.011457213470629344,1.0415735863663755,0.008356419682058023,0.008086702872429284,0.007811998995872852,0.01096432391305688,0.00035058300821843,29,shallow_water,{},10000,13.205180872231722,0.2647286723225135,0.264559792129602,0.0009526529484879175,2.2116493290373604,0.0,no_physics,136
0.008198207115005088,1.044252051268129,0.9522369925497352,0.11892365084757886,2500,0.00012804583820980042,0.01132006410993307,1.0263860762695862,0.3703765095903386,8.165778022186261,0.9900817381732839,0.2699500652143177,4,0.9038847355730443,0.11926946615048996,all_physics_factorial,0.008198207115005088,0.3506811364530434,8.247579676858042,9.167784587596216,1024,all_physics_factorial-shallow_water-resmlp-no_physics-s47-6ab5a6e535,2.20836869292052,0.0002614159936575663,2.254118888135287,2.254118888135287,9.526895370491996,resmlp,0.008683285640065722,0.011244124290270179,335772,1024,16,0.0,0.008464756513528678,0.010940967782851467,0.008501723451289599,0.011019423617319358,0.00866436110599539,0.01120573433855206,0.00881023354446634,0.011386406488420165,0.008858844969068067,0.011487554528084743,1.0499578059346797,0.008375624761718903,0.008082068015750095,0.007756105109065953,0.010916141777610022,0.00034895232697465365,47,shallow_water,{},10000,15.46960200369358,0.2647286723225135,0.264559792129602,0.0009526529484879175,2.2140626038603664,0.0,no_physics,136
0.007074903000775011,1.0518141941474641,0.9510163162236763,0.15649154432801657,2500,0.00010658876271918416,0.010451840800271742,1.0456684085379986,0.5692078394227688,7.059427050560142,0.9919195070029377,0.2699500652143177,4,0.9024511348284313,0.18138355178456475,all_physics_factorial,0.007074903000775011,0.5661635545561833,7.116935397197743,8.01862178469135,1024,all_physics_factorial-shallow_water-resmlp-physics-s11-f00cea5891,2.0768518301108547,0.0002383396516554778,2.1296415992130373,2.1296415992130373,8.411851477033114,resmlp,0.00790569522106044,0.01018260307298914,335772,1024,16,0.0,0.007576372346971718,0.009739709591257051,0.007754278494154974,0.010001251067688632,0.00785848532926654,0.01014131943908654,0.008064877085688413,0.010376985630356711,0.008234962686897915,0.01061575875737969,1.089946128055916,0.007239466604142399,0.007315797146126292,0.007070717602911496,0.01010891570408253,0.0003164286504921274,11,shallow_water,{},10000,11.665542306378484,0.2647286723225135,0.264559792129602,0.0009526529484879175,2.089096471670038,0.0,physics,136
0.007057188503543412,1.0592416709254413,0.9496575546807552,0.17289087645733495,2500,0.00010557188943494111,0.010333037714094356,1.0339854828541581,0.5525358331824323,7.060500495285458,0.994593226939144,0.2699500652143177,4,0.9011598583819915,0.14643193217581,all_physics_factorial,0.007057188503543412,0.5434629139546527,7.09888254217668,7.9998114844555115,1024,all_physics_factorial-shallow_water-resmlp-physics-s29-df32426f44,2.0741540733446744,0.00023804072038995203,2.121753193947036,2.121753193947036,8.345756486406984,resmlp,0.007909399859563893,0.010172747429998116,335772,1024,16,0.0,0.007673576844410244,0.00984146742811949,0.007733138197890717,0.00992760754306905,0.00787943623576006,0.010178824038739409,0.00805937732495958,0.010359919109342421,0.008154472200413647,0.010489979525558212,1.065895873981736,0.0072405152419541055,0.007272583600055311,0.0070313973779754825,0.009815553317586873,0.0003150994516446779,29,shallow_water,{},10000,13.19341530278325,0.2647286723225135,0.264559792129602,0.0009526529484879175,2.0843120736531464,0.0,physics,136
0.007109872290777204,1.051671807570334,0.9518122633242019,0.15917824860524996,2500,0.00010268283949699253,0.010230092806695077,1.0361428043525007,0.5172876823000098,7.12603970173151,0.9963319438727113,0.2699500652143177,4,0.9040147902562654,0.1422372662005579,all_physics_factorial,0.007109872290777203,0.5465243343644947,7.1522746465729234,8.055160915280316,1024,all_physics_factorial-shallow_water-resmlp-physics-s47-3534a2f68c,2.0816266868919113,0.00023563284658277865,2.133542165197494,2.133542165197494,8.444726641137475,resmlp,0.00781788556586272,0.010043069606835452,335772,1024,16,0.0,0.007620755181009285,0.00974451698152791,0.0076421584965625025,0.00980979497200335,0.007765931407972142,0.010000029249189713,0.007993339727952764,0.010259996938646177,0.00806127430902749,0.010389416674704405,1.0661807757530715,0.007307616969115785,0.007225126267645896,0.006962683517332494,0.009770481401973334,0.0003117026412333156,47,shallow_water,{},10000,12.144679492339492,0.2647286723225135,0.264559792129602,0.0009526529484879175,2.092940794098042,0.0,physics,136
0.007934445605712357,1.0328485100696028,0.952421244124943,0.10138471407624633,2500,0.00011728880053851753,0.00948149791463579,0.9098901016500617,-0.23175746263459207,7.835123222789218,0.981625510821541,0.2699500652143177,4,0.9017262482599496,-0.11091256660825405,all_physics_factorial,0.007934445605712357,-0.26650323430012157,7.981784434505837,8.878033017898659,1024,all_physics_factorial-shallow_water-silu-no_physics-s11-e5649ad158,2.178896821841109,0.0002482122437720393,2.2297826028427696,2.2297826028427696,9.297844535832272,silu,0.008292029219329327,0.011079867009853065,334852,1024,16,0.0,0.00882062674274107,0.011936869470501859,0.008456995762009872,0.011322868978383109,0.008705039117619115,0.011682868967689712,0.008088796377155451,0.010713981461999113,0.007576734004561884,0.009980992911815454,0.836148282971534,0.008035727890146263,0.007427127634079173,0.0064358401395392,0.013375697471289192,0.0003393829629688666,11,shallow_water,{},10000,11.117383938282728,0.2647286723225135,0.264559792129602,0.0009526529484879175,2.1846965796587874,0.0,no_physics,256
0.007936801336936174,1.050155802684004,0.9536275748171111,0.1381005583470424,2500,0.000116925839392934,0.009472214768711506,0.9107786923559753,-0.15063865944199134,7.859663393294467,0.984531956618256,0.2699500652143177,4,0.9020651326881478,-0.10473551158715397,all_physics_factorial,0.007936801336936174,-0.26523296125098345,7.98314705831533,8.880733857320642,1024,all_physics_factorial-shallow_water-silu-no_physics-s29-788daf0534,2.179511316699816,0.0002479887778171255,2.2308513096635174,2.2308513096635174,9.307786570520975,silu,0.008284550034397082,0.011060367067170453,334852,1024,16,0.0,0.008773445728348525,0.01185998758205644,0.00844260533213789,0.011299717259926475,0.008687933976087263,0.011650544708504415,0.008094847118315983,0.010714460331661332,0.007562531165608426,0.00996341850088584,0.8400867565797444,0.008061226522028266,0.007420250525333541,0.006421440598000129,0.013174061641397502,0.0003388358109441039,29,shallow_water,{},10000,9.714411206543446,0.2647286723225135,0.264559792129602,0.0009526529484879175,2.185966391923936,0.0,no_physics,256
0.007964877103062748,1.0425922162473271,0.951731252358206,0.12240553027322795,2375,0.00011268202069913968,0.009379636070324809,0.915485872830061,-0.13504896156899887,7.889500907324762,0.9847378089570491,0.2699500652143177,4,0.9021210616022465,-0.10025551417995851,all_physics_factorial,0.007964877103062748,-0.22417521994134892,8.011778196757422,8.910377485730455,1024,all_physics_factorial-shallow_water-silu-no_physics-s47-54b0c92034,2.182242652564492,0.0002442398284944565,2.226636806803695,2.226636806803695,9.268641555614016,silu,0.008157261555850209,0.010855628512020175,334852,1024,16,0.0,0.008620606554278452,0.011621450078939024,0.008289156417132106,0.011071634862443705,0.008536970167290454,0.011422253526985119,0.007999421075766207,0.010543911069546736,0.007487820258311875,0.009822030819461097,0.8451639642854101,0.00809174060766912,0.007312960669769271,0.006363529039964603,0.012869714269301048,0.0003326870499000579,47,shallow_water,{},10000,12.791857052594423,0.2647286723225135,0.264559792129602,0.0009526529484879175,2.188382468681243,0.0,no_physics,256
0.007138197214827211,1.061595699749354,0.9516006616433463,0.17326783894213574,2500,3.586336970329285e-05,0.005795341999681972,0.9747473930894034,-0.22547394520204483,7.167338387132749,0.9981955775131259,0.2699500652143177,4,0.9046793444881409,-0.07049343752235175,all_physics_factorial,0.007138197214827211,-0.31394524265074025,7.180294672301832,8.068588149133145,1024,all_physics_factorial-shallow_water-silu-physics-s11-1e700666f9,2.085043166311184,0.00014261564222543653,2.132135669496951,2.132135669496951,8.432857395307416,silu,0.004703759170207478,0.005972673660327899,334852,1024,16,0.0,0.004738937072253733,0.0060192324516011924,0.004751033706996705,0.0060465004944121456,0.0047884911170761905,0.006092701839873439,0.004710352975026234,0.0059748085507851266,0.004601850575851284,0.005836547740804367,0.9696498328872099,0.007349887537347221,0.004307609279620869,0.004244179535243653,0.0052902866466369245,0.00018758362732486535,11,shallow_water,{},10000,10.097972709685564,0.2647286723225135,0.264559792129602,0.0009526529484879175,2.096797624991319,0.0,physics,256
0.007147060744989231,1.0524127773544736,0.951640031761089,0.15507360435591158,2500,3.582919453037903e-05,0.0057896708705887125,0.9751105008269917,-0.2143889902634035,7.143415111004854,0.9935114352469916,0.2699500652143177,4,0.9037894196341071,-0.06904403744367356,all_physics_factorial,0.007147060744989231,-0.2987022454581217,7.190068334974894,8.076942289220755,1024,all_physics_factorial-shallow_water-silu-physics-s29-23fecbf883,2.086283235465769,0.0001425574595974699,2.136882961736983,2.136882961736983,8.47298603616808,silu,0.004702481677687245,0.005970612766212254,334852,1024,16,0.0,0.004730596874280559,0.00600723135804379,0.004749378238836319,0.006041706668236927,0.0047808742021758594,0.0060845878548752225,0.004707989443519115,0.005968802633084196,0.004601554567482032,0.005832547944157656,0.9709211442885033,0.007325066396224069,0.004301599126085087,0.0042343642338899985,0.005280086472694701,0.00018745048620769455,29,shallow_water,{},10000,9.822758482769132,0.2647286723225135,0.264559792129602,0.0009526529484879175,2.0968401832735397,0.0,physics,256
0.007142980385515604,1.0551460066837552,0.9516844873588717,0.17082548413918888,2500,3.548864697222598e-05,0.005776560596368411,0.9772346998599934,-0.1647504561853157,7.150400416864184,0.9951122950418791,0.2699500652143177,4,0.9055612415609026,-0.06316038284099848,all_physics_factorial,0.007142980385515604,-0.2741893574315142,7.185521124089076,8.072376228993559,1024,all_physics_factorial-shallow_water-silu-physics-s47-afd43bc509,2.085820464869892,0.00014186435019399997,2.1361688295972026,2.1361688295972026,8.466937140852714,silu,0.004679388061720659,0.0059399638226965475,334852,1024,16,0.0,0.004704351474823246,0.005973786265511535,0.004719802899998428,0.0060062005371472995,0.0047539647527946515,0.006049568901740525,0.004683345257381656,0.0059419330735262154,0.0045881656612532865,0.0058156724080712305,0.9735320531380336,0.007332357393675556,0.004285987558884968,0.004226898295821379,0.005238613745032335,0.00018651644452559617,47,shallow_water,{},10000,10.423523060977459,0.2647286723225135,0.264559792129602,0.0009526529484879175,2.0968988943709075,0.0,physics,256
0.008227413606700673,1.038035451152794,0.9475827627131495,0.09852437012731563,2500,0.00014764806837774813,0.012117616583573205,1.0270597756220856,0.31026730370102096,8.153010042293493,0.9849424234854968,0.2699500652143177,4,0.9275078409009667,0.11443226521708029,all_physics_factorial,0.008227413606700673,0.331277358558043,8.27765141178686,9.204142943544454,1024,all_physics_factorial-shallow_water-swiglu-no_physics-s11-c26a1bfa20,2.2134706274413105,0.00027826803468279074,2.25204665302203,2.25204665302203,9.50717382420471,swiglu,0.00922197739782607,0.012128911072531383,334746,1024,16,0.0,0.009021686431260476,0.011764531238733448,0.009064006065420486,0.011957546308090594,0.00914222881966652,0.011988829059112102,0.009296549372247826,0.012147646141447059,0.009411328473955665,0.012326003990789616,1.0477258924016946,0.008359996010278618,0.008593603306014448,0.008227495825198754,0.011818761070093867,0.00037812442170494253,11,shallow_water,{},10000,19.595361040905118,0.2647286723225135,0.264559792129602,0.0009526529484879175,2.2137596558088353,0.0,no_physics,122
0.008228137050509917,1.0251564464275766,0.9502282582396564,0.07774342187611757,2500,0.00014790719433221966,0.012122482884951954,1.0265477243270231,0.27273752977392707,8.156791118346842,0.9851552489017623,0.2699500652143177,4,0.9241799189018152,0.11120478238323436,all_physics_factorial,0.008228137050509919,0.3017173306630427,8.279701222157549,9.206358579979055,1024,all_physics_factorial-shallow_water-swiglu-no_physics-s29-0862047855,2.214375995793219,0.00027855714861993176,2.2523463735702265,2.2523463735702265,9.510023999367199,swiglu,0.00923002061376507,0.012148413787497056,334746,1024,16,0.0,0.009037777613578194,0.011791042994896776,0.00905089494682615,0.011947252447018929,0.009164902748516265,0.012016897927264961,0.009291126732181004,0.012137474710524796,0.009410089186145424,0.012332195481913562,1.0458952178574024,0.008365756813911718,0.008606232184838917,0.008231488472024158,0.011851793541147536,0.0003788734511118949,29,shallow_water,{},10000,20.324880711734295,0.2647286723225135,0.264559792129602,0.0009526529484879175,2.2130443037124703,0.0,no_physics,122
0.00816076054547445,1.0320495356174442,0.9507884606957122,0.09465821919032973,2500,0.00014474938507191837,0.012053328763937044,1.0306079716828611,0.2695964675237843,8.08398308948026,0.9845703628642123,0.2699500652143177,4,0.9270804748313908,0.12200731126171231,all_physics_factorial,0.00816076054547445,0.30845767246620415,8.210670759947675,9.136880668724608,1024,all_physics_factorial-shallow_water-swiglu-no_physics-s47-9e6046d623,2.206932071509641,0.00027603944038972117,2.252635714744986,2.252635714744986,9.5127757897268,swiglu,0.009143947160320085,0.012006943415739406,334746,1024,16,0.0,0.008920452847735653,0.01161870722468843,0.008940676269498057,0.011770752708092259,0.009056301544525636,0.011848385092954395,0.00923030785737621,0.012065079159764989,0.009354597212463798,0.01225551049201272,1.0548084442622976,0.008290754258272774,0.008538033733823664,0.008201035597850794,0.011608041025260592,0.0003746535424266537,47,shallow_water,{},10000,24.31554946862161,0.2647286723225135,0.264559792129602,0.0009526529484879175,2.2054094704593314,0.0,no_physics,122
0.006996226199651799,1.052383771372976,0.9499906573030695,0.15367670856877189,2500,0.0001417915045749396,0.012090447865190979,1.046450424535875,0.5322951344876098,6.987086388147401,0.9927293457492422,0.2699500652143177,4,0.9018905506058271,0.1740446968206852,all_physics_factorial,0.006996226199651799,0.5608592911808883,7.038259136858738,7.952970127320883,1024,all_physics_factorial-shallow_water-swiglu-physics-s11-75a9a4c0d4,2.0666105511664163,0.0002740704618306102,2.1191617754210283,2.1191617754210283,8.3241570626213,swiglu,0.009076153325001191,0.011792477004868157,334746,1024,16,0.0,0.008758330963842804,0.011325956392322483,0.008846006331339121,0.011499689063689388,0.008980933631766221,0.011689013220006128,0.009286291933729738,0.012058954213770286,0.009434613416693884,0.012307870335148187,1.0866958964711637,0.0071646447446553,0.0084362462826302,0.008184903381657244,0.011551339281412167,0.0003677161775573896,11,shallow_water,{},10000,19.383311234414577,0.2647286723225135,0.264559792129602,0.0009526529484879175,2.0796728432176605,0.0,physics,122
0.00701860296889303,1.050629801842185,0.9503328726220945,0.15678920275731348,2500,0.00014237177674658597,0.01210288922633072,1.0460933594731856,0.5380702316446351,7.006921282093887,0.99239243842585,0.2699500652143177,4,0.9031398989000033,0.1712226079143123,all_physics_factorial,0.00701860296889303,0.5542187835276446,7.060635501423596,7.97336943866833,1024,all_physics_factorial-shallow_water-swiglu-physics-s29-7dbb76d391,2.0695347244611364,0.0002746177385129678,2.1178927378911285,2.1178927378911285,8.313600114590805,swiglu,0.009092248992604761,0.01180462079238212,334746,1024,16,0.0,0.00878643739996131,0.011338305894286086,0.008868538335956955,0.011519894681592134,0.008990109551000592,0.011695880903544141,0.009299810029926702,0.012064442766134591,0.009447697769193656,0.012320878720062918,1.0866595799176664,0.007185861380081899,0.008449209908593925,0.008206671465888306,0.011584213788772271,0.0003682563257943059,29,shallow_water,{},10000,15.012666542083025,0.2647286723225135,0.264559792129602,0.0009526529484879175,2.0810522138406067,0.0,physics,122
0.006990477870093037,1.0529686628320443,0.9492133651287044,0.1556364441027108,2500,0.00014193377865012735,0.012094239502069507,1.0469321582159254,0.5082823752280926,6.984661711940928,0.9932338309603875,0.2699500652143177,4,0.9022746857716316,0.1739499476968743,all_physics_factorial,0.006990477870093038,0.548717008797654,7.032243057193541,7.944795319259384,1024,all_physics_factorial-shallow_water-swiglu-physics-s47-e882bf673b,2.065723244214026,0.00027388897543342627,2.115764846737018,2.115764846737018,8.295928894402355,swiglu,0.009067770710613092,0.01179725483489197,334746,1024,16,0.0,0.008738363580681441,0.011318249702944082,0.008838836012050127,0.011499289559009002,0.008969747505541796,0.01168788922600258,0.009283721335448525,0.012083415888822318,0.009438527020636191,0.01231772527707257,1.088306549189183,0.007162391093211747,0.008434581891040061,0.008178453489354188,0.01160865573908408,0.00036806384628029147,47,shallow_water,{},10000,17.356953594833612,0.2647286723225135,0.264559792129602,0.0009526529484879175,2.0782689040154736,0.0,physics,122
0.0012988231321734937,2.23976598666026,0.9203497819743427,0.8452741890780343,1500,0.00044486307888291776,0.02047048997610502,1.0134682277225813,0.29701773202769144,0.22195792788713858,0.6999509506775923,1.8886486550124917,4,0.916298087380848,0.019696921268149627,allocation,0.0012988231321734937,0.15569966606465915,0.317104973816052,0.6367028912596093,1024,allocation-controlled-silu-aligned-s11-dc8297e03b,0.2724417655350826,0.0040160133805416135,0.1542251321093685,0.1542251321093685,1.0689319057928754,silu,0.016187915564960995,0.021083710990293752,270092,1024,16,0.0,0.016553097011480854,0.02136882670730409,0.01588248704744545,0.020536911496535963,0.016698276501473524,0.02139162826191428,0.016131936306614494,0.021255989782539113,0.01653138160216413,0.021500024919167027,1.0061397012414393,0.0016760998115690443,0.03831455646551665,0.03671018307055367,0.06193896939141339,0.005293641904167201,11,controlled,{},50000,5.6953882034868,1.4297525516694405,1.3341078372052204,0.0040220989499685725,0.11626249509488118,0.37109375,aligned,256
0.0014066136980406276,2.0986505450411195,0.9093063145017527,0.8117457844574779,1500,0.0004977892385795712,0.02314426390942635,1.0848406411775333,0.22352801883244416,0.24229043572588357,0.7394651387561519,1.8886486550124917,4,0.9082406591661297,0.20826827480151633,allocation,0.0014066136980406276,0.032855214219297615,0.3276563329725567,0.6460357164310182,1024,allocation-controlled-silu-reverse-s11-80e2ec66fd,0.2847397310316404,0.004211083796448435,0.17588451580024064,0.17588451580024064,1.0660021679369809,silu,0.01704775943544544,0.022266968924009395,270092,1024,16,0.0,0.01565165949702672,0.02042818325561311,0.01630614225176398,0.021167253727283078,0.017440691442758605,0.022648682477000154,0.017776230714426817,0.023401401129591656,0.018678170498339162,0.024076093993079965,1.178572450218475,0.0019700123371839654,0.04104364489920379,0.03918638152223296,0.06736267749142685,0.005545045014518623,11,controlled,{},50000,6.011407643556595,1.4297525516694405,1.3341078372052204,0.0040220989499685725,0.11950464168767146,0.404296875,reverse,256
0.0013388213988209958,2.1738333511460612,0.9162101356416685,0.8282701523496172,1500,0.0004657288664020598,0.021564322347262688,1.0431654327966466,0.2492471201125489,0.22755621235737758,0.7083850089990119,1.8886486550124917,4,0.9137945953301145,0.10798114405264286,allocation,0.0013388213988209958,0.11352735408769042,0.32123239406057924,0.6407260258460017,1024,allocation-controlled-silu-shuffled-s11-2a1153c0c6,0.27670199777155646,0.004103872360127349,0.15555443674987954,0.15555443674987954,1.067921420325522,silu,0.01655833372120314,0.021556657428093113,270092,1024,16,0.0,0.015898489568069413,0.020604921663512653,0.016232030357688235,0.020934317175893568,0.01709617351869817,0.02203336415790228,0.01685824743841831,0.02220578312528574,0.017390081665080236,0.022598838874016525,1.0967689779687304,0.0017730197791381492,0.03940537013420884,0.03765233134120323,0.06415047318302416,0.0054005751206783244,11,controlled,{},50000,8.262832520529628,1.4297525516694405,1.3341078372052204,0.0040220989499685725,0.12108005914752554,0.3681640625,shuffled,256
0.0013620381698606556,2.134756274839112,0.913524635604478,0.8233729369322651,1500,0.00048659247113391757,0.022124036717433224,1.0463439237592855,0.26385758660556335,0.2326716122949755,0.7189370046932683,1.8886486550124917,4,0.9106852412279838,0.11039201639725339,allocation,0.0013620381698606556,0.10259146341463414,0.32363282287054335,0.6466139027738336,1024,allocation-controlled-silu-uniform-s11-5566a72cc2,0.2800414231016424,0.004187349695618428,0.15623205979030363,0.15623205979030363,1.0677159807717793,silu,0.01692186560608135,0.02202641056790647,270092,1024,16,0.0,0.016429894959521872,0.02140873779950841,0.016433397746799475,0.02116264854037972,0.017529668617379392,0.0224951586150065,0.017147170715895707,0.022630177877440733,0.017898934526006643,0.023079287338765783,1.0780312017878855,0.0018454028882805766,0.04047518117403222,0.03878556982517514,0.06579068417256384,0.005499152788936004,11,controlled,{},50000,5.458741704002023,1.4297525516694405,1.3341078372052204,0.0040220989499685725,0.11605419782235307,0.39453125,uniform,256
0.02316025511230719,0.9959097097360807,0.8790944404742236,0.020313293487590298,2500,0.00015751042519696057,0.011752372742700053,1.0097021208849981,0.3087364711454082,115.27930415438965,0.8211080892780734,0.07454193556229939,4,0.5637028597403969,0.04062895626206995,main,0.023160255112307192,0.3589718524247192,140.3947977856903,141.33797444551743,1024,main-ac_power-fourier-default-s11-e33ad9402b,4.656738134474941,0.00025813290730822345,4.560347923852229,4.560347923852229,95.61674144725737,fourier,0.009518258940286904,0.012407747427894791,271518,1024,16,0.0,0.009490879897303408,0.012459762709311824,0.009242478765161198,0.012188442899694648,0.009572810184470421,0.01255865087046324,0.009762868525215443,0.012723619794564494,0.00961890354947249,0.012550677491085545,1.0072966704017385,0.02331900140665684,0.026228712208070163,0.02414619329532061,0.046682252163583224,0.0003818236645913409,11,ac_power,{},50000,11.779980732128024,0.06521419469836762,0.06439199901123416,0.00018916086920960572,4.643847119660464,0.0,default,125
0.02080998668131133,1.0432402946173347,0.8849938875414449,0.044130136435162004,2375,0.00012925165356136858,0.010820046934196097,1.0282678270759043,0.4597066484656851,103.20079877356595,0.821717303602086,0.07454193556229939,4,0.5745868380546154,0.04693100234246477,main,0.02080998668131133,0.3345305682712252,125.59160957323664,126.52506422939464,1024,main-ac_power-fourier-default-s29-8502f7f2e3,4.559443859618806,0.00024070724776775184,4.465142112121301,4.465142112121301,86.93338304302878,fourier,0.008722743085786584,0.011362033944594766,271518,1024,16,0.0,0.008840138786661782,0.011410203400698603,0.008538895087900253,0.011296138124108922,0.008676233927416168,0.011410835363826512,0.008450636346791598,0.010720758721599373,0.008961624876361948,0.011550264759191834,1.0122750974346921,0.020998786828972132,0.02328861414794941,0.021617245630592044,0.04045231392936495,0.00036141969911530604,29,ac_power,{},50000,12.33837442100048,0.06521419469836762,0.06439199901123416,0.00018916086920960572,4.54791351366168,0.0,default,125
0.021336362262765106,1.013025290418346,0.8816311943418952,-0.010463307345683428,2500,0.00013444767682813108,0.010950937769110079,0.9986845613178322,0.4342382749926871,106.48320163222766,0.8277880637835042,0.07454193556229939,4,0.5690195275057919,-0.04193878075602603,main,0.021336362262765106,0.40633874767541656,128.63582635576245,129.5896285175237,1024,main-ac_power-fourier-default-s47-c3b05778dc,4.583268216448064,0.00024420611066907277,4.483867386646262,4.483867386646262,88.5765710304739,fourier,0.008974734840482225,0.011659345843826122,271518,1024,16,0.0,0.00934789197376077,0.012317993953692659,0.00938741943496945,0.012652729979019848,0.008516367036951196,0.01093483957671871,0.008751742119786103,0.011340035594767615,0.008983160878413228,0.011540805975530775,0.936906286763609,0.021667641476971925,0.023028226684961458,0.02140728187257046,0.03992512965791261,0.00036098463617579424,47,ac_power,{},50000,15.558551903814077,0.06521419469836762,0.06439199901123416,0.00018916086920960572,4.574383576590761,0.0,default,125
0.001832878015622394,1.0248535374633791,0.9001426451719824,0.029304312549173876,1500,6.448272870329674e-06,0.0023046838746516264,1.0050132352310372,-0.20144307782312543,9.431683357350723,0.8173691292832226,0.07454193556229939,4,0.6212224707828922,0.022217194317287747,main,0.001832878015622394,-0.1693972176525284,11.539074598549702,12.427256608113872,1024,main-ac_power-ganr-default-s11-69b41b0b47,2.3083675423562364,5.273272971319817e-05,2.1795297341538546,2.1795297341538546,8.842149352708372,ganr,0.0018961279874728121,0.0026291763254307414,273662,1024,16,0.0,0.001837365437823155,0.002496215355864224,0.0018303260758230182,0.0024858657605736777,0.001891668920940752,0.0026209095587865286,0.0019633734524175223,0.0027168840173060166,0.001895198895448079,0.002588141833557019,1.0368263409151928,0.0017930747214829172,0.0063733004951907115,0.00518880672813153,0.014474321473358186,8.405986746059103e-05,11,ac_power,{},50000,42.13850989751518,0.06521419469836762,0.06439199901123416,0.00018916086920960572,2.3120965566598604,0.0,default,115
0.0017791123687437402,1.0160831509464783,0.8992676233944148,0.024433203991130817,1500,5.54343796466128e-06,0.0021655574204904947,0.9979242561042848,-0.26063434135198005,9.177652687997716,0.8178238061954671,0.07454193556229939,4,0.6207421405779487,0.03462138348472927,main,0.0017791123687437402,-0.18740694961018523,11.222041494111478,12.105188105168757,1024,main-ac_power-ganr-default-s29-482735294a,2.2808898955662977,4.958037063319775e-05,2.160796537420878,2.160796537420878,8.678049942623403,ganr,0.0017969094017218027,0.002447487194605223,273662,1024,16,0.0,0.001703815393551485,0.0022372052632880068,0.0017269774827068608,0.0023017516446024737,0.0018503090447543242,0.002606625421881592,0.0018224222753295554,0.0024312497316451515,0.0017668819487058974,0.0023404748884422763,1.0461601028966359,0.001738782556107529,0.005480570464829151,0.004863196065326765,0.010656758961242687,7.60021105687322e-05,29,ac_power,{},50000,42.98685980960727,0.06521419469836762,0.06439199901123416,0.00018916086920960572,2.287200140703596,0.0,default,115
0.0018140986801842129,1.028762059367523,0.9009874078534652,0.03857269463915313,1500,5.813321877212729e-06,0.002236505071995089,1.0041085027186445,-0.15962028666545947,9.400235040569678,0.8226900242002532,0.07454193556229939,4,0.6223849239608762,0.010622038391388313,main,0.0018140986801842129,-0.213418199252557,11.426217365049197,12.311401258333092,1024,main-ac_power-ganr-default-s47-491a950090,2.2996938717330706,5.203885709287306e-05,2.1676612485328914,2.1676612485328914,8.737824709358899,ganr,0.0018451766015668474,0.0024855538811616915,273662,1024,16,0.0,0.0018159230880552837,0.0023554573441262492,0.0017891396933909377,0.002339654902807004,0.0018296607685885158,0.002457475176304353,0.001874479461911265,0.00252209171130863,0.0018344624751778357,0.002460034144923304,1.044397662754469,0.0017852826627887777,0.005885675277530067,0.005241542393758684,0.011176695939989295,8.019479650556827e-05,47,ac_power,{},50000,44.09759372100234,0.06521419469836762,0.06439199901123416,0.00018916086920960572,2.3010407517737126,0.0,default,115
0.0016727378174629039,0.9962776150827468,0.8767751283020597,0.008071780452042057,2500,3.8402438804041594e-05,0.005691094883477649,0.9880364649462586,-0.10875875806159546,8.477554791498276,0.7973685084677927,0.07454193556229939,4,0.6285291779415711,0.00616898603461841,main,0.001672737817462904,-0.05158469530076532,10.631915734656458,11.669217913230167,1024,main-ac_power-gelu-default-s11-45fd083da7,2.2220500865237627,0.00013092330275602535,2.07644801024607,2.07644801024607,7.976089757768235,gelu,0.004716465302219985,0.006170578754914967,272402,1024,16,0.0,0.004715027083599451,0.006066293667212482,0.00487615905837772,0.006368617479933055,0.004897597067836421,0.006419594873043806,0.00495430871809149,0.006535109538862529,0.004766039348143022,0.006225043713217968,1.0261691989729262,0.0015931209774417282,0.009693723296845484,0.009154261083157627,0.016233452711675627,0.00019645406792046386,11,ac_power,{},50000,12.718516539782286,0.06521419469836762,0.06439199901123416,0.00018916086920960572,2.226976537905162,0.0,default,256
0.002014330338635056,1.0062854854180705,0.8854690502052753,0.011691346738430726,2500,3.749051393242553e-05,0.005626387406301261,0.9861142175146647,-0.060230390996085854,10.101335488471427,0.8054629941349651,0.07454193556229939,4,0.651705458919682,1.0605911594306557e-05,main,0.0020143303386350557,-0.04438487947929332,12.541029894638248,13.22000248051138,1024,main-ac_power-gelu-default-s29-f79dd48a65,2.3928622867202636,0.00012933778118968056,2.246836387295529,2.246836387295529,9.457767995487234,gelu,0.004668767617917699,0.006096212837813301,272402,1024,16,0.0,0.004683121440802087,0.00599657573971112,0.004799251048806663,0.006263134320282814,0.004861868193716157,0.0063564278548010385,0.004881022561993005,0.006415778778769918,0.0047116515896086205,0.006144717303621327,1.0247043596780023,0.001956966619154381,0.009690548699211769,0.009142956928422041,0.01646505475282888,0.00019360822916509175,29,ac_power,{},50000,12.950997043401003,0.06521419469836762,0.06439199901123416,0.00018916086920960572,2.392921472218724,0.0,default,256
0.001585099117389519,0.9670003480223462,0.8662283903420087,-0.022387313586295688,2500,3.805661981459707e-05,0.005672834089034842,0.9873367975182235,-0.18350211029237645,7.965443725267326,0.785544899445738,0.07454193556229939,4,0.6253140659340564,9.957710464201414e-05,main,0.001585099117389519,-0.12366711966239895,10.140023480373376,11.21020127307888,1024,main-ac_power-gelu-default-s47-bc75a8a7cc,2.1682077725529494,0.00013106639088499605,2.0186410878483425,2.0186410878483425,7.528089443425062,gelu,0.004717557666200168,0.006157111813759826,272402,1024,16,0.0,0.004719764127283492,0.006050537316607026,0.00487557267754277,0.006360042349216404,0.004888066723962245,0.006387372120060825,0.004931631045720866,0.006492487178669929,0.004769201626217528,0.006203258746436623,1.0252409698243525,0.0014909366447544321,0.009700426340681112,0.00916149230721263,0.016294892128294002,0.0001963643089232489,47,ac_power,{},50000,9.514330739155412,0.06521419469836762,0.06439199901123416,0.00018916086920960572,2.171584276980202,0.0,default,256
0.0020291015502778616,1.0458125774490548,0.8822271480510167,0.056359948322723695,2500,4.8192086978815496e-05,0.006536147785231259,0.9929900712757086,-0.1043013748241423,10.133321910791805,0.8067118315438822,0.07454193556229939,4,0.6417533837679967,0.00972365397682569,main,0.0020291015502778616,0.010080779271868965,12.5612660116794,13.292767099281225,1024,main-ac_power-relu-default-s11-bb990f1795,2.385518247155461,0.0001464907902102709,2.2493334617610534,2.2493334617610534,9.481414551080874,relu,0.005374166906863137,0.0069362757269429915,272402,1024,16,0.0,0.0054943881086246165,0.006983572356226591,0.005463721430237886,0.00698150237182296,0.005470743317990422,0.007108003734619338,0.005531475958501648,0.007145251141200772,0.005387249260754999,0.006954391453733744,0.9958214934986921,0.00199084503156349,0.012446621407719353,0.01173512942031316,0.020714860026960564,0.000214979330795075,11,ac_power,{},50000,12.140403259545565,0.06521419469836762,0.06439199901123416,0.00018916086920960572,2.3892356545262614,0.0,default,256
0.0019616081360987496,0.9830947216383114,0.8781869606361047,-0.04089641745940919,2500,4.8711914132582024e-05,0.006478436025865251,0.9835349461368967,-0.04005237425304006,10.094631155183974,0.8146378553500507,0.07454193556229939,4,0.6145971294097157,-0.0026770930190973463,main,0.0019616081360987496,0.023660548244045485,12.391556676243951,13.518131899275492,1024,main-ac_power-relu-default-s29-b2d574987e,2.356175642310509,0.0001473769870120009,2.210313323817297,2.210313323817297,9.118573803884724,relu,0.005407811155662455,0.00697580200125599,272402,1024,16,0.0,0.005472912230552771,0.0069586722959450445,0.0054838197882128336,0.0070384342681256325,0.005494277610268149,0.007119268484977007,0.0055367602608178915,0.007156853873635226,0.0053643861740638515,0.006909220200156022,0.9928934581647365,0.0019236083782370535,0.012431545795298381,0.011724103767158815,0.020647527270008865,0.0002159765678393272,29,ac_power,{},50000,9.34924959950149,0.06521419469836762,0.06439199901123416,0.00018916086920960572,2.3572117938390207,0.0,default,256
0.002053462838874394,1.0240642987520008,0.893704798330339,0.03266206145840784,2500,4.9016693083103746e-05,0.006537887328266572,0.9901898320884118,-0.07154378682564667,10.515444175993162,0.8199035672293504,0.07454193556229939,4,0.6284120653153112,0.007586736016737,main,0.002053462838874394,0.034869465703454686,12.82522066775164,13.798354973928644,1024,main-ac_power-relu-default-s47-51274c471e,2.406243805596323,0.0001480713308807562,2.267387553672056,2.267387553672056,9.654148230296906,relu,0.005428764793357159,0.0070044206322363925,272402,1024,16,0.0,0.005503153107061902,0.00701043830765916,0.00554917467287996,0.007103299919400769,0.005448289055637517,0.007103539187106065,0.0055680053816560835,0.00717783811677131,0.0054022161264652944,0.006957107934274947,0.9923927191077414,0.0020319424258101577,0.01257676995077343,0.011849279962512126,0.02089251986292431,0.00021713216480624198,47,ac_power,{},50000,10.002854024991393,0.06521419469836762,0.06439199901123416,0.00018916086920960572,2.4157384589861075,0.0,default,256
0.0019099484561330565,1.0347096026150644,0.8902785471448974,0.0296157731921894,2375,1.1722770068445243e-05,0.0030661596381753,0.9636195298120714,-0.05287431572202643,9.912772619446816,0.8237840629065695,0.07454193556229939,4,0.6136600013750455,-0.07558687906802088,main,0.0019099484561330565,-0.05369076782776625,12.033217278410842,13.03517676443531,1024,main-ac_power-resmlp-default-s11-01870aab05,2.333728689290128,7.134730565042154e-05,2.1920688660740733,2.1920688660740733,8.953718027781758,resmlp,0.0025989257908623988,0.0034397439145450242,272466,1024,16,0.0,0.0026718969672197995,0.003515529692679425,0.0026934330532947057,0.0035570367926269168,0.002663861752431623,0.003501153408598862,0.0025284618323346895,0.003349203233786839,0.002501710212244132,0.0032798415715819197,0.9329580058480829,0.0018842334992439666,0.007014156477682877,0.006501424965901316,0.012411360325729943,0.00010839916539558054,11,ac_power,{},50000,11.53101167269051,0.06521419469836762,0.06439199901123416,0.00018916086920960572,2.334415991637794,0.0,default,129
0.0017994898674070904,1.0286780041388526,0.8863074596501801,0.027951695604749298,2500,1.1620817531365901e-05,0.0031212803565416067,0.9742312612848611,-0.11396553885584544,9.39255543666127,0.8247023239299415,0.07454193556229939,4,0.6058489197205569,-0.014481439095915885,main,0.0017994898674070904,-0.04733632921464844,11.389025062889441,12.359717235541478,1024,main-ac_power-resmlp-default-s29-8a81450e07,2.274423610659505,7.210870541903042e-05,2.1453217089228307,2.1453217089228307,8.544789751098424,resmlp,0.0026160071167771457,0.0034513590963573273,272466,1024,16,0.0,0.002563125967838993,0.00337985714851246,0.002636532058372585,0.003475588029691235,0.0027581056970846763,0.00360118269838214,0.0025842381257814616,0.0034102798054312174,0.002565290579853803,0.0033967234096717626,1.0049902290002777,0.0017697094873824883,0.007109388949047431,0.006604549275489657,0.01263156408851925,0.0001084901506145138,29,ac_power,{},50000,14.314798686653376,0.06521419469836762,0.06439199901123416,0.00018916086920960572,2.2715501676873533,0.0,default,129
0.001843561046401613,1.0303840056594669,0.8844972829198902,0.02042003433230813,2500,1.221697311848402e-05,0.003340847709105196,0.9978972021680493,-0.12433731247649427,9.583164907489701,0.8236666892909302,0.07454193556229939,4,0.6110091582534947,-0.00778422501966955,main,0.001843561046401613,-0.10048919068736141,11.634760798375321,12.593027176616097,1024,main-ac_power-resmlp-default-s47-8a12fe92c9,2.295910863026417,7.427507488521801e-05,2.163568494936941,2.163568494936941,8.702141613700867,resmlp,0.0026863807694637964,0.0035573528265646697,272466,1024,16,0.0,0.0027279050070476065,0.0036680627972368375,0.0027510961791969725,0.0036052027089729546,0.0028297873678688277,0.0036871004009803683,0.0026544371131888085,0.0034266929140263484,0.0027458869692111323,0.003686568426418618,1.0050450688019086,0.0018158202055671587,0.00804092645435903,0.007051396962456436,0.015751631436331744,0.00011274715375733855,47,ac_power,{},50000,13.769476799294353,0.06521419469836762,0.06439199901123416,0.00018916086920960572,2.298578321408188,0.0,default,129
0.001730188778607685,1.0466627941406605,0.8692990125721107,0.019660074386667618,2500,4.403495040605776e-05,0.005760054174592989,0.9703099373446062,-0.2296597066484657,9.005666501255762,0.8264008757888797,0.07454193556229939,4,0.6432611185515726,0.004314873757241971,main,0.001730188778607685,-0.08320556693011945,10.897455175926552,11.824981689805027,1024,main-ac_power-silu-default-s11-8668979497,2.245456536250754,0.00013668933413750405,2.086645446385184,2.086645446385184,8.057839325487706,silu,0.0049347909951202055,0.006642174382500967,272402,1024,16,0.0,0.004944201762829983,0.006543649238087759,0.005050958151495514,0.0067825532264886605,0.005229637701663821,0.0069764198585009485,0.005163815103881773,0.007031044557009948,0.004829451464867948,0.006578814213412737,1.0053739089681484,0.00172293163089659,0.00835948829506517,0.007792368166516513,0.01453290656942836,0.00021104791727352963,11,ac_power,{},50000,9.303652768954635,0.06521419469836762,0.06439199901123416,0.00018916086920960572,2.2453244840558835,0.0,default,256
0.0016808102472476707,1.0174959595145197,0.8757389683228916,-0.017340508994349472,2500,4.3086187361041084e-05,0.005698706311796765,0.9708413926188753,-0.14579682690030785,8.537325999211527,0.805583981600644,0.07454193556229939,4,0.6466887835515025,0.0033420244438881336,main,0.0016808102472476707,-0.10551566635076175,10.597685895204128,11.467392394994498,1024,main-ac_power-silu-default-s29-1c6da38ecb,2.2260507874967157,0.00013530599722300036,2.0778082712053907,2.0778082712053907,7.986945733183433,silu,0.004894340330929815,0.006576937394322614,272402,1024,16,0.0,0.004885586375912485,0.006453939007155865,0.004978812562256808,0.006685034851581479,0.00517773147604996,0.006921504666280795,0.005084570370855232,0.006928400877568318,0.0047848556147382865,0.006494593738840144,1.0062992122545942,0.0016336031057264202,0.008523792673778305,0.007966485248338737,0.01490466959903205,0.00020816492113947163,29,ac_power,{},50000,13.176626928150654,0.06521419469836762,0.06439199901123416,0.00018916086920960572,2.2276618982817014,0.0,default,256
0.0015771570832454488,1.0093032213074007,0.8698125478179529,-0.006505022441170159,2375,4.410475230542943e-05,0.00574994670731732,0.9710519319164133,-0.2722792550598264,8.029776921307729,0.8035250896535068,0.07454193556229939,4,0.6419465337906151,0.0028322030791788854,main,0.001577157083245449,-0.104774236016737,9.993187549091093,10.89016190974355,1024,main-ac_power-silu-default-s47-a8b956657a,2.165991890870231,0.00013703535100222878,2.007666313837942,2.007666313837942,7.445923391622669,silu,0.0049500791179326355,0.006654879027569457,272402,1024,16,0.0,0.004925933710922803,0.006511579887531994,0.005056278000853897,0.006791926951131637,0.005219439772655799,0.006979820205484045,0.005133007267888287,0.006986227707792127,0.00485511841141443,0.006566296140069313,1.0084029150348115,0.0015233157300501476,0.008380917634051818,0.007805929637908998,0.014565347730682786,0.00021096671374022029,47,ac_power,{},50000,9.441480237990618,0.06521419469836762,0.06439199901123416,0.00018916086920960572,2.1663640102787416,0.0,default,256
0.0017241583642548764,1.0592813079523828,0.8720649464150604,0.05686477406837851,2500,1.4035829735803418e-05,0.003362045814787353,0.992637186519568,-0.05479238344639299,9.020372249649165,0.8311943825221351,0.07454193556229939,4,0.6237106208743286,0.0119478332200844,main,0.0017241583642548766,-0.06002296643659251,10.852301747129466,11.776866892913823,1024,main-ac_power-swiglu-default-s11-26319c7feb,2.233840031169172,7.783616758995159e-05,2.083887920523156,2.083887920523156,8.035651133935275,swiglu,0.0027723115728620538,0.0038963175061137584,270342,1024,16,0.0,0.002719254759765742,0.0037231673696755643,0.002778620961486046,0.0036010092933114854,0.0029087609817979687,0.0040259888536493885,0.00280859285036209,0.003875683793457639,0.0027820976350211458,0.003886530940263594,1.0438775790523394,0.0017227206417132217,0.007463796067869694,0.00681167802702926,0.013481275935943692,0.00013266675434652083,11,ac_power,{},50000,22.16624864190817,0.06521419469836762,0.06439199901123416,0.00018916086920960572,2.2360526059012527,0.0,default,115
0.0017218454119771703,0.9927748191275807,0.8705175766622983,-0.01847263697160432,2500,1.3658388525072951e-05,0.0032799656337101353,0.9820815327501156,0.03691827666420581,8.753016327558466,0.8015870840283478,0.07454193556229939,4,0.6177862611591655,-0.025699956637579572,main,0.0017218454119771703,-0.08732400221729489,10.91960749114181,11.852130333631356,1024,main-ac_power-swiglu-default-s29-a4332a85c2,2.2345334096643805,7.705011629289434e-05,2.087974412524333,2.087974412524333,8.068555070184143,swiglu,0.0027361785183450645,0.0038106164610902226,270342,1024,16,0.0,0.002754068901432548,0.0037245845108597386,0.00271348478052196,0.003518737010681801,0.0028785237752139503,0.003966230145646312,0.002757467219161014,0.0037965635437202595,0.002713242555809127,0.00378628604159125,1.016566017109186,0.0016584456789657711,0.007277280650614171,0.006663430132329383,0.013250197959354776,0.00012901738868235156,29,ac_power,{},50000,19.579781334847212,0.06521419469836762,0.06439199901123416,0.00018916086920960572,2.238380959416878,0.0,default,115
0.0017098682611584553,1.0209213001242923,0.8719856758300186,-0.005663880891924754,2375,1.530915506009478e-05,0.0033773467137033237,0.9791973464614306,0.004206655430346422,8.612519768792964,0.7950948113658486,0.07454193556229939,4,0.6219879810904001,-0.02424577328159645,main,0.0017098682611584553,-0.022445349939203205,10.83206637205694,11.746564456902124,1024,main-ac_power-swiglu-default-s47-cb121eac7f,2.2290437893245834,7.954225505638175e-05,2.0802431222634477,2.0802431222634477,8.006415331759587,swiglu,0.002833368409493333,0.0040046802453245,270342,1024,16,0.0,0.0028318156370464795,0.003909972416370313,0.002808711232847931,0.003708154491544089,0.002938160800506206,0.004130634517386867,0.002907799093976634,0.004079035813117486,0.002791817355271515,0.004010140604692494,1.0256186432167131,0.0016421406394770172,0.0072784462392142925,0.006617836686307477,0.01315786965767705,0.00013587355526238938,47,ac_power,{},50000,21.194059951230884,0.06521419469836762,0.06439199901123416,0.00018916086920960572,2.2235037685082037,0.0,default,115
0.0658815364235166,1.0267056171998656,0.9233547511956897,0.06248980759602317,2500,0.00027806710568256676,0.018303604786176337,1.1263920380540136,0.11374963435528129,43.67529580055454,0.8753831945331101,0.4022423630942666,4,0.7418657722188948,0.39092992275230665,main,0.0658815364235166,-0.008905266522423287,49.892773899833635,50.85772231282445,1024,main-allen_cahn-fourier-default-s11-87b51068dd,3.8598749041601503,0.0009772879496451766,3.9117891863473755,3.9117891863473755,49.98831070266848,fourier,0.01253695353082913,0.01650545335286937,334880,1024,16,0.0,0.01216623273373719,0.01528625270541725,0.011923680249245538,0.015241810181351843,0.012263035313863956,0.016120409689417886,0.012711308487919746,0.016934926464867578,0.013703504439311554,0.018642323129405655,1.219548275739224,0.06737347153138198,0.012240696257093201,0.011675656117527987,0.017554807648163646,0.0013453668852056026,11,allen_cahn,{},10000,12.161738442257047,0.3653166956251509,0.3656098387182945,0.001269468069234427,3.863711270847144,0.0,default,132
0.06353990347463653,1.035671977627302,0.9287379802050258,0.07175856966597524,2500,0.0002780330542009324,0.018149377775135922,1.1237976174174225,0.17371397528938168,41.91309485342717,0.8712811190850812,0.4022423630942666,4,0.7405854745186711,0.36663512087833483,main,0.06353990347463653,-0.029452348276232027,48.105133848693356,49.06676143590688,1024,main-allen_cahn-fourier-default-s29-ed2ae6c41d,3.8287057563576266,0.0009824968180406812,3.88613277990783,3.88613277990783,48.722108960637726,fourier,0.012587032815733541,0.016546705577149743,334880,1024,16,0.0,0.012242151848737864,0.015444189296264023,0.011772623204811695,0.015139099741491422,0.01222506907074413,0.01600556257550092,0.01266449848749043,0.0166676421054169,0.013658399860947346,0.018469159497856012,1.1958646157182065,0.06473709365421106,0.012287512725719804,0.011668364376307675,0.017404096308702096,0.0013517388513095488,29,allen_cahn,{},10000,12.377032961696386,0.3653166956251509,0.3656098387182945,0.001269468069234427,3.832858455173867,0.0,default,132
0.06635875254325994,1.0392163959245762,0.9273704521555579,0.09488722417924325,2500,0.0002754793385975063,0.018401536403320855,1.1256262186136436,0.24096753074897964,43.960488214897204,0.8756010395133798,0.4022423630942666,4,0.7372297443193276,0.37657348589156703,main,0.06635875254325994,0.0182411285852228,50.20607129398623,51.17509700665879,1024,main-allen_cahn-fourier-default-s47-1ef2c4c40d,3.869327627161339,0.000984495877281669,3.9208703434582928,3.9208703434582928,50.44433002560173,fourier,0.012639626546357651,0.016671573874521842,334880,1024,16,0.0,0.012334039341602055,0.015484815693266324,0.011897030659521123,0.015259088446808467,0.012423811086230903,0.016288572829124527,0.01273532329072629,0.016990184611478883,0.013769298092109961,0.018785537049166464,1.2131585820124084,0.06785872478732456,0.01237772256706544,0.011756810418711985,0.017670008246693437,0.0013565525548380778,47,allen_cahn,{},10000,12.546949800103903,0.3653166956251509,0.3656098387182945,0.001269468069234427,3.8695189814512116,0.0,default,132
0.00666150698466763,1.2102603570048052,0.9498502447942511,0.4886750880659466,2500,0.00014243913756217808,0.014539077924232605,1.2905797047001324,0.37101029376941397,4.628715665171267,0.9139271325703684,0.4022423630942666,4,0.8150520772512106,0.6836269200164509,main,0.0066615069846676315,-0.02956580582576353,5.064644105874465,6.031213454657551,1024,main-allen_cahn-ganr-default-s11-c16fb8872f,1.7709852803468524,0.0006771209711093821,1.805917699863685,1.805917699863685,6.085553704902479,ganr,0.008487071428706255,0.011837152609947508,335734,1024,16,0.0,0.006742159323341534,0.008529923587134246,0.007532256748265957,0.010057935631839668,0.008320958143650862,0.01158104816679642,0.009028251705639609,0.012573236591167828,0.01069791147173895,0.015032045384329899,1.7622719864692407,0.007064714488067373,0.008436367178384287,0.007585565964070002,0.014607989417442914,0.0010043486079359062,11,allen_cahn,{},10000,27.292896702885628,0.3653166956251509,0.3656098387182945,0.001269468069234427,1.784737581979413,0.0,default,122
0.006655764803903353,1.220693722818507,0.9497597907092015,0.501482044828696,2500,0.00014241399185266346,0.014552155975208737,1.2899761989524892,0.38487554150241676,4.655410352574722,0.9201878352888364,0.4022423630942666,4,0.8136741932109219,0.6859243795150561,main,0.006655764803903353,-0.024331268775481005,5.059195714224414,6.024386721540134,1024,main-allen_cahn-ganr-default-s29-7aa2f51096,1.7700948245128199,0.0006775494073207903,1.8017138529449388,1.8017138529449388,6.060024560930124,ganr,0.008492199025310388,0.011851478447782194,335734,1024,16,0.0,0.006750392720323772,0.00854752379135567,0.007528309998843684,0.010058910724656756,0.00833175292794205,0.011607039531981353,0.009041553202472595,0.01258918315452868,0.010696919367918003,0.015042752621339505,1.759895963852435,0.007104991090707624,0.008443694505885816,0.007587572388196757,0.014560070086882343,0.0010057430303392336,29,allen_cahn,{},10000,23.945485088974237,0.3653166956251509,0.3656098387182945,0.001269468069234427,1.7844424743049347,0.0,default,122
0.006690838689008419,1.2097307763200071,0.9499773427084713,0.4949146497925756,2375,0.000142543955007568,0.014547339936783527,1.2899484979437295,0.378438801521082,4.663755616694917,0.9167803730274837,0.4022423630942666,4,0.8150995501440137,0.6832623962878192,main,0.006690838689008419,-0.05154585911236678,5.087102379050499,6.055046723666003,1024,main-allen_cahn-ganr-default-s47-ebbc6d4b7f,1.7749971792569712,0.0006779131719894841,1.809874379694,1.809874379694,6.109679911469961,ganr,0.008496934574932424,0.011848569446834892,335734,1024,16,0.0,0.006760545773691707,0.00855179407124244,0.007541788097095336,0.010068800104659565,0.00832906052728224,0.011591547109703268,0.009032632116528367,0.012576021610694939,0.010703644479668371,0.015036176138884184,1.7582481539688974,0.007117816372526671,0.008440583287507946,0.007594796029760728,0.014505551330896585,0.0010052065102399293,47,allen_cahn,{},10000,23.86897423118353,0.3653166956251509,0.3656098387182945,0.001269468069234427,1.7881991934813963,0.0,default,122
0.0074596765294700105,1.1511017119973548,0.945197777654089,0.36521749383091334,2500,0.00020449898147489876,0.015427317799181507,1.0965092431003916,0.2048752629159644,5.120389503398857,0.9011597262764719,0.4022423630942666,4,0.8188244017257655,0.078908652814534,main,0.007459676529470011,0.005572238663185751,5.681999931972042,6.682798439466804,1024,main-allen_cahn-gelu-default-s11-a2325eabb4,1.8674685695300917,0.0008464866831165185,1.8960556438803515,1.8960556438803515,6.659575551712581,gelu,0.010774284404591284,0.014397182376799959,334852,1024,16,0.0,0.012532063774804474,0.015655360238709167,0.010154581798729722,0.013023853995000162,0.010075819954623923,0.013480163462946249,0.010039023498724984,0.01377240840492082,0.011232021905451523,0.015783999943516102,1.0082169750708683,0.007817703235234308,0.010766054824589663,0.010080288090878452,0.015848591461626566,0.0011883200509116005,11,allen_cahn,{},10000,9.66790484264493,0.3653166956251509,0.3656098387182945,0.001269468069234427,1.876545472507495,0.0,default,256
0.007456820988125571,1.157004121305088,0.948186504207667,0.40089697625348686,2500,0.0002039880200754851,0.015438129473657998,1.0991226715039455,0.2660667771726261,5.09593719204846,0.8977416101153614,0.4022423630942666,4,0.8185869371664092,0.08579210178098848,main,0.007456820988125571,0.026254738573778698,5.676396342365843,6.678492192771239,1024,main-allen_cahn-gelu-default-s29-56fd69cb03,1.867547344402162,0.0008427853542319931,1.9005544810640504,1.9005544810640504,6.689602750641756,gelu,0.010730331264768309,0.014386781532226061,334852,1024,16,0.0,0.012433321044085609,0.015550355150852775,0.010092748783559622,0.012980956605681238,0.010060210592367648,0.013503474487577164,0.01000258244881295,0.013784532079234696,0.011192124121531177,0.015803649031267648,1.016288623504588,0.007781810600187252,0.010769397120183325,0.010093562530591196,0.0158737046435286,0.0011872014482508019,29,allen_cahn,{},10000,14.00056147761643,0.3653166956251509,0.3656098387182945,0.001269468069234427,1.8787360446509926,0.0,default,256
0.00746443753634913,1.1630631131477822,0.9479374898354718,0.40034877691152276,2500,0.00020197761477902532,0.015400533150202105,1.1005885272902678,0.24672034098981765,5.120452020919255,0.9010747476013595,0.4022423630942666,4,0.817567326612352,0.08929434366282811,main,0.007464437536349129,0.0054274662935412344,5.682605171823738,6.684559824868905,1024,main-allen_cahn-gelu-default-s47-5088d88716,1.8683351099684702,0.0008398289645921907,1.895670286352741,1.895670286352741,6.657009019519189,gelu,0.010691402603768139,0.014327226948249217,334852,1024,16,0.0,0.01239391230974259,0.015482051302350013,0.01005599956340586,0.012921378522104515,0.010012448319958268,0.013431370843718782,0.009960347161260676,0.013724829466888244,0.01117149649864465,0.015763339992717534,1.0181686964391357,0.007820928471050276,0.010733702901206886,0.010050050101860605,0.01585960511263816,0.001182754168546411,47,allen_cahn,{},10000,12.505117759108543,0.3653166956251509,0.3656098387182945,0.001269468069234427,1.8791032220375998,0.0,default,256
0.008861737750002976,1.0717748273776815,0.94385353846517,0.19772446758100276,2500,0.0002368418063269928,0.016423643952867557,1.0882715930755462,0.16811160173280773,5.89655165909847,0.8715199364794457,0.4022423630942666,4,0.8077839887804562,0.08466095728131035,main,0.008861737750002976,0.01581960562549174,6.765825326862774,7.761088775258681,1024,main-allen_cahn-relu-default-s11-986ed810a7,2.0170677043961867,0.0009099288228361101,2.0390430657052967,2.0390430657052967,7.6832533282094815,relu,0.011621847326862571,0.015435159414069049,334852,1024,16,0.0,0.013389729138383702,0.016806221077764198,0.010950752393658445,0.014097175890777303,0.01093615296096095,0.014421415455625164,0.010872691654427322,0.014789324760502386,0.012023949430581108,0.016751723079590664,0.9967572723266364,0.009008350108100893,0.011665932964144924,0.010986741467368945,0.01684452319191998,0.001266593725162799,11,allen_cahn,{},10000,12.822085205465555,0.3653166956251509,0.3656098387182945,0.001269468069234427,2.0221414383760052,0.0,default,256
0.00886647638191207,1.0634365758891644,0.9441707267087092,0.18777998936056073,2500,0.00023583708389196545,0.016388530669352752,1.0881683074105426,0.1436558900140686,5.893370245448677,0.87025477970546,0.4022423630942666,4,0.8096130924930689,0.08471780899077318,main,0.00886647638191207,0.011526748354910235,6.772005604431502,7.765681594900805,1024,main-allen_cahn-relu-default-s29-5bfffe9412,2.0174034108370575,0.0009070321262393803,2.044210046121392,2.044210046121392,7.723055299223789,relu,0.011585261179682603,0.015405339544113092,334852,1024,16,0.0,0.013339088797644363,0.01674036405438675,0.010899300670271856,0.014032128731153663,0.010952223550444852,0.014456579356357867,0.010843185062874868,0.014756673746842737,0.011985869234333636,0.016717633292856967,0.9986421584706322,0.009004367966457098,0.011643754314322656,0.010960511198664218,0.01666908756173429,0.0012643345241581177,29,allen_cahn,{},10000,10.213528761640191,0.3653166956251509,0.3656098387182945,0.001269468069234427,2.024295910284744,0.0,default,256
0.00883948152490202,1.0807220357260667,0.9465916754293852,0.2541580314355196,2500,0.00023406681430060416,0.016408413377030612,1.090822980387216,0.2863520496998231,5.892891554582533,0.8735366388167234,0.4022423630942666,4,0.8067402843674204,0.09161666949788999,main,0.00883948152490202,0.03306881884343037,6.746015327490941,7.740501821056267,1024,main-allen_cahn-relu-default-s47-fee3749736,2.0150875917184616,0.0009040286269876003,2.042966971475682,2.042966971475682,7.713460914892507,relu,0.011547849430772484,0.015375819606952994,334852,1024,16,0.0,0.013291166293049208,0.01670444868861867,0.010861090115241478,0.01401501478101115,0.010921653919290305,0.014414649840332146,0.010836628079371852,0.014745396434970902,0.011961485693831432,0.016742170455244627,1.0022581868656137,0.009002923323515438,0.011616047670203387,0.01094969936736442,0.016762051896733396,0.0012618896485563126,47,allen_cahn,{},10000,9.610818725079298,0.3653166956251509,0.3656098387182945,0.001269468069234427,2.021447458467198,0.0,default,256
0.007849919596989746,1.1253886200147638,0.9464856368863792,0.3601979248623131,2500,0.000148093793541193,0.014097422045095313,1.198952174226549,0.25909236533827357,5.291557083830166,0.8844836813887902,0.4022423630942666,4,0.8176841669917616,0.5052847279343394,main,0.007849919596989746,-0.13758548431800302,5.982650890202429,6.921034749452476,1024,main-allen_cahn-resmlp-default-s11-b786cc00a4,1.9122316303853362,0.0006989627229013625,1.9489699170577721,1.9489699170577721,7.021451213600942,resmlp,0.008915841653194688,0.012124785646199654,335772,1024,16,0.0,0.008106220255433979,0.010600569099665304,0.007981876663921151,0.010640813516386894,0.008628514143546437,0.01170010903031029,0.009203050378724407,0.012407218049882927,0.010537922188780269,0.014481954135751915,1.3661487416000297,0.008070820117396158,0.009441869398666196,0.008753000897313252,0.01437561888929235,0.001000422012323885,11,allen_cahn,{},10000,15.155716206878424,0.3653166956251509,0.3656098387182945,0.001269468069234427,1.9215564490010504,0.0,default,136
0.007846101701189268,1.1425461901468816,0.9478365565098583,0.38849656453401044,2500,0.00015023525338619947,0.014216238405116183,1.1938000054883653,0.2637767965343845,5.366090737220801,0.8977784365115,0.4022423630942666,4,0.8159737070082034,0.4860747621772405,main,0.007846101701189268,-0.11825527725126957,5.9770768810975605,6.918250152790378,1024,main-allen_cahn-resmlp-default-s29-e2b4d3b1d0,1.9112110193785876,0.00070600724111156,1.9355049564223665,1.9355049564223665,6.927543011251675,resmlp,0.009003506413082807,0.01221906722058511,335772,1024,16,0.0,0.008316597455458501,0.010849836027313289,0.008148876905887448,0.010822368835199955,0.008719685136957306,0.011777413810612047,0.009280517160698658,0.012512750011709721,0.010578465288143622,0.014589467572308055,1.3446717107595587,0.008180409173953069,0.009554239994332615,0.008890467576917,0.014247616453419638,0.0010088150296165782,29,allen_cahn,{},10000,11.572804514318705,0.3653166956251509,0.3656098387182945,0.001269468069234427,1.921050842735377,0.0,default,136
0.007865010227469386,1.1212210843727275,0.9472447650834264,0.3461292110721694,2500,0.00014912440383341163,0.014131546900284377,1.1941337006577348,0.3599392681533897,5.272659441328743,0.8795543456482472,0.4022423630942666,4,0.8159209488792292,0.468481130641585,main,0.007865010227469386,-0.10757570542164366,5.994694321523363,6.939090480995693,1024,main-allen_cahn-resmlp-default-s47-dfba0355c8,1.9137280182132907,0.000704080848796495,1.9418912299207445,1.9418912299207445,6.971924205421222,resmlp,0.008982150708142692,0.012170039296823948,335772,1024,16,0.0,0.008422388124717763,0.010993278558710169,0.008063932694275529,0.010677545418905825,0.00867961568594843,0.011697856967557459,0.009167156417227016,0.012359261983161385,0.010524934003712355,0.01451392517915819,1.3202544720072205,0.008039538991910577,0.009518874180997934,0.0088268256601582,0.014248140394681825,0.001003758767171523,47,allen_cahn,{},10000,13.234181908890605,0.3653166956251509,0.3656098387182945,0.001269468069234427,1.9265913608497893,0.0,default,136
0.007419181481619373,1.1600849676358327,0.9485316018276636,0.408408912094986,2500,0.00021107115026097745,0.015568005140349585,1.090544325398237,0.2512780153501135,5.091874775694396,0.9015984166490433,0.4022423630942666,4,0.8189171078919502,0.036302291949789,main,0.007419181481619373,0.034578222230169514,5.647608382698016,6.660007663476868,1024,main-allen_cahn-silu-default-s11-f4f981b0de,1.863257622048332,0.0008581980121714262,1.8964234037280447,1.8964234037280447,6.6620246724629375,silu,0.010893640268395392,0.014661985250694592,334852,1024,16,0.0,0.013161887738316015,0.016411341167891152,0.010340652068978799,0.013263748329543959,0.010030872771660253,0.0135689675527648,0.009926303769265774,0.013779379495533912,0.011182103240793365,0.015967924692828366,0.9729810945658522,0.007777048249068128,0.01076513705058099,0.010082558436429374,0.01628791007120843,0.0012146151991864872,11,allen_cahn,{},10000,9.947636980563402,0.3653166956251509,0.3656098387182945,0.001269468069234427,1.871980182786504,0.0,default,256
0.007446963491544063,1.1699640368257007,0.9491996753753768,0.40459392434375224,2375,0.00021038632257841527,0.0156222718418555,1.0958740434349574,0.3009165494282013,5.130608411347848,0.9056439166117654,0.4022423630942666,4,0.8189142344109874,0.05167901974107717,main,0.007446963491544063,0.014887559455689864,5.665149753937182,6.676482740592622,1024,main-allen_cahn-silu-default-s29-0594777668,1.8664781306333071,0.0008525831838285155,1.8981696664328496,1.8981696664328496,6.673668603893976,silu,0.010824448781728144,0.01465458119892041,334852,1024,16,0.0,0.01302873277316028,0.016277608561992278,0.010237693647934512,0.013197757717119335,0.009984594833472906,0.013583627072566856,0.009893065021591726,0.013822056921502455,0.011139508541414793,0.016034826475989496,0.9850849045129596,0.007841184373467465,0.010782019728767498,0.010100950078667709,0.016303450970416227,0.001214176740790092,29,allen_cahn,{},10000,12.795250911265612,0.3653166956251509,0.3656098387182945,0.001269468069234427,1.876499570865982,0.0,default,256
0.007452375534771899,1.1633986949955983,0.9489420882287497,0.4096014345361561,2375,0.0002082589635392651,0.015554880165513357,1.0971262759503448,0.3086473234806591,5.103039336966431,0.8996556919095986,0.4022423630942666,4,0.81726208046661,0.05596442269866247,main,0.007452375534771899,0.04493092187611759,5.672213695591454,6.682103199062986,1024,main-allen_cahn-silu-default-s47-dfb23be1fd,1.8673102498837575,0.0008492819001226331,1.9022532418922755,1.9022532418922755,6.700976383796178,silu,0.01077976143013885,0.014572676617515372,334852,1024,16,0.0,0.012945010300400427,0.016156690419165863,0.010173142027890736,0.013105366715994963,0.00995630834054514,0.013533205963028108,0.009852013178739672,0.013751905850767486,0.011134627375287977,0.01596236123081801,0.9879722156390809,0.007796489778758507,0.010716247386830984,0.010041051426371687,0.016216456804893767,0.0012078182146255721,47,allen_cahn,{},10000,9.601723616942763,0.3653166956251509,0.3656098387182945,0.001269468069234427,1.8777176440061862,0.0,default,256
0.007967088698959056,1.0529066249125383,0.9347077334430323,0.15242437280952723,2500,0.00015155933215282857,0.013918275152374409,1.1794236587372757,0.11059046398573635,5.226218093620906,0.8593942431655273,0.4022423630942666,4,0.8350911932240345,0.43948820050425574,main,0.007967088698959058,-0.1242113627422931,6.081281245695159,7.028550451121999,1024,main-allen_cahn-swiglu-default-s11-62f8e04792,1.9256455568476336,0.0006947179057767893,1.9473314790356535,1.9473314790356535,7.009956461726348,swiglu,0.008868725615099098,0.012297671398252998,334746,1024,16,0.0,0.008823216349462397,0.012034819554268626,0.007713585461742253,0.010487124382831368,0.00838483481624785,0.011536608660035934,0.008945866712626753,0.012195928033608382,0.010391990779971534,0.01429020823300807,1.1874052758804747,0.007966531242244376,0.00943944566191452,0.00866681194326932,0.014502501413325248,0.0010106608625052053,11,allen_cahn,{},10000,24.69689138419926,0.3653166956251509,0.3656098387182945,0.001269468069234427,1.9283913119787126,0.0,default,122
0.00787156804320482,1.0626664673071324,0.9377988818884074,0.19883650132322436,2500,0.00015064410399645567,0.013933776100071479,1.1822900224121036,0.07170675990026605,5.227519568694373,0.8703233867010904,0.4022423630942666,4,0.8353763626937587,0.4455556648308418,main,0.00787156804320482,-0.10402833533009083,6.006410546439501,6.944591765881067,1024,main-allen_cahn-swiglu-default-s29-db938fbea3,1.916517468519328,0.0006960087577403472,1.9379650294745288,1.9379650294745288,6.94460588787963,swiglu,0.008878366863245979,0.01227787282860444,334746,1024,16,0.0,0.008784874661028839,0.01192156129893156,0.00769987460219291,0.010458285714855204,0.008404594915224217,0.011535286894702288,0.008987516279089012,0.012212819267312196,0.010424371652923444,0.014301577622765337,1.1996396498877273,0.007967646110695233,0.00941564121223533,0.008639822892390625,0.014525698264571233,0.0010101797227826473,29,allen_cahn,{},10000,23.907392740249634,0.3653166956251509,0.3656098387182945,0.001269468069234427,1.9212831784046367,0.0,default,122
0.007924749886283833,1.0568841405106475,0.9345552998282557,0.14912520787139685,2500,0.00014989706687629223,0.013914005284881514,1.1840785520663455,0.0010084829574737778,5.203145639396544,0.8599540326355002,0.4022423630942666,4,0.8318086843876045,0.4499430588834847,main,0.007924749886283833,-0.163820665099063,6.050492749537401,6.9830920697306365,1024,main-allen_cahn-swiglu-default-s47-a41a6ec6bd,1.9213602650111887,0.0006905257004374032,1.9397860287830908,1.9397860287830908,6.957262318518846,swiglu,0.008812123065183584,0.012235055894629686,334746,1024,16,0.0,0.008689065357014324,0.011794374451872855,0.007670291862611414,0.010433065083265195,0.008357274042843714,0.011516951672954709,0.00890149923922429,0.012183212410916678,0.010341317728163263,0.014284646462354713,1.211140660375288,0.007943313686990333,0.00940180517675801,0.00862294145655438,0.014489586362793258,0.0010059808981026297,47,allen_cahn,{},10000,20.664482967928052,0.3653166956251509,0.3656098387182945,0.001269468069234427,1.9257046731170335,0.0,default,122
0.018156513252777406,1.131942654742512,0.8415481207382918,0.215473980312567,2500,0.0005877697258256376,0.0244572350758895,1.05830253073517,0.19815018595645695,3.6493212985852423,0.6335150449373763,1.8886486550124917,4,0.6695208603572791,0.0957803335777126,main,0.01815651325277741,0.08136613976110435,5.760433517322358,6.583826579594985,1024,main-controlled-fourier-default-s11-fe661912eb,1.638448013157543,0.0047236052483671355,1.547306158704922,1.547306158704922,4.6987953740152255,fourier,0.01894422840984365,0.024276516872914784,270387,1024,16,0.0,0.01794365900226678,0.022954904606811807,0.01838777148923174,0.02359752195509667,0.019056833006416567,0.0244325361490967,0.018814336533446576,0.023919928160468812,0.019800136409826297,0.0255937001886106,1.114955632663171,0.016984475303314848,0.04350855353356054,0.04155250488643696,0.07058407120239565,0.00612015773659229,11,controlled,{},50000,13.892709204927087,1.4297525516694405,1.3341078372052204,0.0040220989499685725,1.6235357265136066,0.0,default,125
0.01798827102284977,1.1206898224311062,0.8388170947443951,0.19814069093770115,2500,0.0006007533520460129,0.02457176422032076,1.0501477696406005,0.17858088061177585,3.516976208284135,0.6151627080727038,1.8886486550124917,4,0.6705065771158141,0.08123485668049495,main,0.01798827102284977,0.0730818722730849,5.717147938474314,6.557132945746201,1024,main-controlled-fourier-default-s29-869cca858c,1.631407274972843,0.004727466615387283,1.5531533811740001,1.5531533811740001,4.726350805768719,fourier,0.018976643303469556,0.02429941059372425,270387,1024,16,0.0,0.018337341016689008,0.023367565293357522,0.018492030878155048,0.023802847169037116,0.019797234408887632,0.025430023754814735,0.018768763795642716,0.02368343816983589,0.020052027408963936,0.025667569833632557,1.098427222151759,0.01643146491162268,0.043810128694492655,0.04179652608958234,0.07174635813027427,0.006109924336710706,29,controlled,{},50000,12.571246666833758,1.4297525516694405,1.3341078372052204,0.0040220989499685725,1.6161733563551308,0.0,default,125
0.01775521136376369,1.0945183420450162,0.8368217045961126,0.16169792933266575,2500,0.0005424947594292462,0.023094463980306856,1.0555132416276063,0.15758660556337145,3.427385780401248,0.6070747096994303,1.8886486550124917,4,0.6745082071442638,0.11861727523067019,main,0.01775521136376369,0.024992858611687287,5.645739685150426,6.484381596210131,1024,main-controlled-fourier-default-s47-2424a1dd17,1.623382472317446,0.004484103002261378,1.543820401506975,1.543820401506975,4.682445082010457,fourier,0.018028805015507042,0.023119466655287687,270387,1024,16,0.0,0.016865637064985527,0.021661076480858067,0.017630083728336722,0.02219589917102567,0.018276106105178467,0.02310287125573692,0.017660619743502394,0.023095468114350304,0.01891413375165275,0.024120941039586875,1.1135615102463903,0.016103324947434598,0.04183312249743221,0.03993799599386168,0.0673937865255624,0.005799459792948001,47,controlled,{},50000,16.62566381506622,1.4297525516694405,1.3341078372052204,0.0040220989499685725,1.6170756927770844,0.0,default,125
0.0006032802791208346,2.5837391941760552,0.9628486206609069,0.9669923914598382,2500,3.905962876160629e-05,0.005976497857937078,0.9929007923423229,0.06480756640804558,0.11437791671260857,0.5966505122074485,1.8886486550124917,4,0.9725624232414675,-0.0003852773406766325,main,0.0006032802791208345,0.009798007116801372,0.19170002266392205,0.45886993139500176,1024,main-controlled-ganr-default-s11-8287dd41c7,0.16152464559705193,0.0012048082140562598,0.06976765082502778,0.06976765082502778,1.0541508708495937,ganr,0.004854932869375695,0.006219888560405951,269510,1024,16,0.0,0.004996389282441225,0.006483498906873364,0.00489052427536442,0.006335053142508097,0.004769308145447085,0.006122729476172318,0.004997304888431108,0.0063048908986074155,0.004871795761719491,0.006215830678998125,0.9587154664911759,0.0006371031279738847,0.011279898340631686,0.010790738251743292,0.01827857609524091,0.0015519974118744803,11,controlled,{},50000,42.03643584437668,1.4297525516694405,1.3341078372052204,0.0040220989499685725,0.061658117974614235,0.267578125,default,114
0.0006147872789547759,2.5871336029121528,0.9623544768211463,0.9674836832129318,2375,4.0424867620458826e-05,0.005955781942646422,0.9827733394544046,0.0004011644913707846,0.11657179329793746,0.6036450494403199,1.8886486550124917,4,0.9739102558732589,-0.06745041261354695,main,0.0006147872789547759,0.05844360203132823,0.19311314390140205,0.45760487244433184,1024,main-controlled-ganr-default-s29-6e3a977cfa,0.1632105129159468,0.001231340654228478,0.07352695401151954,0.07352695401151954,1.0636877731413557,ganr,0.004958498961347525,0.006347400679543493,269510,1024,16,0.0,0.00505783253156824,0.006549537070631194,0.005058652686336356,0.006474423897517901,0.004941573250855161,0.006331458120703239,0.0047973852801823005,0.00611035540073596,0.004937621619044898,0.00622660348015121,0.9506936769732854,0.0006588725043431917,0.011417069038580304,0.010894442224069415,0.018686743745475198,0.001585219095655514,29,controlled,{},50000,31.519511749967933,1.4297525516694405,1.3341078372052204,0.0040220989499685725,0.06820923083910788,0.2578125,default,114
0.0006160767014181611,2.598942800540611,0.9622228058088867,0.9665032343001215,2500,3.862786616082303e-05,0.006186411381711593,1.0271916269942336,0.11563287877310525,0.11836072156041968,0.6016468077537257,1.8886486550124917,4,0.9741782414428699,0.005052917799155996,main,0.0006160767014181611,0.07497268614548315,0.19672791417663218,0.46364803030392976,1024,main-controlled-ganr-default-s47-401f29dc72,0.16543706617282977,0.0012028356342441782,0.07547282441494665,0.07547282441494665,1.0602855249487706,ganr,0.004851076513116638,0.006217058044756221,269510,1024,16,0.0,0.004971634652498001,0.00634824552626907,0.004960188491317017,0.006307228332638309,0.0047161317275261185,0.0060374445646927235,0.004916275234931509,0.0062581673229559764,0.005093796680220869,0.006435338260794229,1.0137191818061808,0.0006403762091046601,0.011128268791419092,0.01056148631673042,0.018249245894238594,0.0015451116320021247,47,controlled,{},50000,43.40409525856376,1.4297525516694405,1.3341078372052204,0.0040220989499685725,0.06810261552757063,0.24609375,default,114
0.0009113420898838643,2.4809751208987634,0.9475466379937605,0.9348443423217222,2500,9.599637996871024e-05,0.009748854300298142,1.0204937207304923,0.1886629243219902,0.1658059799186571,0.6854246874994476,1.8886486550124917,4,0.953286135447305,0.07170291377583864,main,0.0009113420898838643,0.05772381937987268,0.2419025502620092,0.5323791798911262,1024,main-controlled-gelu-default-s11-980d8043f3,0.20575556990792493,0.0018551823981495374,0.1046837423721913,0.1046837423721913,1.0821061944904495,gelu,0.007587441736089977,0.009778116872340314,270092,1024,16,0.0,0.007279001411413047,0.009301392303323473,0.007834806604700331,0.01009165055646864,0.007871342660696605,0.010078838219433423,0.007780660943191911,0.01009713026273812,0.0079423838820464,0.010121915957874362,1.0882151432595428,0.0011567942139829213,0.018308075346692914,0.01751327383745367,0.02989434651685812,0.002366569676991909,11,controlled,{},50000,13.411706143990159,1.4297525516694405,1.3341078372052204,0.0040220989499685725,0.09543594840266102,0.279296875,default,256
0.0008647673070022822,2.4602236192952125,0.9496229898369374,0.9386452484621985,2500,9.226435940945521e-05,0.00962807077142814,1.0303624968140186,0.15254001197921743,0.1508409327259599,0.6380549533769476,1.8886486550124917,4,0.9526643657157434,0.07436428232959014,main,0.0008647673070022822,0.055857771260997065,0.23640743156623795,0.5250332081698538,1024,main-controlled-gelu-default-s29-a64deb14ed,0.2005331605628093,0.0018212042516442865,0.09986750797669157,0.09986750797669157,1.079904620828565,gelu,0.007414124588368112,0.00956618048348746,270092,1024,16,0.0,0.00719303212862273,0.009187398274697034,0.007585862074733672,0.00980179961150933,0.007654309112462099,0.009891112739370303,0.007515684808621799,0.009798407755073008,0.007846220920346238,0.01000617239582456,1.089119258428418,0.0009988411467603774,0.017786257206064044,0.0169047865219408,0.029123052849264974,0.002336655041931946,29,controlled,{},50000,13.20766164548695,1.4297525516694405,1.3341078372052204,0.0040220989499685725,0.08767621580194902,0.275390625,default,256
0.0008686446566167744,2.476073038857813,0.9492878762268667,0.9406316608254058,2500,9.44888306548819e-05,0.009679565072774322,1.0229918688465847,0.11604379379030798,0.1497415628272255,0.6331378931964723,1.8886486550124917,4,0.9541188674154268,0.0654883524962449,main,0.0008686446566167744,0.06342043442886774,0.23650703020038388,0.5228614514424019,1024,main-controlled-gelu-default-s47-0f1058267c,0.20096846943590924,0.0018510323055686798,0.10524665052512484,0.10524665052512484,1.07972130020271,gelu,0.007530581201433465,0.009690237622464359,270092,1024,16,0.0,0.00737460615957771,0.009351927463119277,0.007759658804747504,0.00995982448651997,0.0077000434710526745,0.009893552580237965,0.007674701487647459,0.009972827474190331,0.007867817169119972,0.010067339903462584,1.0764989295698286,0.0009950489033358051,0.01798938943698931,0.01705402553074948,0.029450150801171297,0.0023712848624500658,47,controlled,{},50000,9.377600325271487,1.4297525516694405,1.3341078372052204,0.0040220989499685725,0.09142454237647285,0.275390625,default,256
0.0032852799216074417,2.1545502975702746,0.8467997024648928,0.6055453494921679,2500,0.00015617597091477364,0.012382161345165022,1.0129776718893995,0.19815297182098032,0.61031269777888,0.766957346833698,1.8886486550124917,4,0.8127638724529723,0.07061467348544452,main,0.0032852799216074417,0.09792174424218582,0.7957583303667294,1.3482586073582312,1024,main-controlled-relu-default-s11-41cf3e1409,0.5483696484917677,0.0024203471097178804,0.34868445901001355,0.34868445901001355,1.3430876328361385,relu,0.00979304652692272,0.012491287468409483,270092,1024,16,0.0,0.009761989724688655,0.01233019157294116,0.009769998910072901,0.012631306388985778,0.009776315569354687,0.012476395425255936,0.01040198312353934,0.013289970898381525,0.01013253717886216,0.01285328979286238,1.0424241762041369,0.004181620418962144,0.022713466605321263,0.02193144798372068,0.036140917699243325,0.003092479316676246,11,controlled,{},50000,13.194095948711038,1.4297525516694405,1.3341078372052204,0.0040220989499685725,0.35444906335036097,0.234375,default,256
0.0032039187366523026,2.10245956508139,0.8522187249936028,0.6039661862527715,2500,0.0001520898222224787,0.012327677250620301,1.0149378349923979,0.11764148709448259,0.5913783617412008,0.7577660593669715,1.8886486550124917,4,0.8182420324403545,0.0548612849581575,main,0.0032039187366523026,0.12808471094699947,0.7804233964176635,1.337465693787183,1024,main-controlled-relu-default-s29-1a08ae7f17,0.5421147160122586,0.0023960629113570064,0.3438507668005212,0.3438507668005212,1.3291376800000403,relu,0.009691238914929495,0.012349491171739807,270092,1024,16,0.0,0.0097847481197644,0.012415840111661216,0.009747086657016983,0.012585674785739865,0.009598963767085624,0.01232093591196765,0.010260258743187036,0.01308913140211741,0.010144147052381144,0.012842842351591284,1.034391731537282,0.004059955419183499,0.022454119853548723,0.02165966393510186,0.03594728428184685,0.00305761165459004,29,controlled,{},50000,9.488428885117173,1.4297525516694405,1.3341078372052204,0.0040220989499685725,0.33997789353075003,0.216796875,default,256
0.003221530230381632,2.053469147041404,0.8516396991794062,0.5745038243866676,2500,0.00015424468438141048,0.012379351019390587,1.0118224401571276,0.16043515203855635,0.5927353337301343,0.7569131064684875,1.8886486550124917,4,0.8168824339344691,0.04628828857020241,main,0.0032215302303816324,0.07900136792790215,0.7830956138355778,1.3342322537555806,1024,main-controlled-relu-default-s47-d3aedf6771,0.545852861623802,0.002406829408030245,0.3462655522564062,0.3462655522564062,1.3436400193912605,relu,0.009745329141338873,0.012444798234598133,270092,1024,16,0.0,0.009868723260972096,0.012528591540340603,0.009834284773627328,0.01270468160240981,0.009507662763369505,0.012260466957907997,0.010448613270879011,0.0133553448869885,0.010055855808861633,0.012869608349416665,1.0272190858787302,0.004122652471567684,0.022601618937426342,0.021723840915073796,0.036144334250021455,0.0030742786344771403,47,controlled,{},50000,9.880039278417826,1.4297525516694405,1.3341078372052204,0.0040220989499685725,0.3544416320609419,0.224609375,default,256
0.0008864294406650524,2.6434806014492347,0.9473990157889627,0.9347816344503254,2500,5.812912786495872e-05,0.007742744001189758,1.0760886140910222,0.26385201487651655,0.1648281288824903,0.6965132541564288,1.8886486550124917,4,0.9546267208086747,0.1705067927008082,main,0.0008864294406650524,0.1286941876475216,0.23664751230343678,0.5469740606704673,1024,main-controlled-resmlp-default-s11-395685dc7e,0.200762668257936,0.0014040949627373096,0.10406373220961943,0.10406373220961943,1.08014158433966,resmlp,0.0057736202938174,0.007628756646201982,271299,1024,16,0.0,0.005190757978706762,0.00677081360728984,0.00563606150999704,0.007327475626619257,0.005666836165144277,0.007485195153698708,0.006063084806609782,0.008288322951147212,0.006183114812749362,0.008206721565612465,1.2120731778492095,0.0011474862032542258,0.014160193300405357,0.013176443387627398,0.02468486666809728,0.0018196657280254867,11,controlled,{},50000,11.59985737875104,1.4297525516694405,1.3341078372052204,0.0040220989499685725,0.09165635613534971,0.27734375,default,129
0.000911416986224009,2.491752330170646,0.9449530155368954,0.9302989436556753,2500,6.574675353476778e-05,0.00826036962946075,1.0650368197113713,0.23172263932804948,0.16929874489968286,0.6687515008028605,1.8886486550124917,4,0.9549856968001351,0.16957455654101994,main,0.0009114169862240091,0.067141365960947,0.25315643358771317,0.5956051028653896,1024,main-controlled-resmlp-default-s29-524d769e2c,0.2134685530581647,0.0015517810517314558,0.10970582193239872,0.10970582193239872,1.0821663603822675,resmlp,0.006239582798415609,0.00809722202561125,271299,1024,16,0.0,0.005739202054855431,0.0074501196306110355,0.006090860272991402,0.007957176135074816,0.006430168534127695,0.008285469039557682,0.006570898810394582,0.00857416658023412,0.006764422733306106,0.008635278880796342,1.1590792240859766,0.0010765894365065973,0.014403872905410044,0.01368211139512752,0.02376069976347784,0.0020276419827541777,29,controlled,{},50000,12.310703534632921,1.4297525516694405,1.3341078372052204,0.0040220989499685725,0.09433387977906049,0.2822265625,default,129
0.0007702347539372349,2.5930038080952906,0.9542608811548472,0.9489737746763464,2500,4.82673967781011e-05,0.006989517076237838,1.0461385760996256,0.13909125099246422,0.13746942325842748,0.6393803628074513,1.8886486550124917,4,0.9627238374279863,0.1415184111472713,main,0.000770234753937235,0.05823170731707317,0.21500413721624767,0.4983546482629334,1024,main-controlled-resmlp-default-s47-71e7a9cf75,0.1837815618233258,0.0013602131392189392,0.08910671027262054,0.08910671027262054,1.0723962710632144,resmlp,0.005412738735339308,0.006992696982900987,271299,1024,16,0.0,0.0050111663118175,0.006489612614890081,0.0054451884216828355,0.006968371076777828,0.0053104349102868,0.0068444312060131655,0.0057341574528945545,0.007383076976789211,0.0056401939964958545,0.007297377375537648,1.1244704127322165,0.0008759790586988965,0.012730954208753616,0.012089774506165173,0.02120326262889073,0.0017811397387453528,47,controlled,{},50000,13.820549558848143,1.4297525516694405,1.3341078372052204,0.0040220989499685725,0.07960302867426436,0.279296875,default,129
0.0009767817040984483,2.3548018155020194,0.940710958655341,0.9172412001108647,2500,0.00014789127453695983,0.012009529046497477,1.0234595906826562,0.25255115543731105,0.16916834599345126,0.6613003000626192,1.8886486550124917,4,0.9439556666595144,0.0729474375938774,main,0.0009767817040984483,0.10345506848580215,0.25581168793879655,0.5499279521724254,1024,main-controlled-silu-default-s11-011042bfb0,0.21851679783619432,0.0022929825080332477,0.11723165326194158,0.11723165326194158,1.0735345263144809,silu,0.009321828303642775,0.01211445236872626,270092,1024,16,0.0,0.008990148017361583,0.011608618232905939,0.00956032619726934,0.012485219704921776,0.009451206272326765,0.01222585696264267,0.009648771351262112,0.012649288104924624,0.009909152789626901,0.012567086611978216,1.0825652424640333,0.0012066726506871175,0.022166122094310337,0.020984455337429236,0.036893716180719426,0.002969744323714759,11,controlled,{},50000,10.097212919965386,1.4297525516694405,1.3341078372052204,0.0040220989499685725,0.09641116838024759,0.3115234375,default,256
0.0009887014257470648,2.3318520008940142,0.9398659669475942,0.9157235600994205,2500,0.0001519399374956265,0.012282286178471597,1.0341473006589208,0.23616470031062387,0.1703024229074829,0.6548025999876992,1.8886486550124917,4,0.9430629241368529,0.09231661495958801,main,0.000988701425747065,0.10526209677419353,0.2600820810892964,0.5555085655263003,1024,main-controlled-silu-default-s29-b168b71d04,0.221349326803277,0.0023246305577857415,0.1180697994660413,0.1180697994660413,1.0749925364496395,silu,0.009420828851977302,0.012252670583972326,270092,1024,16,0.0,0.009018371948596846,0.011722652736976275,0.00967273329072222,0.012599214376988988,0.00963659226425572,0.012512237280810592,0.009656462586448747,0.012700891933967184,0.01009487413626327,0.012874545413165456,1.0982621171192604,0.0012165087315259122,0.022357215581169383,0.021253112521678545,0.03732992557209398,0.003022653315168875,29,controlled,{},50000,12.990192726254463,1.4297525516694405,1.3341078372052204,0.0040220989499685725,0.09709485864339817,0.318359375,default,256
0.0009862254194230567,2.3296553855479933,0.9399185608334186,0.9165505753343822,2500,0.000153945671627298,0.012355588657385544,1.0336087904634417,0.3153946873563539,0.17030676204651418,0.6548601173524219,1.8886486550124917,4,0.9435765435220058,0.07155737027036692,main,0.0009862254194230567,0.11568182935769974,0.2600658637375244,0.5580205341418827,1024,main-controlled-silu-default-s47-7563c7fbfa,0.22093590324234552,0.002356441420637094,0.11530971314434443,0.11530971314434443,1.0776391542524548,silu,0.009532145595689401,0.012367037503510947,270092,1024,16,0.0,0.009218376770074255,0.011908761745250506,0.009740804821099201,0.012680093448241244,0.009597718618321047,0.012447319069448504,0.009673425031531022,0.012761156924652942,0.010142201771442446,0.012947153982194794,1.0871956513328032,0.0012124613712248492,0.02251760420590314,0.02135048542562383,0.0373865932544734,0.0030639133186343348,47,controlled,{},50000,9.299207244068384,1.4297525516694405,1.3341078372052204,0.0040220989499685725,0.0977887842022036,0.314453125,default,256
0.0008743150300544287,2.5640501354923,0.9512027916589761,0.9422511354695657,2500,6.729290180373937e-05,0.008232969602110967,1.0656686778157098,0.31629312866515297,0.1626126847367052,0.6708897837764767,1.8886486550124917,4,0.9583083785474893,0.11047152161862528,main,0.0008743150300544287,0.12470652135040411,0.2423836055772815,0.5331263985935571,1024,main-controlled-swiglu-default-s11-d7e8779cb8,0.20202874651949243,0.0015020642787704048,0.10703129202620736,0.10703129202620736,1.094794752251366,swiglu,0.006122043380205228,0.008168455779160953,269301,1024,16,0.0,0.005694258937059728,0.0073768689568523785,0.006101465393177468,0.008176727431819124,0.006276188808110815,0.008377600419937362,0.006238522249209334,0.008292129548775215,0.006555890140246787,0.008842214177667588,1.1986405383349055,0.0011132751999526898,0.014742455772128897,0.013498852523692699,0.026438774743776903,0.0019790937723091887,11,controlled,{},50000,22.03822405077517,1.4297525516694405,1.3341078372052204,0.0040220989499685725,0.09930557765281477,0.2275390625,default,115
0.0007962442786088441,2.5281618172624207,0.9562667649958962,0.9506044140261785,2500,5.5382704886142164e-05,0.007476224510913794,1.0511460107793997,0.1561268125531055,0.1466193131297238,0.6266890553134891,1.8886486550124917,4,0.9640709876365985,0.10721348392461195,main,0.0007962442786088441,0.016378600869036548,0.23395863049878907,0.5207325108868226,1024,main-controlled-swiglu-default-s29-34da05b6dc,0.1938371600886705,0.0014331672872291905,0.1009488815901175,0.1009488815901175,1.09424125573549,swiglu,0.005730808690433754,0.0074422539477431784,269301,1024,16,0.0,0.005349029991974811,0.00691158632791183,0.005692423950755263,0.007396809523710031,0.005842844329271514,0.007596461396389742,0.005956463888284607,0.007711913262188658,0.006053820970991885,0.007976887165777883,1.1541326096968405,0.0009056817171051021,0.013414963836776764,0.012518112443376481,0.022826373027243607,0.0018828011845752413,29,controlled,{},50000,18.909874780103564,1.4297525516694405,1.3341078372052204,0.0040220989499685725,0.09788119503400446,0.2109375,default,115
0.0008404591776671848,2.5674543726490566,0.9530505495563877,0.9459161987697589,2500,6.18765625404194e-05,0.008008861106584306,1.0686375502794756,0.18807649983981278,0.15613922367652838,0.6511145621192171,1.8886486550124917,4,0.9628439145728283,0.11566032696159073,main,0.0008404591776671848,0.02896965077605321,0.23980299744538625,0.5266650758076077,1024,main-controlled-swiglu-default-s47-3c853e3c94,0.19948962152430244,0.0014967653966819,0.10481461430290054,0.10481461430290054,1.0935260871150327,swiglu,0.006005480520501587,0.007829916139863441,269301,1024,16,0.0,0.005740195336911712,0.007485665350989739,0.005914553164318339,0.0075899451258739795,0.006074450289467927,0.007833888267315755,0.006187130307651191,0.00802929557448317,0.006556097325948572,0.008526193164536332,1.1390027158252563,0.001025399469514847,0.01430924249168365,0.013410866595200355,0.024284730733931774,0.001971948973931445,47,controlled,{},50000,19.90065880678594,1.4297525516694405,1.3341078372052204,0.0040220989499685725,0.10036684296440722,0.2138671875,default,115
0.01757119116062777,1.0526371227612865,0.8859480022137163,0.05160711411916172,2500,0.0004005133523605764,0.0188944048014978,0.9865850577135382,0.28460809850816954,8.303264108427353,0.7714480611287616,0.6960457043988385,4,0.6782945346510032,-0.07235099197124668,main,0.017571191160627768,0.26460518963235813,10.763218584383042,11.654032024788217,1024,main-duffing-fourier-default-s11-60e9bc8fa9,2.24120199331303,0.004751406034321929,2.2162525485519264,2.2162525485519264,9.172891777850001,fourier,0.015526252847254904,0.019975730223138113,270387,1024,16,0.0,0.015979225741319866,0.020622851342936496,0.01612412058446604,0.020621607161235712,0.015669326856608563,0.01986943559929765,0.014905960795447587,0.01918683661919721,0.01541837950061566,0.019746019313462947,0.9574825025457078,0.017372575328028977,0.03607823145024485,0.032555753507044136,0.06700605958408719,0.006509994959400539,11,duffing,{},50000,12.080132391303778,0.5917838791420774,0.5841400484624879,0.001898884082503015,2.225444943778415,0.0,default,125
0.017880784379662035,1.081591401989105,0.8940326208402454,0.1220672028109577,2500,0.00040726721636019647,0.01927740569788622,1.0032130014274543,0.22024069869482246,8.581378583216878,0.7892327205041884,0.6960457043988385,4,0.6813889896697254,-0.02603766942636435,main,0.017880784379662035,0.12499414383806592,10.87306488982718,11.760806266412658,1024,main-duffing-fourier-default-s29-0a4c7036d4,2.2582115680209727,0.0047787387908829375,2.2461562284984407,2.2461562284984407,9.451337360306468,fourier,0.01564659700879825,0.020078804320470406,270387,1024,16,0.0,0.01649982492034805,0.021072551000597687,0.015148925887645846,0.019452045954925508,0.015703365084397073,0.01987585047613811,0.015363386854040411,0.019846096404224814,0.015827619134410987,0.019997187621244836,0.9489685240613559,0.01817013672384221,0.036037903502348596,0.032547860058346326,0.06696464477037721,0.006510556463330182,29,duffing,{},50000,12.070893002673984,0.5917838791420774,0.5841400484624879,0.001898884082503015,2.2437744886287376,0.0,default,125
0.018555873613693177,1.0233459810563692,0.8903167969971598,0.07579802499821185,2500,0.0004292403464205563,0.019266892127659852,0.9739823333424871,0.13334679834519647,8.641736580209438,0.7614194143837385,0.6960457043988385,4,0.6771060829688408,-0.03938838870610113,main,0.01855587361369318,0.18193874722838135,11.349509110171171,12.246817292751135,1024,main-duffing-fourier-default-s47-330b2fd2af,2.2924318391170564,0.004898221351110226,2.2806403206265724,2.2806403206265724,9.782942664675158,fourier,0.016073246922367716,0.020631491172348606,270387,1024,16,0.0,0.01652149111973019,0.02119638387596514,0.01607239771739089,0.020523618406379503,0.01629439987871981,0.02084829247525237,0.016058329885127842,0.020717279202648046,0.015822377317782244,0.020075635596217768,0.9471254962022931,0.018263558017667998,0.03685658143413109,0.033233712530730125,0.06884511291341575,0.00666225480979546,47,duffing,{},50000,14.966974532231688,0.5917838791420774,0.5841400484624879,0.001898884082503015,2.274674583117108,0.0,default,125
0.0006133833000881596,1.5188826357812504,0.9366707409934196,0.6822043644052642,2375,1.9221814000047743e-05,0.00411838966599667,0.9929078060175561,0.025822178267470852,0.3026544888025631,0.7313279561455293,0.6960457043988385,4,0.9239616293468087,-0.057796127333524065,main,0.0006133833000881596,0.013421138509405623,0.41384236204739994,0.8593227466070702,1024,main-duffing-ganr-default-s11-277b16b5df,0.30663441908028516,0.0010029727904580454,0.19129242739509417,0.19129242739509417,1.2096208315575905,ganr,0.0033866965904409056,0.00439621237000847,269510,1024,16,0.0,0.0035854739003383005,0.004672685041128577,0.003268069084480941,0.004279787466146663,0.0034807238897687272,0.004558786042285778,0.0032791680928147605,0.004291348054501239,0.003372241759243792,0.004396524798144758,0.9408990247463547,0.0005954111387196068,0.007483276319884871,0.00673559289906207,0.014092508370068394,0.0013302909440668453,11,duffing,{},50000,34.7318896278739,0.5917838791420774,0.5841400484624879,0.001898884082503015,0.20805330784165527,0.0888671875,default,114
0.0006422143502352075,1.512423952392995,0.9322746787356241,0.6631908259423503,2375,1.8366992662777193e-05,0.003938632049719571,0.9582149429175126,0.004189940243205972,0.31856353694228356,0.7438244233138089,0.6960457043988385,4,0.919564345855644,-0.10816082987626063,main,0.0006422143502352077,0.03814284788284099,0.42827786633175147,0.8620088661850143,1024,main-duffing-ganr-default-s29-68d9008487,0.3166500355271612,0.0009834691969489654,0.2060655162323865,0.2060655162323865,1.2276339796255296,ganr,0.003320280555126429,0.004288884801433603,269510,1024,16,0.0,0.0036446368888682903,0.00476598942734648,0.0032879689010248203,0.0042210235218583594,0.003412741764600241,0.004421830463134033,0.0032997463554348292,0.004281579779466203,0.003235367454308903,0.004233835496596282,0.8883434512681072,0.0006289857182863918,0.007349663049544114,0.006595259408135221,0.013724255286616825,0.0013027540660044416,29,duffing,{},50000,23.763578971847892,0.5917838791420774,0.5841400484624879,0.001898884082503015,0.22007613572361634,0.1044921875,default,114
0.0006307286283467108,1.4718411973574173,0.9334982215379398,0.652917832683642,2500,1.872054417617619e-05,0.004087793409879138,0.9941322971774933,0.02090512738365533,0.2984894347343807,0.6985438270369588,0.6960457043988385,4,0.9235094285924218,-0.06360750751019241,main,0.0006307286283467108,0.037933154817251985,0.4273023727093763,0.8656349002025561,1024,main-duffing-ganr-default-s47-baac8fef83,0.31412414517624754,0.0009902131083937206,0.19901919599045786,0.19901919599045786,1.2197594178225897,ganr,0.003345285522518624,0.004325261041260942,269510,1024,16,0.0,0.003599938837601819,0.004692268526383941,0.003280385266695014,0.004269960444821648,0.003341530791313493,0.004393106390884535,0.003350397189265281,0.004331984895018424,0.003349015313855128,0.00443609034468592,0.9454041940998115,0.0005794019289987086,0.007415636001107681,0.006688095537440403,0.013702753558858203,0.0013074285276505478,47,duffing,{},50000,23.61088806577027,0.5917838791420774,0.5841400484624879,0.001898884082503015,0.21447100536810199,0.0927734375,default,114
0.0006707325009973196,1.5211692386080542,0.9379231308543935,0.6982843904227165,2500,6.5809246734716e-05,0.007859023269904768,1.0341243856114803,-0.022362134529397833,0.3379446468374799,0.766113666496696,0.6960457043988385,4,0.9065388271059939,0.049796587779844075,main,0.0006707325009973197,-0.03221041055718475,0.4411155440978383,0.8988623207420888,1024,main-duffing-gelu-default-s11-5def5d769e,0.3252453041930391,0.0017938985125863496,0.21164612950686748,0.21164612950686748,1.2342843606118854,gelu,0.006048860708975536,0.00799401974259257,270092,1024,16,0.0,0.006108504564699415,0.007994063778955125,0.005883206424829643,0.00789594803405439,0.005990518259908381,0.007831700748139476,0.006127453137660881,0.008071874057142919,0.0063120064749003085,0.008383920649804266,1.0487682962794795,0.0006785968703836661,0.014377217348419465,0.012628607062298805,0.02794652875848085,0.002415071773181253,11,duffing,{},50000,12.869732428342104,0.5917838791420774,0.5841400484624879,0.001898884082503015,0.2254410516386987,0.0693359375,default,256
0.0006750997005974947,1.508254173647073,0.9376293884050932,0.6888696154602675,2500,6.653288437519222e-05,0.007879840399209078,1.0353851217748073,-0.011607304536780376,0.3389065517725393,0.7644480666163954,0.6960457043988385,4,0.9071047055907757,0.0580085584900937,main,0.0006750997005974947,-0.047213562155782846,0.4433349583479353,0.9016425483086734,1024,main-duffing-gelu-default-s29-b16a2425a5,0.32710782061612753,0.001794935038569895,0.21272153002119598,0.21272153002119598,1.2349019975344158,gelu,0.006054332796800882,0.008029968125257053,270092,1024,16,0.0,0.006111637595236746,0.008039845318245474,0.005878991865127657,0.007837908504675412,0.006007531248818717,0.007929361122106904,0.0061531566666233805,0.008119916544652727,0.006303486260045684,0.00842872530995458,1.0483690887468433,0.0006831481223554373,0.014413239902757618,0.012593079131128691,0.02855376476855827,0.0024231084599211313,29,duffing,{},50000,13.390738140791655,0.5917838791420774,0.5841400484624879,0.001898884082503015,0.22670290483578664,0.078125,default,256
0.0006651739358539256,1.5242598549706887,0.9378645873773479,0.6897682233924611,2500,6.513787957374007e-05,0.007747139278688281,1.02955426283398,-0.008287946957139473,0.33974622949693845,0.7770264673382486,0.6960457043988385,4,0.9106821785079533,0.04050026598598097,main,0.0006651739358539256,-0.02477838226879336,0.43723894072844105,0.894902988596566,1024,main-duffing-gelu-default-s47-14c46f50ec,0.3231094120582094,0.0017792725836074282,0.2012064869181722,0.2012064869181722,1.2228772628587359,gelu,0.00599718409176909,0.007950413597537226,270092,1024,16,0.0,0.006086813558136377,0.008006445803880874,0.005809879973955957,0.007830956547743339,0.005921102620765145,0.007800882806440353,0.0060410384813859965,0.007962316668545074,0.0062333029437477315,0.008277149951792347,1.03381077628481,0.0006876911128051292,0.014341222968204524,0.012532024325731275,0.028530853308428368,0.002403695639404616,47,duffing,{},50000,9.558596583083272,0.5917838791420774,0.5841400484624879,0.001898884082503015,0.2190658662275804,0.0791015625,default,256
0.001934279576066984,1.388214973784852,0.8491976898032599,0.26195653923181456,2500,9.122302435571328e-05,0.009134694793358036,1.0029039323764126,0.02136200916549428,0.8697822177146303,0.8010273032224603,0.6960457043988385,4,0.7765257041670716,0.019072826514555465,main,0.001934279576066984,0.059036437844217145,1.0858334219265378,1.791718444851183,1024,main-duffing-relu-default-s11-1020c97ce6,0.6445774571225141,0.0022281699184167223,0.5051404318240069,0.5051404318240069,1.6560350027409434,relu,0.007522629542185925,0.009519152019128006,270092,1024,16,0.0,0.007323753933004506,0.009274150947653046,0.007554782129385137,0.009598520388964166,0.007464110727616089,0.009313768277652812,0.007560136000836981,0.009597003765281035,0.007499496896552665,0.009485592737556395,1.0227990455511031,0.0020939063019162624,0.01649250715072596,0.015211889979116596,0.029072923017493715,0.0028939790926111797,11,duffing,{},50000,13.179227445274591,0.5917838791420774,0.5841400484624879,0.001898884082503015,0.5365354858336031,0.0849609375,default,256
0.001944737580145612,1.392264586477348,0.8444638858848883,0.24292143131750232,2500,9.011028305394575e-05,0.009005246047433212,1.0021554246207673,0.07304815366828711,0.8827935740452512,0.8131886163791711,0.6960457043988385,4,0.7797323867453756,0.02723139886274229,main,0.0019447375801456123,0.01994082370717402,1.0855950959766325,1.7857754933906036,1024,main-duffing-relu-default-s29-89191b15ba,0.6437246126510254,0.0022060037014710017,0.510938073248422,0.510938073248422,1.666854180600609,relu,0.007443725813736586,0.009432913596890993,270092,1024,16,0.0,0.007158267291218513,0.009108169454076219,0.00740236216194004,0.009416352867672437,0.007411984039601567,0.009239278729799566,0.0074762256249475,0.009504019425756832,0.007395771540571041,0.009361710870202395,1.0278367038958314,0.002160018596576895,0.016398861971665936,0.01511971467677031,0.028899096074137688,0.0028710261072748653,29,duffing,{},50000,9.290677040815353,0.5917838791420774,0.5841400484624879,0.001898884082503015,0.5376518030524076,0.080078125,default,256
0.001958696174960796,1.4367739787774847,0.8494592814934584,0.2688331932622845,2500,9.083905024453998e-05,0.009085228807217322,1.0000341308588427,0.1391511470797175,0.9180858859943334,0.837095823095097,0.6960457043988385,4,0.7784290867477781,0.014072446534582644,main,0.001958696174960796,0.06751598151062155,1.0967512447974974,1.7921688851889654,1024,main-duffing-relu-default-s47-bb7708bfb7,0.6504510580238354,0.002224110952336116,0.5202102569594501,0.5202102569594501,1.6823813449729914,relu,0.007504666092897481,0.009507746174725563,270092,1024,16,0.0,0.0072578851715394375,0.009265860388007736,0.007558415541667607,0.009671401334095922,0.0073260998363354375,0.00917009040742077,0.007550089460420369,0.009585677250231728,0.007463204666867635,0.009439527534471389,1.0187426897440004,0.0021708094498499764,0.0165002036579914,0.015248870974680482,0.02928630529186443,0.0028920320584552347,47,duffing,{},50000,9.995646961033344,0.5917838791420774,0.5841400484624879,0.001898884082503015,0.5504153736253572,0.076171875,default,256
0.0006998198018052584,1.5244955257768524,0.923262937937916,0.6100819862670767,2500,2.7224898076383397e-05,0.004986989663146284,1.001079038010716,0.07889707623518268,0.34198713620530247,0.7660728103786861,0.6960457043988385,4,0.9144949810077826,-0.01143389913096345,main,0.0006998198018052584,0.005809916136184822,0.44641596930747474,0.9039573849575372,1024,main-duffing-resmlp-default-s11-a3368b8424,0.3325464683821925,0.0011996523349028052,0.21995449176359194,0.21995449176359194,1.2381904133828885,resmlp,0.0039316495192942245,0.005180699573670843,271299,1024,16,0.0,0.004060488302671336,0.005360973564932891,0.003925964435891523,0.005175217938168712,0.003984267104668424,0.005265449398082007,0.004005889418104011,0.005249644390757386,0.004076998207497322,0.005249621554483733,0.9792291439044706,0.0007375836854744186,0.009810048976155821,0.008424788632380071,0.019076928248519427,0.0016901746021788665,11,duffing,{},50000,13.294794576242566,0.5917838791420774,0.5841400484624879,0.001898884082503015,0.23547251283231924,0.1435546875,default,129
0.0006578045931438954,1.52921079523664,0.93055611547532,0.6456047045990987,2500,2.3841086658649147e-05,0.00475216248852535,1.0039078310884344,0.05862573303060272,0.3375919318446151,0.7787572240548095,0.6960457043988385,4,0.921061719891006,-0.013643415617623916,main,0.0006578045931438954,0.009829456047493025,0.43350086704409835,0.8978260608168664,1024,main-duffing-resmlp-default-s29-b21cb5f73d,0.32225753567429616,0.0011115976785289717,0.2128895737855938,0.2128895737855938,1.2341312465462528,resmlp,0.003752935805511791,0.004848432969549746,271299,1024,16,0.0,0.003908014900159929,0.004934907037258846,0.0038192185397043833,0.004971903260954905,0.0038077601893028727,0.004956998191451658,0.003813851956637156,0.005000901483531728,0.00384034630241889,0.004972050270624695,1.0075266328393657,0.0006786117715095666,0.008410580016507976,0.007636612667053181,0.015308284816990288,0.0014649978749865047,29,duffing,{},50000,12.518299149349332,0.5917838791420774,0.5841400484624879,0.001898884082503015,0.2262801731726684,0.1083984375,default,129
0.0006106454680375474,1.467877744294327,0.9289781962034769,0.6163987845111222,2500,2.0793806470464915e-05,0.004615365630990919,1.0358968000416369,-0.151346269030937,0.2864800437742296,0.7040158692927009,0.6960457043988385,4,0.9266178003555448,0.026078673735784274,main,0.0006106454680375474,-0.07717041207710464,0.4069227076685724,0.8530295019059693,1024,main-duffing-resmlp-default-s47-c1fa984c78,0.30527106296090023,0.001050317748970258,0.17754205000403253,0.17754205000403253,1.1872735492191606,resmlp,0.0035254790164316162,0.0045757048322626,271299,1024,16,0.0,0.0036288545983457986,0.004658873773569211,0.003506167418887255,0.004491760073405757,0.00355842320030241,0.004727273004433365,0.0035896459728561765,0.004738046590857659,0.003690720431842519,0.004856692862757726,1.0424607102065706,0.0005824750443251445,0.008187312263509426,0.007260637549173748,0.015765680137813796,0.0014047331275616908,47,duffing,{},50000,13.763070845976472,0.5917838791420774,0.5841400484624879,0.001898884082503015,0.19789358220897227,0.1533203125,default,129
0.0006940743261187395,1.500373424763118,0.9361014910025638,0.6688459561190186,2500,0.00010541990923229605,0.009357626106349132,1.0003490593851676,-0.004589711802315053,0.3423972975793408,0.7593667102426293,0.6960457043988385,4,0.9051029251823747,0.0023366868428581645,main,0.0006940743261187395,0.013764338656033187,0.4508984828554568,0.9167330532649186,1024,main-duffing-silu-default-s11-442fa02f50,0.3334398884626492,0.002223362418798456,0.21356443448529117,0.21356443448529117,1.238083333002574,silu,0.00737406837869088,0.010100310117678512,270092,1024,16,0.0,0.007348539565377286,0.010404058463390741,0.007155232513164818,0.009898020171849367,0.007285170038070882,0.00990276949353859,0.007375374909316142,0.01004562310662778,0.007482589346788126,0.010075265722641768,0.968397645793138,0.0007056874504556076,0.019336716449844374,0.0157752855658626,0.04296159803636917,0.003178644857489887,11,duffing,{},50000,9.454717183485627,0.5917838791420774,0.5841400484624879,0.001898884082503015,0.2327820388327433,0.087890625,default,256
0.0006897861942994177,1.508393569637489,0.936930603253208,0.6893383319326228,2500,0.00010536971967667341,0.00935767408109026,1.0024789416103645,-0.02148319427226254,0.3450948139065936,0.7712751217356358,0.6960457043988385,4,0.9029536560760215,0.011520277519490736,main,0.0006897861942994178,-0.01375281632215149,0.44743413106598184,0.914430673878356,1024,main-duffing-silu-default-s29-9f0067b489,0.33101992007511105,0.0022151675267664474,0.20871784528898152,0.20871784528898152,1.2320973183987787,silu,0.007350000486678201,0.010103653473002485,270092,1024,16,0.0,0.007288771579085585,0.01036407670159213,0.007124050164878016,0.009903401420338343,0.007287914077044984,0.009934469847645693,0.007317850269473758,0.010016593389785066,0.007458258878407466,0.010088873845185161,0.973446466643315,0.0007122625275837256,0.019359936768304244,0.015804469998023235,0.04356437913139964,0.0031745674535390775,29,duffing,{},50000,13.182498916983604,0.5917838791420774,0.5841400484624879,0.001898884082503015,0.2316812480218581,0.072265625,default,256
0.0006898272413679188,1.4841288073387626,0.9354312102925998,0.6728317895715613,2375,0.00010467838728800416,0.009321987195720331,0.9976454445054588,0.04097867420707331,0.34043415593999615,0.7552184076722912,0.6960457043988385,4,0.9016054595726457,0.000739183981832487,main,0.0006898272413679186,0.02171910762820971,0.4507757656348325,0.9204113174512221,1024,main-duffing-silu-default-s47-f2f6783710,0.3323072101815191,0.002220765684856849,0.21391566374250917,0.21391566374250917,1.238146385818161,silu,0.007379978010683779,0.010085346262941452,270092,1024,16,0.0,0.007325244969288422,0.01032529398388327,0.007209076579257189,0.009921118205756979,0.0073456080020604594,0.009932147767040368,0.007402575853367222,0.009992163743496704,0.007460493620644,0.010056638336725368,0.973980823444132,0.000698797581115352,0.019321019418090668,0.015820395895414438,0.04308826223222183,0.0031617786209977346,47,duffing,{},50000,9.300090668722987,0.5917838791420774,0.5841400484624879,0.001898884082503015,0.23184016694525802,0.0810546875,default,256
0.0006478216377836458,1.533027320038507,0.9335042424079589,0.6792319040125885,2500,2.4402001145062968e-05,0.005126372770746178,1.0692898860814606,0.15166803638339066,0.32854348525099775,0.770222825219577,0.6960457043988385,4,0.9210737926140744,0.012377847614619842,main,0.0006478216377836457,0.04540527099277591,0.42655641262946964,0.8584369032365391,1024,main-duffing-swiglu-default-s11-0e4e259d1c,0.3165759850738771,0.0011353444777950812,0.20828403457468203,0.20828403457468203,1.23156295667004,swiglu,0.0037601004151323926,0.005021923581250585,269301,1024,16,0.0,0.0038948168341141334,0.005131883325725206,0.003730843999627295,0.004853693685885034,0.003937503669940536,0.005335500538802077,0.0038530095377190435,0.005128895695734582,0.004234240086887664,0.005707486966629427,1.1121622617604776,0.0006641748330035222,0.008830435352932885,0.007810586031653049,0.017442615759446597,0.0015903614644094007,11,duffing,{},50000,23.75338445417583,0.5917838791420774,0.5841400484624879,0.001898884082503015,0.22418190314884368,0.087890625,default,115
0.0006392514617001026,1.5378229321223902,0.9322867081349553,0.6741837694907374,2500,2.2818829165771604e-05,0.004823472533901995,1.0593851430241246,0.16964800601746735,0.32737273832490954,0.7801002261355108,0.6960457043988385,4,0.9202859058899302,0.02624775364780774,main,0.0006392514617001026,0.06494729454259353,0.4196547153263379,0.8553231391498898,1024,main-duffing-swiglu-default-s29-569b3e3a59,0.3123151522430711,0.0010981852250866837,0.20238129003122834,0.20238129003122834,1.2240978258871218,swiglu,0.0036322436790108036,0.004834330635012437,269301,1024,16,0.0,0.0036634362672884157,0.004831504623195311,0.0035903674968544618,0.004632470054866546,0.0037207965821978947,0.005098174750153218,0.003650476455637051,0.004838864313638613,0.003947429525469372,0.0053048946735256685,1.0979798400808074,0.0006734044697680872,0.008529620659888753,0.00755069503075034,0.016760214846324038,0.0015359592199745982,29,duffing,{},50000,19.010825362056494,0.5917838791420774,0.5841400484624879,0.001898884082503015,0.213302396016327,0.1005859375,default,115
0.000597372388638433,1.5615508944549195,0.9349310120845116,0.7024671205564694,2500,2.2756023099645972e-05,0.00485967073721684,1.0597223102337072,0.03243860651056539,0.3047824914991568,0.7691447364659033,0.6960457043988385,4,0.9215534690413876,0.018749832361776696,main,0.0005973723886384332,0.06383605428796223,0.39626155786956757,0.8523615222380729,1024,main-duffing-swiglu-default-s47-a68e86753e,0.296971638509373,0.001089992608582446,0.17998216395908584,0.17998216395908584,1.1920240045346588,swiglu,0.003607932959627423,0.004810000639088752,269301,1024,16,0.0,0.003702963698250987,0.004914300685190635,0.0035121431397451557,0.004626628824174604,0.003799467093694992,0.005214802986148261,0.0036953039296855382,0.00486229385366264,0.004006062025574003,0.005367813293409673,1.0922842612349117,0.0006186957649344559,0.008391020012106945,0.00740636462441548,0.016555897198757944,0.0015245915734480753,47,duffing,{},50000,19.7973520886153,0.5917838791420774,0.5841400484624879,0.001898884082503015,0.18868775159071371,0.1279296875,default,115
0.06393703771550832,1.0694119278241592,0.8099969573728381,0.059384097167584575,2375,0.00017916546494234353,0.013189508677624672,1.03401068533355,0.3661043863436921,9045.583475497082,0.7331780939206967,0.0030805276267455483,4,0.48035397545832825,0.060915852317430796,main,0.06393703771550831,0.2081933740433445,12337.498283841918,12338.435410930335,1024,main-ieee118-fourier-default-s11-5785c75e2e,9.104509760911473,0.0003864745832011184,9.00273949448005,9.00273949448005,8125.312732658049,fourier,0.010532029706609552,0.013678188568140041,298617,1024,16,0.0,0.010145003780178963,0.013356707200652284,0.010465627865252524,0.01349735985611589,0.00989495728309476,0.012608865828182447,0.011101563856438696,0.014743152706225246,0.010884722919214749,0.014089590946949738,1.0548700915044138,0.06699043354063645,0.02210939023540037,0.02154432365983388,0.030140071469428174,0.0005753345915468365,11,ieee118,{},10000,12.072888800874352,0.002383570907053797,0.0021085492665156432,5.540507424052206e-06,9.188274499816288,0.0,default,128
0.06775348098116625,1.021655216721044,0.8057299179735715,0.03485993267648952,2500,0.00019279257685411721,0.013207395751456652,1.0155295165766094,0.31036063016255516,9311.029915479347,0.7088391713048353,0.0030805276267455483,4,0.4823615564673179,0.00984277769830484,main,0.06775348098116625,0.2398131951398326,13135.602958199317,13136.54304116199,1024,main-ieee118-fourier-default-s29-5802133163,9.156345933893368,0.00040261598058257027,9.057696815779302,9.057696815779302,8584.359852829788,fourier,0.010957678606926256,0.014495603973791849,298617,1024,16,0.0,0.011100562725787973,0.014664040864420524,0.0105167875563925,0.014085762871299683,0.010082094411424882,0.012871173990987311,0.011225640823778835,0.015303842759610248,0.011019900141798924,0.01464462172712163,0.998675730824918,0.0684751710508462,0.020236592091595958,0.019758854851066383,0.028109128555318764,0.0006156603332980973,29,ieee118,{},10000,11.930637333542109,0.002383570907053797,0.0021085492665156432,5.540507424052206e-06,9.235946809814092,0.0,default,128
0.06689986457816904,1.0567411794952561,0.8122362463524618,0.08050749678134611,2500,0.00019310973584651947,0.013823712882491478,1.038114649563596,0.16473513393043696,9351.113921285449,0.7215704102537002,0.0030805276267455483,4,0.4799262009776498,0.103283026965167,main,0.06689986457816904,0.1606626403690723,12959.392165204847,12960.33969101952,1024,main-ieee118-fourier-default-s47-9b50777d8a,9.150680788128359,0.0004034820933669112,9.04279183602234,9.04279183602234,8457.362216715275,fourier,0.011023539004136149,0.014548924647267895,298617,1024,16,0.0,0.0101815007783497,0.01303840686007411,0.010715668165332903,0.013758584818338877,0.010816682897732265,0.01390179860723652,0.011736454206225539,0.018041630086492157,0.011464912807167962,0.014706539850624954,1.1279399399369074,0.06873193209387976,0.022253582168000767,0.021450393764134077,0.03134258212343326,0.0006105535874557319,47,ieee118,{},10000,12.103751512244344,0.002383570907053797,0.0021085492665156432,5.540507424052206e-06,9.231302106204478,0.0,default,128
3.921803523056052e-06,2.5847001055073173,0.8764442374482002,0.7110193968600242,2500,2.1886461354370113e-07,0.0005682458403371298,1.3049093503790292,0.07828557897229457,0.6250675151765465,0.9982545501326128,0.0030805276267455483,4,0.6776335704756506,0.19706521350404116,main,3.921803523056051e-06,-0.017671147450110863,0.626160446845456,1.1905382264846676,1024,main-ieee118-ganr-default-s11-b0c8f76625,0.5141100736659354,1.1817978194645765e-05,0.2229356183860941,0.2229356183860941,0.9553921819830973,ganr,0.00025974206461686967,0.00048342883727740604,317593,1024,16,0.0,0.0002480264200663087,0.0004039152941261277,0.0002435923129523553,0.0003992071925094796,0.00025074995981291267,0.00042076776436196115,0.00025716558170003917,0.0004704553243238915,0.0002845159471371111,0.0006301566642148333,1.5601208307256096,5.789536529643894e-06,0.0006056004265113463,0.0006048457187777302,0.0006327138324731622,4.877292765077046e-05,11,ieee118,{},10000,16.0377565510571,0.002383570907053797,0.0021085492665156432,5.540507424052206e-06,0.11925672383853154,0.5615234375,default,256
4.170552820638673e-06,2.524838822085693,0.8712275338411404,0.6865994921679421,2375,3.0899275316187413e-07,0.0007882890303697815,1.4899678605283109,0.18288364836817983,0.6814352789395399,1.0175412405567752,0.0030805276267455483,4,0.6675380100765074,0.49876707674701376,main,4.170552820638674e-06,-0.012469746888634574,0.6696881185539705,1.2408278598816804,1024,main-ieee118-ganr-default-s29-6950cc624f,0.5325477330082813,1.2843850650795457e-05,0.21453383409447646,0.21453383409447646,0.9878074860420549,ganr,0.0002787397421389518,0.000584727200685125,317593,1024,16,0.0,0.00026591043272368556,0.00044319475867656016,0.00026630570377606086,0.0004499322544923559,0.00026165387896859597,0.0004786213589759809,0.00029424605140928624,0.0006082541099108839,0.00030015198194172055,0.0008493495087672018,1.9164249850415085,6.393652245445521e-06,0.0007076058587752041,0.000708101397548767,0.0007518406542702044,6.130058073414976e-05,29,ieee118,{},10000,24.229776814579964,0.002383570907053797,0.0021085492665156432,5.540507424052206e-06,0.15233326267364508,0.521484375,default,256
4.065296709185766e-06,2.460136850950018,0.8707667121016018,0.6529796911880408,2375,2.854755507541995e-07,0.0007410710118473255,1.4539136011482923,0.1669582538201167,0.6461269169195323,0.9879022585572578,0.0030805276267455483,4,0.6786538101533716,0.49607173351333955,main,4.065296709185766e-06,-0.0028790859022959727,0.6540393154512497,1.2093424855051338,1024,main-ieee118-ganr-default-s47-1fbcce3242,0.5241925054805041,1.3401374256561298e-05,0.2237188063919715,0.2237188063919715,0.9875574002754137,ganr,0.0002955356692383485,0.0005625473346331139,317593,1024,16,0.0,0.0002866473558143658,0.0004289712215710474,0.00028596933724467187,0.0004414882018238931,0.0002748973771963709,0.0004614573579716611,0.00031294362435016655,0.0005945623084570582,0.0003159810442479154,0.0007966795328667682,1.8571864330409864,6.164281113102696e-06,0.0006421457170887748,0.0006418156172829535,0.0006990690068101019,5.704999918094266e-05,47,ieee118,{},10000,17.86761357448995,0.002383570907053797,0.0021085492665156432,5.540507424052206e-06,0.1420051432954238,0.5185546875,default,256
0.005343455950334381,1.0649300006943323,0.8017720512695591,0.057433905836492376,2500,0.0001007563914754428,0.009080220287689515,0.9994655061326975,-0.06388544525079745,773.0243590777233,0.7380881820269002,0.0030805276267455483,4,0.49721250778155124,-0.030346228810528578,main,0.005343455950334381,-0.034744262302410414,1047.3333375354732,1048.2679149272606,1024,main-ieee118-gelu-default-s11-85c61a84a8,6.642957365833766,0.00028470238293881717,6.48944237663912,6.48944237663912,658.1565389081313,gelu,0.007788547243109632,0.010107738252112766,300153,1024,16,0.0,0.00802962177809816,0.01023340465230359,0.00743429297487846,0.009687829508954651,0.007670926856001852,0.009884143755181336,0.007817898396367094,0.01003356721903566,0.0076822413491644285,0.010141653140725007,0.9910341167288905,0.005564916732964147,0.016159967101862637,0.015590965669189317,0.023300773144230732,0.000407602545641463,11,ieee118,{},10000,9.539128741249442,0.002383570907053797,0.0021085492665156432,5.540507424052206e-06,6.725033517247247,0.0,default,256
0.005384015379436027,1.0404306880655299,0.7986484034965307,0.027253929439954222,2375,0.00010446670057717711,0.009288023390788347,1.0007391164624444,-0.028436712122689473,763.1237483691126,0.7219563071015913,0.0030805276267455483,4,0.504882223875388,-0.03784207138259065,main,0.005384015379436026,-0.038603048333452544,1057.0220674888133,1057.962252912379,1024,main-ieee118-gelu-default-s29-e79b16d25a,6.650505736202492,0.0002901765906389394,6.505015666586692,6.505015666586692,668.4861775423899,gelu,0.007940370338006571,0.010277969946063573,300153,1024,16,0.0,0.008258586171172758,0.010475481572411438,0.007591000839475246,0.009875013115307004,0.007850630123944474,0.01006954724539325,0.007962497599430686,0.010198855998748146,0.007870785323987673,0.010379882403515533,0.9908740072487285,0.005527130678461838,0.016342302310610023,0.01572433275187042,0.02375098746248052,0.000414250954962971,29,ieee118,{},10000,12.801153751090169,0.002383570907053797,0.0021085492665156432,5.540507424052206e-06,6.732848011526726,0.0,default,256
0.0053297843787151085,1.064982375220843,0.803138238521321,0.06221083524068378,2375,0.00010073687008116394,0.009168004684436461,1.0047768430900836,-0.04381468429190288,770.8039187863164,0.7383264836709869,0.0030805276267455483,4,0.5015965355916795,-0.020695329822616407,main,0.0053297843787151085,-0.03559938487947929,1043.9879048545713,1044.929226726997,1024,main-ieee118-gelu-default-s47-acb526af52,6.6421801895222465,0.0002860630500375585,6.485711330224393,6.485711330224393,655.7052684821009,gelu,0.007819646666776106,0.010163409184500208,300153,1024,16,0.0,0.008080666147776264,0.01031228449495494,0.007465572553312209,0.009764672695161387,0.00768332825348377,0.009888517111460033,0.007815040901840173,0.010012196838135864,0.00777484014049257,0.010261304638820683,0.9950563954903302,0.005564706705045593,0.01617433234182654,0.015630919157653737,0.02313965550218912,0.0004109129261613381,47,ieee118,{},10000,11.04395674355328,0.002383570907053797,0.0021085492665156432,5.540507424052206e-06,6.71962987113896,0.0,default,256
0.005822296430266666,1.0411851495436364,0.8045712520748645,0.02543217133967527,2500,0.00010596025822451338,0.009702789766879704,1.023752977618965,0.06186847933584989,820.5791111071376,0.7189335895574321,0.0030805276267455483,4,0.49676029974986013,0.014183847721908303,main,0.005822296430266665,-0.02022555164151348,1141.383742568319,1142.3258256891595,1024,main-ieee118-relu-default-s11-0d5a7822d0,6.735240511091354,0.00029194003397226015,6.597153633918104,6.597153633918104,733.0058142395671,relu,0.007977667755780293,0.010204744792965301,300153,1024,16,0.0,0.00802328910627923,0.01018687336249849,0.0075967090754655055,0.009801690910543857,0.007721831388579451,0.00982541931000215,0.00799795867267086,0.010151077586991238,0.008024153843981401,0.01035933885328095,1.016930169311554,0.005948519521238814,0.019565989881927506,0.019044506395655792,0.02713801624950184,0.00041283530608840664,11,ieee118,{},10000,12.786625115200877,0.002383570907053797,0.0021085492665156432,5.540507424052206e-06,6.817940727822569,0.0,default,256
0.005875230444048229,1.0544631609828938,0.8052208782221018,0.040456870037908585,2375,0.00010823412594618276,0.009837401073183576,1.0229106151243548,0.022607290607457756,848.4931857423468,0.7363881179811215,0.0030805276267455483,4,0.4955889392417408,0.016800926257063156,main,0.005875230444048229,-0.03413787014519705,1152.2363886975418,1153.1700694800465,1024,main-ieee118-relu-default-s29-f31e3288f6,6.7427423521866,0.0002954165337673269,6.58727251792145,6.58727251792145,725.7992474105442,relu,0.00807355939469289,0.010300068499690174,300153,1024,16,0.0,0.008103913143957168,0.010277686030411947,0.00781587525777307,0.010089144378586228,0.007813562738779593,0.009899836534815796,0.008096161647777763,0.01026860265555738,0.008140209603798493,0.010440234429351804,1.0158156610796314,0.006093555167456938,0.019737317936802952,0.019245360243080822,0.02715884784775383,0.0004165174287266332,29,ieee118,{},10000,9.743966618552804,0.002383570907053797,0.0021085492665156432,5.540507424052206e-06,6.820256491449721,0.0,default,256
0.00587571841903608,1.0544417382998572,0.8037786739062264,0.0365258431085044,2375,0.0001055460306815803,0.00980082410658241,1.0279123538084434,0.03394854508225265,836.6585462604974,0.7271501890917981,0.0030805276267455483,4,0.502853009686272,0.02351960920177383,main,0.00587571841903608,-0.03077007411844646,1150.5993655938867,1151.5388899423135,1024,main-ieee118-relu-default-s47-3baf153a82,6.742807917439681,0.0002933593087230168,6.591524104489814,6.591524104489814,728.8912380703462,relu,0.008016354119395813,0.01025165457720305,300153,1024,16,0.0,0.008047253245677542,0.01019725359160894,0.0076845952645190055,0.009928422969003198,0.007753869067242683,0.00984302761782295,0.008007019761706492,0.010131580811899578,0.008120804766017443,0.010500482425897687,1.029736323762534,0.0060726780166836,0.019558473239193894,0.01912935825249787,0.02701113359266849,0.0004155747557610659,47,ieee118,{},10000,9.571477146819234,0.002383570907053797,0.0021085492665156432,5.540507424052206e-06,6.821886873676096,0.0,default,256
0.0054806689680240465,1.0544061210966436,0.7999459771197115,0.02890646234174952,2500,5.311138374963775e-05,0.006880654839666553,1.005909959761798,-0.18862670808318588,787.5560125362568,0.7327997503045868,0.0030805276267455483,4,0.5006447367785236,0.017382228560188822,main,0.0054806689680240465,-0.11211328097060297,1074.721999030309,1075.6595915748678,1024,main-ieee118-resmlp-default-s11-db8d126587,6.671270710560318,0.00019806602592341687,6.509394566141632,6.509394566141632,671.41981791178,resmlp,0.005403209854940061,0.007368813026122906,299497,1024,16,0.0,0.005583150090488957,0.00760098942488527,0.005372376942119867,0.007238755665296283,0.005172886278628467,0.006960078073788741,0.005620932010674811,0.007967593022651214,0.005371971855928885,0.007336204819562257,0.9651644555041583,0.005700751253557654,0.013273515860595893,0.012603412064222948,0.02097626178226733,0.00032582147199506956,11,ieee118,{},10000,15.385758094489574,0.002383570907053797,0.0021085492665156432,5.540507424052206e-06,6.750198089077122,0.0,default,132
0.005494800592389838,1.043839263227906,0.8017160569776824,0.04539774962449038,2375,5.3943331295158714e-05,0.0069058227293624505,0.9761662096412204,-0.19387945564207212,779.5349627525744,0.7234404299517739,0.0030805276267455483,4,0.49888268549535175,-0.040382751591445526,main,0.005494800592389838,-0.127847994599814,1077.538564999111,1078.4779781829775,1024,main-ieee118-resmlp-default-s29-626874f325,6.673208604865442,0.00020558799615411741,6.534094854019257,6.534094854019257,688.2106630111201,resmlp,0.0055497505825356595,0.007514999030756344,299497,1024,16,0.0,0.005796280377185811,0.007738276305685401,0.005681882063031774,0.007512395187164592,0.005355520826927274,0.007122206681831234,0.005963129461003584,0.008687275775485765,0.005385220165650051,0.007281614531085677,0.9409866284738102,0.0056768394176970665,0.014362627716488975,0.013456005243080507,0.022706566059082674,0.00034543576997059065,29,ieee118,{},10000,14.044693443924189,0.002383570907053797,0.0021085492665156432,5.540507424052206e-06,6.754439448725156,0.0,default,132
0.0054880889377228355,1.0387152011012772,0.8022222508879535,0.03342387660038624,2250,5.245029024081305e-05,0.006527251389818118,0.9522062511763381,-0.14473262665236586,781.8121588264657,0.7244484281945522,0.0030805276267455483,4,0.4985603480463725,-0.042032144070524274,main,0.0054880889377228355,-0.11107432631785993,1079.1826283271448,1080.1202416108633,1024,main-ieee118-resmlp-default-s47-51c0d32c60,6.672426860855716,0.00020048274904711745,6.512175434527984,6.512175434527984,673.2895981538891,resmlp,0.0054240127490666696,0.007359769065619687,299497,1024,16,0.0,0.005577702630028565,0.007569685508854451,0.0055967486308107816,0.007482279484506955,0.0053014785410452755,0.007166657379785803,0.005706444841816523,0.008082478729045118,0.005095610517495485,0.006849647780493848,0.90487877897723,0.005664246648872106,0.01365756681315715,0.013027151623801126,0.021369886923223124,0.00033619121633032557,47,ieee118,{},10000,13.221077058464289,0.002383570907053797,0.0021085492665156432,5.540507424052206e-06,6.743444372180944,0.0,default,132
0.005374992912096,1.0351293181598917,0.7991595379591079,0.01823606591087905,2500,9.92298882920295e-05,0.008970825783135373,1.0045896210237817,-0.11018372776531876,767.3473835797566,0.7267245165903697,0.0030805276267455483,4,0.5022703945946215,-0.04600813157141835,main,0.005374992912096,-0.047889770045061154,1055.8985778820015,1056.8373333341228,1024,main-ieee118-silu-default-s11-0d089e088d,6.649236108545835,0.000278925930759957,6.494868969775827,6.494868969775827,661.7375338842115,silu,0.007637382103580775,0.010038154919678246,300153,1024,16,0.0,0.008094270323243702,0.010355139752076773,0.007313346691524238,0.009588265586130252,0.007552823676231279,0.0099047450987852,0.007722101665479242,0.009993521670241748,0.0076902319723996145,0.010399112626681636,1.0042464781410645,0.005554613712959552,0.014647755212598028,0.014141315747018521,0.021591703322892095,0.0004047198502044442,11,ieee118,{},10000,9.483257990330458,0.002383570907053797,0.0021085492665156432,5.540507424052206e-06,6.728479595947245,0.0,default,256
0.005376927981022134,1.0417433956548043,0.8022378006484241,0.033895163525498886,2250,0.00010083697270601988,0.009093718042377201,1.010124507344525,-0.1458567229875611,772.6478773919113,0.7321225789045088,0.0030805276267455483,4,0.5025097417089096,-0.04510183463271583,main,0.005376927981022134,-0.05794889045847936,1055.3531603246568,1056.2919027798114,1024,main-ieee118-silu-default-s29-03ddfee51f,6.65052667374678,0.000280800775233383,6.492716535362797,6.492716535362797,660.3147092795277,silu,0.007693193566610411,0.010128214030114336,300153,1024,16,0.0,0.008087287648145671,0.01038124101101177,0.007415651570488789,0.009721870022629123,0.007595561032096945,0.009951379345911445,0.007746354802209316,0.010061443183429677,0.007799356644887398,0.01055120320243846,1.0163720494733148,0.005579413450392828,0.014904090675907665,0.014353307077880895,0.02192794051835423,0.000407850325221863,29,ieee118,{},10000,12.823985857889056,0.002383570907053797,0.0021085492665156432,5.540507424052206e-06,6.731183906808562,0.0,default,256
0.005349977985845888,1.0696109452354376,0.80102027850279,0.047524665170588655,2375,9.740286623127759e-05,0.008999151528452674,1.0129854135118732,-0.1287529077460963,769.7455119785033,0.735274270761695,0.0030805276267455483,4,0.5013329188914113,-0.034896813085616187,main,0.005349977985845888,-0.0645669904692082,1046.8821534868866,1047.8164516653792,1024,main-ieee118-silu-default-s47-5046d72209,6.64423576257103,0.0002777550530219827,6.496623445132503,6.496623445132503,662.899553396496,silu,0.007596353771315888,0.010012703832026954,300153,1024,16,0.0,0.007994960571319418,0.010284875751231147,0.0072885896723552035,0.009610834232043017,0.007483090586431504,0.009815523399558617,0.007662922602215668,0.009933082656378149,0.007733071905304048,0.010430555270601433,1.0141644413499937,0.0055884312613502605,0.014566697305309946,0.014041428266694005,0.021413858901599275,0.0004048575683284519,47,ieee118,{},10000,9.589478339999914,0.002383570907053797,0.0021085492665156432,5.540507424052206e-06,6.722636296878619,0.0,default,256
0.005242078103531804,1.0697407350611399,0.7934527770464345,0.06344569192117873,2500,6.242519884835929e-05,0.006944441607788934,0.9572506829771095,-0.14458497583262525,754.9992336744745,0.7332142693859816,0.0030805276267455483,4,0.5309206646464266,-0.04468600243187182,main,0.005242078103531804,-0.03872337905013947,1029.7115934564888,1030.6580026199586,1024,main-ieee118-swiglu-default-s11-941b8340a3,6.641369504376626,0.00021064514423991157,6.452716911630595,6.452716911630595,634.4262198188229,swiglu,0.005754494546461864,0.007875088914368632,297321,1024,16,0.0,0.006002331201989345,0.00833016957168723,0.0060098758582241745,0.008265507046261786,0.00557693960966451,0.007628656678203282,0.005833606318211466,0.00793946951122207,0.005531146364292215,0.007424445520965647,0.8912718351136598,0.0054218069544402885,0.01608587095213894,0.014540289330293037,0.02825035920347995,0.00034355075261069195,11,ieee118,{},10000,23.28612283989787,0.002383570907053797,0.0021085492665156432,5.540507424052206e-06,6.728387631883587,0.0,default,118
0.005240517112892929,1.0046335910320454,0.7929259359749591,0.041686496405836486,2500,6.158017640700564e-05,0.00687493370643156,0.9507982305746662,-0.1731122285523255,740.3306549260828,0.7167648238071699,0.0030805276267455483,4,0.5296705896752472,-0.05707965274300837,main,0.005240517112892929,-0.041207643408912094,1032.8780519581592,1033.8215382023723,1024,main-ieee118-swiglu-default-s29-b2ea3416b3,6.638835846135411,0.00020881847055420234,6.425296157677288,6.425296157677288,617.2636490193648,swiglu,0.00572238628832209,0.00781089412626206,297321,1024,16,0.0,0.006046176632121445,0.008363549252043993,0.005934447620673944,0.008100461381871522,0.005571398669424184,0.0075789288757771795,0.005886921343272589,0.008015867827793177,0.005469317652200908,0.007335992486535283,0.8771386722858621,0.00537213180110368,0.016088361249082046,0.014665912321521469,0.02805253587416484,0.0003317489064282036,29,ieee118,{},10000,25.564132295548916,0.002383570907053797,0.0021085492665156432,5.540507424052206e-06,6.713153964671802,0.0,default,118
0.0052964026473607175,1.0834480238646813,0.7950803640338198,0.05584297439382018,2500,6.0213282267795876e-05,0.006828098871083128,0.9485932474585793,-0.19216754189243776,778.7154266387738,0.7479189151593039,0.0030805276267455483,4,0.5290344396279434,-0.06142040984192832,main,0.0052964026473607175,-0.03419086617552392,1041.1762703887632,1042.1180933960172,1024,main-ieee118-swiglu-default-s47-dd3185c404,6.652558354006756,0.00020764285259990454,6.463334584623817,6.463334584623817,641.19562831744,swiglu,0.005687644288326364,0.00775922971256269,297321,1024,16,0.0,0.0059749550318545855,0.008239667011859821,0.005947437098515158,0.008125875104217271,0.005565763281651397,0.007565413885726181,0.005849647545802049,0.007946894724604175,0.005443597247788776,0.007281677903083052,0.883734487401265,0.005616466692150951,0.016059291923591318,0.014496124348144885,0.02861263509795093,0.0003289249027565118,47,ieee118,{},10000,20.707966083660722,0.002383570907053797,0.0021085492665156432,5.540507424052206e-06,6.732549321676451,0.0,default,118
0.06827755956848675,1.024792086499038,0.9380392504997638,0.0626379215542522,2500,0.0003380574635230005,0.0183126526603868,1.0223939526100407,0.3597665445529384,67.18247740073278,0.9799506493533294,0.2699500652143177,4,0.7811776643523725,0.11488496665116943,main,0.06827755956848675,0.25200609309062294,68.55700074801376,69.50560212875429,1024,main-shallow_water-fourier-default-s11-aa668b3f9b,4.188438486196798,0.00041802120613265595,4.256806699233334,4.256806699233334,70.58422783907935,fourier,0.013817297848202043,0.018170678926746307,334880,1024,16,0.0,0.013496349923815723,0.017635354869275918,0.013612984248506639,0.017900102949971654,0.013765533496845993,0.018119668094775946,0.014119882340062638,0.018556580461894106,0.01407641715872184,0.01855253164853718,1.0520078436787883,0.06908802849611954,0.012855584386644985,0.012483653311887345,0.017171377749562636,0.0005697033391232788,11,shallow_water,{},10000,12.117378134280443,0.2647286723225135,0.264559792129602,0.0009526529484879175,4.188453987322981,0.0,default,132
0.06529888944123513,1.0143139550843137,0.9434652169769936,0.04934887078892782,2500,0.0003340897965244949,0.01814040469759984,1.022331463480219,0.2978367761975735,64.67051146423394,0.9858436256984612,0.2699500652143177,4,0.7851184947244814,0.0935704371110793,main,0.06529888944123513,0.21509967768757599,65.59915769442185,66.546280986684,1024,main-shallow_water-fourier-default-s29-6874fe8260,4.148882624720956,0.00041686831391394744,4.217275828365614,4.217275828365614,67.8484020170205,fourier,0.013756207454543085,0.018120390597488864,334880,1024,16,0.0,0.013391433439674732,0.017597644743525348,0.013533044244858215,0.01777378112331866,0.013667931634494536,0.018054795155991725,0.013786114895520939,0.01816021063543579,0.013953089873183127,0.018364140148022758,1.0435567040742442,0.06647739641385812,0.01284609788153998,0.012447509352895663,0.016981461527564846,0.0005699227516229049,29,shallow_water,{},10000,12.166004966944456,0.2647286723225135,0.264559792129602,0.0009526529484879175,4.151100989766677,0.0,default,132
0.06796729768617879,1.0285577234736196,0.9417532838172163,0.05599465345826479,2500,0.00032655909308232367,0.018286343440604817,1.023702390901646,0.37424886127787604,66.99821850394247,0.9819234832598309,0.2699500652143177,4,0.780523027201067,0.11607638268006579,main,0.06796729768617879,0.294514027966526,68.23160831383619,69.17657516587657,1024,main-shallow_water-fourier-default-s47-a6693d85ba,4.186777846845368,0.00041854517340776095,4.255820333081438,4.255820333081438,70.51463916774415,fourier,0.01382901298840057,0.018188293409703994,334880,1024,16,0.0,0.01331255331795108,0.017406434437382552,0.013800708684905311,0.018136025701321744,0.01381953860949,0.018199017271366445,0.013944783387788304,0.01833491421077481,0.014088723226806456,0.01853536678041943,1.0648571852608915,0.06890186495427789,0.012884599435830322,0.01249239738577793,0.017444876214440314,0.0005709106743172119,47,shallow_water,{},10000,11.979251153767109,0.2647286723225135,0.264559792129602,0.0009526529484879175,4.185608769433634,0.0,default,132
0.007144141289444757,1.0552870416356281,0.9515875111491902,0.16336799719261855,2500,3.432954690651968e-05,0.0057078296112629875,0.9808391683746351,-0.1826078477803624,7.1576954102386035,0.9959492658595243,0.2699500652143177,4,0.9044506411119717,-0.049094071865388736,main,0.007144141289444757,-0.28078681558901364,7.186807255750491,8.073743908452261,1024,main-shallow_water-ganr-default-s11-6b62ed514a,2.085947031711582,0.00013957115190092037,2.133768928595763,2.133768928595763,8.446641787612066,ganr,0.004605656617363532,0.005843310825236062,352292,1024,16,0.0,0.0046184953327467184,0.005861427416034848,0.004641349880506041,0.005902445354722224,0.004684539721821583,0.005959471469303894,0.004616618032810214,0.0058508276392826375,0.0045332788916742995,0.005746077270973821,0.9803204685695726,0.007339520299933245,0.004221019861250032,0.004154269272202523,0.005118993209837208,0.0001833034202279755,11,shallow_water,{},10000,15.989583810791373,0.2647286723225135,0.264559792129602,0.0009526529484879175,2.0963992856054685,0.0,default,256
0.007128256223728254,1.0541916919296723,0.9514887955865817,0.16172203570917673,2500,3.423333328100853e-05,0.005693862624099669,0.9804883276946164,-0.18096975944059837,7.124815179450101,0.9935859594205922,0.2699500652143177,4,0.9043440995285252,-0.053181091749517205,main,0.007128256223728254,-0.26800311583577713,7.1708090396173905,8.057455333927535,1024,main-shallow_water-ganr-default-s29-0422016058,2.083914078274793,0.0001393993537728688,2.1313989755670284,2.1313989755670284,8.426647367587595,ganr,0.004601312831755878,0.005837514721261433,352292,1024,16,0.0,0.004611444465533252,0.005849881227526982,0.004635980617135825,0.005893712603808255,0.004674195078357087,0.0059485147368451945,0.004609994728104972,0.00584010767143286,0.004524919750340981,0.005733931367700754,0.9801791087175208,0.007306104313442698,0.004211342918024141,0.004143522837199808,0.005132961541815316,0.000183010492203477,29,shallow_water,{},10000,20.901268696412444,0.2647286723225135,0.264559792129602,0.0009526529484879175,2.095123174982306,0.0,default,256
0.007145817009614214,1.0514193698325698,0.951755496152167,0.15218244850153778,2500,3.394571831449866e-05,0.005681120709779092,0.9824864183347587,-0.14958420971988132,7.145762235834507,0.9940416270314696,0.2699500652143177,4,0.904839535711864,-0.04371471774193548,main,0.007145817009614214,-0.26484257653243687,7.188594563362571,8.075696888436514,1024,main-shallow_water-ganr-default-s47-6af56ed1d4,2.086219137213526,0.00013872922721475225,2.1347721655855096,2.1347721655855096,8.45511992010213,ganr,0.004578994776477694,0.005807999508636408,352292,1024,16,0.0,0.0045855176183847894,0.005817603852932171,0.004614458758685905,0.005865223575243428,0.004649612762194171,0.005912881757049736,0.0045866394587698615,0.005815531015205799,0.00451495967876957,0.005717451870563577,0.9827846678975717,0.007327871745166819,0.00419561053574113,0.004137708184881166,0.00509014853737049,0.00018211957101284577,47,shallow_water,{},10000,20.197180576622486,0.2647286723225135,0.264559792129602,0.0009526529484879175,2.0961061678075312,0.0,default,256
0.007953876745474264,1.0480632890256694,0.953213067078339,0.15005727639296185,2500,0.00011813719902420416,0.009909168250713933,0.9317710522334025,-0.16460698416236016,7.941568321846177,0.9925526386339393,0.2699500652143177,4,0.9003070961690924,-0.09840994027608897,main,0.007953876745474264,-0.24148253656748442,8.001155820588258,8.898293251951124,1024,main-shallow_water-gelu-default-s11-22d6b408e0,2.181403814495154,0.0002530462179004303,2.231952911801341,2.231952911801341,9.318045648617673,gelu,0.008447910027819765,0.011060905742954357,334852,1024,16,0.0,0.008887836357609603,0.011765284575457344,0.008534642002354187,0.011182088383226579,0.008809807737494927,0.011574955248198085,0.008339203777795401,0.010877085876872077,0.007921160438692293,0.010251834823857655,0.8713630986234893,0.008144655497281947,0.007586726740380829,0.0068015376478318765,0.012542363266432677,0.0003392555466410411,11,shallow_water,{},10000,9.685821374878287,0.2647286723225135,0.264559792129602,0.0009526529484879175,2.187242041476699,0.0,default,256
0.007958493817445199,1.0367289586176265,0.9517931433009001,0.11144638259065875,2500,0.00011822853412013501,0.009902473819183865,0.931299499686934,-0.17513615912858155,7.851872793357125,0.980715578395772,0.2699500652143177,4,0.902187731573786,-0.09368840971675844,main,0.007958493817445199,-0.23503408643873824,8.006269061414326,8.902656406734419,1024,main-shallow_water-gelu-default-s29-b1bd845415,2.1813736229938216,0.00025345425867572604,2.231203058874015,2.231203058874015,9.311061245138758,gelu,0.008460000117510899,0.011071562558496707,334852,1024,16,0.0,0.008880991763688654,0.011749638957296549,0.008539290673618314,0.011188569912758151,0.008806379011149447,0.011562264068324276,0.00835283222967552,0.010894197993441646,0.007913759515539224,0.010244983929286106,0.8719403180404918,0.008053343893249687,0.007595151460358294,0.0068131799843167366,0.012539082163768004,0.0003396731107810018,29,shallow_water,{},10000,12.835543114691973,0.2647286723225135,0.264559792129602,0.0009526529484879175,2.186728328903955,0.0,default,256
0.007943360000298607,1.0423823619584438,0.9532435778800822,0.12801771153708602,2375,0.00011446741700638086,0.009833935056668693,0.9363196618129666,-0.08437965761725007,7.870320745727662,0.9849448174034084,0.2699500652143177,4,0.9025501842662148,-0.09048765959158858,main,0.007943360000298605,-0.19341930566483084,7.9906210040030885,8.888584249222696,1024,main-shallow_water-gelu-default-s47-384ec228c7,2.1800195819726556,0.000250084498023158,2.2287656394525976,2.2287656394525976,9.288393801846148,gelu,0.008344414448663958,0.010894993938953823,334852,1024,16,0.0,0.008740251853149214,0.011532490691732202,0.008414589737268396,0.01099957726642974,0.008679340633475217,0.011374015025220823,0.008262720562968838,0.010753273703099362,0.007856430957852864,0.010140409715508225,0.8792905181166131,0.008071683062539444,0.00750208144147921,0.006776050333405895,0.012279330518010051,0.00033451273837748093,47,shallow_water,{},10000,11.250450475141406,0.2647286723225135,0.264559792129602,0.0009526529484879175,2.1860225407166256,0.0,default,256
0.009679937538703281,1.0131175711995293,0.9606900784897523,0.04068412041341821,2500,0.00017542172281537205,0.012255454085202778,0.945098947631941,0.03908289339889401,9.424926917358075,0.9677354047163456,0.2699500652143177,4,0.8943085856917926,-0.07087738493312351,main,0.009679937538703281,-0.022119137132537013,9.739156872245085,10.646547134569893,1024,main-shallow_water-relu-default-s11-3c11fbfbff,2.3594515821890916,0.0003094190741842482,2.4048057539415675,2.4048057539415675,11.076279013682027,relu,0.010314043513790647,0.01330760350382711,334852,1024,16,0.0,0.010731989669739962,0.013987680245523364,0.010434320889016357,0.013491161850236764,0.010636521543835004,0.013756699919465874,0.010208019684964096,0.013135807658269626,0.009814166300580327,0.012492258538694685,0.8930900849476255,0.009666985904887819,0.009264160791819404,0.008520923037100298,0.014177994522278636,0.0004089837032076249,11,shallow_water,{},10000,12.793493343517184,0.2647286723225135,0.264559792129602,0.0009526529484879175,2.360269714994951,0.0,default,256
0.009646634930441288,1.0090110137078963,0.9622985516793834,0.03908375652671482,2500,0.00017328221292700619,0.012205537667661828,0.9436889389143651,0.09958351325375046,9.388067944430226,0.9673319275196925,0.2699500652143177,4,0.898945827179137,-0.0878227929869108,main,0.009646634930441288,0.014283659520062941,9.705115356320238,10.615864245321387,1024,main-shallow_water-relu-default-s29-86ff550ca8,2.356543480499427,0.00030863458208448517,2.4021962174937332,2.4021962174937332,11.047412277383197,relu,0.010286362704371842,0.013272335395662672,334852,1024,16,0.0,0.010709351584584196,0.01394749931552232,0.010415320466668558,0.013452659236513563,0.010626136816044364,0.013771138194805951,0.010159820826145066,0.013086847580332872,0.009760781644186981,0.012442350571527112,0.892084687731792,0.00962959302511213,0.009243124056130909,0.00850313783366504,0.014193825180628585,0.00040803590783353036,29,shallow_water,{},10000,9.676005370914936,0.2647286723225135,0.264559792129602,0.0009526529484879175,2.358992471945256,0.0,default,256
0.009652560998757739,1.0281214023063863,0.9613585482231574,0.09238125625849367,2500,0.00016885963850654662,0.01215221140745771,0.9483069614422752,0.0033945759217729236,9.491879620100814,0.9776749785938763,0.2699500652143177,4,0.8978438686005263,-0.056787202274515405,main,0.009652560998757739,-0.001860124901652242,9.708624878333637,10.618684528496907,1024,main-shallow_water-relu-default-s47-9d4e297ce2,2.3570232055463896,0.00030592744367380066,2.401895704260671,2.401895704260671,11.044092885151265,relu,0.010194659913790328,0.013133328742074396,334852,1024,16,0.0,0.010530282273840815,0.013675067257792179,0.010262315641266059,0.013253440277994093,0.010545100137121191,0.013628878695162825,0.01015690201607106,0.013050370657612378,0.009719576359402616,0.012371326634887114,0.9046629461977833,0.00974034125254396,0.009162636960773301,0.008483093271489155,0.014026706260392001,0.00040385544510478826,47,shallow_water,{},10000,9.656128767877817,0.2647286723225135,0.264559792129602,0.0009526529484879175,2.3563783407332295,0.0,default,256
0.008226592365538188,1.0365412193748826,0.9543004508139046,0.11711133636721262,2500,0.00012993195559829473,0.011415749547616566,1.0316111850467573,0.3955175439818361,8.190593094724509,0.98960724516653,0.2699500652143177,4,0.9048866228181516,0.1436147941849653,main,0.008226592365538188,0.35554580770331157,8.276609871976238,9.197534293515504,1024,main-shallow_water-resmlp-default-s11-73f76cef60,2.211640789287879,0.0002620658668673769,2.256994431023404,2.256994431023404,9.554329988059292,resmlp,0.008701252697701958,0.01129195051011643,335772,1024,16,0.0,0.008384273647417447,0.010821983359673895,0.008615713334748424,0.01115952889524986,0.00865515314625967,0.011231513534441573,0.008841573386922055,0.011446425700598879,0.008921878570709023,0.011590927423858864,1.0710538945245744,0.008399289215234486,0.008091595717646912,0.007711526393725019,0.011080041175442793,0.00035097621633852665,11,shallow_water,{},10000,14.341135056689382,0.2647286723225135,0.264559792129602,0.0009526529484879175,2.2156963520091235,0.0,default,136
0.008186326746728484,1.0508102843644165,0.9526017090448635,0.1514216838924254,2500,0.00012843566946685314,0.011282862484559798,1.0214875517399047,0.4387680907077488,8.145940161125909,0.9892178092611922,0.2699500652143177,4,0.9012651940774457,0.08850679046563191,main,0.008186326746728484,0.3504834798118875,8.234728575307184,9.15467414097394,1024,main-shallow_water-resmlp-default-s29-5513248b2c,2.206805366755055,0.00026171453307583225,2.256377912033155,2.256377912033155,9.548441172758494,resmlp,0.008670638937274494,0.011238546051300055,335772,1024,16,0.0,0.00852465772545366,0.010999907851541127,0.008576941122278258,0.011115144984232312,0.00858441394648157,0.011151726365914673,0.008802548167594881,0.011393538009251407,0.008836708848974672,0.011457213470629344,1.0415735863663755,0.008356419682058023,0.008086702872429284,0.007811998995872852,0.01096432391305688,0.00035058300821843,29,shallow_water,{},10000,11.544715844094753,0.2647286723225135,0.264559792129602,0.0009526529484879175,2.2116493290373604,0.0,default,136
0.008198207115005088,1.044252051268129,0.9522369925497352,0.11892365084757886,2500,0.00012804583820980042,0.01132006410993307,1.0263860762695862,0.3703765095903386,8.165778022186261,0.9900817381732839,0.2699500652143177,4,0.9038847355730443,0.11926946615048996,main,0.008198207115005088,0.3506811364530434,8.247579676858042,9.167784587596216,1024,main-shallow_water-resmlp-default-s47-13023deda1,2.20836869292052,0.0002614159936575663,2.254118888135287,2.254118888135287,9.526895370491996,resmlp,0.008683285640065722,0.011244124290270179,335772,1024,16,0.0,0.008464756513528678,0.010940967782851467,0.008501723451289599,0.011019423617319358,0.00866436110599539,0.01120573433855206,0.00881023354446634,0.011386406488420165,0.008858844969068067,0.011487554528084743,1.0499578059346797,0.008375624761718903,0.008082068015750095,0.007756105109065953,0.010916141777610022,0.00034895232697465365,47,shallow_water,{},10000,13.373747987672687,0.2647286723225135,0.264559792129602,0.0009526529484879175,2.2140626038603664,0.0,default,136
0.007934445605712357,1.0328485100696028,0.952421244124943,0.10138471407624633,2500,0.00011728880053851753,0.00948149791463579,0.9098901016500617,-0.23175746263459207,7.835123222789218,0.981625510821541,0.2699500652143177,4,0.9017262482599496,-0.11091256660825405,main,0.007934445605712357,-0.26650323430012157,7.981784434505837,8.878033017898659,1024,main-shallow_water-silu-default-s11-e59db978a6,2.178896821841109,0.0002482122437720393,2.2297826028427696,2.2297826028427696,9.297844535832272,silu,0.008292029219329327,0.011079867009853065,334852,1024,16,0.0,0.00882062674274107,0.011936869470501859,0.008456995762009872,0.011322868978383109,0.008705039117619115,0.011682868967689712,0.008088796377155451,0.010713981461999113,0.007576734004561884,0.009980992911815454,0.836148282971534,0.008035727890146263,0.007427127634079173,0.0064358401395392,0.013375697471289192,0.0003393829629688666,11,shallow_water,{},10000,9.57082392834127,0.2647286723225135,0.264559792129602,0.0009526529484879175,2.1846965796587874,0.0,default,256
0.007936801336936174,1.050155802684004,0.9536275748171111,0.1381005583470424,2500,0.000116925839392934,0.009472214768711506,0.9107786923559753,-0.15063865944199134,7.859663393294467,0.984531956618256,0.2699500652143177,4,0.9020651326881478,-0.10473551158715397,main,0.007936801336936174,-0.26523296125098345,7.98314705831533,8.880733857320642,1024,main-shallow_water-silu-default-s29-66faf8230e,2.179511316699816,0.0002479887778171255,2.2308513096635174,2.2308513096635174,9.307786570520975,silu,0.008284550034397082,0.011060367067170453,334852,1024,16,0.0,0.008773445728348525,0.01185998758205644,0.00844260533213789,0.011299717259926475,0.008687933976087263,0.011650544708504415,0.008094847118315983,0.010714460331661332,0.007562531165608426,0.00996341850088584,0.8400867565797444,0.008061226522028266,0.007420250525333541,0.006421440598000129,0.013174061641397502,0.0003388358109441039,29,shallow_water,{},10000,11.680372711271048,0.2647286723225135,0.264559792129602,0.0009526529484879175,2.185966391923936,0.0,default,256
0.007964877103062748,1.0425922162473271,0.951731252358206,0.12240553027322795,2375,0.00011268202069913968,0.009379636070324809,0.915485872830061,-0.13504896156899887,7.889500907324762,0.9847378089570491,0.2699500652143177,4,0.9021210616022465,-0.10025551417995851,main,0.007964877103062748,-0.22417521994134892,8.011778196757422,8.910377485730455,1024,main-shallow_water-silu-default-s47-443b7cac3a,2.182242652564492,0.0002442398284944565,2.226636806803695,2.226636806803695,9.268641555614016,silu,0.008157261555850209,0.010855628512020175,334852,1024,16,0.0,0.008620606554278452,0.011621450078939024,0.008289156417132106,0.011071634862443705,0.008536970167290454,0.011422253526985119,0.007999421075766207,0.010543911069546736,0.007487820258311875,0.009822030819461097,0.8451639642854101,0.00809174060766912,0.007312960669769271,0.006363529039964603,0.012869714269301048,0.0003326870499000579,47,shallow_water,{},10000,9.67109014838934,0.2647286723225135,0.264559792129602,0.0009526529484879175,2.188382468681243,0.0,default,256
0.008227413606700673,1.038035451152794,0.9475827627131495,0.09852437012731563,2500,0.00014764806837774813,0.012117616583573205,1.0270597756220856,0.31026730370102096,8.153010042293493,0.9849424234854968,0.2699500652143177,4,0.9275078409009667,0.11443226521708029,main,0.008227413606700673,0.331277358558043,8.27765141178686,9.204142943544454,1024,main-shallow_water-swiglu-default-s11-15a33eba22,2.2134706274413105,0.00027826803468279074,2.25204665302203,2.25204665302203,9.50717382420471,swiglu,0.00922197739782607,0.012128911072531383,334746,1024,16,0.0,0.009021686431260476,0.011764531238733448,0.009064006065420486,0.011957546308090594,0.00914222881966652,0.011988829059112102,0.009296549372247826,0.012147646141447059,0.009411328473955665,0.012326003990789616,1.0477258924016946,0.008359996010278618,0.008593603306014448,0.008227495825198754,0.011818761070093867,0.00037812442170494253,11,shallow_water,{},10000,15.529312755912542,0.2647286723225135,0.264559792129602,0.0009526529484879175,2.2137596558088353,0.0,default,122
0.008228137050509917,1.0251564464275766,0.9502282582396564,0.07774342187611757,2500,0.00014790719433221966,0.012122482884951954,1.0265477243270231,0.27273752977392707,8.156791118346842,0.9851552489017623,0.2699500652143177,4,0.9241799189018152,0.11120478238323436,main,0.008228137050509919,0.3017173306630427,8.279701222157549,9.206358579979055,1024,main-shallow_water-swiglu-default-s29-c0c6a0400d,2.214375995793219,0.00027855714861993176,2.2523463735702265,2.2523463735702265,9.510023999367199,swiglu,0.00923002061376507,0.012148413787497056,334746,1024,16,0.0,0.009037777613578194,0.011791042994896776,0.00905089494682615,0.011947252447018929,0.009164902748516265,0.012016897927264961,0.009291126732181004,0.012137474710524796,0.009410089186145424,0.012332195481913562,1.0458952178574024,0.008365756813911718,0.008606232184838917,0.008231488472024158,0.011851793541147536,0.0003788734511118949,29,shallow_water,{},10000,16.60145327076316,0.2647286723225135,0.264559792129602,0.0009526529484879175,2.2130443037124703,0.0,default,122
0.00816076054547445,1.0320495356174442,0.9507884606957122,0.09465821919032973,2500,0.00014474938507191837,0.012053328763937044,1.0306079716828611,0.2695964675237843,8.08398308948026,0.9845703628642123,0.2699500652143177,4,0.9270804748313908,0.12200731126171231,main,0.00816076054547445,0.30845767246620415,8.210670759947675,9.136880668724608,1024,main-shallow_water-swiglu-default-s47-4d9a3e4e34,2.206932071509641,0.00027603944038972117,2.252635714744986,2.252635714744986,9.5127757897268,swiglu,0.009143947160320085,0.012006943415739406,334746,1024,16,0.0,0.008920452847735653,0.01161870722468843,0.008940676269498057,0.011770752708092259,0.009056301544525636,0.011848385092954395,0.00923030785737621,0.012065079159764989,0.009354597212463798,0.01225551049201272,1.0548084442622976,0.008290754258272774,0.008538033733823664,0.008201035597850794,0.011608041025260592,0.0003746535424266537,47,shallow_water,{},10000,21.080584943294525,0.2647286723225135,0.264559792129602,0.0009526529484879175,2.2054094704593314,0.0,default,122
0.0007964723690922042,1.395192885138389,0.8998329792146029,0.48983152802096563,750,8.849053119774908e-05,0.009244082189143719,1.0381815621170338,0.029159161797654088,0.37663642374203715,0.6966755571849088,0.6407303214988531,4,0.8589720156955084,0.08751616484132706,mechanism_alpha,0.0007964723690922042,0.032005044717959286,0.5406195464412882,1.0888266615711877,512,mechanism_alpha-controlled-ganr-alpha_0_1-s11-d2e8fb85cd,0.4004141790603847,0.0014539817076310371,0.2695917713658831,0.2695917713658831,1.2924650345012085,ganr,0.007288281002282321,0.009448717786779722,269510,512,16,0.0,0.006906499481279604,0.008823949388107122,0.007122667455866035,0.009196770402986271,0.006936213029238453,0.009058440849605855,0.0076497733419794295,0.009856700060787737,0.0074579033204724325,0.009610409145397148,1.0891278635788655,0.0008481693110314629,0.014550209583054984,0.013769754864586398,0.024490019887319695,0.001879054124611697,11,controlled,"{""alpha"": 0.1}",20000,19.150689279660583,0.5152100709746168,0.49200636232235506,0.001575422120211098,0.29878615325773317,0.146484375,alpha_0.1,114
0.0006139826336183803,2.340186774990667,0.954522286124666,0.9436308379395977,1500,6.493375258287415e-05,0.007628510452420953,0.9942566525227197,-0.04277775337169969,0.16492393158393642,0.6527692927887402,1.343894587799475,4,0.9542846604763754,0.0027286216397157275,mechanism_alpha,0.0006139826336183804,-0.0076700741579977345,0.2526527111582618,0.5914507175220873,512,mechanism_alpha-controlled-ganr-alpha_0_25-s11-3927ee03bd,0.20583908443111265,0.0013856060352664486,0.10735384854225807,0.10735384854225807,1.1032431664027178,ganr,0.006304849118849356,0.008047390082097112,269510,512,16,0.0,0.006284108405607846,0.008279845223157492,0.006446118741457847,0.008065617188505082,0.00619238772808372,0.007832175799745317,0.0063588669413504805,0.008099678513950524,0.006214856042684566,0.007879322716944108,0.9516268124078959,0.0006710630740287777,0.01295014459043519,0.012311416334287631,0.02157543886599683,0.0017668694785650274,11,controlled,"{""alpha"": 0.25}",20000,21.319865053519607,1.025571416546039,0.9476334510785235,0.0029757374001694314,0.10835146598321531,0.177734375,alpha_0.25,114
0.0006457946063034555,2.617650869791526,0.9609371345478332,0.9697502889644201,1500,6.885093898745254e-05,0.00780566046582002,0.9737769168268405,0.13237490664675133,0.11806142703263767,0.5878444984244444,1.9120395928746423,4,0.9694281804711528,0.013925724699877547,mechanism_alpha,0.0006457946063034555,0.024107875997070302,0.2008378531211381,0.48655726882053596,512,mechanism_alpha-controlled-ganr-alpha_0_4-s11-4f44040862,0.16902962941751837,0.0016056088012141743,0.07582063075450987,0.07582063075450987,1.0589860132959301,ganr,0.006495277266675343,0.008348526909426614,269510,512,16,0.0,0.00644260585054075,0.008307924828867073,0.006603911233375805,0.008500356495103336,0.006597593737276094,0.008348256759172034,0.006660651177734582,0.008611760999908003,0.006442149652887398,0.008269716868732855,0.9954010224067676,0.0007125301073667086,0.01496097449566063,0.014117381563617238,0.025106305880490697,0.00206405907979085,11,controlled,"{""alpha"": 0.4}",20000,28.370817102491856,1.436759756932187,1.3252444045297027,0.004042920953873664,0.0644026429281096,0.279296875,alpha_0.4,114
0.0006458099661690631,2.888693690593539,0.9661363381870605,0.9741957097366704,1500,7.758296123938635e-05,0.007746377211344052,0.9339777135686119,0.08811448403110311,0.1062021458224515,0.6042210513091602,2.2111950651634062,4,0.9748717384256692,-0.007059422242821665,mechanism_alpha,0.0006458099661690631,0.06673129026905161,0.17576704021209505,0.4299592643173643,512,mechanism_alpha-controlled-ganr-alpha_0_49-s11-9f40d8b519,0.1519805810992224,0.0018072497538321386,0.061267748028922715,0.061267748028922715,1.0408927550305047,ganr,0.00683504268566861,0.008849624942949065,269510,512,16,0.0,0.006682964756251857,0.008507556204550251,0.006587587112418882,0.008542245366374334,0.007078382579480918,0.009054706368215072,0.007057776317131968,0.0091700787708233,0.006312929658026962,0.008074898799387794,0.9491443377205018,0.000710724630254531,0.017208375210546994,0.01621888716637882,0.02863467393311117,0.0023256055669605316,11,controlled,"{""alpha"": 0.49}",20000,26.101772617548704,1.6473288809320215,1.5358483100090115,0.004600517020146549,0.046210934859879586,0.314453125,alpha_0.49,114
0.0008606234021180458,1.0073227605472126,0.875707492096918,0.03202972113502935,1500,0.0004567191645037383,0.02307571256661643,1.0991409906415472,-0.02761059614286342,0.4429256435429743,0.8062242688858123,0.6407303214988531,4,0.756017385584353,0.2479451518350671,mechanism_alpha,0.0008606234021180457,-0.09666780750391961,0.5493826725845027,1.2279573685523504,512,mechanism_alpha-controlled-silu-alpha_0_1-s11-0cff098a65,0.44323493396599556,0.003293693788508911,0.22839687350515617,0.22839687350515617,1.1019242627125383,silu,0.016852233650557095,0.02140122594778714,270092,512,16,0.0,0.01580921799324896,0.020319635874766845,0.01642525956864276,0.020866629293433876,0.016581487607994206,0.021197346136123146,0.017869969051864113,0.022529920618888765,0.018574354052284938,0.0235547683183844,1.1592121268095645,0.0012048261363848216,0.03518844167841519,0.034444042698273974,0.053677446283042204,0.00412344185553409,11,controlled,"{""alpha"": 0.1}",20000,6.075223740190268,0.5152100709746168,0.49200636232235506,0.001575422120211098,0.19281039661217275,0.3671875,alpha_0.1,256
0.0012811559193179117,1.6123993478336425,0.8868220840658064,0.6358451064876804,1500,0.0004658789839595556,0.022190362505195814,1.0649119668022158,0.2333831217326363,0.31482602515669195,0.7739832408295774,1.343894587799475,4,0.8527516501635313,0.15201620632631807,mechanism_alpha,0.0012811559193179117,0.060379348056213596,0.4067607779455954,0.8028537106305076,512,mechanism_alpha-controlled-silu-alpha_0_25-s11-aa421ef263,0.3483683005359345,0.003506038307271922,0.20822844169224577,0.20822844169224577,1.0622966798456757,silu,0.016127051075904952,0.021229371642432496,270092,512,16,0.0,0.016038346325935256,0.021463231616062232,0.015837275604547344,0.02118518704333591,0.01637133536936583,0.021483632654703644,0.0171408290059967,0.022474427456789244,0.017605033364042372,0.022640970867290944,1.0548724102826779,0.0018865701928000474,0.035869205487445,0.0344208618356699,0.05825818442912607,0.004607906656417279,11,controlled,"{""alpha"": 0.25}",20000,8.473548421636224,1.025571416546039,0.9476334510785235,0.0029757374001694314,0.13234723943513182,0.421875,alpha_0.25,256
0.00137287130944361,2.2489705972089125,0.9156018437293967,0.8427270909865989,1500,0.0005000404780730605,0.022199318985136773,1.0414146787701952,0.26917585555506746,0.2263550360083221,0.6983440743842357,1.9120395928746423,4,0.9080391059339988,0.12521967375630857,mechanism_alpha,0.00137287130944361,0.05026675564481981,0.3241311042954155,0.6422520813084622,512,mechanism_alpha-controlled-silu-alpha_0_4-s11-7056bf9f7f,0.2796117010984423,0.004196724746715717,0.15239801530974967,0.15239801530974967,1.0691099289662729,silu,0.01696431408556969,0.02213634590260887,270092,512,16,0.0,0.016493446215058244,0.021594859826827115,0.016373748647137327,0.021275744657654395,0.017667867079898102,0.023189825389058595,0.01697214445912831,0.02277987411152803,0.01778426389165472,0.02316161067620921,1.0725520268224076,0.0018362692306176432,0.04067327533919039,0.03890981026758501,0.0653930533931824,0.005534219140767416,11,controlled,"{""alpha"": 0.4}",20000,5.791537484154105,1.436759756932187,1.3252444045297027,0.004042920953873664,0.11637039471794164,0.353515625,alpha_0.4,256
0.0014127310161852586,2.482877443493596,0.9239104032093021,0.880024511907623,1500,0.0005402092356234789,0.022906572778592708,1.03865801452753,0.203422220269736,0.20785841052033202,0.693001982221015,2.2111950651634062,4,0.9239346806633952,0.11258981858184272,mechanism_alpha,0.0014127310161852586,0.05670390302239617,0.29993912839060394,0.6006725330160942,512,mechanism_alpha-controlled-silu-alpha_0_49-s11-d172bbc526,0.26070089577462374,0.004708134962934537,0.1394662847448958,0.1394662847448958,1.0631038691760888,silu,0.017606486430641503,0.023050820659016612,270092,512,16,0.0,0.016612336714039534,0.02191691360515236,0.01757429275594501,0.022471234477957635,0.018213886190856073,0.024272002677226696,0.017354512881015766,0.023609292492921055,0.018239034287844836,0.02393983502314054,1.092299557065034,0.0018533197871475392,0.045260979264596324,0.04356442448496266,0.07314236951970889,0.006246496484803104,11,controlled,"{""alpha"": 0.49}",20000,5.658032396808267,1.6473288809320215,1.5358483100090115,0.004600517020146549,0.10173168693455722,0.39453125,alpha_0.49,256
0.002565230510274058,2.7050496416655667,0.8431973746533974,0.8041233398851008,875,0.000179040027433075,0.01510535066448692,1.2278872303054984,0.24231208540174848,0.36402120742321736,0.8393111689265638,2.7757408489597766,4,0.8946583644504049,0.3116791515031872,mechanism_condition,0.002565230510274058,0.005368104193131231,0.4337142419882032,0.7542844116152874,512,mechanism_condition-controlled-ganr-condition_15_0-s11-2070f62ebf,0.3619095001947888,0.002219232669451287,0.22486983404368716,0.22486983404368716,1.0934537993313318,ganr,0.010050541496056949,0.013431189293444314,269510,512,16,0.0,0.00879096663197623,0.011276289337553197,0.009149472741465216,0.011860611497163442,0.009584625550741185,0.012389597106988259,0.010024261086851161,0.013215597745195044,0.011445654857960737,0.015941979977875623,1.4137611674067612,0.006306517648950463,0.05327852871891447,0.04675804058177129,0.10898948197748463,0.002898522717418919,11,controlled,"{""condition"": 15.0}",20000,23.319732014089823,1.9280776396987194,1.5718893278654784,0.004368051740990437,0.13443261062970496,0.373046875,condition_15.0,114
0.0006947110724377381,1.349171004245603,0.933790975069987,0.570983948884769,875,5.253319977782667e-05,0.006843766462962174,0.9869969632878437,0.07501208100865439,0.3138496929027242,0.689776672174892,0.6547767640328224,4,0.9224770645380245,0.0004389004760760348,mechanism_condition,0.0006947110724377381,0.0467407102230462,0.4550018949077303,0.905327935589528,512,mechanism_condition-controlled-ganr-condition_1_0-s11-5c1936a785,0.3372155681804302,0.0017507409968364129,0.25195370276436846,0.25195370276436846,1.285973201784547,ganr,0.0057263448346679,0.007336451711946225,269510,512,16,0.0,0.005892568858481019,0.007752070289373682,0.005518911980910926,0.007049832719334901,0.005760573948488851,0.007514425541404597,0.005623448231040799,0.007087797655817115,0.005618558639055249,0.007155820925531905,0.9230851447955652,0.0006166784739216517,0.006677630458294551,0.006389298611525048,0.01059418730009401,0.002267929519831337,11,controlled,"{""condition"": 1.0}",20000,25.889254860579967,0.5692772894374432,0.561479645731553,0.0018346420287750583,0.2613496847079261,0.05078125,condition_1.0,114
0.004199020410356625,2.1376767695193433,0.723963692425924,0.5320460826724345,875,0.0002767508558463305,0.01964960048793319,1.2878034297528982,0.0855994376839608,0.5407058512438006,0.9344797722725323,2.977388619006296,4,0.8413673751579064,0.5229913575319578,mechanism_condition,0.004199020410356625,-0.10493261907622937,0.5786169666667849,0.9383773650233894,512,mechanism_condition-controlled-ganr-condition_40_0-s11-6764bb32dc,0.5548518510713571,0.002449667531543122,0.37504618732135353,0.37504618732135353,1.0663535279235887,ganr,0.01185455699389182,0.016462578295258386,269510,512,16,0.0,0.009257606939742443,0.012039693422570658,0.010154826499254931,0.013809347958536024,0.01188997915190871,0.015978334745027804,0.01277679302245743,0.017482222860288988,0.014506701782451888,0.02066015868363527,1.7160037185750876,0.01253151466671831,0.15245462937103305,0.13270602040581056,0.31721482284397096,0.0032812757797915214,11,controlled,"{""condition"": 40.0}",20000,26.45016958937049,2.1349155614023916,1.5880921594110688,0.0039419199894974565,0.15163124446777382,0.453125,condition_40.0,114
0.0006457946063034555,2.617650869791526,0.9609371345478332,0.9697502889644201,1500,6.885093898745254e-05,0.00780566046582002,0.9737769168268405,0.13237490664675133,0.11806142703263767,0.5878444984244444,1.9120395928746423,4,0.9694281804711528,0.013925724699877547,mechanism_condition,0.0006457946063034555,0.024107875997070302,0.2008378531211381,0.48655726882053596,512,mechanism_condition-controlled-ganr-condition_5_0-s11-d4fc653982,0.16902962941751837,0.0016056088012141743,0.07582063075450987,0.07582063075450987,1.0589860132959301,ganr,0.006495277266675343,0.008348526909426614,269510,512,16,0.0,0.00644260585054075,0.008307924828867073,0.006603911233375805,0.008500356495103336,0.006597593737276094,0.008348256759172034,0.006660651177734582,0.008611760999908003,0.006442149652887398,0.008269716868732855,0.9954010224067676,0.0007125301073667086,0.01496097449566063,0.014117381563617238,0.025106305880490697,0.00206405907979085,11,controlled,"{""condition"": 5.0}",20000,17.43113605864346,1.436759756932187,1.3252444045297027,0.004042920953873664,0.0644026429281096,0.279296875,condition_5.0,114
0.0038746386408225787,1.3668005502735776,0.7482982351181617,0.33616155471441156,1500,0.0011693222913891077,0.04032715410901886,1.2248748451685145,0.20419101172956114,0.5574957200906346,1.0446213664774031,2.7757408489597766,4,0.7700194408762256,0.46850278879275814,mechanism_condition,0.0038746386408225787,0.024317357320241244,0.5336820957152939,0.92268175032727,512,mechanism_condition-controlled-silu-condition_15_0-s11-397c455b63,0.5676089634032131,0.005326130186451792,0.37882178502224106,0.37882178502224106,0.8527853298701216,silu,0.025123325051297704,0.03430918259873138,270092,512,16,0.0,0.021751436439592202,0.029370594020617483,0.02167094857002872,0.02910314877331772,0.024920258889892754,0.03366535425351737,0.027424996717095917,0.037897353516743414,0.030112150715966134,0.04127050868812745,1.4051642489476548,0.010460233818111024,0.15384532955543467,0.14477837659506382,0.2739265405439168,0.0069422015090965395,11,controlled,"{""condition"": 15.0}",20000,6.002887899056077,1.9280776396987194,1.5718893278654784,0.004368051740990437,0.031648047377848265,0.6171875,condition_15.0,256
0.0007302139428939925,1.3625185065132515,0.9400224489827631,0.6021728836932514,1500,0.00026229870854876935,0.01480556080781419,0.9379787007252811,0.1076308043755217,0.3400722804545339,0.7152486906422763,0.6547767640328224,4,0.9051836130397599,-0.13077776847941772,mechanism_condition,0.0007302139428939925,0.12473866243805862,0.47546019294234165,0.9654014884179538,512,mechanism_condition-controlled-silu-condition_1_0-s11-95ebad641c,0.3489808878573393,0.00373174174691124,0.2679731518162115,0.2679731518162115,1.3073120819963324,silu,0.01220625139519713,0.01626639017252703,270092,512,16,0.0,0.013076451287839153,0.0170856917271724,0.013283405476609339,0.018281403832924013,0.012606130333290366,0.017068251852390085,0.011843970517316211,0.015768516196150214,0.011826338119549034,0.015690374720982322,0.9183341811106763,0.0006818077636641869,0.014542403038959218,0.013679569423453341,0.024061436682962588,0.0050371461620991945,11,controlled,"{""condition"": 1.0}",20000,5.801164519041777,0.5692772894374432,0.561479645731553,0.0018346420287750583,0.27114033065784254,0.0390625,condition_1.0,256
0.0051222050181725515,1.3877294682642587,0.6912190975306456,0.27723891993110633,1500,0.0012368208263069391,0.0390336187708935,1.1475444439406473,0.02319553661643896,0.637856451453369,1.031018931073938,2.977388619006296,4,0.7285503632803632,0.39724990272484867,mechanism_condition,0.0051222050181725515,-0.09676544028450121,0.6186660906303243,1.0311931404007828,512,mechanism_condition-controlled-silu-condition_40_0-s11-fd5aa40700,0.7200216547385901,0.005295854882869046,0.5603520939991532,0.5603520939991532,0.6831948792226548,silu,0.02603813793755187,0.03509218848716297,270092,512,16,0.0,0.02166636663717688,0.028279164020063287,0.02464485699475227,0.03303306635098204,0.026769887359989458,0.03622094844485406,0.02832203434777346,0.038524510691654995,0.030459861589994155,0.04053726993893426,1.4334677612879285,0.014562529757068577,0.28189378660700315,0.2759323518893477,0.4645765421697506,0.006883176567973999,11,controlled,"{""condition"": 40.0}",20000,7.923562387004495,2.1349155614023916,1.5880921594110688,0.0039419199894974565,-0.03550978186385418,0.677734375,condition_40.0,256
0.00137287130944361,2.2489705972089125,0.9156018437293967,0.8427270909865989,1500,0.0005000404780730605,0.022199318985136773,1.0414146787701952,0.26917585555506746,0.2263550360083221,0.6983440743842357,1.9120395928746423,4,0.9080391059339988,0.12521967375630857,mechanism_condition,0.00137287130944361,0.05026675564481981,0.3241311042954155,0.6422520813084622,512,mechanism_condition-controlled-silu-condition_5_0-s11-278c7abb87,0.2796117010984423,0.004196724746715717,0.15239801530974967,0.15239801530974967,1.0691099289662729,silu,0.01696431408556969,0.02213634590260887,270092,512,16,0.0,0.016493446215058244,0.021594859826827115,0.016373748647137327,0.021275744657654395,0.017667867079898102,0.023189825389058595,0.01697214445912831,0.02277987411152803,0.01778426389165472,0.02316161067620921,1.0725520268224076,0.0018362692306176432,0.04067327533919039,0.03890981026758501,0.0653930533931824,0.005534219140767416,11,controlled,"{""condition"": 5.0}",20000,7.8604442570358515,1.436759756932187,1.3252444045297027,0.004042920953873664,0.11637039471794164,0.353515625,condition_5.0,256
0.0006669008312799081,3.049282828720169,0.9581069700587546,0.9729027012451218,1500,6.607458635699004e-05,0.00740023658634132,0.9583023513036442,-0.06832359530817554,0.1281893568727827,0.5214349100949927,1.9079197731782953,4,0.9629872489123616,-0.061671373067371624,mechanism_coupling,0.000666900831279908,-0.00011426253991142239,0.2458396137102323,0.5514466606652259,512,mechanism_coupling-controlled-ganr-coupling_0_0-s11-249beca730,0.197520543069987,0.001385185444920026,0.08564619517675078,0.08564619517675078,1.0813344506880083,ganr,0.006251858672816102,0.008141578068462007,269510,512,16,0.0,0.006337032510398471,0.0082994872816855,0.006512089861959089,0.00855982202718293,0.006085646797413569,0.007966711754141478,0.006270507296171546,0.008248530522796532,0.006021204049724529,0.00782823390040958,0.9432189766329498,0.0006919252161694207,0.014892606384825747,0.01387552038436655,0.025998219937016412,0.0017977074018365746,11,controlled,"{""coupling"": 0.0}",20000,18.559332560747862,1.3527490655173309,1.2554473881041002,0.0035496961947537875,0.08755550888168517,0.197265625,coupling_0.0,114
0.0006660998961815767,2.9101897751936545,0.9559218525289214,0.9634737171124158,1500,6.911279342602938e-05,0.007897697109969844,0.9897992030241213,0.07570399332249704,0.12771775787452425,0.5425266317288461,1.81403603109529,4,0.9619332406272653,-0.03872024882411508,mechanism_coupling,0.0006660998961815766,0.06640003619207838,0.23541288188476872,0.5369237981498551,512,mechanism_coupling-controlled-ganr-coupling_0_33-s11-b8dbccebae,0.19336217905205139,0.001491642598033451,0.08936959340661821,0.08936959340661821,1.0749726013579224,ganr,0.006456121915200425,0.008312451768620992,269510,512,16,0.0,0.006645203164525496,0.008741049926672042,0.006618033014531684,0.008451156260610066,0.006354034152623233,0.008225856452242148,0.006512096444998494,0.008091372938298615,0.006450603302309852,0.008410733878066057,0.9622109413197523,0.0007032792229408431,0.015286063815339165,0.014441050670220794,0.025556720099128256,0.0019169946047327307,11,controlled,"{""coupling"": 0.33}",20000,17.652196869254112,1.3127604688104273,1.1945146960401103,0.003563321624119189,0.08471268029467846,0.224609375,coupling_0.33,114
0.0007884689992779442,2.8715036483828738,0.9642510903237208,0.9701283030635951,1500,0.00011187962809344754,0.010971209817692599,1.0784924907111775,0.31208540174845145,0.10867883241805634,0.6310052131582193,2.6019131039652486,4,0.9746514877832047,0.07294527700529863,mechanism_coupling,0.0007884689992779442,0.0966612807704192,0.1722312750383031,0.42153766948234905,512,mechanism_coupling-controlled-ganr-coupling_0_66-s11-7fc4259746,0.15106730324611678,0.002021514767469327,0.06710331350921135,0.06710331350921135,1.0383959926383786,ganr,0.008057106785652433,0.010511057777233754,269510,512,16,0.0,0.007881870812863508,0.010306232929188423,0.008029771793400581,0.010508973090522674,0.008098681585584827,0.010697490813347843,0.008127273835070229,0.01048874046356377,0.008895791130137198,0.011684130854499862,1.1336955932180688,0.0009685765250073475,0.01837071733688479,0.017273600128015563,0.030914551648562667,0.002616929748339717,11,controlled,"{""coupling"": 0.66}",20000,17.482408236712217,1.9156748816256386,1.7532808522272094,0.005362760196860549,0.045217670682130166,0.34375,coupling_0.66,114
0.0007155823854277912,3.228430911371332,0.9621231754162993,0.9748090438710932,1500,8.673902630107477e-05,0.009295070899274482,1.0555145896069944,0.06073452532618724,0.12045794939282863,0.5605270928763653,2.184097150205613,4,0.9700575327265988,0.11061713573316853,mechanism_coupling,0.0007155823854277912,-0.03929969758872066,0.21490120803027424,0.4897305912272044,512,mechanism_coupling-controlled-ganr-coupling_1_0-s11-c2be5efda2,0.1782030866121826,0.0017661781935347988,0.07406885406165804,0.07406885406165804,1.0579717190607054,ganr,0.0071996316418758395,0.009380311323506741,269510,512,16,0.0,0.006849603028943122,0.008979879595164116,0.006860242182717784,0.008934733173274706,0.007227934617727821,0.009295079726838379,0.007128615402943798,0.009208740673849445,0.007631570494606923,0.00992929349350748,1.1057267960312795,0.0008118817611103873,0.016939979150421655,0.015861674655658728,0.029398601419984408,0.0022846332579717506,11,controlled,"{""coupling"": 1.0}",20000,20.802580380812287,1.6052497670661934,1.4447251611026886,0.004223055346704599,0.06728419246240269,0.267578125,coupling_1.0,114
0.0013529293296181124,2.4966210905573485,0.9045047425267454,0.8471365700209427,1500,0.00037819077260792255,0.019904057969393547,1.0446837651376595,0.32652769845802404,0.2398543988810607,0.6581055793597722,1.9079197731782953,4,0.9119785684918577,0.10570965799201198,mechanism_coupling,0.0013529293296181124,0.127393612455797,0.3644618833263795,0.6976734594168401,512,mechanism_coupling-controlled-silu-coupling_0_0-s11-e918272468,0.3033882475293157,0.0032738557601035014,0.1976761803958414,0.1976761803958414,1.1119159874910953,silu,0.014597970250848897,0.019393284870092908,270092,512,16,0.0,0.01459275184722148,0.020079662773863437,0.014883466544122663,0.019662753345702156,0.015291814438734182,0.020201182458380068,0.015189574697481388,0.02004954607226108,0.016105353404614487,0.020787866479642286,1.0352697011774858,0.0018289337734623053,0.03496884403710832,0.03301702783888699,0.05833933325004534,0.004409258468008273,11,controlled,"{""coupling"": 0.0}",20000,7.655611144378781,1.3527490655173309,1.2554473881041002,0.0035496961947537875,0.14448983642861896,0.34375,coupling_0.0,256
0.001423565221737648,2.4471623549537824,0.8991275966027454,0.8119616785971779,1500,0.00041990296449512243,0.0210395021091018,1.056360340488191,0.2237951939551026,0.257294399495251,0.6941583832105908,1.81403603109529,4,0.8935543011794994,0.09301811177487096,mechanism_coupling,0.001423565221737648,0.0935414127499113,0.37065661917849974,0.7143526522257576,512,mechanism_coupling-controlled-silu-coupling_0_33-s11-2850027835,0.3130915014110368,0.00356179979240099,0.19603527992032696,0.19603527992032696,1.1174100279474493,silu,0.015414941448340689,0.020400651214391285,270092,512,16,0.0,0.015212265474431427,0.020408233729525844,0.01570173030751728,0.020248900406205243,0.016154064906405804,0.02128396319981149,0.015616888591451219,0.020658011140840878,0.016584824690699322,0.02235045167025302,1.095168350503417,0.001990932181095168,0.037123312018396186,0.03563188079490806,0.060324402872102646,0.004755933155503731,11,controlled,"{""coupling"": 0.33}",20000,5.825901499018073,1.3127604688104273,1.1945146960401103,0.003563321624119189,0.14995227099300684,0.35546875,coupling_0.33,256
0.0022171170481123377,1.9557193984030758,0.8831651556478788,0.6883438261750267,1500,0.0007962523959577084,0.030375467744528,1.1110204255667302,0.2944471291130343,0.29646554066871494,0.8877036724853761,2.6019131039652486,4,0.8795935793986192,0.2039070457250432,mechanism_coupling,0.002217117048112338,0.1508360298577494,0.33396903703087794,0.6360598529091153,512,mechanism_coupling-controlled-silu-coupling_0_66-s11-28cddde0db,0.3208351072417812,0.00517487508264837,0.19987472723474886,0.19987472723474886,0.98763073718563,silu,0.02114563975648749,0.028234812139330122,270092,512,16,0.0,0.02000031367406141,0.0261675249900621,0.021572059385514025,0.028000201903003483,0.021141379744309775,0.02816812495603414,0.022342555857652966,0.02984728536949559,0.023470741801117696,0.03199696346136555,1.2227737806123185,0.0038537348010361044,0.05144161996457744,0.04872173167565835,0.08882026188576947,0.006724507740542266,11,controlled,"{""coupling"": 0.66}",20000,7.873871460556984,1.9156748816256386,1.7532808522272094,0.005362760196860549,0.06242842067037889,0.5234375,coupling_0.66,256
0.0018724797921097886,2.2330302595646208,0.8794330265930088,0.7563877945434362,1500,0.0005587141495198011,0.02534954352873154,1.104747345509552,0.40901902209726315,0.28357246525147245,0.7502538500242961,2.184097150205613,4,0.8932468377294247,0.30412485980934073,mechanism_coupling,0.0018724797921097886,0.054846734415948555,0.3779686905202676,0.6967856785992045,512,mechanism_coupling-controlled-silu-coupling_1_0-s11-91bae4c8f0,0.3301736107748023,0.004343808795781413,0.22215881021148137,0.22215881021148137,1.0767123629141857,silu,0.0178787782416444,0.023689154292086942,270092,512,16,0.0,0.016563165485080193,0.021530433907479045,0.01625360981951257,0.021387786339900457,0.01825644000877313,0.023865548286592944,0.02032467220382538,0.026768380894306557,0.020072277983339396,0.026212918804219106,1.2174821425737037,0.0030968131706304966,0.044403825842125814,0.042104109565323414,0.07560501416856619,0.005679234756279246,11,controlled,"{""coupling"": 1.0}",20000,6.235787546262145,1.6052497670661934,1.4447251611026886,0.004223055346704599,0.11766598341087155,0.416015625,coupling_1.0,256
0.000640545659473404,2.7164959242452613,0.9621994864833082,0.9725760963481764,1500,6.47272972855717e-05,0.007797152848828626,1.008192410173012,0.055287088696568995,0.12530271082745728,0.5640864837662299,1.9105395908003324,4,0.9725856602400584,-0.00982702546892345,mechanism_interaction,0.000640545659473404,0.016486171192822238,0.2221338649897265,0.504494705820433,512,mechanism_interaction-controlled-ganr-interaction_0_0-s11-8b78c90c63,0.17959170585082979,0.0015288253646464512,0.07558146753750256,0.07558146753750256,1.0625529027812488,ganr,0.006217654904739388,0.00803077577355698,269510,512,16,0.0,0.006115162313751257,0.007920087684006682,0.006484213893970785,0.008268160329412074,0.006225139624751265,0.007800879240784133,0.0064319343610512525,0.008221007324691321,0.006354640517978865,0.008341414152693653,1.0531971974928724,0.0006957593901862027,0.014582493111016049,0.013758124031485627,0.024309019085450335,0.0019712166067760374,11,controlled,"{""interaction"": 0.0}",20000,17.572295412421227,1.424450382370385,1.3164458670136787,0.004012577888932867,0.06852009417605492,0.267578125,interaction_0.0,114
0.0006457946063034555,2.617650869791526,0.9609371345478332,0.9697502889644201,1500,6.885093898745254e-05,0.00780566046582002,0.9737769168268405,0.13237490664675133,0.11806142703263767,0.5878444984244444,1.9120395928746423,4,0.9694281804711528,0.013925724699877547,mechanism_interaction,0.0006457946063034555,0.024107875997070302,0.2008378531211381,0.48655726882053596,512,mechanism_interaction-controlled-ganr-interaction_0_5-s11-eb6dbfb463,0.16902962941751837,0.0016056088012141743,0.07582063075450987,0.07582063075450987,1.0589860132959301,ganr,0.006495277266675343,0.008348526909426614,269510,512,16,0.0,0.00644260585054075,0.008307924828867073,0.006603911233375805,0.008500356495103336,0.006597593737276094,0.008348256759172034,0.006660651177734582,0.008611760999908003,0.006442149652887398,0.008269716868732855,0.9954010224067676,0.0007125301073667086,0.01496097449566063,0.014117381563617238,0.025106305880490697,0.00206405907979085,11,controlled,"{""interaction"": 0.5}",20000,23.57295500487089,1.436759756932187,1.3252444045297027,0.004042920953873664,0.0644026429281096,0.279296875,interaction_0.5,114
0.000628994494004749,2.5661577700290534,0.9646423504833146,0.9686045343095181,1500,8.153730595950037e-05,0.00880282462436571,1.0147019904004444,0.15384615384615388,0.10956434605505636,0.6463926049783615,1.9075403657494039,4,0.9695755508779524,0.06488449291035808,mechanism_interaction,0.000628994494004749,0.06875708105881141,0.16950123688176183,0.4445432881383795,512,mechanism_interaction-controlled-ganr-interaction_1_0-s11-faeb67e7e0,0.1502871081547456,0.0017738799287470783,0.06555337308073642,0.06555337308073642,1.0489803731790697,ganr,0.0071084066801885525,0.009116856495835445,269510,512,16,0.0,0.006810298996629038,0.008728482516075935,0.007017519415424714,0.009027728159250613,0.007001089811202374,0.008895674426222425,0.007388471863344178,0.009324042396511852,0.0072825934387814725,0.009205609833999444,1.0546632610015254,0.0006781766634513421,0.01663462500813117,0.015824209231450816,0.027732885767577563,0.002268259826064044,11,controlled,"{""interaction"": 1.0}",20000,18.05791205726564,1.465848325870028,1.3468579197361819,0.004177992530845644,0.05352005528881222,0.294921875,interaction_1.0,114
0.0011435003799250064,2.5957482256062843,0.9363551776535761,0.9144721642862865,1500,0.00027821323601529,0.016868363649679228,1.054026172210608,0.3187079910380881,0.2017439618612337,0.6367887323636998,1.9105395908003324,4,0.9351463194566272,0.13117724033256659,mechanism_interaction,0.0011435003799250064,0.06193333648047058,0.31681459110053517,0.6254126814078187,512,mechanism_interaction-controlled-gelu-interaction_0_0-s11-9b6f6c1ff4,0.2569440208939837,0.003189648929773597,0.13633906383706348,0.13633906383706348,1.1084690196061997,gelu,0.012900246733755083,0.016621314604670496,270092,512,16,0.0,0.012190206359837143,0.01580566868625221,0.01256174920137352,0.01594937659199546,0.013197758236325827,0.017386673652133044,0.012985597717721693,0.017069159668778887,0.013787084541147434,0.017396357900418467,1.1006404250109227,0.0014055558708696372,0.030453144763093302,0.029148420534068173,0.04888848603766347,0.004135256905925023,11,controlled,"{""interaction"": 0.0}",20000,5.730464339256287,1.424450382370385,1.3164458670136787,0.004012577888932867,0.12941609323668352,0.28125,interaction_0.0,256
0.0011227376505402197,2.468032371007371,0.9353237486435744,0.9059932222107782,1500,0.00027188454987481236,0.01609700289663182,1.027834675108559,0.24071958880639635,0.1888182510669437,0.6764135785922053,1.9120395928746423,4,0.9346541634415657,0.10570214777812109,mechanism_interaction,0.0011227376505402197,0.0942900201416784,0.27914615708916457,0.5796732976693908,512,mechanism_interaction-controlled-gelu-interaction_0_5-s11-3f9dff2c0d,0.23830181203061013,0.0031413972071838714,0.12473844202843706,0.12473844202843706,1.079851566020237,gelu,0.01274186355115782,0.016411217683777204,270092,512,16,0.0,0.01200941134797726,0.015600647691974457,0.012361198279585827,0.01584032029618645,0.012946193058745168,0.01685776879185799,0.012844364249883626,0.016980949846016485,0.013096138285396512,0.0167188445971113,1.0716763128823226,0.0014184446033549507,0.03026278575019808,0.029113571618889278,0.04835797642041746,0.004048996483246711,11,controlled,"{""interaction"": 0.5}",20000,7.2894284427165985,1.436759756932187,1.3252444045297027,0.004042920953873664,0.113257546319816,0.298828125,interaction_0.5,256
0.0011240981566300423,2.2771044030430048,0.9346754927855545,0.886640026865108,1500,0.0002608335926197469,0.016205839890846983,1.0589843482050265,0.19737073320739798,0.1880808560974737,0.747327810560787,1.9075403657494039,4,0.9335441608832412,0.1574216827742873,mechanism_interaction,0.0011240981566300423,0.09957712131355786,0.2516711588136132,0.5440558253496292,512,mechanism_interaction-controlled-gelu-interaction_1_0-s11-4150f64380,0.2213583827127821,0.0031187965044604197,0.12840700906054098,0.12840700906054098,1.0896693768377386,gelu,0.01254578902391414,0.016126550570023584,270092,512,16,0.0,0.01160440103392648,0.014994094245085203,0.01233534904240307,0.015985780830518957,0.01205501975452101,0.015658148488272704,0.012713087766211101,0.016520360256338226,0.013359235783420137,0.016963597950092335,1.1313519625003492,0.0014784580938993863,0.030405649430104802,0.029031062425548114,0.04934315599381839,0.003992558869934605,11,controlled,"{""interaction"": 1.0}",20000,5.086229613050818,1.465848325870028,1.3468579197361819,0.004177992530845644,0.10219026490459376,0.29296875,interaction_1.0,256
0.001405053869491404,2.3448954636381956,0.9146110746279636,0.850482012680102,1500,0.0005106303142383695,0.02362930394070641,1.085530308141711,0.4035825682027852,0.24464993212066818,0.6711222956675221,1.9105395908003324,4,0.9109600574709976,0.19130490681612708,mechanism_interaction,0.001405053869491404,0.05113811927077969,0.36453852554150445,0.6901095552575984,512,mechanism_interaction-controlled-silu-interaction_0_0-s11-0e56339254,0.29889185971577303,0.004235926654595431,0.15763951698591072,0.15763951698591072,1.0959531465183647,silu,0.017140662325728254,0.02246494751776269,270092,512,16,0.0,0.016359652857004494,0.021171965485160024,0.016317476898439875,0.021062420820077164,0.018190140889005717,0.02424139227317258,0.017166497509818763,0.023270270868636426,0.01892405032892948,0.02439720696176192,1.1523354777270232,0.0018922792281965827,0.04074349687245495,0.039147927825996576,0.06530866534215254,0.005630839237393235,11,controlled,"{""interaction"": 0.0}",20000,7.874046454206109,1.424450382370385,1.3164458670136787,0.004012577888932867,0.1303348401950773,0.337890625,interaction_0.0,256
0.00137287130944361,2.2489705972089125,0.9156018437293967,0.8427270909865989,1500,0.0005000404780730605,0.022199318985136773,1.0414146787701952,0.26917585555506746,0.2263550360083221,0.6983440743842357,1.9120395928746423,4,0.9080391059339988,0.12521967375630857,mechanism_interaction,0.00137287130944361,0.05026675564481981,0.3241311042954155,0.6422520813084622,512,mechanism_interaction-controlled-silu-interaction_0_5-s11-03a471d542,0.2796117010984423,0.004196724746715717,0.15239801530974967,0.15239801530974967,1.0691099289662729,silu,0.01696431408556969,0.02213634590260887,270092,512,16,0.0,0.016493446215058244,0.021594859826827115,0.016373748647137327,0.021275744657654395,0.017667867079898102,0.023189825389058595,0.01697214445912831,0.02277987411152803,0.01778426389165472,0.02316161067620921,1.0725520268224076,0.0018362692306176432,0.04067327533919039,0.03890981026758501,0.0653930533931824,0.005534219140767416,11,controlled,"{""interaction"": 0.5}",20000,6.257823025807738,1.436759756932187,1.3252444045297027,0.004042920953873664,0.11637039471794164,0.353515625,interaction_0.5,256
0.001378817951054035,2.016604045508091,0.9126510354689474,0.8034382116821733,1500,0.000500693335197866,0.02256104496668055,1.0494489892515464,0.2426196019856785,0.23436156616230092,0.8154394231230716,1.9075403657494039,4,0.8979148939043393,0.13937785745757086,mechanism_interaction,0.001378817951054035,0.10141372623911377,0.28740524374540755,0.6013767341406373,512,mechanism_interaction-controlled-silu-interaction_1_0-s11-9e2fe68ebb,0.260601073623676,0.00425058909325287,0.15268960121240466,0.15268960121240466,1.0417922212858342,silu,0.017107441091202928,0.02229719068674211,270092,512,16,0.0,0.01629041619572075,0.02172835537905871,0.016921813475601812,0.02198521257473463,0.017204061372779286,0.022588668784668003,0.017364412286714304,0.022723485749993187,0.018257465142191037,0.023694161777162815,1.0904719369602498,0.002054041766069525,0.04218538488814281,0.04041843427684626,0.06804485928502779,0.005553137003518068,11,controlled,"{""interaction"": 1.0}",20000,8.07931357063353,1.465848325870028,1.3468579197361819,0.004177992530845644,0.08391795235745256,0.4375,interaction_1.0,256
0.0008938412308223459,2.874719577155599,0.9501467478315889,0.9517533130772137,1500,9.914577822200954e-05,0.010371940758253591,1.0880273680268802,0.5189122699116988,0.17901845945385514,0.6805232681151285,1.9105395908003324,4,0.9599764820227148,0.1391798202698527,mechanism_interaction,0.000893841230822346,0.13897668686556575,0.26306001255429434,0.5551636409438283,512,mechanism_interaction-controlled-swiglu-interaction_0_0-s11-0644a23ef6,0.21414109023840555,0.0018954386150414563,0.11041313559097407,0.11041313559097407,1.0979526423250152,swiglu,0.007580853134631418,0.010008537321578692,269301,512,16,0.0,0.007334618513904596,0.009829743171190147,0.007540344553946565,0.010102460866855891,0.007783280685285235,0.010010303910024172,0.007701893928295259,0.009927215986981867,0.008382807377691337,0.01125518324990728,1.1450129524131347,0.0012011339377447894,0.01751743854402789,0.016198304339008075,0.03028409132226093,0.002539639981420952,11,controlled,"{""interaction"": 0.0}",20000,8.174536846578121,1.424450382370385,1.3164458670136787,0.004012577888932867,0.09945783631969199,0.26171875,interaction_0.0,115
0.0010158653431751497,2.53890918823736,0.9417798447895154,0.9230539247662536,1500,0.000134961650473997,0.011848590878238942,1.0589760914491357,0.2989829987260027,0.1851975677862725,0.6886889530578661,1.9120395928746423,4,0.9502693271868696,0.09585169759444273,mechanism_interaction,0.0010158653431751494,0.16144536927364073,0.2689132255773406,0.5578863017081246,512,mechanism_interaction-controlled-swiglu-interaction_0_5-s11-3d2e3d5adb,0.22450582416524922,0.0021959219643067343,0.13372470945510972,0.13372470945510972,1.1206665917197194,swiglu,0.00881428696538517,0.011600652853736773,269301,512,16,0.0,0.00837094290554252,0.011047211038436002,0.008982763881642548,0.011979513943425984,0.009161988161362758,0.012016632556900643,0.00888507276519309,0.011741080046853033,0.009570477928160214,0.012596143996301755,1.1402103166560889,0.001314840631706912,0.021161879886305413,0.0197681617652379,0.036365652637579626,0.0029230700945578614,11,controlled,"{""interaction"": 0.5}",20000,10.63922394812107,1.436759756932187,1.3252444045297027,0.004042920953873664,0.11580349979040788,0.240234375,interaction_0.5,115
0.0009820509087699845,2.500414118099243,0.9455878447759659,0.9305644068790697,1500,0.0001424631045665592,0.01239215890774753,1.0832980281960372,0.32699995606905946,0.18951845530570244,0.8235845111577357,1.9075403657494039,4,0.9492937695417322,0.12223910232201508,mechanism_interaction,0.0009820509087699845,0.16656822922031106,0.2301141567600526,0.5131931598178121,512,mechanism_interaction-controlled-swiglu-interaction_1_0-s11-88a5753451,0.19932700706595008,0.0022507081051588783,0.1148696040888798,0.1148696040888798,1.087406372650113,swiglu,0.008949418604632903,0.011758408108281864,269301,512,16,0.0,0.00845986256152497,0.01090770729988304,0.009378490287745836,0.01234134180078076,0.00905297703533475,0.011982166530018204,0.009163935576691538,0.011810499437472062,0.01000095025146443,0.013253399737442486,1.2150490816328192,0.0014418027967644978,0.021628327385643114,0.020376805536098573,0.03661773683009414,0.0029949999986120016,11,controlled,"{""interaction"": 1.0}",20000,11.15201754309237,1.465848325870028,1.3468579197361819,0.004177992530845644,0.0994957336129722,0.248046875,interaction_1.0,115
0.0008403299836409577,1.112485006447965,0.9179055141239928,0.20599703096210847,750,4.198092210572213e-05,0.006325479130979373,1.0234652226343666,0.04013091420287308,0.8477338280805065,0.7909044937989678,0.2986418804644865,4,0.8239055002971967,0.052552364072281164,mechanism_localization,0.0008403299836409577,-0.024746691214337212,1.0718535989201037,1.7347698849227517,512,mechanism_localization-controlled-ganr-localization_0_5-s11-abd614c013,0.6550378415631946,0.0010562548315051004,0.6158700012894898,0.6158700012894898,1.8512665414601548,ganr,0.005022946456839482,0.006514415054191128,269510,512,16,0.0,0.004833688770723395,0.006205189728250451,0.0053650925254640595,0.007015826206918634,0.004808677040527432,0.0063254339230220755,0.005014368738998133,0.00664764834972639,0.00513772342633591,0.006546009752162343,1.0549249964687197,0.000772765726051614,0.010024828940086225,0.009301616501182072,0.01723443301086637,0.0013703642422267454,11,controlled,"{""localization"": 0.5}",20000,26.07031575962901,0.2655936444381378,0.2611937687936873,0.0008757839830549834,0.6260148929089886,0.0,localization_0.5,114
0.0006887183246012068,1.697020677919649,0.9347588585021056,0.7823871715533124,875,6.756123912055045e-05,0.0077997298900093735,0.9866055553691464,0.05201423362474191,0.3499284116891672,0.7766224851269871,0.7023464409526377,4,0.9094123383720254,-0.0015989603002941144,mechanism_localization,0.0006887183246012068,0.09894912438058617,0.4505772346160564,0.9343239476306209,512,mechanism_localization-controlled-ganr-localization_1_0-s11-5d9406d541,0.3379660518297746,0.0014389367883657655,0.24373000028776784,0.24373000028776784,1.2759998319685293,ganr,0.006341983658434168,0.008210968355556158,269510,512,16,0.0,0.006497290328547618,0.008710146327424373,0.006354848536781775,0.008151648259021375,0.006651339920234341,0.008544914894828443,0.006391373777775921,0.008153756385944412,0.006413582233549542,0.008134241022703652,0.9338810987701262,0.0007182519094331035,0.013859366445195719,0.01309931965961163,0.023312752169256847,0.001860077395134238,11,controlled,"{""localization"": 1.0}",20000,18.108351981267333,0.5706308854307968,0.5600501840246587,0.001708663758403975,0.260760946491528,0.0703125,localization_1.0,114
0.0005720415314654905,2.2181902392844304,0.955407415266691,0.9427373907085065,1500,5.9939698985544965e-05,0.007468932258076148,1.0087615352365102,0.019746957782366122,0.15178767133462673,0.6140802728328739,1.2829879064378293,4,0.9595925307359332,0.029303155863402798,mechanism_localization,0.0005720415314654905,0.005394836978290476,0.2471788755473289,0.5877234709554712,512,mechanism_localization-controlled-ganr-localization_1_5-s11-eefb5a19e2,0.20287008541909993,0.0014534622930431453,0.10783105847550657,0.10783105847550657,1.100709539487692,ganr,0.006026539742456567,0.007696227669588763,269510,512,16,0.0,0.006259126942183528,0.00806635407524235,0.005947935928944406,0.007546118637907355,0.006027108125733304,0.007747541704432507,0.006061193098229509,0.0077542186829874194,0.006189214358357424,0.007771215509917489,0.9634111566921275,0.0005483220945954381,0.013221781328037337,0.012577782304685672,0.02175411904126845,0.001872219797127678,11,controlled,"{""localization"": 1.5}",20000,18.132836485281587,0.991771999762713,0.9699046614076128,0.002877739892638709,0.10144285453723045,0.197265625,localization_1.5,114
0.0006457946063034555,2.617650869791526,0.9609371345478332,0.9697502889644201,1500,6.885093898745254e-05,0.00780566046582002,0.9737769168268405,0.13237490664675133,0.11806142703263767,0.5878444984244444,1.9120395928746423,4,0.9694281804711528,0.013925724699877547,mechanism_localization,0.0006457946063034555,0.024107875997070302,0.2008378531211381,0.48655726882053596,512,mechanism_localization-controlled-ganr-localization_2_0-s11-9e67035640,0.16902962941751837,0.0016056088012141743,0.07582063075450987,0.07582063075450987,1.0589860132959301,ganr,0.006495277266675343,0.008348526909426614,269510,512,16,0.0,0.00644260585054075,0.008307924828867073,0.006603911233375805,0.008500356495103336,0.006597593737276094,0.008348256759172034,0.006660651177734582,0.008611760999908003,0.006442149652887398,0.008269716868732855,0.9954010224067676,0.0007125301073667086,0.01496097449566063,0.014117381563617238,0.025106305880490697,0.00206405907979085,11,controlled,"{""localization"": 2.0}",20000,20.218715446069837,1.436759756932187,1.3252444045297027,0.004042920953873664,0.0644026429281096,0.279296875,localization_2.0,114
0.0008484259455887272,1.1119525409267663,0.9221959916867952,0.2295210772364702,1500,0.00014121385174803436,0.011556629927663192,1.0005757762325673,-0.11001405790097966,0.844617277853092,0.7825158264007375,0.2986418804644865,4,0.8184532540322362,-0.062147645798285675,mechanism_localization,0.0008484259455887272,0.00449048205559561,1.0793612721393722,1.7775807227933214,512,mechanism_localization-controlled-silu-localization_0_5-s11-d0fc7c872e,0.6566052397568052,0.0019205837169459414,0.6122749844831172,0.6122749844831172,1.8446233005465746,silu,0.0091128509396421,0.011857011885075727,270092,512,16,0.0,0.009615450534173611,0.012846275665214131,0.009638945827820747,0.012579744262625425,0.00923461224530773,0.011925319252499806,0.008899839692478068,0.011486140439742148,0.00948525645026395,0.012120033017322096,0.9434666772830824,0.0007693591285297263,0.018067296788960213,0.017096935462390855,0.02967868634408006,0.0025043116733627618,11,controlled,"{""localization"": 0.5}",20000,5.7181128561496735,0.2655936444381378,0.2611937687936873,0.0008757839830549834,0.6259027661503247,0.0,localization_0.5,256
0.0007606339356603833,1.5477189249096903,0.9277276775184016,0.7365675354195992,1500,0.000273616926278919,0.016185906934969036,1.0081335719774727,0.09629662171067083,0.3723729205383568,0.7473072594918777,0.7023464409526377,4,0.88571703308118,-0.020402390107689315,mechanism_localization,0.0007606339356603833,0.12527930843089458,0.4982862347564335,1.0175859361514066,512,mechanism_localization-controlled-silu-localization_1_0-s11-0c0bc35ea7,0.36731875741023373,0.0028333388832406286,0.2431506294884721,0.2431506294884721,1.275260711213042,silu,0.012520199528149591,0.01644271569089433,270092,512,16,0.0,0.013316312941825965,0.018922324126409037,0.012370916184687416,0.01658407402255999,0.012397110194367325,0.015840442143218364,0.012812701193500404,0.017103505456715407,0.013346706406935803,0.01688375150144416,0.8922662664825758,0.0007813362336630141,0.02823791488920001,0.026499272603666416,0.0480237910352292,0.003717701540546427,11,controlled,"{""localization"": 1.0}",20000,5.706045864149928,0.5706308854307968,0.5600501840246587,0.001708663758403975,0.2845801724371153,0.08203125,localization_1.0,256
0.0009510152537251451,2.0092645139668392,0.9287524304911204,0.8443495654089561,1500,0.0003707396681420505,0.01905858768130161,1.031446162109581,0.1909897640908492,0.24152409638277195,0.6960777990232428,1.2829879064378293,4,0.9077976599491415,0.08310176840503083,mechanism_localization,0.0009510152537251451,0.05582771140179215,0.3469785945215977,0.7284372858593277,512,mechanism_localization-controlled-silu-localization_1_5-s11-f31e1b92d4,0.28400445058702606,0.0034368128463915753,0.15273863703882856,0.15273863703882856,1.1245556385981101,silu,0.014365049735888806,0.018966776602778766,270092,512,16,0.0,0.015159562884343017,0.020999751066770586,0.01351119575973463,0.017490080588511144,0.015258340649906244,0.02007197912524385,0.014637480901534291,0.019331959926284004,0.015267150976963635,0.01964554555530037,0.9355132588398596,0.0010727221402346047,0.033829564401976916,0.03221120118547231,0.05447464514357949,0.004595139720001256,11,controlled,"{""localization"": 1.5}",20000,7.647149175405502,0.991771999762713,0.9699046614076128,0.002877739892638709,0.16072376185924458,0.251953125,localization_1.5,256
0.00137287130944361,2.2489705972089125,0.9156018437293967,0.8427270909865989,1500,0.0005000404780730605,0.022199318985136773,1.0414146787701952,0.26917585555506746,0.2263550360083221,0.6983440743842357,1.9120395928746423,4,0.9080391059339988,0.12521967375630857,mechanism_localization,0.00137287130944361,0.05026675564481981,0.3241311042954155,0.6422520813084622,512,mechanism_localization-controlled-silu-localization_2_0-s11-97bccb545a,0.2796117010984423,0.004196724746715717,0.15239801530974967,0.15239801530974967,1.0691099289662729,silu,0.01696431408556969,0.02213634590260887,270092,512,16,0.0,0.016493446215058244,0.021594859826827115,0.016373748647137327,0.021275744657654395,0.017667867079898102,0.023189825389058595,0.01697214445912831,0.02277987411152803,0.01778426389165472,0.02316161067620921,1.0725520268224076,0.0018362692306176432,0.04067327533919039,0.03890981026758501,0.0653930533931824,0.005534219140767416,11,controlled,"{""localization"": 2.0}",20000,5.805752120912075,1.436759756932187,1.3252444045297027,0.004042920953873664,0.11637039471794164,0.353515625,localization_2.0,256
0.0006618452070742339,2.821657046695316,0.964949103415628,0.9740362965061055,1500,7.128195284167305e-05,0.007948927486856808,0.9953755791062712,0.11612045863901947,0.11321878708605039,0.6006574073431179,2.064380296327531,4,0.9687260375083173,-0.10285363093807579,mechanism_rank,0.0006618452070742339,0.09903128969684485,0.18849145236858053,0.45916667111083476,512,mechanism_rank-controlled-ganr-rank_1-s11-faef0b3e7c,0.15995147520586267,0.0016385744763645037,0.0727471286336012,0.0727471286336012,1.0618115801500512,ganr,0.006514595476232158,0.008430935687880173,269510,512,16,0.0,0.006720130020502206,0.008786601372809007,0.006695868227042532,0.008557338362210364,0.006435850244798772,0.008240876817443146,0.006126569031848609,0.00789209806694864,0.006439725743134359,0.00845030724930873,0.9617264845380409,0.0007514016603691043,0.015224535213830158,0.014349951367365665,0.025831830864679047,0.0021200534939223,11,controlled,"{""rank"": 1}",20000,18.198838463053107,1.5351077528710284,1.4155449230323087,0.004301985426274504,0.06688175473251078,0.228515625,rank_1,114
0.0006389537525258928,2.857895267474908,0.9637176858480723,0.9752905022258843,1500,6.609412957914174e-05,0.007773695039899193,0.9996584474027358,0.09391336818521286,0.11623033088870609,0.6348872124219573,2.0568559418868424,4,0.9707378604103007,-0.03332272962657786,mechanism_rank,0.0006389537525258928,0.02531228184616793,0.18307240816099052,0.45285395870209577,512,mechanism_rank-controlled-ganr-rank_2-s11-598f577473,0.1576180321612093,0.0015868176364500464,0.0713842970417585,0.0713842970417585,1.0518261965423241,ganr,0.006316808825578814,0.008154706870122283,269510,512,16,0.0,0.006310676332357766,0.008168707949427815,0.006403831023279759,0.008242106276917417,0.006208457478225805,0.00793313812394708,0.006460052882879199,0.008240533559827398,0.0063608375831444,0.008225534050883514,1.0069565593246212,0.0007226558620038322,0.01481753098056172,0.013886909824328202,0.024710597057938755,0.0020435244463234098,11,controlled,"{""rank"": 2}",20000,17.726896999403834,1.5174475757214632,1.394854877672366,0.004257547263864195,0.0592103913719598,0.306640625,rank_2,114
0.0006457946063034555,2.617650869791526,0.9609371345478332,0.9697502889644201,1500,6.885093898745254e-05,0.00780566046582002,0.9737769168268405,0.13237490664675133,0.11806142703263767,0.5878444984244444,1.9120395928746423,4,0.9694281804711528,0.013925724699877547,mechanism_rank,0.0006457946063034555,0.024107875997070302,0.2008378531211381,0.48655726882053596,512,mechanism_rank-controlled-ganr-rank_4-s11-223c248bd0,0.16902962941751837,0.0016056088012141743,0.07582063075450987,0.07582063075450987,1.0589860132959301,ganr,0.006495277266675343,0.008348526909426614,269510,512,16,0.0,0.00644260585054075,0.008307924828867073,0.006603911233375805,0.008500356495103336,0.006597593737276094,0.008348256759172034,0.006660651177734582,0.008611760999908003,0.006442149652887398,0.008269716868732855,0.9954010224067676,0.0007125301073667086,0.01496097449566063,0.014117381563617238,0.025106305880490697,0.00206405907979085,11,controlled,"{""rank"": 4}",20000,17.771057492122054,1.436759756932187,1.3252444045297027,0.004042920953873664,0.0644026429281096,0.279296875,rank_4,114
0.0007880117819165063,3.395914607838905,0.9577041275527074,0.9657743459676589,1500,0.00010617030784487724,0.009517705376944102,0.9648792497546075,0.02319553661643896,0.14216848885563488,0.6528460279816174,2.154228080496791,4,0.9666238306693047,-0.08138622097481145,mechanism_rank,0.0007880117819165063,0.10831981494832972,0.21776725715123446,0.5060587341082998,512,mechanism_rank-controlled-ganr-rank_8-s11-d536199b94,0.1821335738279074,0.0019705885722374034,0.08610867618617668,0.08610867618617668,1.075007505838828,ganr,0.008088112735455628,0.010406933673733966,269510,512,16,0.0,0.008510260368811518,0.010952543674238967,0.00812034380540502,0.010329796438684292,0.008225773060032245,0.010390785346811393,0.007928205589051638,0.010104186239159945,0.007817349757174066,0.010106625003442872,0.9227650949444971,0.0011021690795615673,0.01829842876463618,0.017287448976593955,0.030022123819399178,0.0025398414797224633,11,controlled,"{""rank"": 8}",20000,26.27892022766173,1.5628793561267624,1.3365884107359827,0.004032452163800951,0.08144698555571198,0.25390625,rank_8,114
0.0015005984701454544,2.1548238783472686,0.9026272836268247,0.8048406547189892,1500,0.0004538802895694971,0.02191118068040058,1.0599721170220104,0.4052409612089795,0.23134800974060288,0.7288966715329889,2.064380296327531,4,0.906813000708095,0.1484231054233758,mechanism_rank,0.0015005984701454544,0.10433645114498576,0.3173947951415942,0.6244715643059973,512,mechanism_rank-controlled-silu-rank_1-s11-7cf8b83416,0.27861298180603333,0.00407642448309155,0.18272699315884133,0.18272699315884133,1.083227712237159,silu,0.016079621488995895,0.020995155988411944,270092,512,16,0.0,0.016310568024876255,0.02143266298374798,0.016218433710631162,0.021217663627421352,0.016807931869393007,0.021223047355206737,0.016739946238543763,0.021760115625532657,0.017440363808121053,0.022746147945920857,1.0612842633306403,0.0022269501727539584,0.0376917756983144,0.035893427435372716,0.062094065710480345,0.005365628208148237,11,controlled,"{""rank"": 1}",20000,7.888989549130201,1.5351077528710284,1.4155449230323087,0.004301985426274504,0.10960266212427155,0.404296875,rank_1,256
0.0016287154762081172,2.1341054670386668,0.8946383709730676,0.7680092246884334,1500,0.0005008059670217335,0.02279777689348339,1.056883146209254,0.37490664675130697,0.25082343371196514,0.7284047510473539,2.0568559418868424,4,0.8976560205092697,0.15665340577471074,mechanism_rank,0.0016287154762081172,0.06746085390416681,0.3443462351821742,0.6582643435395463,512,mechanism_rank-controlled-silu-rank_2-s11-8219e6cb01,0.30159103900313505,0.004253014885893225,0.19833457455785575,0.19833457455785575,1.0787807136963325,silu,0.01686562142740612,0.022036608355626666,270092,512,16,0.0,0.01674936648421998,0.022212928472027722,0.016296785314831752,0.021166800718280383,0.018533622064648647,0.023921573412953197,0.016904617626476902,0.021616534727575448,0.018009630420887594,0.023649290228383815,1.0646633224504762,0.0023439618354288527,0.039756966747321654,0.03811433840618907,0.06499487330531144,0.005602989331836236,11,controlled,"{""rank"": 2}",20000,5.858852669596672,1.5174475757214632,1.394854877672366,0.004257547263864195,0.11796316995682221,0.40625,rank_2,256
0.00137287130944361,2.2489705972089125,0.9156018437293967,0.8427270909865989,1500,0.0005000404780730605,0.022199318985136773,1.0414146787701952,0.26917585555506746,0.2263550360083221,0.6983440743842357,1.9120395928746423,4,0.9080391059339988,0.12521967375630857,mechanism_rank,0.00137287130944361,0.05026675564481981,0.3241311042954155,0.6422520813084622,512,mechanism_rank-controlled-silu-rank_4-s11-8998e0a25f,0.2796117010984423,0.004196724746715717,0.15239801530974967,0.15239801530974967,1.0691099289662729,silu,0.01696431408556969,0.02213634590260887,270092,512,16,0.0,0.016493446215058244,0.021594859826827115,0.016373748647137327,0.021275744657654395,0.017667867079898102,0.023189825389058595,0.01697214445912831,0.02277987411152803,0.01778426389165472,0.02316161067620921,1.0725520268224076,0.0018362692306176432,0.04067327533919039,0.03890981026758501,0.0653930533931824,0.005534219140767416,11,controlled,"{""rank"": 4}",20000,5.771096320822835,1.436759756932187,1.3252444045297027,0.004042920953873664,0.11637039471794164,0.353515625,rank_4,256
0.001649930901333071,2.4448932738798153,0.8886671293120707,0.8260300079536741,1500,0.000639204925391823,0.027029939258526755,1.136218559185838,0.2564907964679524,0.2692460302620179,0.817193189420372,2.154228080496791,4,0.9082638165006904,0.22529220096474062,mechanism_rank,0.001649930901333071,0.11649092766161982,0.32947659592340917,0.667037813326307,512,mechanism_rank-controlled-silu-rank_8-s11-e8ee43fdc5,0.2921907178697614,0.004663969174373477,0.18175042897368376,0.18175042897368376,1.0742909398410854,silu,0.019163002186239123,0.02525582247157058,270092,512,16,0.0,0.01726716090959846,0.02257577711491482,0.017495015830571708,0.02269773925476622,0.01962655129288699,0.025989280131375532,0.019649402755928518,0.025436325561659246,0.02141088273332592,0.028589471572449718,1.266378181664538,0.003157476872371125,0.04601319688472426,0.04319569105247566,0.07976196277457069,0.006172223518568911,11,controlled,"{""rank"": 8}",20000,7.6360051818192005,1.5628793561267624,1.3365884107359827,0.004032452163800951,0.09936016116897553,0.3828125,rank_8,256
0.007633855969857202,1.131289939140299,0.9423838211191415,0.3259646462162935,2500,0.00020165614841971546,0.015643441744233957,1.121823161404268,0.27294368374865924,5.158888168694366,0.8867871360605433,0.4022423630942666,4,0.8338156091077584,0.2433283675166297,physics_factorial,0.007633855969857202,-0.020671893998998637,5.817504515922698,6.796453996812512,1024,physics_factorial-allen_cahn-ganr-no_physics-s11-66ba43503a,1.8904177427436322,0.0008395513116756418,1.9149863591508818,1.9149863591508818,6.786846218034871,ganr,0.01067414888395731,0.014255339804472572,335734,1024,16,0.0,0.011332074649949201,0.01457602516789335,0.009960699090659155,0.012870084534562549,0.010097429910172876,0.013452519130142032,0.01040368912657036,0.013986292419338707,0.01162892092176124,0.015987235023975793,1.096817193976237,0.007875792794957525,0.010855218285816431,0.01015212729745318,0.01590043039396301,0.0011783902815193494,11,allen_cahn,{},10000,33.71380756609142,0.3653166956251509,0.3656098387182945,0.001269468069234427,1.89976715784484,0.0,no_physics,122
0.007647949737983207,1.1112949796130864,0.940126864074822,0.2875767000751019,2500,0.00020154175581410527,0.015628557646688145,1.1223607299874026,0.09327910183727764,5.154624811423371,0.8835174101320141,0.4022423630942666,4,0.8305193807187374,0.23982608093126384,physics_factorial,0.007647949737983207,-0.021712010943423215,5.834208530936786,6.823364496333017,1024,physics_factorial-allen_cahn-ganr-no_physics-s29-54871bf879,1.892230050254046,0.0008389952671413584,1.913715453961852,1.913715453961852,6.778226988492396,ganr,0.010667771685369823,0.014247211454736917,335734,1024,16,0.0,0.011323000332039335,0.014581941992252238,0.009936789118831628,0.012837380739781216,0.01009625062692117,0.013446806751686576,0.010385579195399683,0.013943135426927149,0.011618747552810596,0.015976898144210952,1.0956632630070735,0.007858788283420183,0.010833575178312642,0.010127583009854602,0.016020136637792556,0.0011776157747163693,29,allen_cahn,{},10000,27.2704670522362,0.3653166956251509,0.3656098387182945,0.001269468069234427,1.900603768675119,0.0,no_physics,122
0.0076492419258703225,1.1180910499192518,0.9414779775571072,0.29289335750303985,2500,0.00020058992959093302,0.015637167132632593,1.124990628628755,0.12419384045353873,5.1431348939866,0.881215749293092,0.4022423630942666,4,0.8289760039476015,0.2448760035941635,physics_factorial,0.0076492419258703225,-0.030130579000071524,5.836408278123041,6.840732379266259,1024,physics_factorial-allen_cahn-ganr-no_physics-s47-d7976a8fb1,1.8928469635702312,0.0008365370913533451,1.9127182872590587,1.9127182872590587,6.771470613317005,ganr,0.0106351087005632,0.014222832718705492,335734,1024,16,0.0,0.01130086929684348,0.014565388200943082,0.009911279102357897,0.012815739903761421,0.010043477982068312,0.013395534076528848,0.010337281766584787,0.01391044168485026,0.011591064953722677,0.01599128276291134,1.0978960905330306,0.00783325581951137,0.010826837889109485,0.01010513501045781,0.015866942236931227,0.001175875528377765,47,allen_cahn,{},10000,22.96552535146475,0.3653166956251509,0.3656098387182945,0.001269468069234427,1.8984625518885003,0.0,no_physics,122
0.00666150698466763,1.2102603570048052,0.9498502447942511,0.4886750880659466,2500,0.00014243913756217808,0.014539077924232605,1.2905797047001324,0.37101029376941397,4.628715665171267,0.9139271325703684,0.4022423630942666,4,0.8150520772512106,0.6836269200164509,physics_factorial,0.0066615069846676315,-0.02956580582576353,5.064644105874465,6.031213454657551,1024,physics_factorial-allen_cahn-ganr-physics-s11-b3f30b4a95,1.7709852803468524,0.0006771209711093821,1.805917699863685,1.805917699863685,6.085553704902479,ganr,0.008487071428706255,0.011837152609947508,335734,1024,16,0.0,0.006742159323341534,0.008529923587134246,0.007532256748265957,0.010057935631839668,0.008320958143650862,0.01158104816679642,0.009028251705639609,0.012573236591167828,0.01069791147173895,0.015032045384329899,1.7622719864692407,0.007064714488067373,0.008436367178384287,0.007585565964070002,0.014607989417442914,0.0010043486079359062,11,allen_cahn,{},10000,27.468963718041778,0.3653166956251509,0.3656098387182945,0.001269468069234427,1.784737581979413,0.0,physics,122
0.006655764803903353,1.220693722818507,0.9497597907092015,0.501482044828696,2500,0.00014241399185266346,0.014552155975208737,1.2899761989524892,0.38487554150241676,4.655410352574722,0.9201878352888364,0.4022423630942666,4,0.8136741932109219,0.6859243795150561,physics_factorial,0.006655764803903353,-0.024331268775481005,5.059195714224414,6.024386721540134,1024,physics_factorial-allen_cahn-ganr-physics-s29-c865c31e8c,1.7700948245128199,0.0006775494073207903,1.8017138529449388,1.8017138529449388,6.060024560930124,ganr,0.008492199025310388,0.011851478447782194,335734,1024,16,0.0,0.006750392720323772,0.00854752379135567,0.007528309998843684,0.010058910724656756,0.00833175292794205,0.011607039531981353,0.009041553202472595,0.01258918315452868,0.010696919367918003,0.015042752621339505,1.759895963852435,0.007104991090707624,0.008443694505885816,0.007587572388196757,0.014560070086882343,0.0010057430303392336,29,allen_cahn,{},10000,23.445845676586032,0.3653166956251509,0.3656098387182945,0.001269468069234427,1.7844424743049347,0.0,physics,122
0.006690838689008419,1.2097307763200071,0.9499773427084713,0.4949146497925756,2375,0.000142543955007568,0.014547339936783527,1.2899484979437295,0.378438801521082,4.663755616694917,0.9167803730274837,0.4022423630942666,4,0.8150995501440137,0.6832623962878192,physics_factorial,0.006690838689008419,-0.05154585911236678,5.087102379050499,6.055046723666003,1024,physics_factorial-allen_cahn-ganr-physics-s47-b2274ef78d,1.7749971792569712,0.0006779131719894841,1.809874379694,1.809874379694,6.109679911469961,ganr,0.008496934574932424,0.011848569446834892,335734,1024,16,0.0,0.006760545773691707,0.00855179407124244,0.007541788097095336,0.010068800104659565,0.00832906052728224,0.011591547109703268,0.009032632116528367,0.012576021610694939,0.010703644479668371,0.015036176138884184,1.7582481539688974,0.007117816372526671,0.008440583287507946,0.007594796029760728,0.014505551330896585,0.0010052065102399293,47,allen_cahn,{},10000,23.598651057109237,0.3653166956251509,0.3656098387182945,0.001269468069234427,1.7881991934813963,0.0,physics,122
0.007419181481619373,1.1600849676358327,0.9485316018276636,0.408408912094986,2500,0.00021107115026097745,0.015568005140349585,1.090544325398237,0.2512780153501135,5.091874775694396,0.9015984166490433,0.4022423630942666,4,0.8189171078919502,0.036302291949789,physics_factorial,0.007419181481619373,0.034578222230169514,5.647608382698016,6.660007663476868,1024,physics_factorial-allen_cahn-silu-no_physics-s11-0898b4255a,1.863257622048332,0.0008581980121714262,1.8964234037280447,1.8964234037280447,6.6620246724629375,silu,0.010893640268395392,0.014661985250694592,334852,1024,16,0.0,0.013161887738316015,0.016411341167891152,0.010340652068978799,0.013263748329543959,0.010030872771660253,0.0135689675527648,0.009926303769265774,0.013779379495533912,0.011182103240793365,0.015967924692828366,0.9729810945658522,0.007777048249068128,0.01076513705058099,0.010082558436429374,0.01628791007120843,0.0012146151991864872,11,allen_cahn,{},10000,11.150078220292926,0.3653166956251509,0.3656098387182945,0.001269468069234427,1.871980182786504,0.0,no_physics,256
0.007446963491544063,1.1699640368257007,0.9491996753753768,0.40459392434375224,2375,0.00021038632257841527,0.0156222718418555,1.0958740434349574,0.3009165494282013,5.130608411347848,0.9056439166117654,0.4022423630942666,4,0.8189142344109874,0.05167901974107717,physics_factorial,0.007446963491544063,0.014887559455689864,5.665149753937182,6.676482740592622,1024,physics_factorial-allen_cahn-silu-no_physics-s29-9a005da064,1.8664781306333071,0.0008525831838285155,1.8981696664328496,1.8981696664328496,6.673668603893976,silu,0.010824448781728144,0.01465458119892041,334852,1024,16,0.0,0.01302873277316028,0.016277608561992278,0.010237693647934512,0.013197757717119335,0.009984594833472906,0.013583627072566856,0.009893065021591726,0.013822056921502455,0.011139508541414793,0.016034826475989496,0.9850849045129596,0.007841184373467465,0.010782019728767498,0.010100950078667709,0.016303450970416227,0.001214176740790092,29,allen_cahn,{},10000,9.536655547097325,0.3653166956251509,0.3656098387182945,0.001269468069234427,1.876499570865982,0.0,no_physics,256
0.007452375534771899,1.1633986949955983,0.9489420882287497,0.4096014345361561,2375,0.0002082589635392651,0.015554880165513357,1.0971262759503448,0.3086473234806591,5.103039336966431,0.8996556919095986,0.4022423630942666,4,0.81726208046661,0.05596442269866247,physics_factorial,0.007452375534771899,0.04493092187611759,5.672213695591454,6.682103199062986,1024,physics_factorial-allen_cahn-silu-no_physics-s47-12306f6399,1.8673102498837575,0.0008492819001226331,1.9022532418922755,1.9022532418922755,6.700976383796178,silu,0.01077976143013885,0.014572676617515372,334852,1024,16,0.0,0.012945010300400427,0.016156690419165863,0.010173142027890736,0.013105366715994963,0.00995630834054514,0.013533205963028108,0.009852013178739672,0.013751905850767486,0.011134627375287977,0.01596236123081801,0.9879722156390809,0.007796489778758507,0.010716247386830984,0.010041051426371687,0.016216456804893767,0.0012078182146255721,47,allen_cahn,{},10000,12.8659184910357,0.3653166956251509,0.3656098387182945,0.001269468069234427,1.8777176440061862,0.0,no_physics,256
0.006681117364887926,1.1877683978749534,0.9499034742013601,0.4611225055432372,2375,0.00016044591029640287,0.015014710435319985,1.2416429637667434,0.36294521597414714,4.603956906124235,0.9048771139343427,0.4022423630942666,4,0.8148471043900489,0.7017029696552463,physics_factorial,0.006681117364887926,-0.09753980849009371,5.087936069138219,6.054124597343133,1024,physics_factorial-allen_cahn-silu-physics-s11-a24ec7d783,1.7750095977741083,0.0007425099541604959,1.8121378651580577,1.8121378651580577,6.123524718664785,silu,0.009321798106599702,0.012543892585816042,334852,1024,16,0.0,0.0074608182228967845,0.009497736365357204,0.00860031848784188,0.011090178785774767,0.009310402179754642,0.0122980047885169,0.009952606309844684,0.01318480652897809,0.01119455263779404,0.015437218284552873,1.6253576316204992,0.007010351468172798,0.009150649321168054,0.008372160882630838,0.014496233664403241,0.0010619411255801759,11,allen_cahn,{},10000,9.869331326335669,0.3653166956251509,0.3656098387182945,0.001269468069234427,1.7893406567611303,0.0,physics,256
0.006671629410000884,1.1818608113999096,0.9490958421393895,0.4481397074601245,2500,0.00016019433678593487,0.01502633581138619,1.2406972898883888,0.36534941705784846,4.590596750179543,0.9033894498938014,0.4022423630942666,4,0.8147522549717703,0.7010016830877619,physics_factorial,0.006671629410000884,-0.10075260621557827,5.081525748080403,6.046721348346525,1024,physics_factorial-allen_cahn-silu-physics-s29-9abdf7658a,1.7737762052841224,0.0007437107054845912,1.8049079613752268,1.8049079613752268,6.079411882816315,silu,0.009335170684794707,0.012553284431075692,334852,1024,16,0.0,0.007489518318106811,0.00953667303010855,0.008590930328865721,0.011077348767288274,0.009354070697650993,0.012349928865727201,0.009969086910182381,0.013190196663360118,0.011211326027441341,0.0154425737593021,1.6192831305579873,0.006989731744861693,0.009149023007766276,0.008346884216342366,0.01435572222415201,0.0010629597581351769,29,allen_cahn,{},10000,9.855027420446277,0.3653166956251509,0.3656098387182945,0.001269468069234427,1.7874610399265594,0.0,physics,256
0.006674256836836432,1.1905359716879649,0.9499200639287605,0.4690107668442886,2500,0.00016016510198824108,0.015000269664142477,1.24026187835888,0.36599713055954086,4.612889665023183,0.9077534986964099,0.4022423630942666,4,0.8148994687298728,0.7016660668943566,physics_factorial,0.006674256836836432,-0.08664707907159716,5.08165451485186,6.047114971576018,1024,physics_factorial-allen_cahn-silu-physics-s47-7f1bb06e91,1.7741491447854583,0.0007431185702666546,1.8102677661007083,1.8102677661007083,6.1120838225180965,silu,0.009327554851736279,0.012540765462876257,334852,1024,16,0.0,0.007470333953058231,0.009516965010574537,0.008600426025536987,0.01108605891464839,0.009321687764025907,0.012303152026363276,0.00996184030862576,0.013180741675404572,0.011201930586748583,0.015415300131925923,1.619770600690199,0.007023778825346416,0.009143600616638102,0.008340803522937862,0.01438803234326446,0.0010618227578467496,47,allen_cahn,{},10000,10.058096159249544,0.3653166956251509,0.3656098387182945,0.001269468069234427,1.787753733581094,0.0,physics,256
0.005356188557266592,1.0562135572040074,0.7990354302119865,0.018661151741649378,1500,9.882427548291162e-05,0.009278942126485726,1.015176801045593,-0.0820896769790085,767.8428819917384,0.7302987435577994,0.0030805276267455483,4,0.5024238704330208,-0.05444869376296401,physics_factorial,0.005356188557266592,-0.036903107342107146,1051.4092880004625,1052.3439702917283,1024,physics_factorial-ieee118-ganr-no_physics-s11-e99704fa87,6.647245907442638,0.00027857386630477743,6.502757940520167,6.502757940520167,666.9785894035232,ganr,0.007635642664948395,0.010100190766921051,317593,1024,16,0.0,0.008046116156258202,0.010275914528649411,0.007467089806310722,0.009781498699742758,0.0075296814953583445,0.009943738884486538,0.007763438328096016,0.01015272174863841,0.007843830998867188,0.010713311461383296,1.042565256018276,0.005535718698641131,0.016403819419660282,0.015874493245132834,0.023963124204820073,0.0004091936987279894,11,ieee118,{},10000,16.308109007775784,0.002383570907053797,0.0021085492665156432,5.540507424052206e-06,6.727196655691426,0.0,no_physics,256
0.005376578674398789,1.0513403093243905,0.8020957996663453,0.0417859058722552,1500,0.00010043868678621948,0.00915806070462036,0.9931266889135929,-0.09252273961917232,779.5091308874722,0.7389016435585094,0.0030805276267455483,4,0.5038199268466786,-0.053705050604391666,physics_factorial,0.005376578674398789,-0.02484575048279808,1054.9565529904621,1055.894058678982,1024,physics_factorial-ieee118-ganr-no_physics-s29-6eb3f3c12f,6.649902284129668,0.0002826350478956276,6.494944522840418,6.494944522840418,661.7875364040103,ganr,0.007734614124585251,0.01029554729337825,317593,1024,16,0.0,0.008084056493463101,0.010404383615345078,0.00759309818514543,0.010013899182935979,0.007640472520811022,0.010057017820186568,0.007954788517718773,0.010604030852402717,0.007684113959177936,0.010463433735369447,1.0056755039229117,0.005638366688506319,0.01654907657993197,0.015991603976598955,0.024032536064405745,0.00041718759645166216,29,ieee118,{},10000,24.47721443325281,0.002383570907053797,0.0021085492665156432,5.540507424052206e-06,6.726684739313059,0.0,no_physics,256
0.00531749565278276,1.0469679759264197,0.802795952593538,0.03259215631929046,1375,0.00010092314914800227,0.009330707967536789,1.0089833105604407,-0.10886601384574668,764.626592336197,0.7314870477757499,0.0030805276267455483,4,0.4967741752188788,-0.07339312057435089,physics_factorial,0.00531749565278276,-0.016957321543523352,1045.3043490807052,1046.242886432552,1024,physics_factorial-ieee118-ganr-no_physics-s47-d6ec341c90,6.641219895396938,0.00028214800348888065,6.493194009237476,6.493194009237476,660.630137638841,ganr,0.007720847337944419,0.010256136668899435,317593,1024,16,0.0,0.008178824648034431,0.01047003839302997,0.00764451646849795,0.01001951538386732,0.0075093722640374614,0.009985341528807201,0.007744644363288463,0.010254846962038882,0.007847604760574705,0.010756719142554265,1.0273810600078737,0.005522060341358986,0.017112963031812364,0.016555278152795158,0.02488994787565789,0.00041587280788789674,47,ieee118,{},10000,16.137763302773237,0.002383570907053797,0.0021085492665156432,5.540507424052206e-06,6.722639851403164,0.0,no_physics,256
3.921803523056052e-06,2.5847001055073173,0.8764442374482002,0.7110193968600242,2500,2.1886461354370113e-07,0.0005682458403371298,1.3049093503790292,0.07828557897229457,0.6250675151765465,0.9982545501326128,0.0030805276267455483,4,0.6776335704756506,0.19706521350404116,physics_factorial,3.921803523056051e-06,-0.017671147450110863,0.626160446845456,1.1905382264846676,1024,physics_factorial-ieee118-ganr-physics-s11-3afd646618,0.5141100736659354,1.1817978194645765e-05,0.2229356183860941,0.2229356183860941,0.9553921819830973,ganr,0.00025974206461686967,0.00048342883727740604,317593,1024,16,0.0,0.0002480264200663087,0.0004039152941261277,0.0002435923129523553,0.0003992071925094796,0.00025074995981291267,0.00042076776436196115,0.00025716558170003917,0.0004704553243238915,0.0002845159471371111,0.0006301566642148333,1.5601208307256096,5.789536529643894e-06,0.0006056004265113463,0.0006048457187777302,0.0006327138324731622,4.877292765077046e-05,11,ieee118,{},10000,15.571000441908836,0.002383570907053797,0.0021085492665156432,5.540507424052206e-06,0.11925672383853154,0.5615234375,physics,256
4.170552820638673e-06,2.524838822085693,0.8712275338411404,0.6865994921679421,2375,3.0899275316187413e-07,0.0007882890303697815,1.4899678605283109,0.18288364836817983,0.6814352789395399,1.0175412405567752,0.0030805276267455483,4,0.6675380100765074,0.49876707674701376,physics_factorial,4.170552820638674e-06,-0.012469746888634574,0.6696881185539705,1.2408278598816804,1024,physics_factorial-ieee118-ganr-physics-s29-1198239c50,0.5325477330082813,1.2843850650795457e-05,0.21453383409447646,0.21453383409447646,0.9878074860420549,ganr,0.0002787397421389518,0.000584727200685125,317593,1024,16,0.0,0.00026591043272368556,0.00044319475867656016,0.00026630570377606086,0.0004499322544923559,0.00026165387896859597,0.0004786213589759809,0.00029424605140928624,0.0006082541099108839,0.00030015198194172055,0.0008493495087672018,1.9164249850415085,6.393652245445521e-06,0.0007076058587752041,0.000708101397548767,0.0007518406542702044,6.130058073414976e-05,29,ieee118,{},10000,17.30573602952063,0.002383570907053797,0.0021085492665156432,5.540507424052206e-06,0.15233326267364508,0.521484375,physics,256
4.065296709185766e-06,2.460136850950018,0.8707667121016018,0.6529796911880408,2375,2.854755507541995e-07,0.0007410710118473255,1.4539136011482923,0.1669582538201167,0.6461269169195323,0.9879022585572578,0.0030805276267455483,4,0.6786538101533716,0.49607173351333955,physics_factorial,4.065296709185766e-06,-0.0028790859022959727,0.6540393154512497,1.2093424855051338,1024,physics_factorial-ieee118-ganr-physics-s47-e1da167db9,0.5241925054805041,1.3401374256561298e-05,0.2237188063919715,0.2237188063919715,0.9875574002754137,ganr,0.0002955356692383485,0.0005625473346331139,317593,1024,16,0.0,0.0002866473558143658,0.0004289712215710474,0.00028596933724467187,0.0004414882018238931,0.0002748973771963709,0.0004614573579716611,0.00031294362435016655,0.0005945623084570582,0.0003159810442479154,0.0007966795328667682,1.8571864330409864,6.164281113102696e-06,0.0006421457170887748,0.0006418156172829535,0.0006990690068101019,5.704999918094266e-05,47,ieee118,{},10000,18.10497362539172,0.002383570907053797,0.0021085492665156432,5.540507424052206e-06,0.1420051432954238,0.5185546875,physics,256
0.005374992912096,1.0351293181598917,0.7991595379591079,0.01823606591087905,2500,9.92298882920295e-05,0.008970825783135373,1.0045896210237817,-0.11018372776531876,767.3473835797566,0.7267245165903697,0.0030805276267455483,4,0.5022703945946215,-0.04600813157141835,physics_factorial,0.005374992912096,-0.047889770045061154,1055.8985778820015,1056.8373333341228,1024,physics_factorial-ieee118-silu-no_physics-s11-c81279ce2d,6.649236108545835,0.000278925930759957,6.494868969775827,6.494868969775827,661.7375338842115,silu,0.007637382103580775,0.010038154919678246,300153,1024,16,0.0,0.008094270323243702,0.010355139752076773,0.007313346691524238,0.009588265586130252,0.007552823676231279,0.0099047450987852,0.007722101665479242,0.009993521670241748,0.0076902319723996145,0.010399112626681636,1.0042464781410645,0.005554613712959552,0.014647755212598028,0.014141315747018521,0.021591703322892095,0.0004047198502044442,11,ieee118,{},10000,12.836879411712289,0.002383570907053797,0.0021085492665156432,5.540507424052206e-06,6.728479595947245,0.0,no_physics,256
0.005376927981022134,1.0417433956548043,0.8022378006484241,0.033895163525498886,2250,0.00010083697270601988,0.009093718042377201,1.010124507344525,-0.1458567229875611,772.6478773919113,0.7321225789045088,0.0030805276267455483,4,0.5025097417089096,-0.04510183463271583,physics_factorial,0.005376927981022134,-0.05794889045847936,1055.3531603246568,1056.2919027798114,1024,physics_factorial-ieee118-silu-no_physics-s29-84efa60875,6.65052667374678,0.000280800775233383,6.492716535362797,6.492716535362797,660.3147092795277,silu,0.007693193566610411,0.010128214030114336,300153,1024,16,0.0,0.008087287648145671,0.01038124101101177,0.007415651570488789,0.009721870022629123,0.007595561032096945,0.009951379345911445,0.007746354802209316,0.010061443183429677,0.007799356644887398,0.01055120320243846,1.0163720494733148,0.005579413450392828,0.014904090675907665,0.014353307077880895,0.02192794051835423,0.000407850325221863,29,ieee118,{},10000,9.60571514070034,0.002383570907053797,0.0021085492665156432,5.540507424052206e-06,6.731183906808562,0.0,no_physics,256
0.005349977985845888,1.0696109452354376,0.80102027850279,0.047524665170588655,2375,9.740286623127759e-05,0.008999151528452674,1.0129854135118732,-0.1287529077460963,769.7455119785033,0.735274270761695,0.0030805276267455483,4,0.5013329188914113,-0.034896813085616187,physics_factorial,0.005349977985845888,-0.0645669904692082,1046.8821534868866,1047.8164516653792,1024,physics_factorial-ieee118-silu-no_physics-s47-cf70ae18d7,6.64423576257103,0.0002777550530219827,6.496623445132503,6.496623445132503,662.899553396496,silu,0.007596353771315888,0.010012703832026954,300153,1024,16,0.0,0.007994960571319418,0.010284875751231147,0.0072885896723552035,0.009610834232043017,0.007483090586431504,0.009815523399558617,0.007662922602215668,0.009933082656378149,0.007733071905304048,0.010430555270601433,1.0141644413499937,0.0055884312613502605,0.014566697305309946,0.014041428266694005,0.021413858901599275,0.0004048575683284519,47,ieee118,{},10000,10.155614744871855,0.002383570907053797,0.0021085492665156432,5.540507424052206e-06,6.722636296878619,0.0,no_physics,256
0.002902971698633585,1.0128777465386078,0.8289447247503459,0.1011076975001788,2500,6.89646503815311e-06,0.002616120967716915,1.0149662034151343,0.028674903539440872,405.7268544415888,0.7084946687665803,0.0030805276267455483,4,0.5445937254273773,-0.005422604785065445,physics_factorial,0.0029029716986335844,0.02968555539660968,572.6604197995158,573.6041587321592,1024,physics_factorial-ieee118-silu-physics-s11-3fca082dd2,6.108290254685407,7.510653549499312e-05,5.941905792467623,5.941905792467623,380.6606069723639,silu,0.0020416226847329876,0.0026073440101895776,300153,1024,16,0.0,0.0020772060567762238,0.0026468328760581718,0.0020783065053951227,0.002662008404937048,0.002013688396029413,0.002578967456013064,0.002041536206943611,0.002590705831438671,0.00207827783450475,0.0026613994710211076,1.0055034056342194,0.002915078325020482,0.0071591834340250194,0.006798077621326813,0.010930242786943104,0.00010762420317107496,11,ieee118,{},10000,10.213164530694485,0.002383570907053797,0.0021085492665156432,5.540507424052206e-06,6.206472092275083,0.0,physics,256
0.0028917156344533314,1.018901908289665,0.8286700155717809,0.0942974729096631,2500,6.939241302461596e-06,0.0026271191393433674,1.016194754194314,-0.0024710618322630966,404.3212768081976,0.708849576814308,0.0030805276267455483,4,0.5464367507561441,-0.0006444236821400471,physics_factorial,0.0028917156344533314,0.016450763536227736,570.3907994489988,571.3370967825291,1024,physics_factorial-ieee118-silu-physics-s29-c7ba2eaaa6,6.104383350571174,7.527589093600108e-05,5.930728299504693,5.930728299504693,376.42857066880356,silu,0.002047637208543884,0.0026163663189941837,300153,1024,16,0.0,0.0020835100183456937,0.002658474744762302,0.002082285778359436,0.002668567980068154,0.0020143137174903547,0.002582130776565385,0.0020482249426365846,0.0025997559735719453,0.002086774450198864,0.0026729032771426885,1.0054273723716254,0.0029122129387313574,0.007191001329376132,0.0068501265497184025,0.011015430537602634,0.00010791898411179401,29,ieee118,{},10000,12.874992219731212,0.002383570907053797,0.0021085492665156432,5.540507424052206e-06,6.20579182499314,0.0,physics,256
0.0028970722110964074,1.0070486538685128,0.8275873313446183,0.051401410843287317,2500,6.954970103834057e-06,0.002619456492112247,1.011968226480158,0.006681896059394631,403.840479098063,0.7059059500888923,0.0030805276267455483,4,0.543969973998099,-0.011282968850582933,physics_factorial,0.0028970722110964074,0.016026191796008865,572.088220884395,573.0330626149348,1024,physics_factorial-ieee118-silu-physics-s47-de6d7ca6a5,6.106211684257169,7.541028459328257e-05,5.941566843255858,5.941566843255858,380.53070011107354,silu,0.0020500037480973027,0.002619180091128508,300153,1024,16,0.0,0.0020862435162047207,0.0026634408930557183,0.002088644777958285,0.0026766550195585076,0.002023981241568504,0.002593585341835795,0.002050473489879696,0.002604268020403811,0.002081954909982681,0.002666184886021003,1.0010302436117275,0.0029033510118775274,0.007222805003632805,0.0068697479797098435,0.01109006513161008,0.00010812010316849724,47,ieee118,{},10000,11.18239003047347,0.002383570907053797,0.0021085492665156432,5.540507424052206e-06,6.202755364550454,0.0,physics,256
0.007978044584655692,1.0500749922994603,0.9531781377327561,0.1423564234496817,2500,0.00012009808415314183,0.009595637052808921,0.9132192277183584,-0.18935660458831885,7.926829966105488,0.9877218845797829,0.2699500652143177,4,0.9012652029001632,-0.10321951443029825,physics_factorial,0.007978044584655692,-0.21624966472355336,8.025366340321481,8.922581282790649,1024,physics_factorial-shallow_water-ganr-no_physics-s11-9b779cf0ec,2.1838706015782465,0.0002501113790581233,2.2374198532603975,2.2374198532603975,9.369126493559108,ganr,0.008355869890579567,0.011176830330283766,352292,1024,16,0.0,0.008890193808203996,0.012052778519192486,0.008566007184707696,0.011498830589556535,0.008765349633089899,0.011778761918973998,0.008082677321535649,0.010678712748119656,0.0076435612567875184,0.010071981979821268,0.8356564392005498,0.008129075661689501,0.00748653145209874,0.006469976957664104,0.013557468884668501,0.0003421760918765578,11,shallow_water,{},10000,16.71069032140076,0.2647286723225135,0.264559792129602,0.0009526529484879175,2.1894155767807524,0.0,no_physics,256
0.007997194265099681,1.0340559185094447,0.9529106609943712,0.12085201568199698,2500,0.00012152347335359082,0.009613064579186996,0.909434106331918,-0.15910211586410553,7.886241350561835,0.9801976898192325,0.2699500652143177,4,0.9032947673979552,-0.10346072348186824,physics_factorial,0.007997194265099681,-0.24689801114011872,8.045562066174845,8.943091098243748,1024,physics_factorial-shallow_water-ganr-no_physics-s29-8e97a2b2fc,2.1859233233108597,0.0002518069966081411,2.231018191825438,2.231018191825438,9.309339949408862,ganr,0.008412381854195534,0.011259917287832946,352292,1024,16,0.0,0.008949093182303688,0.012137828587247797,0.008635578479541325,0.011600901372585614,0.00881088187951307,0.011839530508491023,0.00813751585166505,0.010779874073404456,0.007650424757418992,0.010091920130690412,0.8314436192724908,0.008087003723060917,0.0075374987511007754,0.006501907562193783,0.013573229510946628,0.00034477528884562273,29,shallow_water,{},10000,20.98573506809771,0.2647286723225135,0.264559792129602,0.0009526529484879175,2.190544523020228,0.0,no_physics,256
0.007986615954000617,1.03363830641826,0.9534435202932727,0.10413332156140476,2500,0.00011664658086374402,0.009505238442721066,0.9160481506493442,-0.12178824643757573,7.885697291602619,0.9813671714017125,0.2699500652143177,4,0.9021392193976843,-0.09462295928402832,physics_factorial,0.007986615954000617,-0.19480724957084614,8.035419893187655,8.933965794670028,1024,physics_factorial-shallow_water-ganr-no_physics-s47-15a34dba79,2.1850831699423106,0.0002470405111580745,2.2317483183956295,2.2317483183956295,9.316139544749758,ganr,0.00825345974538074,0.011011932939053554,352292,1024,16,0.0,0.008744446918080758,0.01181500967022092,0.008435031748248568,0.011310454085086548,0.008644085997677527,0.011592813474770309,0.008012597345244276,0.010561170379747385,0.007569346452531119,0.009944213977989428,0.841659402366235,0.008085882690807233,0.007399706207074735,0.006427344867137584,0.013183596382533466,0.0003371074866310441,47,shallow_water,{},10000,20.122681887820363,0.2647286723225135,0.264559792129602,0.0009526529484879175,2.1903232175559837,0.0,no_physics,256
0.007144141289444757,1.0552870416356281,0.9515875111491902,0.16336799719261855,2500,3.432954690651968e-05,0.0057078296112629875,0.9808391683746351,-0.1826078477803624,7.1576954102386035,0.9959492658595243,0.2699500652143177,4,0.9044506411119717,-0.049094071865388736,physics_factorial,0.007144141289444757,-0.28078681558901364,7.186807255750491,8.073743908452261,1024,physics_factorial-shallow_water-ganr-physics-s11-62789bc33d,2.085947031711582,0.00013957115190092037,2.133768928595763,2.133768928595763,8.446641787612066,ganr,0.004605656617363532,0.005843310825236062,352292,1024,16,0.0,0.0046184953327467184,0.005861427416034848,0.004641349880506041,0.005902445354722224,0.004684539721821583,0.005959471469303894,0.004616618032810214,0.0058508276392826375,0.0045332788916742995,0.005746077270973821,0.9803204685695726,0.007339520299933245,0.004221019861250032,0.004154269272202523,0.005118993209837208,0.0001833034202279755,11,shallow_water,{},10000,15.527225974947214,0.2647286723225135,0.264559792129602,0.0009526529484879175,2.0963992856054685,0.0,physics,256
0.007128256223728254,1.0541916919296723,0.9514887955865817,0.16172203570917673,2500,3.423333328100853e-05,0.005693862624099669,0.9804883276946164,-0.18096975944059837,7.124815179450101,0.9935859594205922,0.2699500652143177,4,0.9043440995285252,-0.053181091749517205,physics_factorial,0.007128256223728254,-0.26800311583577713,7.1708090396173905,8.057455333927535,1024,physics_factorial-shallow_water-ganr-physics-s29-3b2f103890,2.083914078274793,0.0001393993537728688,2.1313989755670284,2.1313989755670284,8.426647367587595,ganr,0.004601312831755878,0.005837514721261433,352292,1024,16,0.0,0.004611444465533252,0.005849881227526982,0.004635980617135825,0.005893712603808255,0.004674195078357087,0.0059485147368451945,0.004609994728104972,0.00584010767143286,0.004524919750340981,0.005733931367700754,0.9801791087175208,0.007306104313442698,0.004211342918024141,0.004143522837199808,0.005132961541815316,0.000183010492203477,29,shallow_water,{},10000,19.248844154179096,0.2647286723225135,0.264559792129602,0.0009526529484879175,2.095123174982306,0.0,physics,256
0.007145817009614214,1.0514193698325698,0.951755496152167,0.15218244850153778,2500,3.394571831449866e-05,0.005681120709779092,0.9824864183347587,-0.14958420971988132,7.145762235834507,0.9940416270314696,0.2699500652143177,4,0.904839535711864,-0.04371471774193548,physics_factorial,0.007145817009614214,-0.26484257653243687,7.188594563362571,8.075696888436514,1024,physics_factorial-shallow_water-ganr-physics-s47-1c4025fb41,2.086219137213526,0.00013872922721475225,2.1347721655855096,2.1347721655855096,8.45511992010213,ganr,0.004578994776477694,0.005807999508636408,352292,1024,16,0.0,0.0045855176183847894,0.005817603852932171,0.004614458758685905,0.005865223575243428,0.004649612762194171,0.005912881757049736,0.0045866394587698615,0.005815531015205799,0.00451495967876957,0.005717451870563577,0.9827846678975717,0.007327871745166819,0.00419561053574113,0.004137708184881166,0.00509014853737049,0.00018211957101284577,47,shallow_water,{},10000,16.00973331928253,0.2647286723225135,0.264559792129602,0.0009526529484879175,2.0961061678075312,0.0,physics,256
0.007934445605712357,1.0328485100696028,0.952421244124943,0.10138471407624633,2500,0.00011728880053851753,0.00948149791463579,0.9098901016500617,-0.23175746263459207,7.835123222789218,0.981625510821541,0.2699500652143177,4,0.9017262482599496,-0.11091256660825405,physics_factorial,0.007934445605712357,-0.26650323430012157,7.981784434505837,8.878033017898659,1024,physics_factorial-shallow_water-silu-no_physics-s11-b131d18cef,2.178896821841109,0.0002482122437720393,2.2297826028427696,2.2297826028427696,9.297844535832272,silu,0.008292029219329327,0.011079867009853065,334852,1024,16,0.0,0.00882062674274107,0.011936869470501859,0.008456995762009872,0.011322868978383109,0.008705039117619115,0.011682868967689712,0.008088796377155451,0.010713981461999113,0.007576734004561884,0.009980992911815454,0.836148282971534,0.008035727890146263,0.007427127634079173,0.0064358401395392,0.013375697471289192,0.0003393829629688666,11,shallow_water,{},10000,9.620334146544337,0.2647286723225135,0.264559792129602,0.0009526529484879175,2.1846965796587874,0.0,no_physics,256
0.007936801336936174,1.050155802684004,0.9536275748171111,0.1381005583470424,2500,0.000116925839392934,0.009472214768711506,0.9107786923559753,-0.15063865944199134,7.859663393294467,0.984531956618256,0.2699500652143177,4,0.9020651326881478,-0.10473551158715397,physics_factorial,0.007936801336936174,-0.26523296125098345,7.98314705831533,8.880733857320642,1024,physics_factorial-shallow_water-silu-no_physics-s29-8dc3ec76fe,2.179511316699816,0.0002479887778171255,2.2308513096635174,2.2308513096635174,9.307786570520975,silu,0.008284550034397082,0.011060367067170453,334852,1024,16,0.0,0.008773445728348525,0.01185998758205644,0.00844260533213789,0.011299717259926475,0.008687933976087263,0.011650544708504415,0.008094847118315983,0.010714460331661332,0.007562531165608426,0.00996341850088584,0.8400867565797444,0.008061226522028266,0.007420250525333541,0.006421440598000129,0.013174061641397502,0.0003388358109441039,29,shallow_water,{},10000,14.384506173431873,0.2647286723225135,0.264559792129602,0.0009526529484879175,2.185966391923936,0.0,no_physics,256
0.007964877103062748,1.0425922162473271,0.951731252358206,0.12240553027322795,2375,0.00011268202069913968,0.009379636070324809,0.915485872830061,-0.13504896156899887,7.889500907324762,0.9847378089570491,0.2699500652143177,4,0.9021210616022465,-0.10025551417995851,physics_factorial,0.007964877103062748,-0.22417521994134892,8.011778196757422,8.910377485730455,1024,physics_factorial-shallow_water-silu-no_physics-s47-0ab89073be,2.182242652564492,0.0002442398284944565,2.226636806803695,2.226636806803695,9.268641555614016,silu,0.008157261555850209,0.010855628512020175,334852,1024,16,0.0,0.008620606554278452,0.011621450078939024,0.008289156417132106,0.011071634862443705,0.008536970167290454,0.011422253526985119,0.007999421075766207,0.010543911069546736,0.007487820258311875,0.009822030819461097,0.8451639642854101,0.00809174060766912,0.007312960669769271,0.006363529039964603,0.012869714269301048,0.0003326870499000579,47,shallow_water,{},10000,11.48909855633974,0.2647286723225135,0.264559792129602,0.0009526529484879175,2.188382468681243,0.0,no_physics,256
0.007138197214827211,1.061595699749354,0.9516006616433463,0.17326783894213574,2500,3.586336970329285e-05,0.005795341999681972,0.9747473930894034,-0.22547394520204483,7.167338387132749,0.9981955775131259,0.2699500652143177,4,0.9046793444881409,-0.07049343752235175,physics_factorial,0.007138197214827211,-0.31394524265074025,7.180294672301832,8.068588149133145,1024,physics_factorial-shallow_water-silu-physics-s11-bb882638a2,2.085043166311184,0.00014261564222543653,2.132135669496951,2.132135669496951,8.432857395307416,silu,0.004703759170207478,0.005972673660327899,334852,1024,16,0.0,0.004738937072253733,0.0060192324516011924,0.004751033706996705,0.0060465004944121456,0.0047884911170761905,0.006092701839873439,0.004710352975026234,0.0059748085507851266,0.004601850575851284,0.005836547740804367,0.9696498328872099,0.007349887537347221,0.004307609279620869,0.004244179535243653,0.0052902866466369245,0.00018758362732486535,11,shallow_water,{},10000,10.025236947461963,0.2647286723225135,0.264559792129602,0.0009526529484879175,2.096797624991319,0.0,physics,256
0.007147060744989231,1.0524127773544736,0.951640031761089,0.15507360435591158,2500,3.582919453037903e-05,0.0057896708705887125,0.9751105008269917,-0.2143889902634035,7.143415111004854,0.9935114352469916,0.2699500652143177,4,0.9037894196341071,-0.06904403744367356,physics_factorial,0.007147060744989231,-0.2987022454581217,7.190068334974894,8.076942289220755,1024,physics_factorial-shallow_water-silu-physics-s29-6bf8cf68a9,2.086283235465769,0.0001425574595974699,2.136882961736983,2.136882961736983,8.47298603616808,silu,0.004702481677687245,0.005970612766212254,334852,1024,16,0.0,0.004730596874280559,0.00600723135804379,0.004749378238836319,0.006041706668236927,0.0047808742021758594,0.0060845878548752225,0.004707989443519115,0.005968802633084196,0.004601554567482032,0.005832547944157656,0.9709211442885033,0.007325066396224069,0.004301599126085087,0.0042343642338899985,0.005280086472694701,0.00018745048620769455,29,shallow_water,{},10000,12.836802998557687,0.2647286723225135,0.264559792129602,0.0009526529484879175,2.0968401832735397,0.0,physics,256
0.007142980385515604,1.0551460066837552,0.9516844873588717,0.17082548413918888,2500,3.548864697222598e-05,0.005776560596368411,0.9772346998599934,-0.1647504561853157,7.150400416864184,0.9951122950418791,0.2699500652143177,4,0.9055612415609026,-0.06316038284099848,physics_factorial,0.007142980385515604,-0.2741893574315142,7.185521124089076,8.072376228993559,1024,physics_factorial-shallow_water-silu-physics-s47-e37bd9c5e2,2.085820464869892,0.00014186435019399997,2.1361688295972026,2.1361688295972026,8.466937140852714,silu,0.004679388061720659,0.0059399638226965475,334852,1024,16,0.0,0.004704351474823246,0.005973786265511535,0.004719802899998428,0.0060062005371472995,0.0047539647527946515,0.006049568901740525,0.004683345257381656,0.0059419330735262154,0.0045881656612532865,0.0058156724080712305,0.9735320531380336,0.007332357393675556,0.004285987558884968,0.004226898295821379,0.005238613745032335,0.00018651644452559617,47,shallow_water,{},10000,9.725481305271387,0.2647286723225135,0.264559792129602,0.0009526529484879175,2.0968988943709075,0.0,physics,256
0.0011033844843929379,2.2825016252149672,0.9347978253699448,0.9006997331199484,2500,0.00038221245631575584,0.01645777312782052,1.0500088049324983,0.19849145436057442,0.19238607326134993,0.6721009119299127,1.899940371071269,2,0.9336522340508273,0.1709003401938345,scale_depth,0.0011033844843929379,0.030603832880337602,0.2862458149460332,0.6004606217317177,1024,scale_depth-controlled-silu-depth_2-s11-3bba68cd1d,0.24142543308582248,0.0030660214081836613,0.12718390705864124,0.12718390705864124,1.087268559729251,silu,0.012504700303324196,0.01623523627276021,137482,1024,16,0.0,0.011628877572204608,0.015006578980665703,0.012182279791818617,0.015768317702078025,0.012823719353889589,0.016504231567775966,0.013446415608035962,0.017725948300288997,0.01335286247689326,0.01716335241721767,1.1437218595477843,0.0013870630397638235,0.029234716157728758,0.02785639592936382,0.04782596494108291,0.0039940947277762725,11,controlled,{},100000,11.471563041210175,1.4406200133907678,1.3459227123049262,0.00405418075277166,0.11200558688600235,0.310546875,depth_2,256
0.000989664385249486,2.344202144302035,0.9403296215580085,0.9138080587046706,2500,0.00023211570805869997,0.01228392450289169,1.0271538994587384,0.3234834450000696,0.169912262835714,0.6606018296433704,1.899940371071269,4,0.9427897528008229,0.08139177723338815,scale_depth,0.000989664385249486,0.12706877861025678,0.2572082837364258,0.5560373771029614,1024,scale_depth-controlled-silu-depth_4-s11-011955ddc1,0.22004475331458648,0.0023295727558924513,0.11294504941519753,0.11294504941519753,1.0671358416803913,silu,0.009530390542805111,0.012378101845915302,270092,1024,16,0.0,0.009267248243449594,0.01196269422686033,0.009694987241624733,0.012540726531391514,0.009600451181547938,0.012495810618736676,0.009895686037356195,0.013041202514792533,0.010088057750790717,0.012863752913386052,1.0753223872012492,0.0012253901589335578,0.022363611784338044,0.02130990086253169,0.03710330447810173,0.003028234103336892,11,controlled,{},100000,14.330911356955767,1.4406200133907678,1.3459227123049262,0.00405418075277166,0.09246616614079892,0.3212890625,depth_4,256
0.0008989463443495768,2.411091502250407,0.9461051905374954,0.9291355232100706,2500,0.0001616439112694934,0.009640564316040427,0.9775708095519521,0.25152177849591173,0.14771984195929086,0.6221327642753561,1.899940371071269,8,0.9492499784648671,-0.014298769311923323,scale_depth,0.0008989463443495769,0.17871137615335095,0.23744102616320334,0.5270096070978604,1024,scale_depth-controlled-silu-depth_8-s11-97e76f19d1,0.20356830099755902,0.0018797683296032403,0.10060094301019869,0.10060094301019869,1.0649687053034795,silu,0.007807660665423537,0.010241195743264873,535312,1024,16,0.0,0.007858046604433398,0.010203883349289516,0.008034232912700561,0.01048374537817469,0.008136065331632516,0.010606607250182792,0.007851714257366147,0.01056169836218668,0.00786869027258534,0.01011569417833679,0.9913572933035473,0.0010521460629273097,0.018764453231814502,0.017658429630174832,0.03192127827201262,0.002423125561116892,11,controlled,{},100000,18.85244471207261,1.4406200133907678,1.3459227123049262,0.00405418075277166,0.08030147766143103,0.3056640625,depth_8,256
0.0010114510340016433,2.3668213537589042,0.9400281404787012,0.9141279794900221,2500,0.0002578354615252465,0.01306150304206563,1.0406181333714777,0.2650346143667033,0.17337527980773382,0.667355190999195,1.9046746742760252,4,0.9408486330289185,0.10294757170445604,scale_samples,0.0010114510340016433,0.10841834453901722,0.2597946073486719,0.5586740679673811,1024,scale_samples-controlled-silu-samples_10000-s11-f48d2f51b4,0.2222579737064684,0.002448056033735094,0.11219703380922444,0.11219703380922444,1.0716704229117893,silu,0.010004984804138821,0.012966158049083605,270092,1024,16,0.0,0.009742677843498134,0.012570834709786044,0.010040132551220524,0.013049576140986431,0.010107846372000335,0.013076072313204104,0.010321835019854467,0.013546902863417202,0.010659361677398995,0.013645837935097055,1.0855156598689624,0.001252516956117739,0.02340614422414594,0.022313927500850157,0.03855304258938313,0.003180254988969494,11,controlled,{},10000,9.395715929567814,1.442965292205141,1.3488785229084792,0.004055552184006065,0.09553320215469926,0.314453125,samples_10000,256
0.000989664385249486,2.344202144302035,0.9403296215580085,0.9138080587046706,2500,0.00023211570805869997,0.01228392450289169,1.0271538994587384,0.3234834450000696,0.169912262835714,0.6606018296433704,1.899940371071269,4,0.9427897528008229,0.08139177723338815,scale_samples,0.000989664385249486,0.12706877861025678,0.2572082837364258,0.5560373771029614,1024,scale_samples-controlled-silu-samples_100000-s11-d066b471ec,0.22004475331458648,0.0023295727558924513,0.11294504941519753,0.11294504941519753,1.0671358416803913,silu,0.009530390542805111,0.012378101845915302,270092,1024,16,0.0,0.009267248243449594,0.01196269422686033,0.009694987241624733,0.012540726531391514,0.009600451181547938,0.012495810618736676,0.009895686037356195,0.013041202514792533,0.010088057750790717,0.012863752913386052,1.0753223872012492,0.0012253901589335578,0.022363611784338044,0.02130990086253169,0.03710330447810173,0.003028234103336892,11,controlled,{},100000,13.092445515096188,1.4406200133907678,1.3459227123049262,0.00405418075277166,0.09246616614079892,0.3212890625,samples_100000,256
0.0008396756352487127,2.434683919154152,0.9500776474988389,0.9411570501931192,3875,0.00010126084089279175,0.008224244999877919,1.037929449942726,0.13760220640470253,0.14151966805907226,0.6138358401245205,1.9015818275948468,4,0.9563889256820217,0.0814215721336099,scale_samples,0.0008396756352487127,0.05874435617981545,0.230549698809317,0.5169344767963737,1024,scale_samples-controlled-silu-samples_1000000-s11-baafb2dd4f,0.19563913004372974,0.0015555641015480262,0.09311001405543663,0.09311001405543663,1.0657276814133392,silu,0.006362332059939886,0.008244872389881308,270092,1024,16,0.0,0.006196740178339196,0.007952975112762259,0.006319829874271106,0.008258446427286936,0.006272090772715018,0.008121471735765691,0.006566780300107403,0.008502261514476195,0.0067419490832350834,0.008579579383505754,1.078788662338195,0.0009768025448483831,0.015046807499950327,0.014214330057756741,0.02490703651640137,0.0020119802264374127,11,controlled,{},1000000,14.801723472774029,1.441300287112096,1.3458612266419203,0.004052686899914034,0.08210085917575292,0.28515625,samples_1000000,256
0.0007995160700608557,2.516711999279346,0.9480349410459346,0.9382971756312135,2500,0.00011298991739749908,0.00896624481678454,1.064531368006335,0.21449067431850788,0.13973190777200778,0.6994542905620448,1.899940371071269,4,0.9552441204051393,0.15887430933052,scale_width,0.0007995160700608557,0.11677608227236966,0.19977275092519134,0.45530551885676396,1024,scale_width-controlled-silu-width_1024-s11-f023c9ec39,0.1778630612038175,0.0015547127258688364,0.09200960918622034,0.09200960918622034,1.0485766534606094,silu,0.0065450311504126075,0.008840271973869955,4226060,1024,16,0.0,0.006112340952269177,0.008129349998034845,0.006282585707324116,0.008589020217166225,0.006572088546767722,0.008855298344987645,0.006992016305543961,0.00968973332997761,0.0071535991405532245,0.009494444851698263,1.1679217716045454,0.0010478009561827992,0.01625189274156945,0.015062687488259452,0.028903470122879138,0.0020314165026596503,11,controlled,{},100000,9.998951995745301,1.4406200133907678,1.3459227123049262,0.00405418075277166,0.06118136286288122,0.3681640625,width_1024,1024
0.0012043425047026535,2.2756560316777015,0.9271369626947045,0.8752124535083327,2500,0.0005149874486960471,0.01878291148886908,1.0702501423489776,0.20968505801562867,0.21333584986137516,0.7023189000837495,1.899940371071269,4,0.9299880073518529,0.1551832285780702,scale_width,0.0012043425047026535,0.04608954786853586,0.3037592322176371,0.6336843893310669,1024,scale_width-controlled-silu-width_128-s11-dcbad82970,0.25529706792737994,0.0034742026878228274,0.14524481815808993,0.14524481815808993,1.103709723290945,silu,0.014122046824850997,0.018410163563632304,69516,1024,16,0.0,0.013020890962502921,0.017090551630118498,0.01407301887023618,0.018226564641600225,0.013950715237363779,0.018070974054039533,0.014537086287805449,0.01926286859690045,0.015035141173057848,0.01966743674122862,1.1507783462395038,0.0016387935675597682,0.033105204609963565,0.031625262494085205,0.054161276756321285,0.004565978039386005,11,controlled,{},100000,9.77472055889666,1.4406200133907678,1.3459227123049262,0.00405418075277166,0.12148530116310262,0.3076171875,width_128,128
0.000989664385249486,2.344202144302035,0.9403296215580085,0.9138080587046706,2500,0.00023211570805869997,0.01228392450289169,1.0271538994587384,0.3234834450000696,0.169912262835714,0.6606018296433704,1.899940371071269,4,0.9427897528008229,0.08139177723338815,scale_width,0.000989664385249486,0.12706877861025678,0.2572082837364258,0.5560373771029614,1024,scale_width-controlled-silu-width_256-s11-ecc17c792e,0.22004475331458648,0.0023295727558924513,0.11294504941519753,0.11294504941519753,1.0671358416803913,silu,0.009530390542805111,0.012378101845915302,270092,1024,16,0.0,0.009267248243449594,0.01196269422686033,0.009694987241624733,0.012540726531391514,0.009600451181547938,0.012495810618736676,0.009895686037356195,0.013041202514792533,0.010088057750790717,0.012863752913386052,1.0753223872012492,0.0012253901589335578,0.022363611784338044,0.02130990086253169,0.03710330447810173,0.003028234103336892,11,controlled,{},100000,13.279022879898548,1.4406200133907678,1.3459227123049262,0.00405418075277166,0.09246616614079892,0.3212890625,width_256,256
0.0009327771877573073,2.380994261615399,0.9415597703675894,0.9229624691545668,2500,0.0001237367105204612,0.009592784532026175,1.1085572810677011,0.25342313103313785,0.16377013132395107,0.6973938966831889,1.899940371071269,4,0.9522545037695187,0.20066457379658106,scale_width,0.0009327771877573072,0.0665830412702954,0.2348316096582479,0.5177136441467505,1024,scale_width-controlled-silu-width_512-s11-63ac5e1901,0.20339149489594222,0.0016753685400173537,0.10951447257510233,0.10951447257510233,1.0708170314513155,silu,0.0069050957073156765,0.009017342574596956,1064460,1024,16,0.0,0.0064336359193824825,0.008312702644724045,0.006830688138202618,0.008879423297017207,0.00674249749111635,0.008884827026641774,0.007136709092574959,0.009535725976423418,0.007684979822456393,0.009999476777694081,1.2029152497161206,0.0012608736429676325,0.01665524757940576,0.015604323262312932,0.028633881555223693,0.002155854923039427,11,controlled,{},100000,9.357008844614029,1.4406200133907678,1.3459227123049262,0.00405418075277166,0.08430175136510139,0.3232421875,width_512,512
